QSO3_SC_A,QSO3_SC_R,QSO3_SC_N,QSO3_SC_D,QSO3_SC_C,QSO3_SC_Q,QSO3_SC_E,QSO3_SC_G,QSO3_SC_H,QSO3_SC_I,QSO3_SC_L,QSO3_SC_K,QSO3_SC_M,QSO3_SC_F,QSO3_SC_P,QSO3_SC_S,QSO3_SC_T,QSO3_SC_W,QSO3_SC_Y,QSO3_SC_V,QSO3_G_A,QSO3_G_R,QSO3_G_N,QSO3_G_D,QSO3_G_C,QSO3_G_Q,QSO3_G_E,QSO3_G_G,QSO3_G_H,QSO3_G_I,QSO3_G_L,QSO3_G_K,QSO3_G_M,QSO3_G_F,QSO3_G_P,QSO3_G_S,QSO3_G_T,QSO3_G_W,QSO3_G_Y,QSO3_G_V,QSO3_SC1,QSO3_SC2,QSO3_SC3,QSO3_G1,QSO3_G2,QSO3_G3
0.0,0.0,0.0,0.4213,0.0,0.0,0.4213,0.0,0.4213,0.0,0.0,0.8427,0.0,0.0,0.0,1.6854,0.8427,0.0,0.4213,1.264,0.0,0.0,0.0,0.0,0.0,0.0,0.0,0.0,0.0,0.0,0.0,0.0001,0.0,0.0,0.0,0.0001,0.0001,0.0,0.0,0.0001,0.2406,0.1443,0.1937,0.2406,0.1443,0.1937
0.3473,0.0,0.3473,1.3894,0.3473,0.3473,0.6947,0.6947,0.0,0.0,0.6947,0.3473,0.0,0.3473,0.0,0.0,0.3473,0.0,0.0,0.3473,0.0,0.0,0.0,0.0001,0.0,0.0,0.0,0.0,0.0,0.0,0.0,0.0,0.0,0.0,0.0,0.0,0.0,0.0,0.0,0.0,0.2293,0.2053,0.2181,0.2293,0.2053,0.2181
0.9706,0.0,0.0,2.2647,0.0,0.0,1.2941,0.9706,0.0,0.0,0.0,0.0,0.0,0.3235,0.0,1.6176,0.3235,0.0,0.0,0.0,0.0001,0.0,0.0,0.0001,0.0,0.0,0.0001,0.0001,0.0,0.0,0.0,0.0,0.0,0.0,0.0,0.0001,0.0,0.0,0.0,0.0,0.2446,0.2315,0.2003,0.2446,0.2315,0.2003
2.5404,0.0,0.5081,0.0,0.0,0.5081,0.5081,0.0,0.0,0.0,1.0161,0.5081,0.0,0.0,0.0,0.5081,1.5242,0.0,0.0,0.0,0.0002,0.0,0.0,0.0,0.0,0.0,0.0,0.0,0.0,0.0,0.0001,0.0,0.0,0.0,0.0,0.0,0.0001,0.0,0.0,0.0,0.1921,0.1877,0.1121,0.1921,0.1877,0.1121
0.6843,0.3422,0.3422,0.3422,0.0,0.0,1.7108,0.3422,0.3422,0.3422,0.6843,0.0,0.0,0.0,0.0,0.0,0.0,0.3422,0.0,0.0,0.0,0.0,0.0,0.0,0.0,0.0,0.0001,0.0,0.0,0.0,0.0,0.0,0.0,0.0,0.0,0.0,0.0,0.0,0.0,0.0,0.1818,0.2738,0.2022,0.1818,0.2738,0.2022
0.7652,0.3826,0.0,0.3826,0.0,0.0,0.7652,0.0,0.0,0.3826,1.1479,0.3826,0.0,0.0,0.0,0.7652,0.0,0.0,0.3826,1.1479,0.0,0.0,0.0,0.0,0.0,0.0,0.0,0.0,0.0,0.0,0.0001,0.0,0.0,0.0,0.0,0.0,0.0,0.0,0.0,0.0001,0.1508,0.2421,0.2244,0.1508,0.2421,0.2244
0.6925,0.3462,0.3462,0.0,0.3462,0.0,0.6925,0.6925,0.0,0.3462,0.3462,0.0,0.0,0.6925,0.3462,0.0,0.6925,0.0,0.6925,0.6925,0.0,0.0,0.0,0.0,0.0,0.0,0.0,0.0,0.0,0.0,0.0,0.0,0.0,0.0,0.0,0.0,0.0,0.0,0.0,0.0,0.2347,0.2232,0.1959,0.2347,0.2232,0.1959
0.0,0.0,0.4258,0.0,0.0,0.4258,1.7032,0.8516,0.0,0.0,1.2774,0.0,0.0,0.4258,0.0,0.4258,0.8516,0.0,0.0,0.0,0.0,0.0,0.0,0.0,0.0,0.0,0.0001,0.0001,0.0,0.0,0.0001,0.0,0.0,0.0,0.0,0.0,0.0001,0.0,0.0,0.0,0.2247,0.171,0.1784,0.2247,0.171,0.1784
1.9196,0.0,0.0,0.0,0.0,0.0,0.0,1.2797,0.0,0.6399,1.2797,0.0,0.0,1.2797,0.6399,0.6399,0.6399,0.0,0.6399,0.6399,0.0001,0.0,0.0,0.0,0.0,0.0,0.0,0.0001,0.0,0.0,0.0001,0.0,0.0,0.0001,0.0,0.0,0.0,0.0,0.0,0.0,0.1387,0.1313,0.0901,0.1387,0.1313,0.0901
0.3525,0.0,1.4102,0.0,0.0,0.0,0.0,0.3525,0.0,1.0576,1.0576,1.0576,0.3525,0.3525,0.3525,0.3525,0.0,0.0,0.3525,0.0,0.0,0.0,0.0001,0.0,0.0,0.0,0.0,0.0,0.0,0.0,0.0,0.0,0.0,0.0,0.0,0.0,0.0,0.0,0.0,0.0,0.2127,0.1838,0.2509,0.2127,0.1838,0.2509
0.8264,0.2755,0.0,0.2755,0.0,0.0,0.0,1.1019,0.0,0.2755,0.2755,0.8264,0.0,0.551,0.0,0.551,0.551,0.0,0.2755,0.8264,0.0,0.0,0.0,0.0,0.0,0.0,0.0,0.0001,0.0,0.0,0.0,0.0,0.0,0.0,0.0,0.0,0.0,0.0,0.0,0.0,0.2518,0.2747,0.1981,0.2518,0.2747,0.1981
0.0,0.3476,0.3476,0.3476,0.0,0.3476,0.3476,0.0,0.3476,0.0,0.6951,1.0427,0.0,0.0,0.0,0.3476,0.0,0.3476,0.0,0.6951,0.0,0.0,0.0,0.0,0.0,0.0,0.0,0.0,0.0,0.0,0.0001,0.0001,0.0,0.0,0.0,0.0,0.0,0.0,0.0,0.0001,0.2279,0.2488,0.1757,0.2279,0.2488,0.1757
0.3992,0.3992,0.0,0.3992,0.3992,1.1975,0.3992,0.0,0.0,0.7983,0.7983,0.3992,0.0,0.0,0.3992,0.0,0.0,0.0,0.3992,0.0,0.0,0.0,0.0,0.0,0.0,0.0001,0.0,0.0,0.0,0.0,0.0,0.0,0.0,0.0,0.0,0.0,0.0,0.0,0.0,0.0,0.2629,0.2352,0.1027,0.2629,0.2352,0.1027
1.4712,0.3678,1.1034,0.0,0.0,0.3678,0.7356,0.3678,0.0,0.3678,1.1034,0.0,0.0,0.0,0.0,0.3678,1.1034,0.0,0.0,0.0,0.0001,0.0,0.0001,0.0,0.0,0.0,0.0,0.0,0.0,0.0,0.0001,0.0,0.0,0.0,0.0,0.0,0.0001,0.0,0.0,0.0,0.2263,0.2338,0.1722,0.2263,0.2338,0.1722
0.0,0.0,0.0,0.4012,0.0,0.0,0.0,0.4012,0.0,1.2035,1.6047,0.8024,0.0,0.4012,0.0,1.2035,0.0,0.0,0.0,0.0,0.0,0.0,0.0,0.0,0.0,0.0,0.0,0.0,0.0,0.0001,0.0001,0.0,0.0,0.0,0.0,0.0001,0.0,0.0,0.0,0.0,0.2508,0.1733,0.1747,0.2508,0.1733,0.1747
0.0,0.0,0.0,0.4012,0.0,0.0,0.4012,0.8024,0.0,0.8024,0.4012,0.4012,0.0,0.0,0.4012,1.2036,0.8024,0.4012,0.4012,0.4012,0.0,0.0,0.0,0.0,0.0,0.0,0.0,0.0,0.0,0.0,0.0,0.0,0.0,0.0,0.0,0.0001,0.0,0.0,0.0,0.0,0.2506,0.2,0.1481,0.2506,0.2,0.1481
0.5687,0.0,0.5687,0.5687,0.0,1.1375,0.0,1.1375,0.0,0.0,0.5687,0.0,0.0,0.0,0.0,1.1375,0.5687,0.0,0.5687,0.0,0.0,0.0,0.0,0.0,0.0,0.0001,0.0,0.0001,0.0,0.0,0.0,0.0,0.0,0.0,0.0,0.0001,0.0,0.0,0.0,0.0,0.1248,0.1596,0.1469,0.1248,0.1596,0.1469
2.1733,0.0,0.0,0.0,0.0,1.0867,0.5433,1.0867,0.0,0.5433,0.0,1.0867,0.0,0.0,0.5433,0.5433,0.0,0.0,0.0,0.5433,0.0002,0.0,0.0,0.0,0.0,0.0001,0.0,0.0001,0.0,0.0,0.0,0.0001,0.0,0.0,0.0,0.0,0.0,0.0,0.0,0.0,0.2009,0.1218,0.134,0.2009,0.1218,0.134
0.0,0.0,0.7068,0.7068,0.0,0.7068,1.0602,1.7669,0.0,0.0,0.3534,0.3534,0.0,0.0,0.7068,0.0,0.3534,0.0,0.0,0.3534,0.0,0.0,0.0001,0.0001,0.0,0.0001,0.0001,0.0001,0.0,0.0,0.0,0.0,0.0,0.0,0.0001,0.0,0.0,0.0,0.0,0.0,0.2415,0.2112,0.1939,0.2415,0.2112,0.1939
0.0,0.0,1.6663,0.0,0.0,0.0,0.0,0.5554,0.0,1.1109,2.2217,0.0,0.5554,1.6663,0.0,2.2217,0.0,0.0,0.0,2.2217,0.0,0.0,0.0001,0.0,0.0,0.0,0.0,0.0,0.0,0.0,0.0001,0.0,0.0,0.0001,0.0,0.0001,0.0,0.0,0.0,0.0001,0.1731,0.1521,0.1194,0.1731,0.1521,0.1194
0.358,0.0,1.0741,0.0,0.0,0.358,0.358,0.358,0.0,0.358,0.0,1.0741,0.358,0.358,0.0,0.358,1.0741,0.0,0.0,1.0741,0.0,0.0,0.0001,0.0,0.0,0.0,0.0,0.0,0.0,0.0,0.0,0.0001,0.0,0.0,0.0,0.0,0.0001,0.0,0.0,0.0001,0.2038,0.2427,0.1955,0.2038,0.2427,0.1955
0.9452,0.0,0.9452,0.0,0.0,0.9452,0.0,0.0,0.4726,0.4726,1.4177,0.4726,0.0,0.0,0.0,0.0,0.0,0.4726,0.4726,0.4726,0.0001,0.0,0.0001,0.0,0.0,0.0001,0.0,0.0,0.0,0.0,0.0001,0.0,0.0,0.0,0.0,0.0,0.0,0.0,0.0,0.0,0.2037,0.1189,0.2048,0.2037,0.1189,0.2048
0.0,0.3729,0.0,0.7458,0.0,1.1187,0.3729,0.0,0.0,0.0,0.7458,1.1187,0.0,0.0,0.0,0.3729,1.1187,0.0,0.0,0.0,0.0,0.0,0.0,0.0001,0.0,0.0001,0.0,0.0,0.0,0.0,0.0001,0.0001,0.0,0.0,0.0,0.0,0.0001,0.0,0.0,0.0,0.1986,0.2515,0.177,0.1986,0.2515,0.177
3.0176,0.5029,0.5029,0.5029,0.0,0.0,0.0,1.0059,0.0,0.0,1.0059,0.0,0.0,0.0,1.0059,1.5088,1.0059,0.0,0.0,2.0117,0.0001,0.0,0.0,0.0,0.0,0.0,0.0,0.0,0.0,0.0,0.0,0.0,0.0,0.0,0.0,0.0001,0.0,0.0,0.0,0.0001,0.157,0.1934,0.1467,0.157,0.1934,0.1467
0.958,0.0,0.479,0.0,0.0,0.0,0.479,0.479,0.958,0.479,1.437,0.0,0.0,0.0,0.479,0.958,0.0,0.0,0.0,0.479,0.0001,0.0,0.0,0.0,0.0,0.0,0.0,0.0,0.0001,0.0,0.0001,0.0,0.0,0.0,0.0,0.0001,0.0,0.0,0.0,0.0,0.1946,0.1299,0.1965,0.1946,0.1299,0.1965
0.3373,0.3373,0.0,0.3373,0.0,0.0,0.3373,0.6747,0.3373,1.012,0.0,0.3373,0.0,0.6747,0.3373,1.012,0.0,0.0,0.0,0.3373,0.0,0.0,0.0,0.0,0.0,0.0,0.0,0.0,0.0,0.0001,0.0,0.0,0.0,0.0,0.0,0.0001,0.0,0.0,0.0,0.0,0.2116,0.228,0.223,0.2116,0.228,0.223
0.0,0.0,1.1306,0.0,1.1306,1.1306,0.5653,0.0,0.0,0.5653,0.5653,0.0,0.5653,0.5653,1.6959,0.0,0.5653,0.0,0.0,0.0,0.0,0.0,0.0,0.0,0.0,0.0,0.0,0.0,0.0,0.0,0.0,0.0,0.0,0.0,0.0001,0.0,0.0,0.0,0.0,0.0,0.1557,0.1115,0.1675,0.1557,0.1115,0.1675
0.3958,0.0,0.0,1.1875,0.0,0.0,0.0,0.0,0.0,1.5834,0.3958,0.3958,0.0,0.0,1.5834,0.3958,0.3958,0.0,0.3958,1.1875,0.0,0.0,0.0,0.0001,0.0,0.0,0.0,0.0,0.0,0.0001,0.0,0.0,0.0,0.0,0.0001,0.0,0.0,0.0,0.0,0.0001,0.2366,0.2134,0.1542,0.2366,0.2134,0.1542
1.0947,0.0,0.0,0.0,0.0,0.0,0.0,1.0947,0.5473,0.5473,2.7367,0.0,1.0947,0.0,0.0,0.5473,2.1894,0.5473,0.0,0.5473,0.0001,0.0,0.0,0.0,0.0,0.0,0.0,0.0001,0.0,0.0,0.0001,0.0,0.0001,0.0,0.0,0.0,0.0001,0.0,0.0,0.0,0.1775,0.1234,0.1518,0.1775,0.1234,0.1518
0.0,1.0613,0.3538,0.3538,0.0,0.0,1.0613,0.0,0.0,0.0,0.7075,0.3538,0.3538,0.0,0.0,0.7075,0.0,0.0,0.0,0.3538,0.0,0.0001,0.0,0.0,0.0,0.0,0.0001,0.0,0.0,0.0,0.0001,0.0,0.0,0.0,0.0,0.0001,0.0,0.0,0.0,0.0,0.2005,0.214,0.2317,0.2005,0.214,0.2317
0.0,0.0,0.5985,0.2993,0.0,0.2993,1.1971,0.5985,0.2993,0.2993,0.5985,0.5985,0.0,0.0,0.2993,0.5985,0.0,0.0,0.5985,0.2993,0.0,0.0,0.0,0.0,0.0,0.0,0.0001,0.0,0.0,0.0,0.0,0.0,0.0,0.0,0.0,0.0,0.0,0.0,0.0,0.0,0.228,0.224,0.2487,0.228,0.224,0.2487
1.1252,0.2813,0.2813,0.5626,0.0,0.2813,1.1252,0.0,0.0,0.2813,0.5626,0.5626,0.0,0.2813,0.2813,0.0,0.2813,0.0,0.2813,0.0,0.0001,0.0,0.0,0.0,0.0,0.0,0.0001,0.0,0.0,0.0,0.0,0.0,0.0,0.0,0.0,0.0,0.0,0.0,0.0,0.0,0.3013,0.2721,0.1453,0.3013,0.2721,0.1453
0.3976,0.3976,0.3976,0.3976,0.0,0.0,0.3976,0.7952,0.0,0.7952,0.3976,0.0,0.0,0.0,0.3976,0.3976,0.3976,0.0,0.3976,0.3976,0.0,0.0,0.0,0.0,0.0,0.0,0.0,0.0,0.0,0.0,0.0,0.0,0.0,0.0,0.0,0.0,0.0,0.0,0.0,0.0,0.2153,0.1954,0.1917,0.2153,0.1954,0.1917
0.0,0.739,0.0,0.3695,0.3695,0.3695,0.3695,0.3695,0.3695,0.3695,1.8474,0.0,0.0,0.0,0.0,0.0,0.0,0.0,0.3695,0.0,0.0,0.0,0.0,0.0,0.0,0.0,0.0,0.0,0.0,0.0,0.0001,0.0,0.0,0.0,0.0,0.0,0.0,0.0,0.0,0.0,0.1885,0.2289,0.2131,0.1885,0.2289,0.2131
1.1862,0.3954,1.1862,0.0,0.0,0.0,0.0,0.0,0.3954,0.7908,0.7908,0.3954,0.7908,0.0,0.0,0.0,0.0,0.0,0.0,0.3954,0.0001,0.0,0.0001,0.0,0.0,0.0,0.0,0.0,0.0,0.0,0.0,0.0,0.0,0.0,0.0,0.0,0.0,0.0,0.0,0.0,0.198,0.2105,0.1961,0.198,0.2105,0.1961
0.3937,0.0,0.3937,0.3937,0.0,0.3937,0.0,0.3937,0.0,0.0,0.3937,0.7875,0.3937,1.1812,0.0,0.0,0.0,0.3937,0.3937,0.3937,0.0,0.0,0.0,0.0,0.0,0.0,0.0,0.0,0.0,0.0,0.0,0.0,0.0,0.0001,0.0,0.0,0.0,0.0,0.0,0.0,0.2401,0.1786,0.1875,0.2401,0.1786,0.1875
0.0,0.0,0.391,0.782,0.0,0.0,0.391,0.782,0.0,0.391,0.0,0.391,0.0,0.782,0.0,0.0,0.782,0.0,0.782,0.391,0.0,0.0,0.0,0.0,0.0,0.0,0.0,0.0,0.0,0.0,0.0,0.0,0.0,0.0,0.0,0.0,0.0,0.0,0.0,0.0,0.2174,0.1979,0.1938,0.2174,0.1979,0.1938
0.4596,0.0,0.4596,0.9192,0.0,0.0,0.0,0.9192,0.0,0.4596,0.4596,0.0,0.4596,0.0,0.4596,0.4596,1.3787,0.0,0.0,1.8383,0.0,0.0,0.0,0.0,0.0,0.0,0.0,0.0,0.0,0.0,0.0,0.0,0.0,0.0,0.0,0.0,0.0001,0.0,0.0,0.0001,0.1554,0.1829,0.2021,0.1554,0.1829,0.2021
0.3332,0.3332,0.3332,0.0,0.0,0.0,0.3332,0.3332,0.3332,0.6663,0.9995,1.3327,0.0,0.3332,0.0,0.0,0.0,0.0,0.0,0.0,0.0,0.0,0.0,0.0,0.0,0.0,0.0,0.0,0.0,0.0001,0.0001,0.0001,0.0,0.0,0.0,0.0,0.0,0.0,0.0,0.0,0.2714,0.23,0.1654,0.2714,0.23,0.1654
0.44,0.0,0.44,0.0,0.0,0.44,0.0,0.0,0.0,0.0,0.88,1.32,0.0,0.0,0.44,0.0,0.88,0.0,0.44,0.44,0.0,0.0,0.0,0.0,0.0,0.0,0.0,0.0,0.0,0.0,0.0001,0.0001,0.0,0.0,0.0,0.0,0.0001,0.0,0.0,0.0,0.2266,0.2024,0.1311,0.2266,0.2024,0.1311
0.4658,0.0,0.9316,0.0,0.4658,0.9316,0.4658,0.4658,0.0,0.9316,0.9316,0.4658,0.4658,0.0,0.0,0.0,1.3973,0.0,0.0,0.0,0.0,0.0,0.0,0.0,0.0,0.0,0.0,0.0,0.0,0.0,0.0,0.0,0.0,0.0,0.0,0.0,0.0001,0.0,0.0,0.0,0.2338,0.1128,0.1876,0.2338,0.1128,0.1876
0.0,0.4737,1.421,0.0,0.0,0.0,0.0,0.4737,0.0,0.4737,1.421,0.4737,0.4737,0.4737,0.4737,0.4737,0.4737,0.0,0.0,0.0,0.0,0.0,0.0001,0.0,0.0,0.0,0.0,0.0,0.0,0.0,0.0001,0.0,0.0,0.0,0.0,0.0,0.0,0.0,0.0,0.0,0.1911,0.1798,0.1554,0.1911,0.1798,0.1554
0.3671,0.0,0.3671,0.7342,0.3671,0.0,0.3671,1.4683,0.0,0.3671,0.3671,0.3671,0.3671,0.0,0.0,1.1012,0.0,0.3671,0.0,0.7342,0.0,0.0,0.0,0.0,0.0,0.0,0.0,0.0001,0.0,0.0,0.0,0.0,0.0,0.0,0.0,0.0,0.0,0.0,0.0,0.0,0.2639,0.2072,0.1618,0.2639,0.2072,0.1618
0.0,0.9987,0.3329,0.0,0.0,0.0,0.3329,0.6658,0.3329,0.6658,0.0,0.0,0.0,0.0,0.0,0.0,1.6645,0.0,0.3329,0.6658,0.0,0.0001,0.0,0.0,0.0,0.0,0.0,0.0001,0.0,0.0001,0.0,0.0,0.0,0.0,0.0,0.0,0.0002,0.0,0.0,0.0001,0.2353,0.2781,0.1537,0.2353,0.2781,0.1537
1.1397,0.0,0.0,0.3799,0.0,0.3799,1.5196,0.0,0.0,0.0,0.0,1.5196,0.0,0.0,0.0,0.0,0.3799,0.0,0.0,0.3799,0.0001,0.0,0.0,0.0,0.0,0.0,0.0001,0.0,0.0,0.0,0.0,0.0001,0.0,0.0,0.0,0.0,0.0,0.0,0.0,0.0,0.2554,0.1298,0.2349,0.2554,0.1298,0.2349
0.9025,0.4513,0.0,0.0,0.0,0.4513,0.0,0.4513,0.4513,0.9025,0.4513,0.4513,0.0,0.0,0.4513,1.805,0.0,0.0,0.0,0.0,0.0001,0.0,0.0,0.0,0.0,0.0,0.0,0.0,0.0,0.0001,0.0,0.0,0.0,0.0,0.0,0.0001,0.0,0.0,0.0,0.0,0.1652,0.2147,0.1688,0.1652,0.2147,0.1688
1.0715,0.5358,0.0,0.0,0.0,0.0,0.5358,0.0,0.0,0.0,1.6073,0.0,0.0,0.0,0.5358,0.0,0.0,0.0,0.0,1.6073,0.0001,0.0001,0.0,0.0,0.0,0.0,0.0001,0.0,0.0,0.0,0.0002,0.0,0.0,0.0,0.0001,0.0,0.0,0.0,0.0,0.0002,0.1475,0.1558,0.1609,0.1475,0.1558,0.1609
0.9667,0.4833,1.9334,0.0,0.0,0.0,0.0,0.4833,0.0,0.0,0.0,0.4833,0.0,0.4833,0.0,0.4833,0.9667,0.0,0.0,0.9667,0.0001,0.0,0.0001,0.0,0.0,0.0,0.0,0.0,0.0,0.0,0.0,0.0,0.0,0.0,0.0,0.0,0.0001,0.0,0.0,0.0001,0.1545,0.1715,0.1907,0.1545,0.1715,0.1907
0.0,0.635,0.0,0.3175,0.0,0.3175,0.3175,0.635,0.0,0.9525,0.3175,0.3175,0.3175,0.3175,0.3175,0.3175,0.9525,0.0,0.0,0.3175,0.0,0.0,0.0,0.0,0.0,0.0,0.0,0.0,0.0,0.0001,0.0,0.0,0.0,0.0,0.0,0.0,0.0001,0.0,0.0,0.0,0.2547,0.2365,0.1914,0.2547,0.2365,0.1914
0.0,0.0,0.4975,0.0,0.0,0.4975,0.0,0.995,0.995,0.995,0.0,0.0,0.0,0.4975,1.4925,0.995,0.0,0.0,0.0,0.4975,0.0,0.0,0.0,0.0,0.0,0.0,0.0,0.0001,0.0001,0.0001,0.0,0.0,0.0,0.0,0.0001,0.0001,0.0,0.0,0.0,0.0,0.159,0.159,0.1845,0.159,0.159,0.1845
0.0,0.3956,0.3956,0.3956,0.3956,0.0,0.3956,0.7912,0.0,0.0,0.0,0.0,0.0,0.0,0.0,0.7912,0.3956,0.0,1.5824,0.3956,0.0,0.0,0.0,0.0,0.0,0.0,0.0,0.0,0.0,0.0,0.0,0.0,0.0,0.0,0.0,0.0,0.0,0.0,0.0001,0.0,0.1547,0.2283,0.2214,0.1547,0.2283,0.2214
1.8245,0.0,0.0,0.3649,0.0,0.0,1.0947,0.0,0.0,0.0,0.3649,0.7298,0.3649,0.0,0.0,0.3649,0.0,0.0,0.0,0.3649,0.0001,0.0,0.0,0.0,0.0,0.0,0.0001,0.0,0.0,0.0,0.0,0.0001,0.0,0.0,0.0,0.0,0.0,0.0,0.0,0.0,0.1719,0.2579,0.2053,0.1719,0.2579,0.2053
0.9311,0.6207,0.0,0.0,0.3104,0.0,0.3104,0.6207,0.3104,0.0,0.6207,0.3104,0.0,0.9311,0.6207,0.3104,0.0,0.0,0.0,0.3104,0.0,0.0,0.0,0.0,0.0,0.0,0.0,0.0,0.0,0.0,0.0,0.0,0.0,0.0,0.0,0.0,0.0,0.0,0.0,0.0,0.2233,0.2308,0.2355,0.2233,0.2308,0.2355
2.0362,0.6787,0.0,0.6787,0.0,0.6787,0.3394,0.3394,0.0,0.0,1.0181,0.3394,0.0,0.0,1.0181,0.3394,0.0,0.0,0.0,0.6787,0.0001,0.0,0.0,0.0,0.0,0.0,0.0,0.0,0.0,0.0,0.0001,0.0,0.0,0.0,0.0001,0.0,0.0,0.0,0.0,0.0,0.2101,0.2469,0.2036,0.2101,0.2469,0.2036
0.3378,0.0,0.0,1.0133,0.0,0.0,0.0,1.0133,0.0,0.3378,0.3378,0.6756,0.0,0.0,0.6756,0.6756,1.0133,0.0,0.3378,0.3378,0.0,0.0,0.0,0.0001,0.0,0.0,0.0,0.0001,0.0,0.0,0.0,0.0,0.0,0.0,0.0,0.0,0.0001,0.0,0.0,0.0,0.2164,0.2216,0.2242,0.2164,0.2216,0.2242
1.3507,0.0,0.0,0.3377,0.3377,0.3377,0.3377,0.6754,0.0,0.3377,0.3377,0.6754,0.0,0.0,0.3377,0.3377,0.3377,0.0,0.6754,0.3377,0.0001,0.0,0.0,0.0,0.0,0.0,0.0,0.0,0.0,0.0,0.0,0.0,0.0,0.0,0.0,0.0,0.0,0.0,0.0,0.0,0.2439,0.261,0.1575,0.2439,0.261,0.1575
0.4876,0.4876,0.9751,0.0,0.0,0.4876,0.0,0.0,0.0,0.4876,0.4876,0.0,0.0,0.4876,0.4876,0.9751,0.9751,0.0,0.4876,0.4876,0.0,0.0,0.0001,0.0,0.0,0.0,0.0,0.0,0.0,0.0,0.0,0.0,0.0,0.0,0.0,0.0001,0.0001,0.0,0.0,0.0,0.1494,0.1841,0.179,0.1494,0.1841,0.179
0.0,0.3632,0.0,0.3632,0.0,0.0,0.3632,0.7263,0.0,0.0,0.3632,0.7263,0.3632,0.3632,0.3632,0.3632,0.0,0.3632,0.7263,0.0,0.0,0.0,0.0,0.0,0.0,0.0,0.0,0.0001,0.0,0.0,0.0,0.0001,0.0,0.0,0.0,0.0,0.0,0.0,0.0001,0.0,0.2259,0.1727,0.2383,0.2259,0.1727,0.2383
1.1581,1.1581,0.7721,0.0,0.0,0.0,0.7721,0.386,0.0,0.386,0.0,0.0,0.0,0.0,0.0,0.0,0.386,0.0,0.0,0.386,0.0001,0.0001,0.0001,0.0,0.0,0.0,0.0001,0.0,0.0,0.0,0.0,0.0,0.0,0.0,0.0,0.0,0.0,0.0,0.0,0.0,0.2334,0.165,0.2156,0.2334,0.165,0.2156
0.3667,0.7334,0.3667,0.0,0.0,1.4669,0.3667,0.3667,0.0,0.0,0.7334,0.3667,0.7334,0.0,0.0,0.0,0.0,0.0,0.3667,0.3667,0.0,0.0001,0.0,0.0,0.0,0.0001,0.0,0.0,0.0,0.0,0.0001,0.0,0.0001,0.0,0.0,0.0,0.0,0.0,0.0,0.0,0.2079,0.2201,0.2052,0.2079,0.2201,0.2052
0.0,0.0,0.0,0.7524,0.3762,0.7524,0.7524,0.0,0.3762,1.1287,0.0,0.0,0.0,0.3762,0.0,0.0,0.0,0.0,0.3762,0.7524,0.0,0.0,0.0,0.0,0.0,0.0,0.0,0.0,0.0,0.0001,0.0,0.0,0.0,0.0,0.0,0.0,0.0,0.0,0.0,0.0,0.2205,0.1888,0.2145,0.2205,0.1888,0.2145
0.6615,0.0,0.0,0.6615,0.0,0.6615,0.0,0.6615,0.0,0.0,0.6615,0.0,0.0,0.0,1.3231,1.3231,0.6615,0.0,0.0,1.3231,0.0,0.0,0.0,0.0,0.0,0.0,0.0,0.0,0.0,0.0,0.0,0.0,0.0,0.0,0.0001,0.0001,0.0,0.0,0.0,0.0001,0.126,0.1083,0.1041,0.126,0.1083,0.1041
1.3518,0.4506,0.0,0.0,0.0,0.0,0.0,0.9012,0.0,0.0,0.4506,0.4506,0.0,0.4506,0.4506,1.3518,0.4506,0.0,0.0,0.4506,0.0001,0.0,0.0,0.0,0.0,0.0,0.0,0.0001,0.0,0.0,0.0,0.0,0.0,0.0,0.0,0.0001,0.0,0.0,0.0,0.0,0.184,0.1981,0.1673,0.184,0.1981,0.1673
0.0,0.4362,0.4362,0.4362,0.0,0.4362,0.0,0.4362,0.0,0.0,0.4362,0.4362,0.0,0.8724,0.4362,0.4362,0.0,0.0,0.4362,0.4362,0.0,0.0,0.0,0.0,0.0,0.0,0.0,0.0,0.0,0.0,0.0,0.0,0.0,0.0001,0.0,0.0,0.0,0.0,0.0,0.0,0.1744,0.2234,0.166,0.1744,0.2234,0.166
0.4329,0.0,0.4329,0.0,0.0,0.4329,0.0,0.4329,0.0,1.7318,0.4329,0.8659,0.4329,0.4329,0.0,0.4329,0.0,0.0,0.4329,0.0,0.0,0.0,0.0,0.0,0.0,0.0,0.0,0.0,0.0,0.0001,0.0,0.0001,0.0,0.0,0.0,0.0,0.0,0.0,0.0,0.0,0.1969,0.1839,0.1862,0.1969,0.1839,0.1862
0.333,0.333,0.0,0.0,0.666,0.333,0.666,0.333,0.0,0.666,0.333,0.666,0.333,0.0,0.333,0.666,0.333,0.0,0.0,0.666,0.0,0.0,0.0,0.0,0.0,0.0,0.0,0.0,0.0,0.0,0.0,0.0,0.0,0.0,0.0,0.0,0.0,0.0,0.0,0.0,0.2372,0.2405,0.1892,0.2372,0.2405,0.1892
1.0094,0.0,0.0,0.5047,0.0,0.5047,0.5047,1.0094,0.0,0.5047,0.5047,0.0,0.0,0.5047,1.0094,0.0,0.5047,0.5047,0.5047,0.0,0.0001,0.0,0.0,0.0,0.0,0.0,0.0,0.0001,0.0,0.0,0.0,0.0,0.0,0.0,0.0001,0.0,0.0,0.0,0.0,0.0,0.2,0.1633,0.1319,0.2,0.1633,0.1319
0.3479,0.3479,0.3479,0.3479,0.3479,0.0,1.0436,0.0,0.3479,0.6957,0.3479,0.6957,0.6957,0.0,0.3479,0.0,0.0,0.3479,0.3479,0.3479,0.0,0.0,0.0,0.0,0.0,0.0,0.0,0.0,0.0,0.0,0.0,0.0,0.0,0.0,0.0,0.0,0.0,0.0,0.0,0.0,0.1617,0.2411,0.2494,0.1617,0.2411,0.2494
0.0,0.6131,0.0,0.9197,0.0,0.6131,0.6131,0.0,0.3066,0.3066,0.3066,0.3066,0.3066,0.0,0.6131,0.6131,0.0,0.0,0.6131,0.0,0.0,0.0,0.0,0.0001,0.0,0.0,0.0,0.0,0.0,0.0,0.0,0.0,0.0,0.0,0.0,0.0,0.0,0.0,0.0,0.0,0.1819,0.2708,0.2408,0.1819,0.2708,0.2408
0.0,0.0,0.0,0.0,0.4603,0.4603,0.4603,2.7618,0.0,0.0,0.9206,0.0,0.0,0.0,0.9206,0.9206,0.9206,0.4603,0.0,0.9206,0.0,0.0,0.0,0.0,0.0,0.0,0.0,0.0001,0.0,0.0,0.0,0.0,0.0,0.0,0.0,0.0,0.0,0.0,0.0,0.0,0.1672,0.1875,0.185,0.1672,0.1875,0.185
0.307,0.614,0.307,0.307,0.614,1.2281,0.614,0.307,0.0,0.307,0.614,0.0,0.614,0.0,0.0,0.307,0.0,0.0,0.0,0.0,0.0,0.0,0.0,0.0,0.0,0.0001,0.0,0.0,0.0,0.0,0.0,0.0,0.0,0.0,0.0,0.0,0.0,0.0,0.0,0.0,0.203,0.2623,0.2277,0.203,0.2623,0.2277
0.6458,0.0,0.0,0.6458,0.0,0.3229,0.6458,0.0,0.0,0.3229,0.6458,1.9375,0.0,0.0,0.0,0.3229,0.6458,0.0,0.0,0.3229,0.0,0.0,0.0,0.0,0.0,0.0,0.0,0.0,0.0,0.0,0.0,0.0001,0.0,0.0,0.0,0.0,0.0,0.0,0.0,0.0,0.2351,0.2853,0.1566,0.2351,0.2853,0.1566
0.0,0.3455,0.0,0.0,0.0,0.691,0.3455,0.3455,0.0,0.0,1.7274,1.0365,0.0,0.0,0.3455,0.0,0.0,0.0,1.0365,0.3455,0.0,0.0,0.0,0.0,0.0,0.0001,0.0,0.0,0.0,0.0,0.0001,0.0001,0.0,0.0,0.0,0.0,0.0,0.0,0.0001,0.0,0.2681,0.2211,0.1654,0.2681,0.2211,0.1654
0.0,0.3938,0.3938,0.0,0.0,0.0,1.1813,0.0,0.0,0.3938,0.0,0.7875,0.3938,0.0,0.0,0.7875,0.7875,0.3938,0.0,0.7875,0.0,0.0,0.0,0.0,0.0,0.0,0.0001,0.0,0.0,0.0,0.0,0.0001,0.0,0.0,0.0,0.0001,0.0001,0.0,0.0,0.0001,0.2156,0.184,0.2067,0.2156,0.184,0.2067
0.3713,1.114,0.7426,0.0,0.0,0.3713,0.0,0.3713,0.0,0.3713,0.0,0.0,0.3713,0.7426,0.0,0.0,0.0,0.3713,0.0,0.7426,0.0,0.0001,0.0001,0.0,0.0,0.0,0.0,0.0,0.0,0.0,0.0,0.0,0.0,0.0001,0.0,0.0,0.0,0.0,0.0,0.0001,0.2497,0.2014,0.1776,0.2497,0.2014,0.1776
0.3852,0.3852,0.0,0.0,0.0,0.3852,0.0,1.1556,0.0,0.3852,0.7704,0.3852,0.0,0.3852,0.0,0.7704,0.0,0.0,0.3852,0.3852,0.0,0.0,0.0,0.0,0.0,0.0,0.0,0.0001,0.0,0.0,0.0,0.0,0.0,0.0,0.0,0.0,0.0,0.0,0.0,0.0,0.2125,0.2096,0.1927,0.2125,0.2096,0.1927
0.6983,0.0,0.3492,0.6983,0.6983,0.0,0.0,0.0,0.3492,0.0,0.6983,0.6983,0.0,0.3492,0.3492,0.6983,0.3492,0.0,0.3492,0.6983,0.0,0.0,0.0,0.0,0.0,0.0,0.0,0.0,0.0,0.0,0.0,0.0,0.0,0.0,0.0,0.0,0.0,0.0,0.0,0.0,0.2609,0.1771,0.2129,0.2609,0.1771,0.2129
0.3713,0.7426,0.7426,0.0,0.0,0.0,0.3713,0.0,0.7426,0.3713,0.0,0.7426,0.3713,0.7426,0.0,0.0,0.0,0.0,0.0,0.3713,0.0,0.0001,0.0001,0.0,0.0,0.0,0.0,0.0,0.0001,0.0,0.0,0.0001,0.0,0.0001,0.0,0.0,0.0,0.0,0.0,0.0,0.211,0.2119,0.2059,0.211,0.2119,0.2059
0.0,0.3241,0.0,0.9724,0.0,0.3241,0.9724,0.3241,0.0,0.9724,0.9724,0.0,0.0,0.3241,0.0,0.0,0.0,0.0,0.0,0.0,0.0,0.0,0.0,0.0001,0.0,0.0,0.0001,0.0,0.0,0.0001,0.0001,0.0,0.0,0.0,0.0,0.0,0.0,0.0,0.0,0.0,0.2562,0.2186,0.2011,0.2562,0.2186,0.2011
0.3813,0.0,0.0,0.3813,0.0,0.0,1.1438,0.3813,0.0,0.0,1.1438,0.3813,0.0,0.0,1.1438,0.0,0.0,0.0,0.0,1.1438,0.0,0.0,0.0,0.0,0.0,0.0,0.0001,0.0,0.0,0.0,0.0001,0.0,0.0,0.0,0.0001,0.0,0.0,0.0,0.0,0.0001,0.1585,0.2304,0.2298,0.1585,0.2304,0.2298
0.7298,0.3649,0.0,0.0,0.0,0.7298,0.3649,0.0,0.3649,0.3649,1.0947,0.7298,0.0,0.0,0.3649,0.3649,0.3649,0.0,0.0,1.4595,0.0001,0.0,0.0,0.0,0.0,0.0001,0.0,0.0,0.0,0.0,0.0001,0.0001,0.0,0.0,0.0,0.0,0.0,0.0,0.0,0.0001,0.2324,0.2125,0.1902,0.2324,0.2125,0.1902
0.7309,0.7309,0.2436,0.2436,0.0,0.2436,0.7309,0.2436,0.2436,0.0,0.4873,0.2436,0.0,0.0,0.0,0.2436,0.4873,0.0,0.7309,0.0,0.0001,0.0001,0.0,0.0,0.0,0.0,0.0001,0.0,0.0,0.0,0.0,0.0,0.0,0.0,0.0,0.0,0.0,0.0,0.0001,0.0,0.2802,0.2366,0.2396,0.2802,0.2366,0.2396
0.4905,0.0,0.4905,0.4905,0.0,0.0,0.4905,0.4905,0.0,0.4905,0.981,0.0,0.0,0.4905,0.0,0.0,1.9619,0.0,0.0,0.981,0.0,0.0,0.0,0.0,0.0,0.0,0.0,0.0,0.0,0.0,0.0001,0.0,0.0,0.0,0.0,0.0,0.0001,0.0,0.0,0.0001,0.1463,0.1925,0.1707,0.1463,0.1925,0.1707
0.4003,0.4003,0.0,0.4003,0.4003,0.0,0.0,0.4003,0.0,0.8007,0.8007,0.8007,0.0,0.4003,0.0,0.0,0.0,0.4003,0.0,0.4003,0.0,0.0,0.0,0.0,0.0,0.0,0.0,0.0,0.0,0.0,0.0,0.0,0.0,0.0,0.0,0.0,0.0,0.0,0.0,0.0,0.2043,0.2504,0.1449,0.2043,0.2504,0.1449
0.0,0.8131,0.4065,0.0,0.0,0.4065,0.4065,0.0,0.0,0.8131,1.2196,0.0,0.4065,0.0,0.0,0.8131,0.4065,0.0,0.0,0.4065,0.0,0.0001,0.0,0.0,0.0,0.0,0.0,0.0,0.0,0.0001,0.0001,0.0,0.0,0.0,0.0,0.0001,0.0,0.0,0.0,0.0,0.1627,0.2128,0.2179,0.1627,0.2128,0.2179
0.0,0.4359,0.0,0.4359,0.0,0.0,0.0,0.0,2.1796,0.4359,0.4359,0.4359,0.0,0.0,0.0,0.8719,0.0,0.0,0.0,0.0,0.0,0.0,0.0,0.0,0.0,0.0,0.0,0.0,0.0002,0.0,0.0,0.0,0.0,0.0,0.0,0.0001,0.0,0.0,0.0,0.0,0.1811,0.1781,0.2048,0.1811,0.1781,0.2048
0.0,0.0,0.3307,0.9921,0.3307,0.3307,0.9921,0.0,0.0,0.3307,0.9921,0.3307,0.3307,0.0,0.0,0.3307,0.0,0.0,0.6614,0.6614,0.0,0.0,0.0,0.0,0.0,0.0,0.0,0.0,0.0,0.0,0.0,0.0,0.0,0.0,0.0,0.0,0.0,0.0,0.0,0.0,0.237,0.2472,0.1851,0.237,0.2472,0.1851
0.5256,0.0,0.5256,0.5256,0.0,1.0512,0.0,0.0,0.0,1.5768,3.6791,0.0,0.0,0.0,0.0,0.0,0.5256,1.0512,0.5256,0.5256,0.0,0.0,0.0,0.0,0.0,0.0,0.0,0.0,0.0,0.0001,0.0002,0.0,0.0,0.0,0.0,0.0,0.0,0.0,0.0,0.0,0.1363,0.1805,0.1575,0.1363,0.1805,0.1575
0.378,0.0,0.7559,0.7559,0.0,0.0,0.378,0.7559,0.0,0.378,0.7559,0.7559,0.0,0.0,0.378,0.378,0.0,0.0,0.7559,1.1339,0.0,0.0,0.0,0.0,0.0,0.0,0.0,0.0,0.0,0.0,0.0,0.0,0.0,0.0,0.0,0.0,0.0,0.0,0.0,0.0001,0.221,0.227,0.174,0.221,0.227,0.174
2.3246,0.5812,0.0,0.0,0.0,0.0,0.0,2.9058,0.0,0.0,0.0,0.0,0.0,0.0,2.3246,0.0,0.5812,0.0,0.0,0.0,0.0003,0.0001,0.0,0.0,0.0,0.0,0.0,0.0004,0.0,0.0,0.0,0.0,0.0,0.0,0.0003,0.0,0.0001,0.0,0.0,0.0,0.1531,0.1522,0.1136,0.1531,0.1522,0.1136
0.4008,0.4008,0.0,0.4008,0.0,0.4008,0.4008,0.4008,1.2025,0.8017,1.2025,0.0,0.4008,0.4008,0.0,0.4008,0.0,0.4008,0.8017,0.0,0.0,0.0,0.0,0.0,0.0,0.0,0.0,0.0,0.0001,0.0001,0.0001,0.0,0.0,0.0,0.0,0.0,0.0,0.0,0.0001,0.0,0.1834,0.2388,0.1769,0.1834,0.2388,0.1769
0.0,0.0,0.9088,0.0,0.0,0.4544,0.0,0.4544,0.0,0.9088,1.3633,0.9088,0.0,0.4544,0.4544,0.9088,0.9088,0.0,0.0,0.4544,0.0,0.0,0.0,0.0,0.0,0.0,0.0,0.0,0.0,0.0,0.0001,0.0,0.0,0.0,0.0,0.0,0.0,0.0,0.0,0.0,0.161,0.2014,0.1832,0.161,0.2014,0.1832
0.6971,0.0,0.0,1.3942,0.0,0.0,0.3485,0.0,0.0,0.3485,0.6971,0.3485,0.3485,0.0,0.0,0.0,1.3942,0.0,0.0,0.6971,0.0,0.0,0.0,0.0001,0.0,0.0,0.0,0.0,0.0,0.0,0.0,0.0,0.0,0.0,0.0,0.0,0.0001,0.0,0.0,0.0,0.2187,0.2222,0.2106,0.2187,0.2222,0.2106
0.0,0.0,0.9693,0.9693,0.0,0.4846,0.0,0.9693,0.0,0.9693,0.0,0.0,0.0,0.0,0.9693,0.4846,0.4846,0.0,0.9693,0.0,0.0,0.0,0.0001,0.0001,0.0,0.0,0.0,0.0001,0.0,0.0001,0.0,0.0,0.0,0.0,0.0001,0.0,0.0,0.0,0.0001,0.0,0.1607,0.1936,0.1611,0.1607,0.1936,0.1611
1.0529,0.351,0.0,0.351,0.0,0.7019,0.0,0.351,0.0,0.351,1.4039,0.7019,0.0,0.7019,0.351,0.0,0.351,0.0,0.0,0.351,0.0001,0.0,0.0,0.0,0.0,0.0,0.0,0.0,0.0,0.0,0.0001,0.0,0.0,0.0,0.0,0.0,0.0,0.0,0.0,0.0,0.2506,0.2611,0.1374,0.2506,0.2611,0.1374
1.2313,0.0,0.0,0.4104,0.0,0.4104,0.4104,0.4104,0.4104,0.8209,0.4104,0.0,0.0,0.0,0.0,0.0,0.4104,0.0,0.8209,0.4104,0.0001,0.0,0.0,0.0,0.0,0.0,0.0,0.0,0.0,0.0001,0.0,0.0,0.0,0.0,0.0,0.0,0.0,0.0,0.0001,0.0,0.2144,0.1936,0.1815,0.2144,0.1936,0.1815
1.7382,0.0,0.4345,0.4345,0.0,0.0,0.4345,0.4345,0.4345,0.8691,0.0,0.4345,0.4345,0.4345,0.8691,0.8691,0.0,0.0,0.0,0.8691,0.0001,0.0,0.0,0.0,0.0,0.0,0.0,0.0,0.0,0.0,0.0,0.0,0.0,0.0,0.0,0.0,0.0,0.0,0.0,0.0,0.1848,0.179,0.2016,0.1848,0.179,0.2016
0.723,0.0,0.3615,0.3615,0.0,0.0,0.3615,1.0844,0.3615,0.723,0.3615,0.3615,0.0,0.0,0.3615,0.0,1.0844,0.3615,0.0,0.723,0.0,0.0,0.0,0.0,0.0,0.0,0.0,0.0001,0.0,0.0,0.0,0.0,0.0,0.0,0.0,0.0,0.0001,0.0,0.0,0.0,0.167,0.223,0.2485,0.167,0.223,0.2485
0.0,0.4216,1.6863,0.0,0.0,0.0,0.0,0.4216,0.4216,0.8431,0.8431,0.0,0.0,0.4216,0.0,0.0,0.8431,0.0,0.0,0.4216,0.0,0.0,0.0001,0.0,0.0,0.0,0.0,0.0,0.0,0.0,0.0,0.0,0.0,0.0,0.0,0.0,0.0,0.0,0.0,0.0,0.2149,0.1955,0.168,0.2149,0.1955,0.168
0.5007,0.0,1.0015,0.0,0.0,0.0,0.0,1.0015,0.0,0.5007,0.5007,1.0015,0.5007,0.0,0.0,0.0,0.5007,0.0,0.0,2.0029,0.0,0.0,0.0001,0.0,0.0,0.0,0.0,0.0001,0.0,0.0,0.0,0.0001,0.0,0.0,0.0,0.0,0.0,0.0,0.0,0.0001,0.1565,0.165,0.1777,0.1565,0.165,0.1777
0.0,0.7374,0.0,1.1061,0.0,0.0,0.3687,1.4749,0.0,0.0,0.3687,0.3687,0.0,0.0,0.7374,0.0,0.3687,0.0,0.0,0.0,0.0,0.0001,0.0,0.0001,0.0,0.0,0.0,0.0001,0.0,0.0,0.0,0.0,0.0,0.0,0.0001,0.0,0.0,0.0,0.0,0.0,0.1588,0.2615,0.2111,0.1588,0.2615,0.2111
0.6176,0.3088,0.3088,0.6176,0.0,0.9265,0.9265,0.0,0.3088,0.6176,0.9265,0.0,0.0,0.0,0.0,0.0,0.6176,0.0,0.0,0.0,0.0,0.0,0.0,0.0,0.0,0.0001,0.0001,0.0,0.0,0.0,0.0001,0.0,0.0,0.0,0.0,0.0,0.0,0.0,0.0,0.0,0.2897,0.1909,0.2105,0.2897,0.1909,0.2105
0.7736,0.0,0.0,0.7736,0.0,0.7736,0.0,0.0,0.3868,0.3868,1.1604,0.3868,0.0,0.3868,1.1604,0.3868,0.0,0.0,0.0,1.1604,0.0,0.0,0.0,0.0,0.0,0.0,0.0,0.0,0.0,0.0,0.0001,0.0,0.0,0.0,0.0001,0.0,0.0,0.0,0.0,0.0001,0.2312,0.2324,0.1496,0.2312,0.2324,0.1496
0.3729,0.3729,0.3729,0.3729,0.3729,0.0,0.3729,1.8647,0.3729,0.7459,0.3729,0.0,0.3729,0.3729,0.3729,0.0,0.3729,0.0,0.0,0.3729,0.0,0.0,0.0,0.0,0.0,0.0,0.0,0.0001,0.0,0.0,0.0,0.0,0.0,0.0,0.0,0.0,0.0,0.0,0.0,0.0,0.2586,0.1673,0.2011,0.2586,0.1673,0.2011
0.3699,0.0,0.0,0.0,0.0,0.0,1.1098,0.0,0.7399,0.0,0.3699,1.1098,0.0,0.0,0.0,0.7399,0.3699,0.0,0.0,0.7399,0.0,0.0,0.0,0.0,0.0,0.0,0.0001,0.0,0.0001,0.0,0.0,0.0001,0.0,0.0,0.0,0.0001,0.0,0.0,0.0,0.0001,0.2313,0.2629,0.1359,0.2313,0.2629,0.1359
0.3958,0.0,0.3958,0.3958,0.3958,0.3958,0.3958,0.3958,0.0,0.3958,0.0,0.3958,0.3958,0.3958,0.0,0.7917,0.3958,0.0,0.0,0.7917,0.0,0.0,0.0,0.0,0.0,0.0,0.0,0.0,0.0,0.0,0.0,0.0,0.0,0.0,0.0,0.0,0.0,0.0,0.0,0.0,0.1808,0.2128,0.2105,0.1808,0.2128,0.2105
0.3904,0.7809,0.0,0.0,0.0,0.0,0.0,0.7809,0.3904,0.3904,0.7809,0.0,0.0,0.0,0.3904,0.7809,0.0,0.3904,0.3904,0.3904,0.0,0.0001,0.0,0.0,0.0,0.0,0.0,0.0001,0.0,0.0,0.0001,0.0,0.0,0.0,0.0,0.0001,0.0,0.0,0.0,0.0,0.2175,0.1904,0.2017,0.2175,0.1904,0.2017
0.3432,0.0,0.3432,0.6863,0.0,0.0,0.6863,0.3432,0.0,1.0295,0.3432,0.6863,0.0,0.0,0.3432,0.3432,0.6863,0.0,0.0,0.3432,0.0,0.0,0.0,0.0,0.0,0.0,0.0,0.0,0.0,0.0001,0.0,0.0,0.0,0.0,0.0,0.0,0.0,0.0,0.0,0.0,0.2308,0.2234,0.2027,0.2308,0.2234,0.2027
0.6881,0.0,0.0,1.3761,0.0,0.0,0.0,1.0321,0.0,1.3761,0.0,0.344,0.0,0.0,0.344,0.344,0.6881,0.0,0.344,0.344,0.0,0.0,0.0,0.0001,0.0,0.0,0.0,0.0001,0.0,0.0001,0.0,0.0,0.0,0.0,0.0,0.0,0.0,0.0,0.0,0.0,0.2529,0.1769,0.2261,0.2529,0.1769,0.2261
0.4006,1.2017,0.0,0.4006,0.4006,0.0,0.0,0.0,0.0,0.0,0.4006,0.0,0.0,0.0,0.8011,0.8011,0.4006,0.0,0.8011,0.4006,0.0,0.0001,0.0,0.0,0.0,0.0,0.0,0.0,0.0,0.0,0.0,0.0,0.0,0.0,0.0,0.0,0.0,0.0,0.0,0.0,0.2853,0.2358,0.0784,0.2853,0.2358,0.0784
0.0,0.0,0.3451,0.3451,0.0,0.0,0.0,0.6902,0.6902,0.6902,0.3451,1.0353,0.0,0.0,0.0,0.6902,0.3451,0.0,0.3451,0.0,0.0,0.0,0.0,0.0,0.0,0.0,0.0,0.0,0.0,0.0,0.0,0.0001,0.0,0.0,0.0,0.0,0.0,0.0,0.0,0.0,0.2385,0.1884,0.228,0.2385,0.1884,0.228
1.5175,0.0,0.0,0.0,0.5058,0.5058,1.0116,2.0233,0.0,0.0,1.0116,0.0,0.0,0.0,0.5058,2.0233,1.0116,0.0,0.0,0.0,0.0001,0.0,0.0,0.0,0.0,0.0,0.0,0.0001,0.0,0.0,0.0,0.0,0.0,0.0,0.0,0.0001,0.0,0.0,0.0,0.0,0.1708,0.1498,0.1736,0.1708,0.1498,0.1736
1.2473,0.0,0.0,0.0,0.0,0.6236,0.0,1.8709,0.0,0.0,3.1182,0.0,0.0,0.6236,0.6236,0.6236,0.0,0.0,0.0,0.6236,0.0001,0.0,0.0,0.0,0.0,0.0,0.0,0.0001,0.0,0.0,0.0002,0.0,0.0,0.0,0.0,0.0,0.0,0.0,0.0,0.0,0.1396,0.1366,0.1001,0.1396,0.1366,0.1001
0.3553,0.7107,0.0,0.0,0.0,0.3553,0.7107,0.0,0.3553,0.0,0.7107,0.0,0.3553,0.7107,1.066,0.7107,0.7107,0.0,0.0,0.3553,0.0,0.0,0.0,0.0,0.0,0.0,0.0,0.0,0.0,0.0,0.0,0.0,0.0,0.0,0.0001,0.0,0.0,0.0,0.0,0.0,0.2313,0.2534,0.1599,0.2313,0.2534,0.1599
0.6456,0.0,0.3228,0.9684,0.0,0.0,0.0,0.6456,0.0,0.6456,0.3228,1.2912,0.0,0.0,0.0,0.3228,0.3228,0.0,0.3228,0.6456,0.0,0.0,0.0,0.0001,0.0,0.0,0.0,0.0,0.0,0.0,0.0,0.0001,0.0,0.0,0.0,0.0,0.0,0.0,0.0,0.0,0.2697,0.2029,0.2046,0.2697,0.2029,0.2046
0.2882,0.8645,0.0,0.8645,0.0,0.0,0.0,0.5763,0.8645,0.2882,0.5763,0.0,0.2882,0.2882,0.2882,0.2882,0.2882,0.0,0.0,0.0,0.0,0.0001,0.0,0.0001,0.0,0.0,0.0,0.0,0.0001,0.0,0.0,0.0,0.0,0.0,0.0,0.0,0.0,0.0,0.0,0.0,0.2309,0.2639,0.2171,0.2309,0.2639,0.2171
0.0,0.0,1.0445,0.5222,0.0,1.0445,0.0,0.5222,0.5222,0.0,0.0,0.0,0.0,0.5222,0.0,0.5222,1.0445,0.0,0.0,0.0,0.0,0.0,0.0001,0.0001,0.0,0.0001,0.0,0.0001,0.0001,0.0,0.0,0.0,0.0,0.0001,0.0,0.0001,0.0001,0.0,0.0,0.0,0.1659,0.1527,0.1592,0.1659,0.1527,0.1592
1.9937,0.0,0.4984,0.0,0.0,0.0,0.0,1.4953,0.4984,0.0,0.4984,0.4984,0.4984,0.0,0.4984,0.4984,0.9969,0.0,0.0,0.4984,0.0001,0.0,0.0,0.0,0.0,0.0,0.0,0.0001,0.0,0.0,0.0,0.0,0.0,0.0,0.0,0.0,0.0001,0.0,0.0,0.0,0.2081,0.1488,0.1447,0.2081,0.1488,0.1447
1.0145,0.0,1.6909,0.3382,0.0,0.3382,0.3382,0.6764,0.3382,0.0,0.3382,1.6909,0.0,0.0,1.0145,0.0,0.0,0.0,0.0,0.3382,0.0001,0.0,0.0001,0.0,0.0,0.0,0.0,0.0,0.0,0.0,0.0,0.0001,0.0,0.0,0.0001,0.0,0.0,0.0,0.0,0.0,0.26,0.1914,0.2104,0.26,0.1914,0.2104
0.0,1.0121,0.3374,0.0,0.3374,2.0242,0.6747,0.3374,0.0,0.0,1.0121,0.3374,0.0,0.3374,0.3374,0.0,0.0,0.0,0.0,0.0,0.0,0.0001,0.0,0.0,0.0,0.0001,0.0,0.0,0.0,0.0,0.0001,0.0,0.0,0.0,0.0,0.0,0.0,0.0,0.0,0.0,0.2333,0.2336,0.1957,0.2333,0.2336,0.1957
1.3506,0.3376,0.0,0.0,0.0,1.3506,0.6753,0.3376,0.0,0.0,1.0129,0.6753,0.0,0.3376,0.0,0.3376,0.3376,0.0,0.0,0.0,0.0001,0.0,0.0,0.0,0.0,0.0001,0.0,0.0,0.0,0.0,0.0001,0.0,0.0,0.0,0.0,0.0,0.0,0.0,0.0,0.0,0.2793,0.2145,0.1685,0.2793,0.2145,0.1685
0.3643,0.0,0.3643,1.0928,0.0,0.3643,0.3643,0.0,0.7285,1.0928,0.0,0.0,0.0,0.0,0.0,0.0,0.3643,0.0,0.3643,0.3643,0.0,0.0,0.0,0.0001,0.0,0.0,0.0,0.0,0.0001,0.0001,0.0,0.0,0.0,0.0,0.0,0.0,0.0,0.0,0.0,0.0,0.2395,0.1958,0.2005,0.2395,0.1958,0.2005
0.4291,0.0,0.4291,0.0,0.0,0.0,0.8583,0.0,0.0,0.4291,1.2874,0.0,0.4291,0.8583,0.4291,0.0,1.2874,0.0,0.8583,1.2874,0.0,0.0,0.0,0.0,0.0,0.0,0.0001,0.0,0.0,0.0,0.0001,0.0,0.0,0.0001,0.0,0.0,0.0001,0.0,0.0001,0.0001,0.211,0.1777,0.1822,0.211,0.1777,0.1822
0.0,1.4533,1.1626,0.2907,0.0,0.0,0.872,0.2907,0.2907,0.0,0.0,0.0,0.0,0.0,0.2907,0.5813,0.2907,0.0,0.2907,0.0,0.0,0.0002,0.0001,0.0,0.0,0.0,0.0001,0.0,0.0,0.0,0.0,0.0,0.0,0.0,0.0,0.0001,0.0,0.0,0.0,0.0,0.2864,0.1756,0.2474,0.2864,0.1756,0.2474
0.545,0.545,0.0,0.0,0.0,0.0,0.0,1.0901,0.0,1.0901,1.6351,0.0,0.545,1.0901,0.545,0.0,0.0,0.0,0.545,1.0901,0.0,0.0,0.0,0.0,0.0,0.0,0.0,0.0001,0.0,0.0001,0.0001,0.0,0.0,0.0001,0.0,0.0,0.0,0.0,0.0,0.0001,0.1669,0.148,0.1401,0.1669,0.148,0.1401
0.0,0.4344,0.0,0.0,0.0,0.8687,0.8687,0.4344,0.0,0.8687,0.8687,0.4344,0.0,0.0,0.0,0.8687,0.0,0.0,0.0,0.8687,0.0,0.0,0.0,0.0,0.0,0.0001,0.0001,0.0,0.0,0.0001,0.0001,0.0,0.0,0.0,0.0,0.0001,0.0,0.0,0.0,0.0001,0.2225,0.203,0.1402,0.2225,0.203,0.1402
0.0,0.4307,0.0,1.2922,0.0,0.0,0.4307,0.0,0.4307,0.0,0.0,0.8614,0.0,0.0,0.0,0.0,0.0,0.0,0.4307,1.2922,0.0,0.0,0.0,0.0001,0.0,0.0,0.0,0.0,0.0,0.0,0.0,0.0001,0.0,0.0,0.0,0.0,0.0,0.0,0.0,0.0001,0.2275,0.2264,0.1154,0.2275,0.2264,0.1154
0.0,0.3027,0.3027,0.3027,0.0,0.0,0.3027,0.908,0.3027,0.3027,0.908,0.6053,0.0,0.908,0.3027,0.3027,0.3027,0.0,0.0,0.3027,0.0,0.0,0.0,0.0,0.0,0.0,0.0,0.0001,0.0,0.0,0.0001,0.0,0.0,0.0001,0.0,0.0,0.0,0.0,0.0,0.0,0.2772,0.2504,0.1698,0.2772,0.2504,0.1698
1.2589,0.4196,0.4196,0.0,0.0,0.8393,0.0,1.2589,0.0,0.4196,0.0,0.0,0.0,0.8393,0.4196,1.2589,0.4196,0.4196,0.0,0.4196,0.0001,0.0,0.0,0.0,0.0,0.0,0.0,0.0001,0.0,0.0,0.0,0.0,0.0,0.0,0.0,0.0001,0.0,0.0,0.0,0.0,0.2127,0.1757,0.192,0.2127,0.1757,0.192
0.4153,0.0,0.4153,0.4153,0.0,0.8306,0.0,0.0,0.0,0.0,1.2458,0.8306,0.0,1.2458,0.0,0.4153,0.4153,0.0,0.0,0.0,0.0,0.0,0.0,0.0,0.0,0.0,0.0,0.0,0.0,0.0,0.0001,0.0,0.0,0.0001,0.0,0.0,0.0,0.0,0.0,0.0,0.25,0.2372,0.0975,0.25,0.2372,0.0975
0.4132,0.4132,0.0,0.0,0.0,0.4132,0.0,0.8265,0.8265,0.0,0.4132,0.0,0.0,1.2397,1.2397,1.2397,0.4132,0.0,0.0,0.8265,0.0,0.0,0.0,0.0,0.0,0.0,0.0,0.0001,0.0001,0.0,0.0,0.0,0.0,0.0001,0.0001,0.0001,0.0,0.0,0.0,0.0001,0.2183,0.2129,0.1556,0.2183,0.2129,0.1556
0.0,0.0,0.0,0.3088,0.0,0.6175,0.9263,0.3088,0.0,0.9263,0.3088,1.2351,0.3088,0.0,0.3088,0.3088,0.6175,0.0,0.3088,0.3088,0.0,0.0,0.0,0.0,0.0,0.0,0.0001,0.0,0.0,0.0001,0.0,0.0001,0.0,0.0,0.0,0.0,0.0,0.0,0.0,0.0,0.2275,0.2455,0.2183,0.2275,0.2455,0.2183
0.0,1.6861,0.0,0.3372,0.0,0.0,0.0,0.6744,0.0,0.3372,0.6744,0.0,0.0,0.0,0.6744,1.0117,0.0,0.0,0.0,0.6744,0.0,0.0001,0.0,0.0,0.0,0.0,0.0,0.0,0.0,0.0,0.0,0.0,0.0,0.0,0.0,0.0001,0.0,0.0,0.0,0.0,0.203,0.1829,0.2769,0.203,0.1829,0.2769
1.8539,0.3708,0.3708,0.0,0.7416,0.0,0.7416,0.3708,0.3708,0.0,0.3708,0.0,0.0,0.7416,0.3708,0.3708,0.3708,0.0,0.0,0.3708,0.0001,0.0,0.0,0.0,0.0,0.0,0.0,0.0,0.0,0.0,0.0,0.0,0.0,0.0,0.0,0.0,0.0,0.0,0.0,0.0,0.1983,0.2621,0.1688,0.1983,0.2621,0.1688
0.0,0.0,0.72,0.72,0.0,0.0,0.36,0.0,0.0,0.36,1.08,0.36,0.0,0.0,0.36,1.08,0.36,0.0,0.72,0.36,0.0,0.0,0.0,0.0,0.0,0.0,0.0,0.0,0.0,0.0,0.0001,0.0,0.0,0.0,0.0,0.0001,0.0,0.0,0.0,0.0,0.1986,0.2126,0.2288,0.1986,0.2126,0.2288
0.0,0.3331,0.0,0.6662,0.0,0.3331,0.3331,0.0,0.0,0.0,1.3324,0.9993,0.3331,0.6662,0.0,0.3331,0.0,0.0,0.3331,0.3331,0.0,0.0,0.0,0.0,0.0,0.0,0.0,0.0,0.0,0.0,0.0001,0.0001,0.0,0.0,0.0,0.0,0.0,0.0,0.0,0.0,0.2144,0.2234,0.2291,0.2144,0.2234,0.2291
0.9238,0.9238,0.0,0.0,0.3079,0.3079,0.0,0.3079,0.0,0.3079,0.9238,0.3079,0.0,0.3079,0.3079,0.0,0.0,0.0,0.3079,1.2317,0.0,0.0,0.0,0.0,0.0,0.0,0.0,0.0,0.0,0.0,0.0,0.0,0.0,0.0,0.0,0.0,0.0,0.0,0.0,0.0001,0.2156,0.264,0.2124,0.2156,0.264,0.2124
0.0,0.355,0.0,0.355,0.0,0.0,0.0,0.0,0.0,0.7099,1.4199,1.0649,0.0,0.0,0.0,0.0,0.355,0.0,0.7099,0.355,0.0,0.0,0.0,0.0,0.0,0.0,0.0,0.0,0.0,0.0001,0.0001,0.0001,0.0,0.0,0.0,0.0,0.0,0.0,0.0001,0.0,0.2229,0.2304,0.1917,0.2229,0.2304,0.1917
0.0,0.0,0.6913,0.0,0.3457,0.0,0.0,0.3457,0.3457,0.6913,0.3457,1.3827,0.0,1.037,0.0,0.3457,0.0,0.0,0.3457,0.0,0.0,0.0,0.0,0.0,0.0,0.0,0.0,0.0,0.0,0.0,0.0,0.0001,0.0,0.0001,0.0,0.0,0.0,0.0,0.0,0.0,0.256,0.2107,0.1876,0.256,0.2107,0.1876
0.0,1.4707,0.0,0.3677,0.0,0.0,0.0,0.3677,0.0,0.7354,0.7354,0.0,0.0,0.0,0.3677,0.3677,0.0,0.0,1.1031,0.0,0.0,0.0001,0.0,0.0,0.0,0.0,0.0,0.0,0.0,0.0001,0.0001,0.0,0.0,0.0,0.0,0.0,0.0,0.0,0.0001,0.0,0.1743,0.2382,0.2198,0.1743,0.2382,0.2198
0.0,0.0,0.0,0.3835,0.0,0.767,0.3835,0.3835,0.3835,0.3835,0.3835,0.767,0.0,0.0,0.3835,0.3835,0.767,0.0,0.0,0.3835,0.0,0.0,0.0,0.0,0.0,0.0001,0.0,0.0,0.0,0.0,0.0,0.0001,0.0,0.0,0.0,0.0,0.0001,0.0,0.0,0.0,0.26,0.1698,0.1867,0.26,0.1698,0.1867
1.0618,0.3539,0.0,0.3539,0.0,0.3539,0.0,1.0618,0.0,1.0618,0.0,0.3539,0.0,0.3539,0.0,0.0,0.3539,0.0,1.0618,0.7079,0.0001,0.0,0.0,0.0,0.0,0.0,0.0,0.0001,0.0,0.0001,0.0,0.0,0.0,0.0,0.0,0.0,0.0,0.0,0.0001,0.0,0.2419,0.2488,0.1554,0.2419,0.2488,0.1554
0.0,1.0975,0.2744,0.2744,0.2744,0.2744,1.0975,0.0,0.0,0.2744,0.5487,0.0,0.0,0.2744,0.0,0.2744,0.2744,0.0,0.2744,0.5487,0.0,0.0001,0.0,0.0,0.0,0.0,0.0001,0.0,0.0,0.0,0.0,0.0,0.0,0.0,0.0,0.0,0.0,0.0,0.0,0.0,0.2613,0.2633,0.201,0.2613,0.2633,0.201
0.0,0.0,0.0,0.4779,0.4779,0.0,0.0,1.4338,0.4779,0.4779,1.4338,0.0,0.4779,0.4779,0.0,0.4779,0.4779,0.0,0.0,0.4779,0.0,0.0,0.0,0.0,0.0,0.0,0.0,0.0001,0.0,0.0,0.0001,0.0,0.0,0.0,0.0,0.0,0.0,0.0,0.0,0.0,0.2451,0.1589,0.118,0.2451,0.1589,0.118
0.7076,0.0,0.7076,0.7076,0.0,0.0,2.1229,0.0,0.7076,0.0,0.0,0.0,0.0,0.0,0.0,0.0,0.0,0.0,0.0,0.7076,0.0001,0.0,0.0001,0.0001,0.0,0.0,0.0002,0.0,0.0001,0.0,0.0,0.0,0.0,0.0,0.0,0.0,0.0,0.0,0.0,0.0001,0.2117,0.2349,0.1996,0.2117,0.2349,0.1996
0.6146,0.3073,0.9219,0.0,0.0,0.0,0.3073,0.3073,0.3073,0.3073,0.9219,0.6146,0.0,0.3073,0.3073,1.2292,0.0,0.0,0.0,0.6146,0.0,0.0,0.0,0.0,0.0,0.0,0.0,0.0,0.0,0.0,0.0,0.0,0.0,0.0,0.0,0.0001,0.0,0.0,0.0,0.0,0.2277,0.2708,0.1943,0.2277,0.2708,0.1943
4.4784,0.0,0.7464,0.0,0.0,0.0,0.0,0.7464,0.0,0.0,1.4928,0.0,0.7464,0.0,0.7464,0.0,0.7464,0.0,0.0,1.4928,0.0003,0.0,0.0,0.0,0.0,0.0,0.0,0.0,0.0,0.0,0.0001,0.0,0.0,0.0,0.0,0.0,0.0,0.0,0.0,0.0001,0.0798,0.087,0.0868,0.0798,0.087,0.0868
0.0,0.0,0.0,0.0,0.0,0.0,0.0,0.525,0.0,0.0,2.6251,0.525,0.0,0.525,1.0501,0.525,0.525,0.0,0.525,1.0501,0.0,0.0,0.0,0.0,0.0,0.0,0.0,0.0,0.0,0.0,0.0002,0.0,0.0,0.0,0.0001,0.0,0.0,0.0,0.0,0.0001,0.1797,0.1165,0.1787,0.1797,0.1165,0.1787
0.0,0.4188,0.0,0.0,0.0,0.0,0.8376,0.8376,0.0,0.4188,0.4188,0.0,0.0,0.4188,0.0,0.4188,0.4188,0.4188,0.4188,1.2564,0.0,0.0,0.0,0.0,0.0,0.0,0.0001,0.0001,0.0,0.0,0.0,0.0,0.0,0.0,0.0,0.0,0.0,0.0,0.0,0.0001,0.1967,0.2183,0.1662,0.1967,0.2183,0.1662
0.294,0.5881,0.0,0.294,0.0,0.5881,0.5881,0.0,0.294,0.0,1.4702,0.294,0.294,0.5881,0.0,0.0,0.5881,0.0,0.0,0.0,0.0,0.0,0.0,0.0,0.0,0.0,0.0,0.0,0.0,0.0,0.0001,0.0,0.0,0.0,0.0,0.0,0.0,0.0,0.0,0.0,0.2356,0.2558,0.2146,0.2356,0.2558,0.2146
0.0,0.0,0.4486,0.8973,0.4486,0.0,0.0,0.4486,0.0,0.4486,0.4486,0.0,0.0,0.8973,0.8973,1.7945,0.0,0.0,0.4486,0.0,0.0,0.0,0.0,0.0,0.0,0.0,0.0,0.0,0.0,0.0,0.0,0.0,0.0,0.0,0.0,0.0001,0.0,0.0,0.0,0.0,0.1781,0.2034,0.1699,0.1781,0.2034,0.1699
0.0,0.3463,0.6925,0.3463,0.0,0.0,0.3463,0.0,0.3463,0.3463,0.0,0.3463,0.0,0.6925,1.3851,0.0,0.6925,0.0,0.0,1.0388,0.0,0.0,0.0001,0.0,0.0,0.0,0.0,0.0,0.0,0.0,0.0,0.0,0.0,0.0001,0.0001,0.0,0.0001,0.0,0.0,0.0001,0.1968,0.2489,0.208,0.1968,0.2489,0.208
0.3209,0.3209,0.3209,0.0,0.3209,0.0,0.6418,0.9627,0.0,0.3209,0.3209,0.3209,0.3209,0.0,0.6418,0.3209,0.3209,0.3209,0.3209,0.3209,0.0,0.0,0.0,0.0,0.0,0.0,0.0,0.0,0.0,0.0,0.0,0.0,0.0,0.0,0.0,0.0,0.0,0.0,0.0,0.0,0.2473,0.2123,0.2194,0.2473,0.2123,0.2194
0.2797,0.0,0.2797,0.5595,0.5595,0.2797,0.5595,0.5595,0.5595,0.2797,0.2797,0.8392,0.0,0.0,0.5595,0.2797,0.0,0.0,0.0,1.119,0.0,0.0,0.0,0.0,0.0,0.0,0.0,0.0,0.0,0.0,0.0,0.0,0.0,0.0,0.0,0.0,0.0,0.0,0.0,0.0001,0.2594,0.2608,0.2,0.2594,0.2608,0.2
0.3175,0.0,0.635,0.635,0.0,0.0,0.3175,0.635,0.3175,0.3175,1.2701,0.3175,0.0,0.3175,0.3175,0.0,0.0,0.3175,0.3175,0.3175,0.0,0.0,0.0,0.0,0.0,0.0,0.0,0.0,0.0,0.0,0.0001,0.0,0.0,0.0,0.0,0.0,0.0,0.0,0.0,0.0,0.2297,0.2632,0.1896,0.2297,0.2632,0.1896
1.2069,0.0,0.0,0.0,0.0,0.4023,0.8046,0.4023,0.0,0.0,0.0,1.2069,0.4023,0.4023,0.4023,0.4023,0.4023,0.0,0.0,0.4023,0.0001,0.0,0.0,0.0,0.0,0.0,0.0001,0.0,0.0,0.0,0.0,0.0001,0.0,0.0,0.0,0.0,0.0,0.0,0.0,0.0,0.1845,0.2088,0.2044,0.1845,0.2088,0.2044
0.7762,0.0,0.0,0.5175,0.0,0.2587,0.0,0.7762,0.2587,0.2587,0.5175,1.2936,0.0,0.2587,0.0,0.7762,0.2587,0.0,0.2587,0.2587,0.0,0.0,0.0,0.0,0.0,0.0,0.0,0.0,0.0,0.0,0.0,0.0001,0.0,0.0,0.0,0.0,0.0,0.0,0.0,0.0,0.3002,0.299,0.1421,0.3002,0.299,0.1421
0.7259,0.3629,0.3629,0.7259,0.0,0.3629,0.0,0.0,0.3629,1.0888,0.3629,0.0,0.3629,1.0888,0.3629,0.3629,0.3629,0.0,0.0,0.3629,0.0,0.0,0.0,0.0,0.0,0.0,0.0,0.0,0.0,0.0001,0.0,0.0,0.0,0.0001,0.0,0.0,0.0,0.0,0.0,0.0,0.2431,0.1793,0.2146,0.2431,0.1793,0.2146
0.5141,0.5141,0.0,0.5141,0.0,0.0,0.0,0.0,0.0,0.5141,0.5141,0.0,0.0,0.5141,0.5141,1.0282,0.0,0.0,0.0,1.5423,0.0,0.0,0.0,0.0,0.0,0.0,0.0,0.0,0.0,0.0,0.0,0.0,0.0,0.0,0.0,0.0001,0.0,0.0,0.0,0.0001,0.1768,0.1517,0.1574,0.1768,0.1517,0.1574
0.0,0.3622,0.0,0.3622,0.0,0.3622,0.0,1.0867,0.0,0.7245,0.7245,0.7245,0.3622,0.0,0.0,0.3622,0.3622,0.0,0.0,0.0,0.0,0.0,0.0,0.0,0.0,0.0,0.0,0.0001,0.0,0.0001,0.0001,0.0001,0.0,0.0,0.0,0.0,0.0,0.0,0.0,0.0,0.207,0.2573,0.1735,0.207,0.2573,0.1735
0.6887,0.0,1.0331,0.0,0.0,0.3444,0.3444,0.3444,0.3444,0.6887,0.6887,0.3444,0.3444,1.0331,0.0,0.3444,0.0,0.0,0.0,0.6887,0.0,0.0,0.0001,0.0,0.0,0.0,0.0,0.0,0.0,0.0,0.0,0.0,0.0,0.0001,0.0,0.0,0.0,0.0,0.0,0.0,0.2306,0.2404,0.1846,0.2306,0.2404,0.1846
0.0,0.6261,0.0,0.6261,0.313,0.313,0.313,0.0,0.313,0.313,1.5652,0.0,0.313,0.0,0.0,0.313,0.6261,0.0,0.0,0.6261,0.0,0.0,0.0,0.0,0.0,0.0,0.0,0.0,0.0,0.0,0.0001,0.0,0.0,0.0,0.0,0.0,0.0,0.0,0.0,0.0,0.2705,0.2086,0.2078,0.2705,0.2086,0.2078
0.3263,0.0,0.3263,0.9789,0.0,0.0,0.6526,0.3263,0.6526,0.6526,0.3263,0.0,0.0,0.3263,0.6526,0.3263,0.6526,0.0,0.3263,0.0,0.0,0.0,0.0,0.0001,0.0,0.0,0.0,0.0,0.0,0.0,0.0,0.0,0.0,0.0,0.0,0.0,0.0,0.0,0.0,0.0,0.2334,0.2218,0.2185,0.2334,0.2218,0.2185
0.0,0.0,0.0,0.6253,0.6253,0.0,0.3127,0.6253,0.0,0.6253,0.3127,0.938,0.0,0.3127,0.6253,0.3127,0.6253,0.0,0.3127,0.0,0.0,0.0,0.0,0.0,0.0,0.0,0.0,0.0,0.0,0.0,0.0,0.0,0.0,0.0,0.0,0.0,0.0,0.0,0.0,0.0,0.2563,0.2449,0.1862,0.2563,0.2449,0.1862
0.0,0.0,0.4636,0.9272,0.4636,0.0,0.9272,0.4636,0.0,0.0,1.3909,0.0,0.0,0.0,0.0,0.4636,1.3909,0.0,0.4636,0.0,0.0,0.0,0.0,0.0,0.0,0.0,0.0,0.0,0.0,0.0,0.0001,0.0,0.0,0.0,0.0,0.0,0.0001,0.0,0.0,0.0,0.2201,0.2103,0.106,0.2201,0.2103,0.106
0.4319,0.4319,0.4319,0.4319,0.0,0.0,0.0,0.8638,0.0,0.0,0.8638,0.4319,0.0,0.0,0.4319,1.7276,0.0,0.0,0.0,0.8638,0.0,0.0,0.0,0.0,0.0,0.0,0.0,0.0,0.0,0.0,0.0,0.0,0.0,0.0,0.0,0.0001,0.0,0.0,0.0,0.0,0.2396,0.191,0.1375,0.2396,0.191,0.1375
0.404,0.0,0.404,0.404,0.404,0.0,0.404,0.0,0.0,1.2121,0.0,0.8081,0.0,0.8081,0.404,0.0,0.404,0.0,0.0,0.404,0.0,0.0,0.0,0.0,0.0,0.0,0.0,0.0,0.0,0.0001,0.0,0.0,0.0,0.0,0.0,0.0,0.0,0.0,0.0,0.0,0.2367,0.1705,0.1888,0.2367,0.1705,0.1888
0.3358,0.3358,0.0,0.0,0.0,0.0,0.0,1.3432,0.0,0.0,0.3358,0.6716,0.0,0.0,0.6716,0.6716,0.6716,0.3358,1.0074,0.3358,0.0,0.0,0.0,0.0,0.0,0.0,0.0,0.0001,0.0,0.0,0.0,0.0,0.0,0.0,0.0,0.0,0.0,0.0,0.0001,0.0,0.199,0.2185,0.2467,0.199,0.2185,0.2467
0.7949,0.0,0.0,0.0,0.0,0.3975,0.7949,0.0,0.0,0.3975,0.7949,0.3975,0.0,0.3975,0.3975,1.1924,0.0,0.3975,0.0,0.3975,0.0,0.0,0.0,0.0,0.0,0.0,0.0,0.0,0.0,0.0,0.0,0.0,0.0,0.0,0.0,0.0001,0.0,0.0,0.0,0.0,0.239,0.18,0.1835,0.239,0.18,0.1835
1.3773,0.4591,0.0,0.0,0.4591,0.4591,0.4591,0.4591,0.4591,0.0,0.9182,0.0,0.0,0.0,0.0,1.3773,0.4591,0.0,0.0,0.0,0.0001,0.0,0.0,0.0,0.0,0.0,0.0,0.0,0.0,0.0,0.0001,0.0,0.0,0.0,0.0,0.0001,0.0,0.0,0.0,0.0,0.2038,0.1813,0.1558,0.2038,0.1813,0.1558
0.0,0.3704,0.3704,0.0,0.3704,0.0,0.7408,0.3704,0.3704,0.0,0.3704,0.0,0.0,1.1112,0.0,0.7408,0.7408,0.0,0.3704,0.0,0.0,0.0,0.0,0.0,0.0,0.0,0.0,0.0,0.0,0.0,0.0,0.0,0.0,0.0001,0.0,0.0,0.0,0.0,0.0,0.0,0.2318,0.2054,0.1925,0.2318,0.2054,0.1925
0.8276,0.0,0.4138,0.0,0.0,0.8276,0.0,0.4138,0.0,1.2414,1.2414,1.2414,0.4138,0.0,0.0,0.8276,0.0,0.0,0.4138,0.4138,0.0,0.0,0.0,0.0,0.0,0.0,0.0,0.0,0.0,0.0001,0.0001,0.0001,0.0,0.0,0.0,0.0,0.0,0.0,0.0,0.0,0.1905,0.1996,0.1961,0.1905,0.1996,0.1961
0.4583,0.0,0.4583,0.0,0.0,0.0,0.4583,0.0,0.4583,0.4583,1.3749,0.4583,0.0,0.4583,0.0,0.0,0.0,0.0,0.4583,0.9166,0.0,0.0,0.0,0.0,0.0,0.0,0.0,0.0,0.0,0.0,0.0001,0.0,0.0,0.0,0.0,0.0,0.0,0.0,0.0,0.0001,0.2241,0.1032,0.2144,0.2241,0.1032,0.2144
0.3341,1.0023,0.0,0.3341,0.0,0.0,0.6682,0.3341,0.0,0.0,0.3341,0.3341,0.0,0.3341,0.0,0.0,0.3341,0.0,0.3341,0.6682,0.0,0.0001,0.0,0.0,0.0,0.0,0.0001,0.0,0.0,0.0,0.0,0.0,0.0,0.0,0.0,0.0,0.0,0.0,0.0,0.0001,0.2556,0.2252,0.185,0.2556,0.2252,0.185
0.0,0.3503,0.3503,0.3503,0.0,0.3503,0.3503,0.0,0.0,0.7006,1.4011,0.3503,0.3503,0.7006,0.3503,1.0508,0.0,0.0,0.3503,0.3503,0.0,0.0,0.0,0.0,0.0,0.0,0.0,0.0,0.0,0.0,0.0001,0.0,0.0,0.0,0.0,0.0,0.0,0.0,0.0,0.0,0.2499,0.2354,0.1644,0.2499,0.2354,0.1644
2.0404,0.8161,0.0,0.4081,0.0,0.0,0.4081,0.0,0.0,0.0,1.6323,0.0,0.0,0.4081,0.4081,0.0,0.0,0.0,0.0,0.8161,0.0001,0.0001,0.0,0.0,0.0,0.0,0.0,0.0,0.0,0.0,0.0001,0.0,0.0,0.0,0.0,0.0,0.0,0.0,0.0,0.0001,0.2679,0.1854,0.1386,0.2679,0.1854,0.1386
0.0,1.0088,0.0,0.3363,0.0,0.0,0.0,0.0,0.3363,0.0,0.0,0.6725,0.0,0.6725,0.0,0.0,0.3363,0.0,0.6725,1.0088,0.0,0.0001,0.0,0.0,0.0,0.0,0.0,0.0,0.0,0.0,0.0,0.0001,0.0,0.0001,0.0,0.0,0.0,0.0,0.0001,0.0001,0.2662,0.2587,0.1388,0.2662,0.2587,0.1388
0.0,0.304,0.0,0.304,0.0,0.304,0.912,0.304,0.304,0.304,0.608,0.608,0.0,0.0,0.304,0.304,0.0,0.0,0.608,0.304,0.0,0.0,0.0,0.0,0.0,0.0,0.0001,0.0,0.0,0.0,0.0,0.0,0.0,0.0,0.0,0.0,0.0,0.0,0.0,0.0,0.1738,0.2711,0.2511,0.1738,0.2711,0.2511
0.3491,0.6982,0.3491,0.3491,0.0,0.0,0.3491,0.3491,0.3491,0.3491,0.6982,0.3491,0.0,0.3491,0.3491,0.3491,0.0,0.0,0.0,0.0,0.0,0.0,0.0,0.0,0.0,0.0,0.0,0.0,0.0,0.0,0.0,0.0,0.0,0.0,0.0,0.0,0.0,0.0,0.0,0.0,0.2408,0.2173,0.1929,0.2408,0.2173,0.1929
0.0,0.3292,0.6584,0.0,0.0,0.3292,0.3292,0.3292,0.3292,1.3168,0.9876,0.6584,0.0,0.6584,0.0,0.3292,0.3292,0.0,0.0,0.0,0.0,0.0,0.0,0.0,0.0,0.0,0.0,0.0,0.0,0.0001,0.0001,0.0,0.0,0.0,0.0,0.0,0.0,0.0,0.0,0.0,0.289,0.217,0.1647,0.289,0.217,0.1647
0.337,0.337,0.0,0.0,0.337,0.337,0.674,1.3479,0.337,0.337,0.674,0.337,0.0,0.0,0.674,0.337,0.674,0.0,0.0,0.0,0.0,0.0,0.0,0.0,0.0,0.0,0.0,0.0001,0.0,0.0,0.0,0.0,0.0,0.0,0.0,0.0,0.0,0.0,0.0,0.0,0.2326,0.2188,0.2116,0.2326,0.2188,0.2116
0.4562,0.0,0.4562,0.0,0.0,2.7374,0.4562,0.4562,0.0,0.0,1.3687,0.4562,0.0,0.0,0.0,1.3687,0.4562,0.0,0.0,0.9125,0.0,0.0,0.0,0.0,0.0,0.0001,0.0,0.0,0.0,0.0,0.0001,0.0,0.0,0.0,0.0,0.0001,0.0,0.0,0.0,0.0,0.1841,0.1862,0.1735,0.1841,0.1862,0.1735
0.6385,0.3193,0.3193,0.0,0.0,0.0,0.0,0.0,0.0,0.3193,0.9578,1.5963,0.3193,0.3193,0.3193,0.0,0.0,0.3193,0.9578,0.3193,0.0,0.0,0.0,0.0,0.0,0.0,0.0,0.0,0.0,0.0,0.0001,0.0001,0.0,0.0,0.0,0.0,0.0,0.0,0.0001,0.0,0.2329,0.2703,0.1775,0.2329,0.2703,0.1775
0.7382,0.0,0.3691,0.0,0.0,1.1073,0.7382,0.3691,0.3691,0.7382,0.3691,0.3691,0.3691,0.0,0.3691,0.0,0.0,0.0,0.3691,0.3691,0.0,0.0,0.0,0.0,0.0,0.0001,0.0,0.0,0.0,0.0,0.0,0.0,0.0,0.0,0.0,0.0,0.0,0.0,0.0,0.0,0.1916,0.2012,0.2381,0.1916,0.2012,0.2381
0.0,0.3679,0.3679,0.0,0.0,0.7357,0.3679,0.0,0.0,0.3679,1.4715,1.1036,0.0,0.0,0.7357,0.0,0.0,0.0,0.3679,0.7357,0.0,0.0,0.0,0.0,0.0,0.0001,0.0,0.0,0.0,0.0,0.0001,0.0001,0.0,0.0,0.0001,0.0,0.0,0.0,0.0,0.0001,0.2596,0.1946,0.1779,0.2596,0.1946,0.1779
0.3681,1.4726,0.0,0.0,0.0,1.1044,0.7363,0.3681,0.0,0.0,0.3681,0.3681,0.0,0.0,0.0,0.0,0.0,0.0,0.0,0.7363,0.0,0.0002,0.0,0.0,0.0,0.0001,0.0001,0.0,0.0,0.0,0.0,0.0,0.0,0.0,0.0,0.0,0.0,0.0,0.0,0.0001,0.1801,0.2075,0.2442,0.1801,0.2075,0.2442
1.2182,0.0,0.0,0.0,0.0,0.0,0.0,0.6091,0.0,0.6091,3.0455,0.0,0.6091,0.0,0.6091,1.2182,0.6091,0.6091,0.6091,1.2182,0.0001,0.0,0.0,0.0,0.0,0.0,0.0,0.0,0.0,0.0,0.0001,0.0,0.0,0.0,0.0,0.0001,0.0,0.0,0.0,0.0001,0.1632,0.1023,0.1255,0.1632,0.1023,0.1255
0.8372,0.0,0.0,0.4186,0.0,0.0,0.0,1.2558,0.0,0.0,1.2558,0.8372,0.0,0.0,0.0,0.4186,0.0,0.0,0.0,1.2558,0.0001,0.0,0.0,0.0,0.0,0.0,0.0,0.0001,0.0,0.0,0.0001,0.0001,0.0,0.0,0.0,0.0,0.0,0.0,0.0,0.0001,0.2183,0.2218,0.1412,0.2183,0.2218,0.1412
1.7339,0.0,0.4335,0.0,0.0,0.4335,0.867,1.3004,0.0,0.4335,0.0,0.0,0.867,0.4335,0.0,0.867,0.867,0.0,0.0,0.4335,0.0001,0.0,0.0,0.0,0.0,0.0,0.0,0.0001,0.0,0.0,0.0,0.0,0.0,0.0,0.0,0.0,0.0,0.0,0.0,0.0,0.2052,0.203,0.1583,0.2052,0.203,0.1583
0.5034,0.5034,0.0,0.0,0.0,0.0,0.0,0.0,0.0,0.5034,1.0067,0.5034,0.0,0.5034,0.5034,1.0067,1.0067,0.0,0.0,0.0,0.0,0.0,0.0,0.0,0.0,0.0,0.0,0.0,0.0,0.0,0.0001,0.0,0.0,0.0,0.0,0.0001,0.0001,0.0,0.0,0.0,0.2373,0.1457,0.1136,0.2373,0.1457,0.1136
0.8532,0.4266,0.4266,0.0,0.0,0.4266,0.8532,0.0,0.0,0.0,0.4266,0.0,0.4266,0.4266,0.4266,0.8532,0.4266,0.4266,0.0,0.0,0.0001,0.0,0.0,0.0,0.0,0.0,0.0001,0.0,0.0,0.0,0.0,0.0,0.0,0.0,0.0,0.0001,0.0,0.0,0.0,0.0,0.2297,0.1459,0.1977,0.2297,0.1459,0.1977
0.4538,0.4538,0.4538,0.4538,0.4538,0.0,0.0,0.0,0.0,0.4538,0.9076,0.0,0.4538,0.4538,0.9076,0.4538,0.0,0.0,0.4538,0.4538,0.0,0.0,0.0,0.0,0.0,0.0,0.0,0.0,0.0,0.0,0.0,0.0,0.0,0.0,0.0,0.0,0.0,0.0,0.0,0.0,0.2282,0.171,0.147,0.2282,0.171,0.147
0.3375,0.0,1.0126,0.6751,0.3375,0.0,0.0,0.3375,0.0,0.3375,0.3375,0.6751,0.0,0.6751,0.0,1.0126,0.0,0.0,0.0,1.0126,0.0,0.0,0.0,0.0,0.0,0.0,0.0,0.0,0.0,0.0,0.0,0.0,0.0,0.0,0.0,0.0,0.0,0.0,0.0,0.0,0.2522,0.2142,0.1961,0.2522,0.2142,0.1961
0.7945,0.3972,0.7945,0.3972,0.0,0.3972,0.0,0.0,0.0,0.3972,1.589,0.3972,0.0,0.3972,0.0,0.3972,0.0,0.0,0.3972,0.0,0.0,0.0,0.0,0.0,0.0,0.0,0.0,0.0,0.0,0.0,0.0001,0.0,0.0,0.0,0.0,0.0,0.0,0.0,0.0,0.0,0.1771,0.2299,0.1958,0.1771,0.2299,0.1958
0.3692,0.0,0.0,1.1075,0.0,0.3692,0.3692,0.7384,0.3692,0.3692,0.7384,0.3692,0.0,0.0,0.0,0.7384,0.0,0.0,0.0,0.0,0.0,0.0,0.0,0.0001,0.0,0.0,0.0,0.0,0.0,0.0,0.0,0.0,0.0,0.0,0.0,0.0,0.0,0.0,0.0,0.0,0.2449,0.2174,0.1685,0.2449,0.2174,0.1685
0.3651,0.0,0.3651,0.0,0.0,0.7301,0.0,0.3651,0.3651,0.3651,1.8253,0.7301,0.0,0.7301,0.3651,0.0,0.0,0.3651,0.3651,0.0,0.0,0.0,0.0,0.0,0.0,0.0,0.0,0.0,0.0,0.0,0.0001,0.0,0.0,0.0,0.0,0.0,0.0,0.0,0.0,0.0,0.2528,0.14,0.2421,0.2528,0.14,0.2421
1.6571,0.8285,0.0,0.0,0.4143,0.4143,0.0,0.8285,0.0,0.8285,0.4143,0.0,0.4143,0.0,0.4143,0.0,0.4143,0.0,0.0,0.8285,0.0001,0.0,0.0,0.0,0.0,0.0,0.0,0.0,0.0,0.0,0.0,0.0,0.0,0.0,0.0,0.0,0.0,0.0,0.0,0.0,0.2069,0.2214,0.1574,0.2069,0.2214,0.1574
0.3298,1.6491,0.0,0.6597,0.0,0.3298,0.0,0.3298,0.0,0.3298,0.0,0.0,0.0,0.0,0.0,0.0,0.3298,0.0,0.6597,0.3298,0.0,0.0002,0.0,0.0001,0.0,0.0,0.0,0.0,0.0,0.0,0.0,0.0,0.0,0.0,0.0,0.0,0.0,0.0,0.0001,0.0,0.2049,0.2823,0.183,0.2049,0.2823,0.183
0.0,0.752,0.0,0.376,0.0,0.376,0.752,0.0,0.0,1.5039,0.376,0.752,0.752,0.0,0.0,0.0,0.376,0.0,0.0,0.0,0.0,0.0001,0.0,0.0,0.0,0.0,0.0001,0.0,0.0,0.0001,0.0,0.0001,0.0001,0.0,0.0,0.0,0.0,0.0,0.0,0.0,0.1989,0.2454,0.1798,0.1989,0.2454,0.1798
0.8637,0.0,0.0,0.4319,0.0,1.2956,0.4319,0.8637,0.0,0.0,2.1593,0.0,0.0,0.4319,1.2956,0.8637,0.0,0.0,0.4319,0.0,0.0,0.0,0.0,0.0,0.0,0.0001,0.0,0.0,0.0,0.0,0.0001,0.0,0.0,0.0,0.0001,0.0,0.0,0.0,0.0,0.0,0.155,0.1937,0.2195,0.155,0.1937,0.2195
0.3161,0.0,0.6322,0.3161,0.0,0.6322,0.3161,0.0,0.0,0.6322,0.0,0.9484,0.0,0.0,0.6322,0.3161,0.3161,0.3161,0.6322,0.3161,0.0,0.0,0.0,0.0,0.0,0.0,0.0,0.0,0.0,0.0,0.0,0.0001,0.0,0.0,0.0,0.0,0.0,0.0,0.0,0.0,0.297,0.1472,0.2397,0.297,0.1472,0.2397
1.1613,0.0,0.5806,0.0,0.0,0.0,0.0,0.0,0.5806,0.0,1.7419,0.0,0.5806,1.1613,0.0,1.7419,0.0,0.5806,0.0,0.5806,0.0001,0.0,0.0,0.0,0.0,0.0,0.0,0.0,0.0,0.0,0.0001,0.0,0.0,0.0001,0.0,0.0001,0.0,0.0,0.0,0.0,0.1907,0.1149,0.1138,0.1907,0.1149,0.1138
0.3485,0.0,0.3485,0.3485,0.0,0.0,1.0454,0.0,0.3485,0.3485,0.697,1.0454,0.0,0.3485,0.0,0.0,0.0,0.0,0.3485,0.0,0.0,0.0,0.0,0.0,0.0,0.0,0.0001,0.0,0.0,0.0,0.0,0.0001,0.0,0.0,0.0,0.0,0.0,0.0,0.0,0.0,0.2531,0.1991,0.1993,0.2531,0.1991,0.1993
0.629,0.0,0.629,0.9435,0.0,0.0,0.0,0.0,0.0,0.3145,0.9435,1.2581,0.0,0.0,0.0,0.0,0.3145,0.0,0.629,0.629,0.0,0.0,0.0,0.0001,0.0,0.0,0.0,0.0,0.0,0.0,0.0001,0.0001,0.0,0.0,0.0,0.0,0.0,0.0,0.0,0.0,0.2249,0.2023,0.2583,0.2249,0.2023,0.2583
1.5612,0.0,0.0,0.0,0.0,0.0,0.7806,0.3903,0.0,0.0,1.1709,0.7806,0.0,0.3903,0.0,0.3903,0.0,0.0,0.0,0.3903,0.0001,0.0,0.0,0.0,0.0,0.0,0.0001,0.0,0.0,0.0,0.0001,0.0001,0.0,0.0,0.0,0.0,0.0,0.0,0.0,0.0,0.2167,0.213,0.18,0.2167,0.213,0.18
1.5899,0.0,0.0,0.3975,0.0,0.0,0.3975,0.3975,0.0,0.0,0.795,0.795,0.0,0.3975,0.0,1.1925,0.0,0.0,0.0,0.0,0.0001,0.0,0.0,0.0,0.0,0.0,0.0,0.0,0.0,0.0,0.0001,0.0001,0.0,0.0,0.0,0.0001,0.0,0.0,0.0,0.0,0.2385,0.1752,0.1888,0.2385,0.1752,0.1888
0.3407,0.3407,0.0,1.0222,0.0,0.0,0.6815,0.3407,0.0,0.3407,0.0,0.3407,0.0,0.0,0.3407,0.3407,0.0,0.3407,0.0,0.6815,0.0,0.0,0.0,0.0001,0.0,0.0,0.0,0.0,0.0,0.0,0.0,0.0,0.0,0.0,0.0,0.0,0.0,0.0,0.0,0.0,0.1961,0.257,0.2062,0.1961,0.257,0.2062
0.0,0.0,0.327,0.0,0.0,0.654,0.654,0.0,0.327,0.327,1.3081,1.3081,0.0,0.327,0.0,0.654,0.0,0.0,0.0,0.654,0.0,0.0,0.0,0.0,0.0,0.0,0.0,0.0,0.0,0.0,0.0001,0.0001,0.0,0.0,0.0,0.0,0.0,0.0,0.0,0.0,0.2779,0.2459,0.1492,0.2779,0.2459,0.1492
0.0,0.0,1.1055,0.3685,0.3685,0.0,0.3685,0.737,0.737,0.0,0.0,0.737,0.0,0.0,0.737,0.0,1.1055,0.0,0.3685,0.737,0.0,0.0,0.0001,0.0,0.0,0.0,0.0,0.0,0.0,0.0,0.0,0.0,0.0,0.0,0.0,0.0,0.0001,0.0,0.0,0.0,0.2041,0.221,0.2064,0.2041,0.221,0.2064
1.0649,0.355,0.355,0.355,0.0,0.355,1.4198,0.0,0.0,0.0,0.7099,0.355,0.0,0.355,0.0,0.0,0.0,0.0,0.0,0.0,0.0001,0.0,0.0,0.0,0.0,0.0,0.0001,0.0,0.0,0.0,0.0001,0.0,0.0,0.0,0.0,0.0,0.0,0.0,0.0,0.0,0.2215,0.2318,0.1918,0.2215,0.2318,0.1918
0.7356,0.3678,0.3678,0.3678,0.3678,0.3678,0.0,0.7356,0.0,0.0,0.3678,1.1034,0.0,0.3678,0.0,0.0,0.3678,0.0,0.0,0.0,0.0,0.0,0.0,0.0,0.0,0.0,0.0,0.0,0.0,0.0,0.0,0.0001,0.0,0.0,0.0,0.0,0.0,0.0,0.0,0.0,0.2474,0.1765,0.2082,0.2474,0.1765,0.2082
0.3133,0.0,0.3133,0.6267,0.0,0.3133,0.0,0.3133,0.0,0.6267,0.0,0.94,0.0,0.0,0.6267,0.0,0.3133,0.3133,0.3133,1.2533,0.0,0.0,0.0,0.0,0.0,0.0,0.0,0.0,0.0,0.0,0.0,0.0,0.0,0.0,0.0,0.0,0.0,0.0,0.0,0.0001,0.2234,0.2125,0.2508,0.2234,0.2125,0.2508
0.4161,0.0,0.8322,0.8322,0.4161,0.0,0.0,0.0,0.0,0.8322,0.8322,0.8322,0.0,0.0,0.0,0.0,0.0,0.0,0.4161,0.0,0.0,0.0,0.0,0.0,0.0,0.0,0.0,0.0,0.0,0.0,0.0,0.0,0.0,0.0,0.0,0.0,0.0,0.0,0.0,0.0,0.2584,0.1535,0.172,0.2584,0.1535,0.172
0.0,0.3612,0.3612,0.0,0.0,0.3612,0.7224,0.0,0.0,0.3612,1.0836,1.0836,0.7224,0.3612,0.0,0.7224,0.0,0.0,0.3612,0.0,0.0,0.0,0.0,0.0,0.0,0.0,0.0001,0.0,0.0,0.0,0.0001,0.0001,0.0001,0.0,0.0,0.0001,0.0,0.0,0.0,0.0,0.1948,0.2149,0.2291,0.1948,0.2149,0.2291
0.0,0.0,0.401,0.8019,0.0,0.0,0.0,0.401,0.401,0.0,0.401,0.401,0.0,0.401,0.401,0.8019,0.401,0.0,0.8019,0.401,0.0,0.0,0.0,0.0001,0.0,0.0,0.0,0.0,0.0,0.0,0.0,0.0,0.0,0.0,0.0,0.0001,0.0,0.0,0.0001,0.0,0.2516,0.1664,0.1811,0.2516,0.1664,0.1811
0.0,0.0,0.408,1.224,0.0,0.816,0.408,0.0,0.0,0.0,0.816,1.224,0.0,0.0,0.816,0.0,0.0,0.0,0.0,0.408,0.0,0.0,0.0,0.0001,0.0,0.0001,0.0,0.0,0.0,0.0,0.0001,0.0001,0.0,0.0,0.0001,0.0,0.0,0.0,0.0,0.0,0.2479,0.1359,0.2082,0.2479,0.1359,0.2082
0.5576,0.0,0.5576,0.5576,0.0,0.5576,0.0,0.5576,0.5576,1.1153,0.0,0.0,0.0,0.0,0.0,1.1153,0.0,0.5576,0.0,0.5576,0.0,0.0,0.0,0.0,0.0,0.0,0.0,0.0,0.0,0.0001,0.0,0.0,0.0,0.0,0.0,0.0001,0.0,0.0,0.0,0.0,0.1099,0.1546,0.1779,0.1099,0.1546,0.1779
0.0,0.8069,1.2104,0.4035,0.0,0.4035,0.0,0.0,0.4035,0.8069,0.8069,0.0,0.0,0.0,0.0,0.4035,0.0,0.0,0.4035,0.4035,0.0,0.0001,0.0001,0.0,0.0,0.0,0.0,0.0,0.0,0.0001,0.0001,0.0,0.0,0.0,0.0,0.0,0.0,0.0,0.0,0.0,0.2009,0.1707,0.2249,0.2009,0.1707,0.2249
0.9741,0.6494,0.0,0.3247,0.0,0.3247,0.0,0.3247,0.9741,0.0,0.3247,0.3247,0.3247,0.0,0.0,0.9741,0.6494,0.0,0.3247,0.0,0.0001,0.0,0.0,0.0,0.0,0.0,0.0,0.0,0.0001,0.0,0.0,0.0,0.0,0.0,0.0,0.0001,0.0,0.0,0.0,0.0,0.2154,0.2711,0.1888,0.2154,0.2711,0.1888
0.772,0.0,0.386,0.772,0.0,0.0,0.386,0.386,0.0,0.386,0.386,0.0,0.0,0.386,0.772,0.386,0.772,0.772,0.0,0.0,0.0,0.0,0.0,0.0,0.0,0.0,0.0,0.0,0.0,0.0,0.0,0.0,0.0,0.0,0.0,0.0,0.0,0.0,0.0,0.0,0.2437,0.1798,0.1905,0.2437,0.1798,0.1905
0.0,0.0,0.0,0.0,0.0,0.9222,0.9222,0.0,0.0,0.4611,0.4611,0.4611,0.0,0.0,0.0,1.3834,0.4611,0.4611,0.0,0.0,0.0,0.0,0.0,0.0,0.0,0.0001,0.0001,0.0,0.0,0.0,0.0,0.0,0.0,0.0,0.0,0.0001,0.0,0.0,0.0,0.0,0.1718,0.2022,0.1648,0.1718,0.2022,0.1648
1.0681,0.356,0.356,0.0,0.0,0.7121,0.7121,0.0,0.0,0.356,0.7121,0.356,0.0,0.0,0.356,0.0,0.0,0.0,0.7121,1.4242,0.0001,0.0,0.0,0.0,0.0,0.0,0.0,0.0,0.0,0.0,0.0,0.0,0.0,0.0,0.0,0.0,0.0,0.0,0.0,0.0001,0.2624,0.2268,0.1547,0.2624,0.2268,0.1547
1.092,0.728,0.364,0.364,0.0,0.0,0.364,0.0,0.0,0.0,1.092,0.0,0.0,0.0,0.0,0.364,0.728,0.0,0.364,0.0,0.0001,0.0,0.0,0.0,0.0,0.0,0.0,0.0,0.0,0.0,0.0001,0.0,0.0,0.0,0.0,0.0,0.0,0.0,0.0,0.0,0.2601,0.1512,0.2247,0.2601,0.1512,0.2247
0.0,0.4416,0.0,0.4416,0.4416,0.0,0.0,0.4416,0.0,0.4416,0.8833,0.0,0.0,0.4416,0.0,0.8833,0.4416,0.0,0.8833,0.8833,0.0,0.0,0.0,0.0,0.0,0.0,0.0,0.0,0.0,0.0,0.0,0.0,0.0,0.0,0.0,0.0,0.0,0.0,0.0,0.0,0.2227,0.152,0.1837,0.2227,0.152,0.1837
0.6867,0.6867,0.0,0.3434,0.0,0.3434,0.3434,0.0,0.0,0.3434,0.3434,0.6867,0.0,0.0,0.0,0.6867,0.0,0.0,0.0,0.6867,0.0001,0.0001,0.0,0.0,0.0,0.0,0.0,0.0,0.0,0.0,0.0,0.0001,0.0,0.0,0.0,0.0001,0.0,0.0,0.0,0.0001,0.1879,0.2354,0.2334,0.1879,0.2354,0.2334
0.679,0.679,0.0,0.0,0.0,0.3395,0.0,0.3395,0.3395,0.0,0.0,0.0,0.0,0.679,0.3395,0.679,2.037,0.3395,0.0,0.3395,0.0001,0.0001,0.0,0.0,0.0,0.0,0.0,0.0,0.0,0.0,0.0,0.0,0.0,0.0001,0.0,0.0001,0.0002,0.0,0.0,0.0,0.1989,0.2248,0.2367,0.1989,0.2248,0.2367
0.3596,0.7193,0.0,0.0,0.0,0.0,0.0,0.7193,0.3596,0.7193,2.1578,0.3596,0.0,0.3596,0.0,0.7193,0.0,0.0,0.0,0.3596,0.0,0.0,0.0,0.0,0.0,0.0,0.0,0.0,0.0,0.0,0.0001,0.0,0.0,0.0,0.0,0.0,0.0,0.0,0.0,0.0,0.1754,0.2152,0.2497,0.1754,0.2152,0.2497
0.4069,0.4069,0.4069,0.8137,0.0,0.4069,0.0,0.0,0.0,0.4069,0.4069,0.8137,0.0,0.0,0.4069,0.0,0.0,0.0,0.0,0.4069,0.0,0.0,0.0,0.0001,0.0,0.0,0.0,0.0,0.0,0.0,0.0,0.0001,0.0,0.0,0.0,0.0,0.0,0.0,0.0,0.0,0.1696,0.2466,0.177,0.1696,0.2466,0.177
0.4215,0.0,1.2646,0.0,0.0,0.4215,0.4215,0.4215,0.4215,0.8431,0.0,0.4215,0.0,0.0,0.0,1.6862,0.4215,0.0,0.4215,0.4215,0.0,0.0,0.0001,0.0,0.0,0.0,0.0,0.0,0.0,0.0,0.0,0.0,0.0,0.0,0.0,0.0001,0.0,0.0,0.0,0.0,0.1537,0.1988,0.226,0.1537,0.1988,0.226
0.0,0.0,0.4049,1.6196,0.8098,0.4049,0.0,0.0,0.0,0.4049,0.0,0.0,0.0,0.8098,0.0,0.4049,1.2147,0.0,0.0,1.2147,0.0,0.0,0.0,0.0001,0.0,0.0,0.0,0.0,0.0,0.0,0.0,0.0,0.0,0.0,0.0,0.0,0.0,0.0,0.0,0.0,0.2601,0.1608,0.1742,0.2601,0.1608,0.1742
0.32,0.32,0.0,0.32,0.0,1.2802,1.2802,0.0,0.0,0.0,0.9601,0.6401,0.0,0.0,0.0,0.32,0.0,0.0,0.0,0.0,0.0,0.0,0.0,0.0,0.0,0.0001,0.0001,0.0,0.0,0.0,0.0001,0.0001,0.0,0.0,0.0,0.0,0.0,0.0,0.0,0.0,0.2288,0.2217,0.2295,0.2288,0.2217,0.2295
1.2432,0.3108,0.3108,1.2432,0.0,0.0,0.0,0.0,0.3108,0.9324,0.0,0.0,0.0,0.3108,0.0,0.3108,0.3108,0.0,0.6216,0.3108,0.0001,0.0,0.0,0.0001,0.0,0.0,0.0,0.0,0.0,0.0,0.0,0.0,0.0,0.0,0.0,0.0,0.0,0.0,0.0,0.0,0.2762,0.1897,0.2233,0.2762,0.1897,0.2233
0.4806,0.4806,0.0,0.0,0.0,0.0,0.4806,0.9613,0.0,0.0,0.4806,0.0,0.0,0.4806,0.9613,0.4806,0.4806,0.4806,1.4419,0.0,0.0,0.0,0.0,0.0,0.0,0.0,0.0,0.0001,0.0,0.0,0.0,0.0,0.0,0.0,0.0001,0.0,0.0,0.0,0.0001,0.0,0.1732,0.1715,0.1747,0.1732,0.1715,0.1747
0.7106,1.0659,0.3553,0.0,0.0,0.0,0.3553,0.3553,0.0,0.3553,0.0,0.3553,0.3553,0.3553,0.0,0.0,0.7106,0.0,0.0,0.3553,0.0001,0.0001,0.0,0.0,0.0,0.0,0.0,0.0,0.0,0.0,0.0,0.0,0.0,0.0,0.0,0.0,0.0001,0.0,0.0,0.0,0.2008,0.2288,0.215,0.2008,0.2288,0.215
0.0,0.0,0.0,0.4494,0.4494,0.0,0.0,0.0,0.4494,0.0,0.4494,1.3481,0.0,0.0,0.4494,0.4494,0.4494,0.0,0.4494,0.4494,0.0,0.0,0.0,0.0,0.0,0.0,0.0,0.0,0.0,0.0,0.0,0.0001,0.0,0.0,0.0,0.0,0.0,0.0,0.0,0.0,0.2344,0.1467,0.1695,0.2344,0.1467,0.1695
0.0,0.0,0.0,0.4953,0.0,0.4953,0.4953,0.4953,0.0,0.0,0.4953,0.0,0.0,2.4767,0.4953,0.9907,0.4953,0.0,0.4953,0.0,0.0,0.0,0.0,0.0,0.0,0.0,0.0,0.0,0.0,0.0,0.0,0.0,0.0,0.0001,0.0,0.0001,0.0,0.0,0.0,0.0,0.2004,0.1035,0.2007,0.2004,0.1035,0.2007
3.4764,0.0,0.4345,0.4345,0.0,0.4345,0.0,0.4345,0.0,0.8691,0.0,0.4345,0.4345,0.4345,0.0,0.8691,0.0,0.0,0.0,0.4345,0.0002,0.0,0.0,0.0,0.0,0.0,0.0,0.0,0.0,0.0,0.0,0.0,0.0,0.0,0.0,0.0,0.0,0.0,0.0,0.0,0.1798,0.199,0.1867,0.1798,0.199,0.1867
0.0,0.0,0.3671,0.0,0.0,0.7342,1.4683,0.0,0.0,0.3671,0.3671,0.3671,0.0,0.0,0.0,0.7342,0.0,0.3671,0.0,0.7342,0.0,0.0,0.0,0.0,0.0,0.0,0.0001,0.0,0.0,0.0,0.0,0.0,0.0,0.0,0.0,0.0,0.0,0.0,0.0,0.0,0.2455,0.1553,0.2321,0.2455,0.1553,0.2321
0.3115,1.2462,0.3115,0.0,0.3115,1.2462,0.3115,0.3115,0.0,0.0,0.9346,0.3115,0.0,0.3115,0.6231,0.0,0.0,0.0,0.0,0.0,0.0,0.0001,0.0,0.0,0.0,0.0001,0.0,0.0,0.0,0.0,0.0001,0.0,0.0,0.0,0.0,0.0,0.0,0.0,0.0,0.0,0.2253,0.2348,0.2283,0.2253,0.2348,0.2283
0.4311,0.0,0.4311,0.0,0.4311,0.0,0.4311,0.4311,0.0,0.4311,0.0,0.8621,0.4311,0.4311,0.4311,0.0,0.0,0.0,0.0,1.7242,0.0,0.0,0.0,0.0,0.0,0.0,0.0,0.0,0.0,0.0,0.0,0.0,0.0,0.0,0.0,0.0,0.0,0.0,0.0,0.0001,0.2068,0.2,0.1621,0.2068,0.2,0.1621
0.0,1.38,0.69,0.345,0.345,0.0,0.0,0.345,0.0,0.69,0.0,0.0,0.345,0.0,0.0,0.0,0.0,0.0,0.345,0.69,0.0,0.0001,0.0,0.0,0.0,0.0,0.0,0.0,0.0,0.0,0.0,0.0,0.0,0.0,0.0,0.0,0.0,0.0,0.0,0.0,0.1936,0.2694,0.192,0.1936,0.2694,0.192
1.0581,0.3527,0.0,0.0,0.0,0.3527,1.0581,0.0,0.0,0.3527,0.7054,0.7054,0.0,0.0,0.0,1.7635,0.3527,0.0,0.0,0.0,0.0001,0.0,0.0,0.0,0.0,0.0,0.0001,0.0,0.0,0.0,0.0001,0.0001,0.0,0.0,0.0,0.0001,0.0,0.0,0.0,0.0,0.239,0.2079,0.2004,0.239,0.2079,0.2004
0.0,0.3772,0.0,0.0,0.0,0.3772,0.3772,0.7544,0.7544,0.3772,0.0,0.3772,0.0,0.3772,0.0,0.3772,0.0,0.0,0.7544,0.7544,0.0,0.0,0.0,0.0,0.0,0.0,0.0,0.0001,0.0001,0.0,0.0,0.0,0.0,0.0,0.0,0.0,0.0,0.0,0.0001,0.0001,0.245,0.1788,0.199,0.245,0.1788,0.199
1.4751,0.0,0.0,0.4917,0.0,0.0,0.0,0.4917,0.0,0.4917,0.9834,0.0,0.4917,0.4917,0.0,0.9834,1.9668,0.4917,0.0,1.4751,0.0001,0.0,0.0,0.0,0.0,0.0,0.0,0.0,0.0,0.0,0.0,0.0,0.0,0.0,0.0,0.0,0.0001,0.0,0.0,0.0001,0.1597,0.1672,0.1814,0.1597,0.1672,0.1814
0.0,0.3473,0.3473,0.6947,0.0,0.3473,0.0,0.0,0.0,0.3473,0.6947,0.6947,0.3473,0.3473,0.0,0.6947,0.3473,0.0,0.3473,1.3894,0.0,0.0,0.0,0.0,0.0,0.0,0.0,0.0,0.0,0.0,0.0,0.0,0.0,0.0,0.0,0.0,0.0,0.0,0.0,0.0001,0.247,0.2564,0.1492,0.247,0.2564,0.1492
0.4505,0.0,0.901,0.901,0.0,0.4505,0.0,0.0,0.0,0.0,1.802,0.0,0.0,0.901,0.4505,0.4505,0.901,0.0,0.0,0.4505,0.0,0.0,0.0,0.0,0.0,0.0,0.0,0.0,0.0,0.0,0.0001,0.0,0.0,0.0,0.0,0.0,0.0,0.0,0.0,0.0,0.2032,0.18,0.1663,0.2032,0.18,0.1663
0.0,1.0648,0.3549,0.3549,0.0,0.3549,0.0,0.0,0.0,0.3549,0.7099,0.3549,0.0,0.3549,0.3549,0.0,0.3549,0.0,0.0,0.7099,0.0,0.0001,0.0,0.0,0.0,0.0,0.0,0.0,0.0,0.0,0.0001,0.0,0.0,0.0,0.0,0.0,0.0,0.0,0.0,0.0001,0.258,0.2442,0.1429,0.258,0.2442,0.1429
0.9393,0.0,0.4697,0.0,0.9393,0.0,0.0,1.409,0.4697,0.4697,0.4697,0.0,0.0,0.4697,0.0,0.0,0.9393,0.4697,0.4697,0.9393,0.0,0.0,0.0,0.0,0.0,0.0,0.0,0.0,0.0,0.0,0.0,0.0,0.0,0.0,0.0,0.0,0.0,0.0,0.0,0.0,0.1735,0.1844,0.1725,0.1735,0.1844,0.1725
0.9442,0.3147,0.3147,0.0,0.0,0.0,0.6294,1.2589,0.0,0.0,1.5736,0.3147,0.0,0.0,0.0,0.9442,0.3147,0.3147,0.3147,0.3147,0.0,0.0,0.0,0.0,0.0,0.0,0.0,0.0001,0.0,0.0,0.0001,0.0,0.0,0.0,0.0,0.0,0.0,0.0,0.0,0.0,0.2194,0.246,0.2199,0.2194,0.246,0.2199
2.1769,0.4354,0.4354,0.0,0.4354,0.8708,0.4354,0.0,0.0,0.0,0.8708,0.0,0.0,0.0,0.8708,0.0,0.4354,0.0,0.8708,0.8708,0.0001,0.0,0.0,0.0,0.0,0.0,0.0,0.0,0.0,0.0,0.0,0.0,0.0,0.0,0.0,0.0,0.0,0.0,0.0,0.0,0.2005,0.1788,0.1853,0.2005,0.1788,0.1853
0.0,0.6849,0.0,0.6849,0.0,0.0,1.7121,0.0,0.0,0.3424,0.6849,0.6849,0.0,0.0,0.0,0.0,0.6849,0.0,0.3424,0.3424,0.0,0.0001,0.0,0.0001,0.0,0.0,0.0001,0.0,0.0,0.0,0.0001,0.0001,0.0,0.0,0.0,0.0,0.0001,0.0,0.0,0.0,0.1867,0.2396,0.2312,0.1867,0.2396,0.2312
0.0,0.0,0.0,0.688,0.0,0.344,0.344,0.344,0.0,1.032,0.344,0.688,0.688,0.0,0.0,0.0,0.344,0.344,0.0,0.0,0.0,0.0,0.0,0.0,0.0,0.0,0.0,0.0,0.0,0.0001,0.0,0.0,0.0,0.0,0.0,0.0,0.0,0.0,0.0,0.0,0.1853,0.2921,0.1787,0.1853,0.2921,0.1787
1.0309,0.0,0.3436,1.0309,0.3436,0.0,0.0,1.7182,0.0,0.0,0.0,1.0309,0.0,0.0,0.6873,0.0,0.0,0.0,0.3436,0.3436,0.0,0.0,0.0,0.0,0.0,0.0,0.0,0.0001,0.0,0.0,0.0,0.0,0.0,0.0,0.0,0.0,0.0,0.0,0.0,0.0,0.1932,0.2667,0.1965,0.1932,0.2667,0.1965
0.0,0.0,0.5809,0.2905,0.0,0.0,0.8714,0.2905,0.2905,0.5809,0.5809,0.2905,0.0,0.8714,0.0,0.2905,0.2905,0.0,0.2905,0.2905,0.0,0.0,0.0,0.0,0.0,0.0,0.0,0.0,0.0,0.0,0.0,0.0,0.0,0.0,0.0,0.0,0.0,0.0,0.0,0.0,0.2398,0.2683,0.2014,0.2398,0.2683,0.2014
0.0,0.8593,0.0,0.0,0.0,0.4296,1.7185,0.0,0.0,0.0,1.2889,0.0,0.0,0.0,0.0,0.0,0.8593,0.0,0.0,0.0,0.0,0.0001,0.0,0.0,0.0,0.0001,0.0002,0.0,0.0,0.0,0.0002,0.0,0.0,0.0,0.0,0.0,0.0001,0.0,0.0,0.0,0.1893,0.2438,0.1374,0.1893,0.2438,0.1374
0.4577,0.4577,0.0,0.9155,0.0,0.0,0.4577,1.8309,0.0,0.0,0.0,0.0,0.0,0.0,0.4577,0.0,0.4577,0.4577,0.0,1.3732,0.0,0.0,0.0,0.0001,0.0,0.0,0.0,0.0001,0.0,0.0,0.0,0.0,0.0,0.0,0.0,0.0,0.0,0.0,0.0,0.0001,0.1938,0.1625,0.1859,0.1938,0.1625,0.1859
0.0,0.0,0.3736,1.1207,0.3736,0.0,0.3736,0.0,0.0,0.0,0.3736,0.0,0.0,0.3736,0.0,1.1207,0.3736,0.3736,0.3736,0.3736,0.0,0.0,0.0,0.0,0.0,0.0,0.0,0.0,0.0,0.0,0.0,0.0,0.0,0.0,0.0,0.0,0.0,0.0,0.0,0.0,0.2297,0.2718,0.125,0.2297,0.2718,0.125
0.0,0.0,0.0,0.5013,0.0,0.5013,0.0,0.0,0.0,0.5013,1.0027,0.0,0.0,0.0,0.5013,1.504,0.5013,1.0027,0.0,0.0,0.0,0.0,0.0,0.0,0.0,0.0,0.0,0.0,0.0,0.0,0.0,0.0,0.0,0.0,0.0,0.0001,0.0,0.0,0.0,0.0,0.1627,0.206,0.1299,0.1627,0.206,0.1299
1.4912,0.0,0.0,0.0,0.0,0.0,0.0,1.4912,0.0,1.4912,0.0,0.0,0.0,0.0,0.7456,1.4912,1.4912,0.0,0.7456,0.0,0.0001,0.0,0.0,0.0,0.0,0.0,0.0,0.0001,0.0,0.0001,0.0,0.0,0.0,0.0,0.0,0.0001,0.0001,0.0,0.0,0.0,0.1041,0.056,0.0943,0.1041,0.056,0.0943
0.0,0.7362,0.0,0.0,0.0,0.0,0.0,0.0,0.0,0.7362,1.1042,1.4723,0.0,0.0,0.0,0.7362,0.0,0.0,0.3681,0.3681,0.0,0.0001,0.0,0.0,0.0,0.0,0.0,0.0,0.0,0.0001,0.0001,0.0001,0.0,0.0,0.0,0.0001,0.0,0.0,0.0,0.0,0.1975,0.2102,0.2241,0.1975,0.2102,0.2241
0.0,0.0,0.3569,0.0,0.0,0.0,1.0708,1.0708,0.0,0.3569,0.0,0.7138,0.0,0.0,0.0,0.3569,0.3569,0.0,1.0708,0.0,0.0,0.0,0.0,0.0,0.0,0.0,0.0001,0.0001,0.0,0.0,0.0,0.0,0.0,0.0,0.0,0.0,0.0,0.0,0.0001,0.0,0.2338,0.2016,0.2077,0.2338,0.2016,0.2077
1.3768,0.0,0.0,0.0,0.0,0.0,0.3442,0.3442,0.6884,0.3442,1.0326,0.6884,0.0,0.6884,0.0,1.0326,0.3442,0.0,0.0,0.0,0.0001,0.0,0.0,0.0,0.0,0.0,0.0,0.0,0.0,0.0,0.0001,0.0,0.0,0.0,0.0,0.0001,0.0,0.0,0.0,0.0,0.1974,0.2277,0.2308,0.1974,0.2277,0.2308
1.1275,0.0,0.3758,0.0,0.0,0.0,0.3758,0.7517,0.0,1.5033,1.5033,0.7517,0.0,0.0,0.3758,0.3758,0.3758,0.0,0.0,0.3758,0.0001,0.0,0.0,0.0,0.0,0.0,0.0,0.0,0.0,0.0001,0.0001,0.0,0.0,0.0,0.0,0.0,0.0,0.0,0.0,0.0,0.2321,0.2055,0.1866,0.2321,0.2055,0.1866
0.3972,0.3972,0.0,0.7944,0.3972,1.1915,0.7944,0.0,0.0,0.3972,0.0,0.0,0.0,0.3972,0.0,0.3972,0.0,0.0,0.0,0.7944,0.0,0.0,0.0,0.0,0.0,0.0001,0.0,0.0,0.0,0.0,0.0,0.0,0.0,0.0,0.0,0.0,0.0,0.0,0.0,0.0,0.2359,0.1988,0.1681,0.2359,0.1988,0.1681
0.3027,0.6054,0.0,0.3027,0.3027,0.0,0.6054,0.6054,0.0,0.6054,0.6054,0.3027,0.0,0.0,0.9081,0.3027,0.0,0.0,0.0,0.6054,0.0,0.0,0.0,0.0,0.0,0.0,0.0,0.0,0.0,0.0,0.0,0.0,0.0,0.0,0.0,0.0,0.0,0.0,0.0,0.0,0.2494,0.2278,0.2201,0.2494,0.2278,0.2201
1.0265,0.5132,0.5132,0.5132,1.0265,0.5132,0.0,0.5132,0.0,0.5132,0.0,0.0,0.0,0.0,0.5132,0.5132,0.0,0.0,0.0,0.0,0.0001,0.0,0.0,0.0,0.0001,0.0,0.0,0.0,0.0,0.0,0.0,0.0,0.0,0.0,0.0,0.0,0.0,0.0,0.0,0.0,0.1795,0.1297,0.1776,0.1795,0.1297,0.1776
2.0491,1.0245,0.0,0.0,0.0,0.5123,0.0,0.0,0.0,0.0,1.0245,0.0,0.0,0.0,0.0,0.5123,1.0245,0.0,0.5123,1.0245,0.0002,0.0001,0.0,0.0,0.0,0.0,0.0,0.0,0.0,0.0,0.0001,0.0,0.0,0.0,0.0,0.0,0.0001,0.0,0.0,0.0001,0.186,0.1346,0.1671,0.186,0.1346,0.1671
0.0,0.8517,0.4259,0.0,0.0,0.4259,0.4259,0.8517,0.4259,0.0,0.0,0.0,0.0,0.4259,0.0,0.4259,0.4259,0.0,0.4259,0.8517,0.0,0.0001,0.0,0.0,0.0,0.0,0.0,0.0001,0.0,0.0,0.0,0.0,0.0,0.0,0.0,0.0,0.0,0.0,0.0,0.0001,0.1926,0.1614,0.2201,0.1926,0.1614,0.2201
0.3437,0.0,1.0311,0.6874,0.0,0.3437,0.3437,0.0,0.0,1.0311,0.3437,0.3437,0.3437,0.0,0.3437,0.0,0.6874,0.0,1.0311,0.0,0.0,0.0,0.0001,0.0,0.0,0.0,0.0,0.0,0.0,0.0001,0.0,0.0,0.0,0.0,0.0,0.0,0.0,0.0,0.0001,0.0,0.2659,0.2506,0.1398,0.2659,0.2506,0.1398
0.2803,0.841,0.0,0.2803,0.0,0.2803,0.2803,0.841,0.2803,0.5607,0.2803,0.0,0.0,0.2803,0.5607,0.0,0.0,0.0,0.0,0.841,0.0,0.0001,0.0,0.0,0.0,0.0,0.0,0.0001,0.0,0.0,0.0,0.0,0.0,0.0,0.0,0.0,0.0,0.0,0.0,0.0001,0.233,0.2666,0.2201,0.233,0.2666,0.2201
0.4558,0.9116,0.0,0.0,0.0,0.0,0.0,0.0,0.0,0.0,1.3674,0.0,0.0,0.9116,1.3674,1.3674,0.4558,0.0,0.4558,0.0,0.0,0.0001,0.0,0.0,0.0,0.0,0.0,0.0,0.0,0.0,0.0001,0.0,0.0,0.0001,0.0001,0.0001,0.0,0.0,0.0,0.0,0.1758,0.184,0.1844,0.1758,0.184,0.1844
0.7983,0.0,0.0,0.3992,0.0,0.0,0.7983,0.0,0.0,0.3992,1.1975,0.3992,0.0,0.0,0.0,1.1975,0.0,0.0,0.3992,0.7983,0.0,0.0,0.0,0.0,0.0,0.0,0.0,0.0,0.0,0.0,0.0001,0.0,0.0,0.0,0.0,0.0001,0.0,0.0,0.0,0.0,0.27,0.1307,0.2002,0.27,0.1307,0.2002
0.0,0.3586,0.0,1.0759,0.0,0.3586,0.0,0.7172,0.0,0.0,0.3586,0.3586,0.7172,0.0,0.3586,0.0,0.0,0.0,0.7172,0.3586,0.0,0.0,0.0,0.0001,0.0,0.0,0.0,0.0,0.0,0.0,0.0,0.0,0.0,0.0,0.0,0.0,0.0,0.0,0.0,0.0,0.2526,0.2471,0.1416,0.2526,0.2471,0.1416
0.9422,0.0,0.0,0.0,0.0,0.0,0.4711,1.4133,0.0,0.0,1.8844,0.4711,0.0,0.4711,0.0,0.4711,0.9422,0.0,0.0,0.0,0.0001,0.0,0.0,0.0,0.0,0.0,0.0,0.0001,0.0,0.0,0.0001,0.0,0.0,0.0,0.0,0.0,0.0001,0.0,0.0,0.0,0.1767,0.1773,0.1749,0.1767,0.1773,0.1749
0.3434,0.0,0.6868,0.6868,0.0,0.6868,1.3736,0.0,0.6868,0.0,0.0,0.0,0.0,1.0302,0.0,0.0,0.3434,0.0,0.6868,0.3434,0.0,0.0,0.0001,0.0001,0.0,0.0001,0.0001,0.0,0.0001,0.0,0.0,0.0,0.0,0.0001,0.0,0.0,0.0,0.0,0.0001,0.0,0.2166,0.226,0.214,0.2166,0.226,0.214
0.8077,0.5384,0.0,0.2692,0.0,0.2692,0.2692,0.2692,0.2692,0.0,0.2692,0.8077,0.2692,0.0,0.0,0.0,1.0769,0.0,0.5384,0.8077,0.0001,0.0,0.0,0.0,0.0,0.0,0.0,0.0,0.0,0.0,0.0,0.0001,0.0,0.0,0.0,0.0,0.0001,0.0,0.0,0.0001,0.2153,0.272,0.2435,0.2153,0.272,0.2435
0.0,0.3975,0.0,0.3975,0.0,0.3975,0.0,0.0,0.0,0.795,1.5901,0.795,0.0,0.795,0.795,0.0,0.0,0.0,0.0,0.0,0.0,0.0,0.0,0.0,0.0,0.0,0.0,0.0,0.0,0.0001,0.0001,0.0001,0.0,0.0001,0.0001,0.0,0.0,0.0,0.0,0.0,0.1853,0.2455,0.1717,0.1853,0.2455,0.1717
0.0,0.7277,0.0,0.0,0.0,0.0,1.0916,0.0,0.0,0.3639,0.3639,1.0916,1.0916,0.0,0.3639,0.0,0.0,0.0,0.3639,0.3639,0.0,0.0001,0.0,0.0,0.0,0.0,0.0001,0.0,0.0,0.0,0.0,0.0001,0.0001,0.0,0.0,0.0,0.0,0.0,0.0,0.0,0.2655,0.1389,0.2317,0.2655,0.1389,0.2317
0.8569,0.0,0.8569,0.0,0.0,0.8569,0.8569,0.0,0.0,0.8569,1.2854,0.4285,0.0,0.4285,0.0,0.0,0.0,0.0,0.0,0.4285,0.0,0.0,0.0,0.0,0.0,0.0,0.0,0.0,0.0,0.0,0.0001,0.0,0.0,0.0,0.0,0.0,0.0,0.0,0.0,0.0,0.198,0.2204,0.1532,0.198,0.2204,0.1532
1.551,0.0,0.0,0.0,0.0,0.0,0.0,0.0,0.0,0.0,1.034,1.034,1.034,0.517,0.517,0.0,0.0,0.0,1.551,0.517,0.0001,0.0,0.0,0.0,0.0,0.0,0.0,0.0,0.0,0.0,0.0001,0.0001,0.0001,0.0,0.0,0.0,0.0,0.0,0.0001,0.0,0.2002,0.1528,0.13,0.2002,0.1528,0.13
0.0,0.0,0.7408,0.7408,0.0,0.0,0.7408,0.0,0.0,1.1112,0.0,1.1112,0.0,0.0,0.3704,0.0,0.7408,0.0,0.0,0.0,0.0,0.0,0.0001,0.0001,0.0,0.0,0.0001,0.0,0.0,0.0001,0.0,0.0001,0.0,0.0,0.0,0.0,0.0001,0.0,0.0,0.0,0.1767,0.2285,0.2244,0.1767,0.2285,0.2244
0.3305,0.3305,0.0,0.6609,0.0,0.3305,0.6609,0.3305,0.9914,0.0,0.0,0.0,0.0,0.3305,0.0,0.3305,0.0,0.0,0.3305,0.3305,0.0,0.0,0.0,0.0001,0.0,0.0,0.0001,0.0,0.0001,0.0,0.0,0.0,0.0,0.0,0.0,0.0,0.0,0.0,0.0,0.0,0.2569,0.1654,0.2472,0.2569,0.1654,0.2472
0.3325,1.3299,0.3325,0.0,0.0,0.0,0.665,0.3325,0.0,0.0,0.3325,0.3325,0.0,0.0,0.0,0.3325,0.3325,0.0,0.3325,0.3325,0.0,0.0001,0.0,0.0,0.0,0.0,0.0001,0.0,0.0,0.0,0.0,0.0,0.0,0.0,0.0,0.0,0.0,0.0,0.0,0.0,0.2315,0.2341,0.2019,0.2315,0.2341,0.2019
0.7469,0.0,0.7469,0.0,0.0,0.0,0.7469,0.0,0.0,0.7469,0.7469,0.7469,0.0,0.0,0.3735,0.7469,0.0,0.3735,0.0,0.3735,0.0,0.0,0.0,0.0,0.0,0.0,0.0,0.0,0.0,0.0,0.0,0.0,0.0,0.0,0.0,0.0,0.0,0.0,0.0,0.0,0.2364,0.24,0.1501,0.2364,0.24,0.1501
0.3017,0.0,0.9051,0.3017,0.0,0.3017,0.0,0.3017,0.3017,0.3017,1.2068,0.9051,0.0,0.6034,0.3017,0.3017,0.3017,0.0,0.0,0.3017,0.0,0.0,0.0,0.0,0.0,0.0,0.0,0.0,0.0,0.0,0.0001,0.0,0.0,0.0,0.0,0.0,0.0,0.0,0.0,0.0,0.246,0.2786,0.1737,0.246,0.2786,0.1737
0.0,0.0,0.3518,0.7036,0.0,0.0,0.0,0.0,0.0,0.0,0.7036,1.0555,0.0,0.3518,0.3518,0.7036,0.3518,0.0,1.0555,0.7036,0.0,0.0,0.0,0.0,0.0,0.0,0.0,0.0,0.0,0.0,0.0,0.0001,0.0,0.0,0.0,0.0,0.0,0.0,0.0001,0.0,0.201,0.2733,0.1739,0.201,0.2733,0.1739
0.765,0.0,0.0,0.3825,0.0,0.3825,0.765,0.0,0.0,0.3825,0.765,0.765,0.3825,0.0,0.3825,0.0,0.0,0.0,0.0,0.765,0.0001,0.0,0.0,0.0,0.0,0.0,0.0001,0.0,0.0,0.0,0.0001,0.0001,0.0,0.0,0.0,0.0,0.0,0.0,0.0,0.0001,0.1812,0.2469,0.1894,0.1812,0.2469,0.1894
0.678,0.339,0.678,0.339,0.339,0.0,1.0169,0.0,0.0,0.339,0.339,0.678,0.339,0.0,0.0,0.0,0.339,0.0,0.0,0.339,0.0,0.0,0.0,0.0,0.0,0.0,0.0001,0.0,0.0,0.0,0.0,0.0,0.0,0.0,0.0,0.0,0.0,0.0,0.0,0.0,0.2668,0.2434,0.1509,0.2668,0.2434,0.1509
0.0,0.0,0.387,0.0,0.387,1.161,0.387,0.387,0.0,0.774,1.161,0.387,0.0,0.387,0.774,0.387,0.387,0.387,0.774,0.387,0.0,0.0,0.0,0.0,0.0,0.0,0.0,0.0,0.0,0.0,0.0,0.0,0.0,0.0,0.0,0.0,0.0,0.0,0.0,0.0,0.2182,0.198,0.1968,0.2182,0.198,0.1968
1.1016,0.0,0.3672,1.1016,0.0,0.0,0.0,0.7344,0.0,0.3672,0.3672,0.3672,0.0,0.7344,0.0,0.3672,0.7344,0.0,0.0,0.3672,0.0001,0.0,0.0,0.0001,0.0,0.0,0.0,0.0,0.0,0.0,0.0,0.0,0.0,0.0,0.0,0.0,0.0,0.0,0.0,0.0,0.2733,0.2174,0.1421,0.2733,0.2174,0.1421
0.0,0.448,0.8959,0.0,0.0,0.0,0.0,0.0,0.448,1.3439,1.7918,0.0,0.8959,0.448,0.8959,0.448,0.0,0.0,0.448,0.0,0.0,0.0,0.0,0.0,0.0,0.0,0.0,0.0,0.0,0.0001,0.0001,0.0,0.0,0.0,0.0,0.0,0.0,0.0,0.0,0.0,0.1867,0.2092,0.1562,0.1867,0.2092,0.1562
0.4103,0.4103,0.0,0.0,0.0,0.4103,0.4103,0.0,0.8206,0.8206,0.4103,0.0,0.0,0.4103,0.8206,0.4103,0.0,0.0,0.0,0.0,0.0,0.0,0.0,0.0,0.0,0.0,0.0,0.0,0.0001,0.0001,0.0,0.0,0.0,0.0,0.0001,0.0,0.0,0.0,0.0,0.0,0.2331,0.1628,0.1938,0.2331,0.1628,0.1938
0.6646,0.0,0.9969,0.6646,0.0,0.6646,0.3323,0.0,0.3323,0.6646,0.9969,0.3323,0.0,0.0,0.0,0.0,0.6646,0.0,0.3323,0.0,0.0,0.0,0.0001,0.0,0.0,0.0,0.0,0.0,0.0,0.0,0.0001,0.0,0.0,0.0,0.0,0.0,0.0,0.0,0.0,0.0,0.2206,0.247,0.2001,0.2206,0.247,0.2001
2.1519,0.0,0.0,0.0,0.0,0.0,0.4304,1.2911,0.0,0.0,0.4304,0.4304,0.0,0.4304,1.2911,0.0,0.4304,0.0,0.8608,0.8608,0.0001,0.0,0.0,0.0,0.0,0.0,0.0,0.0001,0.0,0.0,0.0,0.0,0.0,0.0,0.0001,0.0,0.0,0.0,0.0001,0.0001,0.2002,0.1742,0.1952,0.2002,0.1742,0.1952
1.454,0.8724,0.2908,0.5816,0.0,0.0,0.8724,0.5816,0.0,0.0,0.8724,0.0,0.0,0.0,0.0,0.0,0.0,0.0,0.2908,0.0,0.0001,0.0,0.0,0.0,0.0,0.0,0.0,0.0,0.0,0.0,0.0,0.0,0.0,0.0,0.0,0.0,0.0,0.0,0.0,0.0,0.2348,0.2696,0.2047,0.2348,0.2696,0.2047
0.0,0.0,0.4044,0.4044,0.0,0.0,0.4044,1.2133,0.0,0.0,0.8089,0.8089,0.0,0.4044,0.8089,0.0,0.0,0.0,0.8089,0.0,0.0,0.0,0.0,0.0,0.0,0.0,0.0,0.0001,0.0,0.0,0.0,0.0,0.0,0.0,0.0,0.0,0.0,0.0,0.0,0.0,0.2513,0.1933,0.1509,0.2513,0.1933,0.1509
0.366,0.0,0.0,0.7319,0.0,0.366,0.0,0.366,0.366,0.0,1.8298,0.366,0.366,0.366,0.7319,0.366,0.366,0.0,0.0,0.7319,0.0,0.0,0.0,0.0,0.0,0.0,0.0,0.0,0.0,0.0,0.0001,0.0,0.0,0.0,0.0,0.0,0.0,0.0,0.0,0.0,0.2232,0.2132,0.1977,0.2232,0.2132,0.1977
0.7477,0.4985,0.7477,0.2492,0.0,0.0,0.2492,0.0,0.0,0.4985,0.7477,0.7477,0.0,0.7477,0.0,0.0,0.2492,0.0,0.2492,0.0,0.0,0.0,0.0,0.0,0.0,0.0,0.0,0.0,0.0,0.0,0.0,0.0,0.0,0.0,0.0,0.0,0.0,0.0,0.0,0.0,0.2401,0.3205,0.1902,0.2401,0.3205,0.1902
0.3792,1.1377,0.0,0.3792,0.0,0.3792,0.7585,0.0,0.0,0.0,1.8961,0.3792,0.0,0.0,0.3792,0.0,0.0,0.0,0.0,0.0,0.0,0.0001,0.0,0.0,0.0,0.0,0.0001,0.0,0.0,0.0,0.0002,0.0,0.0,0.0,0.0,0.0,0.0,0.0,0.0,0.0,0.1587,0.2411,0.2209,0.1587,0.2411,0.2209
0.0,0.3492,0.3492,0.0,0.0,1.0475,0.3492,0.0,0.3492,0.0,0.6983,0.3492,0.0,1.0475,0.0,0.3492,1.3967,0.0,0.3492,0.3492,0.0,0.0,0.0,0.0,0.0,0.0001,0.0,0.0,0.0,0.0,0.0001,0.0,0.0,0.0001,0.0,0.0,0.0001,0.0,0.0,0.0,0.2529,0.177,0.2209,0.2529,0.177,0.2209
0.0,0.9578,0.6386,0.0,0.0,0.0,0.3193,0.6386,0.0,0.3193,0.0,0.6386,0.0,0.3193,0.0,0.0,0.9578,0.0,0.0,0.0,0.0,0.0001,0.0001,0.0,0.0,0.0,0.0,0.0001,0.0,0.0,0.0,0.0001,0.0,0.0,0.0,0.0,0.0001,0.0,0.0,0.0,0.2977,0.1244,0.2586,0.2977,0.1244,0.2586
0.0,0.3931,0.7862,0.3931,0.0,0.7862,0.3931,0.3931,0.0,0.3931,0.7862,0.7862,0.0,0.3931,0.0,0.0,0.0,0.0,0.0,0.3931,0.0,0.0,0.0001,0.0,0.0,0.0001,0.0,0.0,0.0,0.0,0.0001,0.0001,0.0,0.0,0.0,0.0,0.0,0.0,0.0,0.0,0.2028,0.259,0.1451,0.2028,0.259,0.1451
0.0,0.5294,0.0,0.0,0.0,0.5294,0.0,0.5294,0.0,0.0,1.5882,0.0,0.0,0.0,0.5294,1.0588,0.0,0.0,1.0588,0.5294,0.0,0.0,0.0,0.0,0.0,0.0,0.0,0.0,0.0,0.0,0.0001,0.0,0.0,0.0,0.0,0.0001,0.0,0.0,0.0001,0.0,0.176,0.166,0.1287,0.176,0.166,0.1287
0.3476,0.6953,0.0,0.0,0.0,0.0,0.3476,1.0429,0.3476,0.0,1.0429,0.0,0.0,0.3476,0.3476,1.0429,0.3476,0.0,0.3476,0.3476,0.0,0.0,0.0,0.0,0.0,0.0,0.0,0.0001,0.0,0.0,0.0001,0.0,0.0,0.0,0.0,0.0001,0.0,0.0,0.0,0.0,0.2426,0.229,0.1808,0.2426,0.229,0.1808
0.0,0.4104,1.2311,0.4104,0.0,0.0,0.0,0.0,0.0,0.4104,2.4621,0.4104,0.0,0.4104,0.0,1.2311,0.0,0.0,0.0,0.4104,0.0,0.0,0.0001,0.0,0.0,0.0,0.0,0.0,0.0,0.0,0.0001,0.0,0.0,0.0,0.0,0.0001,0.0,0.0,0.0,0.0,0.1355,0.1957,0.2585,0.1355,0.1957,0.2585
0.0,0.9123,0.3041,0.6082,0.3041,0.6082,0.3041,0.3041,0.0,0.0,0.6082,0.6082,0.0,0.0,0.0,0.3041,0.0,0.0,0.3041,0.3041,0.0,0.0001,0.0,0.0,0.0,0.0,0.0,0.0,0.0,0.0,0.0,0.0,0.0,0.0,0.0,0.0,0.0,0.0,0.0,0.0,0.2725,0.2244,0.1989,0.2725,0.2244,0.1989
0.5771,0.0,0.0,0.5771,0.0,0.0,0.8656,0.2885,0.0,0.2885,0.0,0.5771,0.0,0.2885,0.2885,0.8656,0.2885,0.2885,0.2885,0.2885,0.0,0.0,0.0,0.0,0.0,0.0,0.0,0.0,0.0,0.0,0.0,0.0,0.0,0.0,0.0,0.0,0.0,0.0,0.0,0.0,0.2776,0.2303,0.2036,0.2776,0.2303,0.2036
0.0,1.1,0.3667,0.3667,0.0,1.8333,0.0,0.0,0.0,0.0,0.7333,0.0,0.0,0.7333,0.0,0.3667,0.0,0.0,0.0,0.0,0.0,0.0001,0.0,0.0,0.0,0.0002,0.0,0.0,0.0,0.0,0.0001,0.0,0.0,0.0001,0.0,0.0,0.0,0.0,0.0,0.0,0.2836,0.1389,0.2109,0.2836,0.1389,0.2109
0.358,0.7161,0.0,0.0,0.0,0.0,0.0,2.1482,0.358,0.0,0.358,1.4321,0.0,0.0,0.0,0.0,0.0,0.0,0.0,0.0,0.0,0.0001,0.0,0.0,0.0,0.0,0.0,0.0002,0.0,0.0,0.0,0.0001,0.0,0.0,0.0,0.0,0.0,0.0,0.0,0.0,0.2259,0.2155,0.2005,0.2259,0.2155,0.2005
0.0,0.7182,0.0,0.3591,0.0,0.7182,0.0,1.7955,0.0,0.3591,0.0,0.3591,0.0,0.3591,0.7182,0.0,0.0,0.0,0.3591,1.0773,0.0,0.0,0.0,0.0,0.0,0.0,0.0,0.0001,0.0,0.0,0.0,0.0,0.0,0.0,0.0,0.0,0.0,0.0,0.0,0.0001,0.191,0.2288,0.2212,0.191,0.2288,0.2212
0.3875,1.1626,0.0,0.0,0.0,0.0,0.0,1.1626,0.0,0.0,1.9377,0.0,0.0,0.0,1.9377,1.1626,0.0,0.0,0.0,0.0,0.0,0.0001,0.0,0.0,0.0,0.0,0.0,0.0001,0.0,0.0,0.0001,0.0,0.0,0.0,0.0001,0.0001,0.0,0.0,0.0,0.0,0.1976,0.2386,0.1763,0.1976,0.2386,0.1763
0.2972,0.2972,0.5945,0.5945,0.0,0.0,0.2972,0.2972,0.2972,0.5945,0.5945,0.2972,0.0,0.0,0.0,0.8917,0.2972,0.2972,0.2972,0.2972,0.0,0.0,0.0,0.0,0.0,0.0,0.0,0.0,0.0,0.0,0.0,0.0,0.0,0.0,0.0,0.0,0.0,0.0,0.0,0.0,0.2305,0.2285,0.2438,0.2305,0.2285,0.2438
0.0,0.8541,0.427,0.427,0.0,0.0,0.427,0.0,0.0,0.427,0.0,0.0,0.0,0.8541,0.8541,0.8541,0.0,0.0,0.0,0.427,0.0,0.0001,0.0,0.0,0.0,0.0,0.0,0.0,0.0,0.0,0.0,0.0,0.0,0.0001,0.0001,0.0001,0.0,0.0,0.0,0.0,0.1792,0.2014,0.1924,0.1792,0.2014,0.1924
0.3413,0.6825,0.3413,0.6825,0.0,0.3413,1.0238,1.365,0.3413,0.0,0.3413,0.0,0.0,0.0,0.3413,0.6825,0.0,0.0,0.0,0.3413,0.0,0.0,0.0,0.0,0.0,0.0,0.0001,0.0001,0.0,0.0,0.0,0.0,0.0,0.0,0.0,0.0,0.0,0.0,0.0,0.0,0.2496,0.1811,0.228,0.2496,0.1811,0.228
0.427,0.0,0.0,0.0,0.8541,0.0,0.8541,0.0,0.0,0.0,0.8541,0.427,0.0,0.0,0.427,0.0,0.8541,0.0,0.427,1.7081,0.0,0.0,0.0,0.0,0.0,0.0,0.0,0.0,0.0,0.0,0.0,0.0,0.0,0.0,0.0,0.0,0.0,0.0,0.0,0.0001,0.217,0.2119,0.1441,0.217,0.2119,0.1441
0.3825,0.0,0.0,0.3825,0.0,0.3825,0.7649,0.3825,0.3825,0.3825,0.3825,0.3825,0.0,0.0,0.0,0.0,0.3825,0.0,0.7649,0.7649,0.0,0.0,0.0,0.0,0.0,0.0,0.0001,0.0,0.0,0.0,0.0,0.0,0.0,0.0,0.0,0.0,0.0,0.0,0.0001,0.0001,0.2128,0.2028,0.2019,0.2128,0.2028,0.2019
0.0,0.3772,0.0,0.0,0.7545,0.0,0.3772,0.7545,0.7545,0.7545,0.0,0.3772,0.0,0.3772,0.7545,0.3772,0.0,0.0,0.0,0.0,0.0,0.0,0.0,0.0,0.0,0.0,0.0,0.0,0.0,0.0,0.0,0.0,0.0,0.0,0.0,0.0,0.0,0.0,0.0,0.0,0.2402,0.1999,0.1827,0.2402,0.1999,0.1827
1.0873,0.5437,0.0,0.0,1.0873,0.0,0.0,1.631,0.0,0.5437,0.0,0.0,0.0,0.0,2.1746,0.0,0.0,0.0,0.5437,1.0873,0.0,0.0,0.0,0.0,0.0,0.0,0.0,0.0001,0.0,0.0,0.0,0.0,0.0,0.0,0.0001,0.0,0.0,0.0,0.0,0.0,0.1414,0.1421,0.1729,0.1414,0.1421,0.1729
0.0,0.0,0.387,0.0,0.0,0.387,1.548,0.774,0.0,0.774,0.387,0.774,0.0,0.0,0.0,0.774,0.387,0.0,0.0,0.0,0.0,0.0,0.0,0.0,0.0,0.0,0.0001,0.0001,0.0,0.0001,0.0,0.0001,0.0,0.0,0.0,0.0001,0.0,0.0,0.0,0.0,0.2006,0.2092,0.2032,0.2006,0.2092,0.2032
0.8298,0.0,0.4149,0.4149,0.0,0.4149,1.2447,0.4149,0.0,0.0,0.8298,0.8298,0.0,0.0,0.0,0.4149,0.0,0.0,0.0,0.4149,0.0001,0.0,0.0,0.0,0.0,0.0,0.0001,0.0,0.0,0.0,0.0001,0.0001,0.0,0.0,0.0,0.0,0.0,0.0,0.0,0.0,0.1783,0.1614,0.2455,0.1783,0.1614,0.2455
0.325,0.325,0.0,0.325,0.0,0.325,0.0,1.3,0.0,0.325,0.65,0.975,0.0,0.65,0.0,0.325,0.325,0.0,0.0,0.325,0.0,0.0,0.0,0.0,0.0,0.0,0.0,0.0001,0.0,0.0,0.0,0.0001,0.0,0.0,0.0,0.0,0.0,0.0,0.0,0.0,0.2801,0.2558,0.1391,0.2801,0.2558,0.1391
1.0388,0.3463,0.3463,1.0388,0.0,0.3463,1.0388,0.6926,0.3463,0.6926,0.0,0.0,0.0,0.0,0.6926,0.0,0.0,0.0,0.3463,0.0,0.0001,0.0,0.0,0.0001,0.0,0.0,0.0001,0.0,0.0,0.0,0.0,0.0,0.0,0.0,0.0,0.0,0.0,0.0,0.0,0.0,0.2648,0.1954,0.1936,0.2648,0.1954,0.1936
0.0,0.6834,0.0,0.0,0.0,0.0,0.0,0.3417,0.3417,0.0,0.3417,0.6834,0.0,0.3417,0.6834,1.0251,0.3417,0.3417,0.0,0.0,0.0,0.0001,0.0,0.0,0.0,0.0,0.0,0.0,0.0,0.0,0.0,0.0001,0.0,0.0,0.0001,0.0001,0.0,0.0,0.0,0.0,0.2071,0.2309,0.2204,0.2071,0.2309,0.2204
0.0,0.4941,0.9881,0.0,0.0,0.0,0.0,0.4941,0.0,0.4941,0.9881,0.4941,0.4941,0.9881,0.0,0.9881,0.9881,0.0,0.0,0.0,0.0,0.0,0.0001,0.0,0.0,0.0,0.0,0.0,0.0,0.0,0.0001,0.0,0.0,0.0001,0.0,0.0001,0.0001,0.0,0.0,0.0,0.2213,0.169,0.1156,0.2213,0.169,0.1156
0.3917,0.7835,0.0,0.0,0.0,0.3917,0.3917,0.3917,0.0,0.3917,0.3917,0.7835,0.0,0.3917,0.0,0.0,0.0,0.0,0.0,0.3917,0.0,0.0001,0.0,0.0,0.0,0.0,0.0,0.0,0.0,0.0,0.0,0.0001,0.0,0.0,0.0,0.0,0.0,0.0,0.0,0.0,0.2247,0.1741,0.2095,0.2247,0.1741,0.2095
0.641,0.641,0.9615,0.3205,0.0,0.0,0.0,0.3205,0.3205,0.3205,0.3205,0.0,0.3205,0.0,0.641,0.0,0.3205,0.3205,0.641,0.641,0.0,0.0,0.0001,0.0,0.0,0.0,0.0,0.0,0.0,0.0,0.0,0.0,0.0,0.0,0.0,0.0,0.0,0.0,0.0,0.0,0.2776,0.1937,0.2082,0.2776,0.1937,0.2082
1.0257,0.5129,0.0,0.0,0.0,0.0,1.0257,0.5129,0.0,1.0257,0.5129,0.0,0.5129,0.0,0.5129,0.0,0.0,0.0,0.0,1.0257,0.0001,0.0,0.0,0.0,0.0,0.0,0.0001,0.0,0.0,0.0001,0.0,0.0,0.0,0.0,0.0,0.0,0.0,0.0,0.0,0.0001,0.1892,0.1753,0.1227,0.1892,0.1753,0.1227
0.9204,0.4602,0.9204,0.4602,0.0,0.0,0.0,0.0,0.0,0.0,2.7612,0.0,0.0,0.0,0.4602,0.4602,0.0,0.4602,0.0,0.0,0.0,0.0,0.0,0.0,0.0,0.0,0.0,0.0,0.0,0.0,0.0001,0.0,0.0,0.0,0.0,0.0,0.0,0.0,0.0,0.0,0.2131,0.1839,0.1427,0.2131,0.1839,0.1427
0.3134,1.5672,0.0,0.6269,0.0,0.0,0.0,0.3134,0.3134,0.3134,0.3134,0.0,0.0,0.0,0.3134,0.3134,0.3134,0.0,0.0,0.9403,0.0,0.0001,0.0,0.0001,0.0,0.0,0.0,0.0,0.0,0.0,0.0,0.0,0.0,0.0,0.0,0.0,0.0,0.0,0.0,0.0001,0.2194,0.2082,0.259,0.2194,0.2082,0.259
0.0,0.6364,0.3182,0.3182,0.0,0.0,0.3182,0.6364,0.0,0.6364,0.0,0.6364,0.0,0.6364,0.0,0.0,0.6364,0.0,0.0,0.0,0.0,0.0,0.0,0.0,0.0,0.0,0.0,0.0,0.0,0.0,0.0,0.0,0.0,0.0,0.0,0.0,0.0,0.0,0.0,0.0,0.299,0.1355,0.2473,0.299,0.1355,0.2473
0.9423,0.0,0.0,0.0,0.4712,0.4712,0.9423,0.9423,0.0,0.4712,0.9423,0.0,0.0,0.0,0.0,0.9423,0.4712,0.0,0.4712,0.0,0.0,0.0,0.0,0.0,0.0,0.0,0.0,0.0,0.0,0.0,0.0,0.0,0.0,0.0,0.0,0.0,0.0,0.0,0.0,0.0,0.2161,0.1508,0.1619,0.2161,0.1508,0.1619
0.0,1.171,0.0,0.0,0.0,0.2928,0.0,0.0,0.2928,0.0,1.7565,0.2928,0.2928,0.2928,0.5855,0.0,0.0,0.0,0.0,0.8783,0.0,0.0001,0.0,0.0,0.0,0.0,0.0,0.0,0.0,0.0,0.0002,0.0,0.0,0.0,0.0001,0.0,0.0,0.0,0.0,0.0001,0.2576,0.23,0.2196,0.2576,0.23,0.2196
0.4715,0.0,0.0,0.4715,0.0,0.4715,0.4715,0.0,0.4715,0.0,0.0,0.0,0.0,0.0,0.9429,1.4144,2.3573,0.0,0.4715,0.4715,0.0,0.0,0.0,0.0,0.0,0.0,0.0,0.0,0.0,0.0,0.0,0.0,0.0,0.0,0.0001,0.0001,0.0002,0.0,0.0,0.0,0.1772,0.1768,0.1745,0.1772,0.1768,0.1745
0.415,0.0,0.415,0.83,0.415,0.83,0.83,0.0,0.0,0.415,0.0,0.0,0.0,0.0,0.0,0.415,0.415,0.0,0.83,0.415,0.0,0.0,0.0,0.0,0.0,0.0,0.0,0.0,0.0,0.0,0.0,0.0,0.0,0.0,0.0,0.0,0.0,0.0,0.0,0.0,0.2108,0.2238,0.1504,0.2108,0.2238,0.1504
0.4945,0.0,0.4945,0.4945,0.0,0.9889,0.0,0.0,0.0,0.4945,3.9558,0.0,0.0,0.4945,0.0,0.0,0.4945,1.4834,0.0,0.4945,0.0,0.0,0.0,0.0,0.0,0.0,0.0,0.0,0.0,0.0,0.0002,0.0,0.0,0.0,0.0,0.0,0.0,0.0001,0.0,0.0,0.1666,0.1884,0.1506,0.1666,0.1884,0.1506
0.0,1.0913,0.5457,0.5457,0.0,0.2728,0.8185,0.0,0.2728,0.0,0.2728,0.0,0.0,0.5457,0.0,0.0,0.0,0.0,0.5457,0.5457,0.0,0.0001,0.0,0.0,0.0,0.0,0.0001,0.0,0.0,0.0,0.0,0.0,0.0,0.0,0.0,0.0,0.0,0.0,0.0,0.0,0.2754,0.274,0.1778,0.2754,0.274,0.1778
0.2841,0.8522,0.2841,0.2841,0.2841,1.4203,0.5681,0.2841,0.0,0.0,0.8522,0.0,0.0,0.0,0.0,0.2841,0.0,0.2841,0.0,0.0,0.0,0.0,0.0,0.0,0.0,0.0001,0.0,0.0,0.0,0.0,0.0,0.0,0.0,0.0,0.0,0.0,0.0,0.0,0.0,0.0,0.1991,0.2395,0.2773,0.1991,0.2395,0.2773
1.7755,0.0,0.0,0.0,0.4439,0.4439,0.8877,0.0,0.0,0.8877,2.2194,0.0,0.8877,0.0,0.0,0.4439,0.4439,0.4439,0.4439,0.0,0.0001,0.0,0.0,0.0,0.0,0.0,0.0,0.0,0.0,0.0,0.0001,0.0,0.0,0.0,0.0,0.0,0.0,0.0,0.0,0.0,0.2075,0.1722,0.1765,0.2075,0.1722,0.1765
0.7721,0.0,0.0,0.386,0.0,0.0,0.386,0.7721,0.0,0.386,0.0,1.1581,0.0,0.0,0.0,0.386,0.7721,0.0,0.7721,0.0,0.0001,0.0,0.0,0.0,0.0,0.0,0.0,0.0001,0.0,0.0,0.0,0.0001,0.0,0.0,0.0,0.0,0.0001,0.0,0.0001,0.0,0.2068,0.2695,0.1376,0.2068,0.2695,0.1376
0.7374,0.3687,0.3687,1.1061,0.0,0.0,0.7374,0.0,0.0,0.3687,0.0,0.0,0.0,0.0,0.3687,0.3687,0.3687,0.3687,0.0,0.3687,0.0,0.0,0.0,0.0001,0.0,0.0,0.0,0.0,0.0,0.0,0.0,0.0,0.0,0.0,0.0,0.0,0.0,0.0,0.0,0.0,0.2117,0.2072,0.2125,0.2117,0.2072,0.2125
0.366,0.366,0.0,0.0,0.0,0.366,0.366,0.7319,0.0,1.0979,1.8298,0.0,0.366,0.0,0.0,0.0,0.366,1.0979,0.366,0.0,0.0,0.0,0.0,0.0,0.0,0.0,0.0,0.0,0.0,0.0001,0.0001,0.0,0.0,0.0,0.0,0.0,0.0,0.0001,0.0,0.0,0.2118,0.206,0.2162,0.2118,0.206,0.2162
0.0,0.0,0.0,0.7678,0.0,0.7678,0.0,0.7678,0.0,0.3839,0.7678,0.7678,0.0,0.3839,0.0,0.0,0.3839,0.0,0.0,0.7678,0.0,0.0,0.0,0.0,0.0,0.0,0.0,0.0,0.0,0.0,0.0,0.0,0.0,0.0,0.0,0.0,0.0,0.0,0.0,0.0,0.2483,0.2371,0.1307,0.2483,0.2371,0.1307
0.7099,0.7099,1.0648,0.0,0.3549,0.3549,0.3549,0.3549,0.0,1.0648,0.3549,0.3549,0.0,0.3549,0.7099,0.3549,0.0,0.0,0.7099,0.0,0.0,0.0,0.0,0.0,0.0,0.0,0.0,0.0,0.0,0.0,0.0,0.0,0.0,0.0,0.0,0.0,0.0,0.0,0.0,0.0,0.2382,0.229,0.1779,0.2382,0.229,0.1779
0.532,0.0,0.532,0.0,0.0,0.532,0.0,0.532,0.0,0.532,1.596,1.064,0.0,0.0,1.064,0.0,0.532,0.0,0.0,1.064,0.0,0.0,0.0,0.0,0.0,0.0,0.0,0.0,0.0,0.0,0.0001,0.0001,0.0,0.0,0.0001,0.0,0.0,0.0,0.0,0.0001,0.1389,0.1924,0.1367,0.1389,0.1924,0.1367
0.0,0.0,0.824,0.824,0.412,0.412,0.0,1.236,0.0,0.824,0.412,0.0,0.0,0.412,0.0,0.412,0.0,0.0,0.824,0.412,0.0,0.0,0.0,0.0,0.0,0.0,0.0,0.0,0.0,0.0,0.0,0.0,0.0,0.0,0.0,0.0,0.0,0.0,0.0,0.0,0.2262,0.1767,0.185,0.2262,0.1767,0.185
0.4355,0.4355,0.0,0.0,0.0,0.4355,0.4355,0.8709,0.4355,0.0,1.3064,0.0,0.0,0.0,0.8709,0.8709,0.4355,0.0,0.0,0.0,0.0,0.0,0.0,0.0,0.0,0.0,0.0,0.0001,0.0,0.0,0.0001,0.0,0.0,0.0,0.0001,0.0001,0.0,0.0,0.0,0.0,0.1988,0.1932,0.1725,0.1988,0.1932,0.1725
0.7052,0.3526,1.0577,0.7052,0.3526,0.0,0.0,0.0,0.0,0.0,0.3526,0.0,0.0,0.3526,0.3526,1.0577,0.3526,0.3526,0.7052,0.7052,0.0,0.0,0.0,0.0,0.0,0.0,0.0,0.0,0.0,0.0,0.0,0.0,0.0,0.0,0.0,0.0,0.0,0.0,0.0,0.0,0.2279,0.2066,0.2129,0.2279,0.2066,0.2129
0.0,0.0,1.2275,1.2275,0.0,0.6137,0.6137,0.0,0.0,1.2275,0.0,0.6137,0.0,0.0,0.0,0.0,0.6137,0.0,0.0,0.0,0.0,0.0,0.0001,0.0001,0.0,0.0,0.0,0.0,0.0,0.0001,0.0,0.0,0.0,0.0,0.0,0.0,0.0,0.0,0.0,0.0,0.2642,0.1941,0.2348,0.2642,0.1941,0.2348
0.415,0.0,0.0,0.0,0.0,0.8301,0.8301,0.0,0.0,0.8301,0.415,0.415,0.0,0.415,0.415,0.8301,0.0,0.0,0.415,0.8301,0.0,0.0,0.0,0.0,0.0,0.0001,0.0001,0.0,0.0,0.0001,0.0,0.0,0.0,0.0,0.0,0.0001,0.0,0.0,0.0,0.0001,0.2253,0.2344,0.1252,0.2253,0.2344,0.1252
0.0,0.7137,0.3568,1.0705,0.0,0.0,0.3568,0.0,0.3568,0.3568,0.3568,0.3568,0.0,0.3568,0.3568,0.3568,0.0,0.0,0.0,0.3568,0.0,0.0,0.0,0.0001,0.0,0.0,0.0,0.0,0.0,0.0,0.0,0.0,0.0,0.0,0.0,0.0,0.0,0.0,0.0,0.0,0.2011,0.1931,0.2489,0.2011,0.1931,0.2489
2.0461,0.0,1.0231,0.0,0.5115,0.0,0.5115,1.0231,0.5115,0.5115,0.0,0.0,0.0,0.0,0.5115,0.0,0.0,0.0,0.5115,0.5115,0.0001,0.0,0.0,0.0,0.0,0.0,0.0,0.0,0.0,0.0,0.0,0.0,0.0,0.0,0.0,0.0,0.0,0.0,0.0,0.0,0.1828,0.1463,0.1594,0.1828,0.1463,0.1594
0.3683,0.0,1.1048,0.7365,0.0,0.0,0.0,0.3683,0.3683,0.3683,1.1048,0.3683,0.0,0.0,0.0,0.3683,0.7365,0.0,0.3683,0.3683,0.0,0.0,0.0001,0.0,0.0,0.0,0.0,0.0,0.0,0.0,0.0001,0.0,0.0,0.0,0.0,0.0,0.0,0.0,0.0,0.0,0.236,0.2187,0.1771,0.236,0.2187,0.1771
0.0,0.6721,0.0,0.3361,0.0,0.3361,0.3361,0.3361,0.0,1.0082,0.0,1.0082,0.0,0.6721,0.0,0.0,0.0,0.0,0.0,0.3361,0.0,0.0001,0.0,0.0,0.0,0.0,0.0,0.0,0.0,0.0001,0.0,0.0001,0.0,0.0001,0.0,0.0,0.0,0.0,0.0,0.0,0.2508,0.263,0.1501,0.2508,0.263,0.1501
0.0,0.0,0.0,0.4198,0.4198,0.0,1.2593,0.4198,0.0,0.0,0.0,1.2593,0.0,0.0,0.0,0.8395,0.4198,0.0,0.0,0.8395,0.0,0.0,0.0,0.0,0.0,0.0,0.0001,0.0,0.0,0.0,0.0,0.0001,0.0,0.0,0.0,0.0001,0.0,0.0,0.0,0.0001,0.1965,0.1691,0.2147,0.1965,0.1691,0.2147
1.1249,0.0,0.375,1.1249,0.0,0.375,0.0,0.0,0.375,0.375,0.375,0.375,0.0,0.0,0.0,0.375,0.0,0.0,0.375,0.7499,0.0001,0.0,0.0,0.0001,0.0,0.0,0.0,0.0,0.0,0.0,0.0,0.0,0.0,0.0,0.0,0.0,0.0,0.0,0.0,0.0,0.2441,0.2341,0.1469,0.2441,0.2341,0.1469
0.0,0.0,1.0559,0.0,0.0,0.0,0.0,0.0,0.5279,1.5838,1.0559,0.5279,0.5279,0.0,0.0,0.0,0.5279,0.0,0.0,0.5279,0.0,0.0,0.0001,0.0,0.0,0.0,0.0,0.0,0.0,0.0001,0.0001,0.0,0.0,0.0,0.0,0.0,0.0,0.0,0.0,0.0,0.1772,0.1546,0.1403,0.1772,0.1546,0.1403
0.3896,0.0,0.7793,0.0,0.0,0.0,0.7793,1.1689,0.0,0.3896,0.0,0.3896,0.0,0.7793,0.0,0.3896,0.0,0.0,0.0,0.7793,0.0,0.0,0.0,0.0,0.0,0.0,0.0,0.0001,0.0,0.0,0.0,0.0,0.0,0.0,0.0,0.0,0.0,0.0,0.0,0.0,0.211,0.1975,0.2019,0.211,0.1975,0.2019
0.0,0.5592,0.2796,0.5592,0.0,0.0,0.2796,0.0,0.0,0.5592,0.5592,0.8388,0.5592,0.2796,0.0,0.0,0.2796,0.0,0.5592,0.2796,0.0,0.0,0.0,0.0,0.0,0.0,0.0,0.0,0.0,0.0,0.0,0.0001,0.0,0.0,0.0,0.0,0.0,0.0,0.0,0.0,0.2438,0.281,0.1956,0.2438,0.281,0.1956
1.6739,0.0,0.0,0.4185,0.0,0.0,0.0,1.2554,0.4185,0.0,0.4185,0.4185,0.4185,0.4185,0.0,0.4185,0.4185,0.0,0.4185,0.837,0.0001,0.0,0.0,0.0,0.0,0.0,0.0,0.0001,0.0,0.0,0.0,0.0,0.0,0.0,0.0,0.0,0.0,0.0,0.0,0.0,0.252,0.1615,0.1681,0.252,0.1615,0.1681
1.3075,0.0,0.6537,0.0,0.6537,0.0,0.0,0.6537,0.0,1.9612,5.8836,0.0,0.6537,0.0,0.0,0.0,0.6537,0.6537,0.0,0.0,0.0,0.0,0.0,0.0,0.0,0.0,0.0,0.0,0.0,0.0001,0.0002,0.0,0.0,0.0,0.0,0.0,0.0,0.0,0.0,0.0,0.1489,0.1215,0.0759,0.1489,0.1215,0.0759
0.3229,0.3229,0.9686,0.0,0.0,0.9686,0.6458,0.6458,0.0,0.6458,1.6144,0.3229,0.3229,0.0,0.0,1.2915,0.0,0.0,0.0,0.0,0.0,0.0,0.0,0.0,0.0,0.0,0.0,0.0,0.0,0.0,0.0001,0.0,0.0,0.0,0.0,0.0001,0.0,0.0,0.0,0.0,0.2741,0.2233,0.1797,0.2741,0.2233,0.1797
0.4826,0.4826,0.0,0.0,0.0,0.9653,0.4826,0.4826,0.0,0.4826,0.9653,0.0,0.0,0.4826,0.4826,0.0,1.4479,0.0,0.0,0.4826,0.0,0.0,0.0,0.0,0.0,0.0001,0.0,0.0,0.0,0.0,0.0001,0.0,0.0,0.0,0.0,0.0,0.0001,0.0,0.0,0.0,0.2369,0.1569,0.1235,0.2369,0.1569,0.1235
0.3705,0.741,0.3705,0.3705,0.0,0.3705,0.0,0.0,0.3705,0.741,0.741,0.741,0.0,0.0,0.3705,0.0,0.3705,0.0,0.0,0.0,0.0,0.0001,0.0,0.0,0.0,0.0,0.0,0.0,0.0,0.0001,0.0001,0.0001,0.0,0.0,0.0,0.0,0.0,0.0,0.0,0.0,0.215,0.2138,0.2007,0.215,0.2138,0.2007
0.3759,0.0,0.3759,0.3759,0.3759,0.0,0.3759,0.0,0.0,0.3759,0.7519,1.1278,0.0,0.0,0.0,0.0,0.7519,0.3759,0.3759,0.0,0.0,0.0,0.0,0.0,0.0,0.0,0.0,0.0,0.0,0.0,0.0,0.0001,0.0,0.0,0.0,0.0,0.0,0.0,0.0,0.0,0.2594,0.1929,0.1718,0.2594,0.1929,0.1718
0.7066,0.3533,0.3533,0.0,0.0,0.0,1.4131,0.0,0.0,0.3533,0.7066,0.3533,0.0,0.0,0.0,0.0,0.3533,0.0,0.0,0.7066,0.0001,0.0,0.0,0.0,0.0,0.0,0.0001,0.0,0.0,0.0,0.0001,0.0,0.0,0.0,0.0,0.0,0.0,0.0,0.0,0.0001,0.2829,0.1571,0.2068,0.2829,0.1571,0.2068
0.3465,0.0,1.7324,0.0,0.0,0.0,1.0395,0.693,0.0,0.3465,0.0,0.693,0.0,0.3465,0.0,0.693,0.3465,0.0,0.3465,0.3465,0.0,0.0,0.0001,0.0,0.0,0.0,0.0001,0.0,0.0,0.0,0.0,0.0,0.0,0.0,0.0,0.0,0.0,0.0,0.0,0.0,0.2505,0.1888,0.2142,0.2505,0.1888,0.2142
1.2494,0.0,0.0,1.2494,0.8329,0.0,0.4165,1.2494,0.0,1.2494,0.4165,0.0,0.0,0.0,0.0,0.4165,0.0,0.0,0.4165,0.0,0.0,0.0,0.0,0.0,0.0,0.0,0.0,0.0,0.0,0.0,0.0,0.0,0.0,0.0,0.0,0.0,0.0,0.0,0.0,0.0,0.1752,0.2092,0.1992,0.1752,0.2092,0.1992
0.2952,0.8857,0.0,0.5905,0.0,0.2952,0.5905,0.5905,0.0,0.0,0.0,0.2952,0.0,0.8857,0.0,0.5905,0.2952,0.0,0.2952,0.2952,0.0,0.0001,0.0,0.0,0.0,0.0,0.0,0.0,0.0,0.0,0.0,0.0,0.0,0.0001,0.0,0.0,0.0,0.0,0.0,0.0,0.3165,0.1497,0.2385,0.3165,0.1497,0.2385
4.8231,0.0,1.2058,0.0,0.0,0.0,0.0,0.0,0.0,0.0,0.0,0.6029,0.0,0.6029,0.6029,0.0,0.6029,0.0,0.0,0.6029,0.0004,0.0,0.0001,0.0,0.0,0.0,0.0,0.0,0.0,0.0,0.0,0.0,0.0,0.0,0.0,0.0,0.0,0.0,0.0,0.0,0.1625,0.1352,0.0994,0.1625,0.1352,0.0994
0.3221,0.3221,0.3221,0.0,0.0,0.9664,0.3221,0.0,0.3221,0.3221,0.9664,0.6442,0.3221,0.3221,0.0,0.9664,0.0,0.0,0.6442,0.0,0.0,0.0,0.0,0.0,0.0,0.0001,0.0,0.0,0.0,0.0,0.0001,0.0,0.0,0.0,0.0,0.0001,0.0,0.0,0.0,0.0,0.2194,0.2839,0.1746,0.2194,0.2839,0.1746
0.6288,0.0,0.0,0.0,0.0,0.0,0.6288,0.0,0.0,1.2576,0.6288,0.0,0.0,0.0,0.6288,1.8864,0.6288,0.0,0.0,1.8864,0.0,0.0,0.0,0.0,0.0,0.0,0.0,0.0,0.0,0.0001,0.0,0.0,0.0,0.0,0.0,0.0001,0.0,0.0,0.0,0.0001,0.1147,0.1305,0.126,0.1147,0.1305,0.126
1.0543,0.5271,0.5271,0.0,0.0,0.0,0.0,0.0,0.0,0.5271,1.0543,0.0,0.0,0.0,2.6357,0.5271,0.5271,0.0,0.5271,0.0,0.0001,0.0,0.0,0.0,0.0,0.0,0.0,0.0,0.0,0.0,0.0001,0.0,0.0,0.0,0.0002,0.0,0.0,0.0,0.0,0.0,0.1504,0.177,0.1455,0.1504,0.177,0.1455
0.4956,1.4867,0.2478,0.2478,0.0,0.2478,0.0,0.2478,0.2478,0.7433,0.4956,0.7433,0.0,0.0,0.2478,0.0,0.2478,0.0,0.0,0.2478,0.0,0.0001,0.0,0.0,0.0,0.0,0.0,0.0,0.0,0.0001,0.0,0.0001,0.0,0.0,0.0,0.0,0.0,0.0,0.0,0.0,0.2206,0.3133,0.2183,0.2206,0.3133,0.2183
0.0,0.325,0.0,0.0,0.0,0.325,0.0,0.325,0.0,0.325,0.6499,1.2999,0.0,0.6499,0.325,0.9749,0.325,0.0,0.325,0.325,0.0,0.0,0.0,0.0,0.0,0.0,0.0,0.0,0.0,0.0,0.0,0.0001,0.0,0.0,0.0,0.0001,0.0,0.0,0.0,0.0,0.2364,0.2188,0.2198,0.2364,0.2188,0.2198
0.5545,0.0,0.5545,0.0,0.0,0.0,0.5545,1.109,0.0,0.5545,1.109,0.0,0.0,0.5545,0.0,0.5545,0.5545,0.0,0.0,0.5545,0.0,0.0,0.0,0.0,0.0,0.0,0.0,0.0001,0.0,0.0,0.0001,0.0,0.0,0.0,0.0,0.0,0.0,0.0,0.0,0.0,0.1131,0.1679,0.1645,0.1131,0.1679,0.1645
0.3136,0.0,0.3136,0.6272,0.3136,0.6272,0.6272,0.0,0.3136,0.3136,0.3136,0.3136,0.0,0.3136,0.3136,0.3136,0.6272,0.0,0.6272,0.0,0.0,0.0,0.0,0.0,0.0,0.0,0.0,0.0,0.0,0.0,0.0,0.0,0.0,0.0,0.0,0.0,0.0,0.0,0.0,0.0,0.2436,0.1969,0.246,0.2436,0.1969,0.246
0.4487,0.0,0.0,0.0,0.0,0.0,0.8974,0.8974,0.0,0.0,1.3461,0.0,0.0,1.7948,0.4487,0.4487,0.0,0.0,0.0,0.4487,0.0,0.0,0.0,0.0,0.0,0.0,0.0,0.0,0.0,0.0,0.0001,0.0,0.0,0.0001,0.0,0.0,0.0,0.0,0.0,0.0,0.151,0.1988,0.2014,0.151,0.1988,0.2014
0.6576,0.6576,0.3288,0.3288,0.0,0.9864,0.9864,0.3288,0.0,0.6576,0.0,0.0,0.0,0.0,0.0,0.6576,0.3288,0.0,0.3288,0.3288,0.0,0.0,0.0,0.0,0.0,0.0001,0.0001,0.0,0.0,0.0,0.0,0.0,0.0,0.0,0.0,0.0,0.0,0.0,0.0,0.0,0.2451,0.1999,0.2262,0.2451,0.1999,0.2262
1.0133,0.3378,0.6756,0.3378,0.0,0.0,0.3378,0.0,0.3378,0.6756,0.3378,0.3378,0.0,0.3378,0.0,1.3511,0.0,0.0,0.3378,0.3378,0.0001,0.0,0.0,0.0,0.0,0.0,0.0,0.0,0.0,0.0,0.0,0.0,0.0,0.0,0.0,0.0001,0.0,0.0,0.0,0.0,0.2337,0.2284,0.2002,0.2337,0.2284,0.2002
0.4238,0.4238,0.4238,0.0,0.8476,0.4238,0.0,0.4238,0.0,0.0,1.2714,0.8476,0.0,0.0,0.0,0.8476,0.8476,0.0,0.0,0.4238,0.0,0.0,0.0,0.0,0.0,0.0,0.0,0.0,0.0,0.0,0.0001,0.0,0.0,0.0,0.0,0.0,0.0,0.0,0.0,0.0,0.1913,0.2142,0.1707,0.1913,0.2142,0.1707
0.9903,0.3301,0.6602,0.0,0.0,0.3301,0.3301,0.0,0.0,0.6602,0.9903,1.3204,0.0,0.3301,0.0,0.3301,0.3301,0.0,0.3301,0.3301,0.0001,0.0,0.0,0.0,0.0,0.0,0.0,0.0,0.0,0.0,0.0001,0.0001,0.0,0.0,0.0,0.0,0.0,0.0,0.0,0.0,0.2974,0.2398,0.1327,0.2974,0.2398,0.1327
1.8442,0.0,0.0,0.0,0.0,0.0,2.2131,0.3688,0.0,0.0,0.0,0.7377,0.0,0.0,1.1065,0.0,1.1065,0.0,0.0,0.0,0.0002,0.0,0.0,0.0,0.0,0.0,0.0002,0.0,0.0,0.0,0.0,0.0001,0.0,0.0,0.0001,0.0,0.0001,0.0,0.0,0.0,0.2593,0.1963,0.1755,0.2593,0.1963,0.1755
0.0,0.7097,0.3549,0.3549,0.0,0.3549,0.0,0.0,0.0,0.7097,0.0,0.7097,0.0,0.7097,0.3549,0.0,0.3549,0.0,0.0,0.7097,0.0,0.0,0.0,0.0,0.0,0.0,0.0,0.0,0.0,0.0,0.0,0.0,0.0,0.0,0.0,0.0,0.0,0.0,0.0,0.0,0.2086,0.2542,0.1823,0.2086,0.2542,0.1823
0.0,0.3981,0.3981,0.0,0.0,0.7962,0.7962,0.0,0.3981,0.7962,0.0,0.0,0.0,0.7962,0.0,0.7962,0.0,0.3981,0.0,0.7962,0.0,0.0,0.0,0.0,0.0,0.0001,0.0001,0.0,0.0,0.0001,0.0,0.0,0.0,0.0001,0.0,0.0001,0.0,0.0,0.0,0.0001,0.193,0.2198,0.189,0.193,0.2198,0.189
0.9143,0.4572,0.0,0.4572,0.0,0.0,0.0,0.4572,0.0,0.0,0.4572,0.4572,0.0,0.4572,0.0,0.0,0.0,0.0,0.9143,0.9143,0.0001,0.0,0.0,0.0,0.0,0.0,0.0,0.0,0.0,0.0,0.0,0.0,0.0,0.0,0.0,0.0,0.0,0.0,0.0001,0.0001,0.2195,0.2323,0.091,0.2195,0.2323,0.091
0.0,0.0,0.3821,0.7642,0.0,0.3821,0.7642,0.0,0.0,0.0,0.3821,1.9105,0.0,0.0,0.3821,0.3821,0.0,0.3821,0.0,0.0,0.0,0.0,0.0,0.0001,0.0,0.0,0.0001,0.0,0.0,0.0,0.0,0.0001,0.0,0.0,0.0,0.0,0.0,0.0,0.0,0.0,0.233,0.2325,0.1525,0.233,0.2325,0.1525
0.2879,0.0,0.0,0.0,0.0,0.0,1.1516,1.1516,0.0,0.5758,0.8637,0.5758,0.0,0.5758,0.2879,0.0,0.2879,0.0,0.0,0.0,0.0,0.0,0.0,0.0,0.0,0.0,0.0001,0.0001,0.0,0.0,0.0,0.0,0.0,0.0,0.0,0.0,0.0,0.0,0.0,0.0,0.2988,0.2021,0.2111,0.2988,0.2021,0.2111
0.9226,0.0,0.0,0.4613,0.0,0.4613,0.0,0.9226,0.0,0.0,0.4613,0.0,0.0,0.0,0.9226,0.4613,0.9226,0.4613,1.8453,0.4613,0.0,0.0,0.0,0.0,0.0,0.0,0.0,0.0,0.0,0.0,0.0,0.0,0.0,0.0,0.0,0.0,0.0,0.0,0.0001,0.0,0.148,0.19,0.2007,0.148,0.19,0.2007
0.2497,0.2497,0.4993,0.2497,0.0,0.2497,0.9987,0.2497,0.0,0.2497,0.2497,0.9987,0.0,0.749,0.0,0.2497,0.9987,0.0,0.0,0.0,0.0,0.0,0.0,0.0,0.0,0.0,0.0001,0.0,0.0,0.0,0.0,0.0001,0.0,0.0,0.0,0.0,0.0001,0.0,0.0,0.0,0.2975,0.2369,0.2159,0.2975,0.2369,0.2159
0.0,0.918,0.0,0.612,0.306,0.918,0.918,0.0,0.306,0.306,0.306,0.306,0.306,0.0,0.306,0.306,0.0,0.0,0.306,0.0,0.0,0.0001,0.0,0.0,0.0,0.0001,0.0001,0.0,0.0,0.0,0.0,0.0,0.0,0.0,0.0,0.0,0.0,0.0,0.0,0.0,0.2266,0.2656,0.2018,0.2266,0.2656,0.2018
0.9598,0.0,0.0,0.4799,0.0,0.4799,0.0,0.4799,0.0,0.0,0.4799,0.0,0.0,0.4799,0.9598,0.9598,0.9598,0.4799,1.4397,0.4799,0.0,0.0,0.0,0.0,0.0,0.0,0.0,0.0,0.0,0.0,0.0,0.0,0.0,0.0,0.0,0.0,0.0,0.0,0.0001,0.0,0.1785,0.1705,0.1711,0.1785,0.1705,0.1711
0.3718,0.0,0.3718,0.3718,0.0,0.0,0.3718,0.0,0.0,0.7436,0.7436,1.1153,0.0,0.0,0.3718,0.0,0.0,0.0,0.0,1.1153,0.0,0.0,0.0,0.0,0.0,0.0,0.0,0.0,0.0,0.0001,0.0001,0.0001,0.0,0.0,0.0,0.0,0.0,0.0,0.0,0.0001,0.2016,0.221,0.2056,0.2016,0.221,0.2056
0.0,0.0,0.0,0.467,0.0,0.9341,0.0,0.467,0.0,0.467,1.4011,0.467,0.0,0.467,0.467,0.9341,0.467,0.0,0.467,0.9341,0.0,0.0,0.0,0.0,0.0,0.0,0.0,0.0,0.0,0.0,0.0001,0.0,0.0,0.0,0.0,0.0,0.0,0.0,0.0,0.0,0.2281,0.1992,0.1057,0.2281,0.1992,0.1057
2.4629,0.0,0.9852,0.0,0.0,0.0,0.0,1.4777,0.0,0.4926,0.0,0.4926,0.0,0.4926,0.0,0.0,0.4926,0.0,0.4926,0.0,0.0001,0.0,0.0001,0.0,0.0,0.0,0.0,0.0001,0.0,0.0,0.0,0.0,0.0,0.0,0.0,0.0,0.0,0.0,0.0,0.0,0.1631,0.1912,0.1531,0.1631,0.1912,0.1531
0.3038,0.0,0.6076,0.6076,0.0,0.0,0.6076,0.0,0.0,0.6076,0.9114,0.9114,0.3038,0.0,0.0,0.3038,0.0,0.0,0.0,0.6076,0.0,0.0,0.0,0.0,0.0,0.0,0.0,0.0,0.0,0.0,0.0,0.0,0.0,0.0,0.0,0.0,0.0,0.0,0.0,0.0,0.3121,0.1657,0.2184,0.3121,0.1657,0.2184
0.9819,0.0,0.491,0.491,0.0,0.9819,0.491,0.0,0.491,0.9819,0.491,0.0,0.491,0.0,0.0,0.491,0.491,0.0,0.491,0.0,0.0001,0.0,0.0,0.0,0.0,0.0001,0.0,0.0,0.0,0.0001,0.0,0.0,0.0,0.0,0.0,0.0,0.0,0.0,0.0,0.0,0.1745,0.2063,0.1282,0.1745,0.2063,0.1282
0.0,0.4282,0.0,0.4282,0.0,0.4282,0.4282,0.8564,0.0,0.0,1.2845,0.0,0.4282,0.4282,0.4282,0.8564,0.0,0.0,0.4282,0.0,0.0,0.0,0.0,0.0,0.0,0.0,0.0,0.0001,0.0,0.0,0.0001,0.0,0.0,0.0,0.0,0.0001,0.0,0.0,0.0,0.0,0.2138,0.2052,0.1528,0.2138,0.2052,0.1528
1.9808,0.0,0.0,0.0,0.0,0.0,2.3769,0.0,0.0,0.0,0.0,0.3962,0.0,0.0,2.3769,0.0,0.7923,0.0,0.0,0.0,0.0002,0.0,0.0,0.0,0.0,0.0,0.0002,0.0,0.0,0.0,0.0,0.0,0.0,0.0,0.0002,0.0,0.0001,0.0,0.0,0.0,0.1771,0.1749,0.2519,0.1771,0.1749,0.2519
0.0,0.0,0.0,0.8867,0.4434,0.8867,0.4434,0.0,0.0,0.4434,1.3301,0.4434,0.8867,0.0,0.0,0.0,0.4434,0.0,0.0,0.4434,0.0,0.0,0.0,0.0,0.0,0.0,0.0,0.0,0.0,0.0,0.0001,0.0,0.0,0.0,0.0,0.0,0.0,0.0,0.0,0.0,0.2567,0.1211,0.1788,0.2567,0.1211,0.1788
0.3852,0.0,0.7703,0.3852,0.0,0.0,0.3852,0.0,0.0,0.7703,0.0,1.5407,0.3852,0.0,0.0,0.0,0.7703,0.0,0.3852,0.0,0.0,0.0,0.0001,0.0,0.0,0.0,0.0,0.0,0.0,0.0001,0.0,0.0001,0.0,0.0,0.0,0.0,0.0001,0.0,0.0,0.0,0.2246,0.2388,0.1514,0.2246,0.2388,0.1514
1.456,0.0,0.0,0.4853,0.0,0.0,0.4853,0.0,0.0,0.0,0.4853,0.4853,0.0,0.4853,0.0,0.0,0.9707,0.0,0.4853,0.4853,0.0001,0.0,0.0,0.0,0.0,0.0,0.0,0.0,0.0,0.0,0.0,0.0,0.0,0.0,0.0,0.0,0.0001,0.0,0.0,0.0,0.2092,0.1519,0.1536,0.2092,0.1519,0.1536
0.3541,0.3541,0.3541,0.3541,0.0,0.0,0.7082,0.3541,0.3541,0.0,1.7706,0.3541,0.0,0.0,0.0,0.3541,0.0,0.0,0.0,0.0,0.0,0.0,0.0,0.0,0.0,0.0,0.0001,0.0,0.0,0.0,0.0001,0.0,0.0,0.0,0.0,0.0,0.0,0.0,0.0,0.0,0.2169,0.2156,0.2134,0.2169,0.2156,0.2134
0.0,0.4124,0.0,0.0,0.0,0.4124,0.8249,0.8249,0.0,0.4124,0.8249,0.4124,0.0,0.4124,0.0,0.0,0.8249,0.0,0.0,0.8249,0.0,0.0,0.0,0.0,0.0,0.0,0.0001,0.0001,0.0,0.0,0.0001,0.0,0.0,0.0,0.0,0.0,0.0001,0.0,0.0,0.0001,0.1576,0.1868,0.2431,0.1576,0.1868,0.2431
1.6957,0.0,0.0,0.4239,0.0,0.0,0.0,0.4239,0.0,0.4239,0.4239,0.4239,0.0,0.8479,0.0,0.0,0.4239,0.4239,0.4239,0.4239,0.0001,0.0,0.0,0.0,0.0,0.0,0.0,0.0,0.0,0.0,0.0,0.0,0.0,0.0001,0.0,0.0,0.0,0.0,0.0,0.0,0.1982,0.201,0.1768,0.1982,0.201,0.1768
0.6206,0.3103,0.9308,0.3103,0.0,0.0,0.9308,0.0,0.0,0.3103,0.3103,0.3103,0.3103,0.3103,0.0,0.0,0.3103,0.0,0.9308,0.0,0.0,0.0,0.0001,0.0,0.0,0.0,0.0001,0.0,0.0,0.0,0.0,0.0,0.0,0.0,0.0,0.0,0.0,0.0,0.0001,0.0,0.2546,0.2964,0.1387,0.2546,0.2964,0.1387
0.0,0.0,0.307,0.9209,0.307,0.0,0.0,0.307,0.0,0.9209,0.6139,0.9209,0.307,0.0,0.0,0.0,0.307,0.0,0.0,0.6139,0.0,0.0,0.0,0.0,0.0,0.0,0.0,0.0,0.0,0.0,0.0,0.0,0.0,0.0,0.0,0.0,0.0,0.0,0.0,0.0,0.1754,0.2923,0.2253,0.1754,0.2923,0.2253
0.0,0.8058,0.0,0.0,0.4029,0.4029,0.8058,0.0,0.4029,0.0,1.2087,0.8058,0.0,0.0,0.4029,0.4029,0.0,0.0,0.0,0.4029,0.0,0.0,0.0,0.0,0.0,0.0,0.0,0.0,0.0,0.0,0.0001,0.0,0.0,0.0,0.0,0.0,0.0,0.0,0.0,0.0,0.1395,0.2085,0.2491,0.1395,0.2085,0.2491
0.8918,0.4459,0.8918,0.4459,0.0,0.4459,0.4459,0.0,0.0,0.0,1.3376,0.8918,0.0,0.0,0.4459,0.0,0.0,0.0,0.0,0.4459,0.0001,0.0,0.0001,0.0,0.0,0.0,0.0,0.0,0.0,0.0,0.0001,0.0001,0.0,0.0,0.0,0.0,0.0,0.0,0.0,0.0,0.1873,0.2084,0.1584,0.1873,0.2084,0.1584
0.9324,0.6216,0.0,0.0,0.0,0.6216,0.0,0.3108,0.3108,0.0,0.3108,0.6216,0.0,0.0,0.3108,1.2432,0.6216,0.0,0.3108,0.0,0.0001,0.0,0.0,0.0,0.0,0.0,0.0,0.0,0.0,0.0,0.0,0.0,0.0,0.0,0.0,0.0001,0.0,0.0,0.0,0.0,0.165,0.2667,0.2575,0.165,0.2667,0.2575
0.0,0.0,0.7349,0.3675,0.0,0.0,1.1024,0.0,0.0,0.7349,1.1024,0.7349,0.0,0.0,0.0,0.0,0.3675,0.0,0.3675,0.0,0.0,0.0,0.0,0.0,0.0,0.0,0.0001,0.0,0.0,0.0,0.0001,0.0,0.0,0.0,0.0,0.0,0.0,0.0,0.0,0.0,0.2305,0.2686,0.1334,0.2305,0.2686,0.1334
1.4446,0.4815,0.0,0.0,0.0,0.0,0.4815,0.9631,0.4815,0.0,1.4446,0.0,0.0,0.0,0.0,0.4815,0.0,0.0,0.4815,0.9631,0.0001,0.0,0.0,0.0,0.0,0.0,0.0,0.0001,0.0,0.0,0.0001,0.0,0.0,0.0,0.0,0.0,0.0,0.0,0.0,0.0001,0.1596,0.1916,0.1673,0.1596,0.1916,0.1673
0.9996,0.0,0.0,0.4998,0.4998,0.0,0.4998,0.0,0.0,0.0,0.4998,0.4998,0.0,0.0,0.9996,0.9996,0.0,0.0,0.4998,0.9996,0.0,0.0,0.0,0.0,0.0,0.0,0.0,0.0,0.0,0.0,0.0,0.0,0.0,0.0,0.0,0.0,0.0,0.0,0.0,0.0,0.2406,0.1884,0.0712,0.2406,0.1884,0.0712
0.0,0.0,0.0,0.0,0.0,0.5113,1.0227,2.5567,0.0,1.0227,1.0227,0.5113,0.0,0.0,1.0227,0.0,0.0,0.0,0.0,0.0,0.0,0.0,0.0,0.0,0.0,0.0,0.0001,0.0002,0.0,0.0001,0.0001,0.0,0.0,0.0,0.0001,0.0,0.0,0.0,0.0,0.0,0.197,0.2295,0.0621,0.197,0.2295,0.0621
0.0,0.3352,1.3409,0.3352,0.0,0.3352,0.0,0.6704,0.0,0.6704,0.3352,1.0056,0.0,0.0,0.3352,0.0,1.3409,0.0,0.0,0.0,0.0,0.0,0.0001,0.0,0.0,0.0,0.0,0.0,0.0,0.0,0.0,0.0001,0.0,0.0,0.0,0.0,0.0001,0.0,0.0,0.0,0.2442,0.2,0.2206,0.2442,0.2,0.2206
1.4124,0.0,0.3531,0.0,0.0,0.3531,0.3531,0.0,0.0,0.0,1.0593,1.4124,0.0,0.0,0.0,0.3531,0.0,0.0,0.0,1.0593,0.0001,0.0,0.0,0.0,0.0,0.0,0.0,0.0,0.0,0.0,0.0001,0.0001,0.0,0.0,0.0,0.0,0.0,0.0,0.0,0.0001,0.2464,0.1866,0.2139,0.2464,0.1866,0.2139
1.4792,0.7396,0.0,0.3698,0.3698,0.0,0.0,0.3698,0.3698,0.7396,1.8489,0.0,0.0,0.0,0.0,0.7396,0.3698,0.0,0.3698,0.3698,0.0001,0.0,0.0,0.0,0.0,0.0,0.0,0.0,0.0,0.0,0.0001,0.0,0.0,0.0,0.0,0.0,0.0,0.0,0.0,0.0,0.1614,0.2278,0.241,0.1614,0.2278,0.241
1.2794,0.0,0.0,0.4265,0.0,0.4265,0.4265,0.8529,0.0,0.4265,0.8529,0.4265,0.0,0.0,0.4265,0.4265,0.4265,0.0,0.4265,0.0,0.0001,0.0,0.0,0.0,0.0,0.0,0.0,0.0,0.0,0.0,0.0,0.0,0.0,0.0,0.0,0.0,0.0,0.0,0.0,0.0,0.205,0.1965,0.1721,0.205,0.1965,0.1721
0.0,0.5477,0.5477,0.5477,0.5477,0.0,0.8216,0.2739,0.0,0.2739,0.5477,0.0,0.2739,0.0,0.2739,0.8216,0.5477,0.2739,0.0,0.2739,0.0,0.0,0.0,0.0,0.0,0.0,0.0,0.0,0.0,0.0,0.0,0.0,0.0,0.0,0.0,0.0,0.0,0.0,0.0,0.0,0.2935,0.2273,0.2054,0.2935,0.2273,0.2054
0.3691,0.3691,0.0,0.3691,0.0,0.0,0.3691,0.0,0.3691,0.3691,0.7381,0.3691,0.3691,0.0,0.0,1.1072,0.3691,0.0,0.3691,0.0,0.0,0.0,0.0,0.0,0.0,0.0,0.0,0.0,0.0,0.0,0.0,0.0,0.0,0.0,0.0,0.0001,0.0,0.0,0.0,0.0,0.2418,0.2605,0.1286,0.2418,0.2605,0.1286
1.6652,0.333,0.333,0.333,0.0,0.333,0.9991,0.333,0.0,0.0,0.333,0.333,0.6661,0.333,0.0,0.0,0.6661,0.0,0.0,0.0,0.0001,0.0,0.0,0.0,0.0,0.0,0.0001,0.0,0.0,0.0,0.0,0.0,0.0,0.0,0.0,0.0,0.0,0.0,0.0,0.0,0.2447,0.1908,0.2315,0.2447,0.1908,0.2315
