,DDE_HD,DDE_DD,DDE_QK,DDE_QD,DDE_VM,DDE_WV,DDE_MK,DDE_MD,DDE_GP,DDE_DN,DDE_AI,DDE_AH,DDE_SS,DDE_TT,CTDC_secondarystruct.G3,QSO3_SC_M,CTDD_hydrophobicity_CASG920101.3.residue75,DDR_N,CTDD_hydrophobicity_CASG920101.3.residue0,CTDC_secondarystruct.G1,DDE_YL,DDE_VD,MSW__27,Z3__7,CKSAAGP_uncharger.uncharger.gap1,CKSAAP_TS.gap3,QSO3_SC_L,CKSAAP_IY.gap2,DDE_DQ,DDE_PS,MSW__7,DDE_LI,CTDC_hydrophobicity_ENGD860101.G3,CKSAAP_NG.gap1,AAC_K,DDE_HE,PAAC_Xc1.R,CTDD_polarity.2.residue50,CTDD_polarity.2.residue0,CTriad_g6.g1.g1,CTriad_g4.g3.g1,Z5__26,CKSAAP_AL.gap1,DDE_DP,CKSAAP_VS.gap2,NMBroto_CHAM810101.lag2,Z3__21,CTriad_g6.g3.g2,GTPC_postivecharger.alphaticr.aromatic,CKSAAGP_alphaticr.aromatic.gap4,Geary_CHAM820102.lag3,Z3__27,Z5__46,DDE_EK,CKSAAP_HR.gap3,Geary_CHAM820101.lag3,TM_tend,formula_H,CTDT_hydrophobicity_PONP930101.Tr1221,MSW__16,MSW__8,NMBroto_CIDH920105.lag2,Z5__44,DDE_GL,CTDD_hydrophobicity_FASG890101.1.residue0,CKSAAP_ET.gap3,OVP_Hydrophobic_N4,DDE_SL,DDE_PP,Charge_phys,y
negative1,-0.12453,-0.19626,-0.21715,-0.16513,-0.0915,-0.10818,-0.14012,-0.12467,-0.21439,-0.18816,-0.24143,-0.13765,-0.20814,-0.20684,-0.68451,-0.51986,0.69712,-0.92396,1.17662,0.72349,-0.22045,-0.24832,-0.60805,1.33623,-0.79504,-0.22454,-0.33253,-0.1838,-0.17764,-0.21124,0.3858,-0.24955,-0.16218,-0.19169,-0.05628,-0.11703,-0.75649,-1.44303,-0.77343,-0.28071,-0.21525,-0.98418,-0.30461,-0.19193,-0.2232,-0.21254,0.52382,-0.23907,-0.24428,3.1708,-0.86237,-0.89509,-1.17746,-0.2726,-0.10657,-0.85947,0.33468,-0.56813,-0.35463,-0.31771,1.13446,-0.02891,-0.38289,-0.26272,0.05573,-0.202,-1.36951,-0.27646,-0.15406,2.3342,0
negative2,-0.12453,-0.19626,-0.21715,-0.16513,-0.0915,-0.10818,-0.14012,-0.12467,-0.21439,-0.18816,-0.24143,-0.13765,-0.20814,-0.20684,-0.16467,1.44661,-1.17097,0.17657,-0.86983,-0.62717,-0.22045,-0.24832,0.76679,0.03304,-0.79504,-0.22454,-0.9666,-0.1838,-0.17764,-0.21124,0.03864,-0.24955,0.93324,-0.19169,-1.01935,-0.11703,0.3547,1.75839,0.71479,-0.28071,2.47062,1.87672,-0.30461,-0.19193,-0.2232,-0.22343,0.32023,-0.23907,-0.24428,-0.59064,-0.08058,-0.65608,-0.83827,-0.2726,-0.10657,-0.62979,-1.54382,-0.90525,0.80661,-0.6553,0.51395,-0.62496,-0.21447,-0.26272,1.6577,-0.202,0.73019,-0.27646,-0.15406,-0.56563,0
negative3,-0.12018,-0.19379,-0.21457,-0.16183,-0.08533,-0.10337,-0.13806,-0.12242,-0.20692,-0.1858,-0.23447,-0.12964,-0.19517,-0.19811,-1.13008,1.12922,-0.9041,-0.92396,-0.57748,2.42789,-0.21279,-0.24405,-0.65467,0.48284,-0.79504,-0.22454,-0.9666,-0.1838,-0.17439,-0.19637,1.40362,-0.24009,-1.76619,-0.19169,0.01251,-0.11228,0.32624,0.89451,2.04357,1.96317,-0.21525,-0.48142,-0.30461,-0.18668,-0.2232,-0.22048,-1.02699,-0.23907,-0.24428,-0.59064,0.18978,0.55065,-0.7885,3.55565,-0.10657,0.18283,-0.68895,-0.90525,0.98527,-0.68275,0.26961,1.55612,0.24472,-0.25034,-0.71665,-0.202,-1.36951,-0.25865,-0.14692,0.27948,0
negative4,-0.12453,4.30927,-0.21715,-0.16513,-0.0915,-0.10818,-0.14012,-0.12467,-0.21439,-0.18816,-0.24143,-0.13765,-0.20814,-0.20684,1.39484,-0.51986,1.63116,0.11908,2.19984,0.27327,-0.22045,-0.24832,-0.70034,0.50827,0.80672,-0.22454,0.71818,-0.1838,-0.17764,-0.21124,-0.25707,-0.24955,-0.16218,-0.19169,-0.05628,-0.11703,0.31356,-1.79874,-0.77343,-0.28071,-0.21525,-1.3884,-0.30461,-0.19193,-0.2232,0.46915,-0.02543,-0.23907,-0.24428,-0.59064,-1.23219,-1.13716,0.43459,-0.2726,-0.10657,0.0038,0.52627,-0.39957,-0.35463,-0.57686,1.77956,-0.43767,0.17889,-0.26272,0.05573,-0.202,-1.36951,-0.27646,-0.15406,-0.23416,0
negative5,-0.12453,-0.19626,-0.21715,-0.16513,-0.0915,-0.10818,-0.14012,-0.12467,-0.21439,-0.18816,-0.24143,-0.13765,-0.20814,-0.20684,0.875,1.45473,0.69712,0.61596,1.17662,-0.17695,-0.22045,-0.24832,1.36552,-1.60133,0.00584,-0.22454,-0.9666,-0.1838,-0.17764,-0.21124,-0.55684,-0.24955,-1.2576,-0.19169,-0.05628,-0.11703,-0.75649,-0.02018,-0.77343,-0.28071,-0.21525,2.49109,-0.30461,-0.19193,4.27512,0.19211,0.0377,-0.23907,-0.24428,1.29008,0.44556,0.18559,-1.73643,-0.2726,-0.10657,1.13599,-0.4471,-1.45306,2.54849,-1.63673,-0.02562,-0.75525,-2.07288,-0.26272,3.25967,-0.202,0.73019,-0.27646,-0.15406,-0.56563,0
negative6,-0.12453,-0.19626,-0.21715,-0.16513,-0.0915,-0.10818,-0.14012,-0.12467,-0.21439,-0.18816,-0.24143,-0.13765,-0.20814,-0.20684,-0.68451,-0.51986,1.63116,-0.92396,0.92081,-1.07738,-0.22045,-0.24832,1.1029,0.704,0.80672,-0.22454,-0.9666,-0.1838,-0.17764,-0.21124,-1.58406,-0.24955,2.02867,-0.19169,-1.01935,-0.11703,-0.75649,-0.37589,0.34274,-0.28071,-0.21525,1.58881,-0.30461,-0.19193,4.27512,0.02061,-0.13141,-0.23907,-0.24428,-0.59064,1.20378,-1.54619,1.71652,-0.2726,-0.10657,2.11698,-1.02845,-1.32664,-0.93526,-0.94415,-0.4838,-0.61617,1.85918,-0.26272,0.85672,-0.202,0.73019,-0.27646,-0.15406,-0.61526,0
negative7,-0.12453,-0.19626,-0.21715,-0.16513,-0.0915,-0.10818,-0.14012,-0.12467,-0.21439,-0.18816,-0.24143,-0.13765,-0.20814,-0.20684,0.875,-0.51986,1.16414,1.75961,1.68823,-1.07738,-0.22045,-0.24832,-0.02006,0.43449,1.6076,-0.22454,-0.31235,-0.1838,-0.17764,-0.21124,0.14275,-0.24955,-0.16218,-0.19169,0.90678,-0.11703,-0.75649,-1.08732,-0.77343,-0.28071,-0.21525,-0.34772,-0.30461,4.59684,-0.2232,-0.01481,0.90287,-0.23907,-0.24428,-0.59064,-0.69164,0.11721,-0.05832,-0.2726,-0.10657,0.72863,0.45774,-0.48385,-0.35463,0.23389,-1.1131,-0.04942,-0.68838,-0.26272,-0.74525,-0.202,-1.36951,-0.27646,-0.15406,0.43528,0
negative8,-0.12453,-0.19626,-0.21715,-0.16513,-0.0915,-0.10818,-0.14012,-0.12467,-0.21439,-0.18816,-0.24143,-0.13765,-0.20814,-0.20684,0.35516,-0.51986,0.46361,0.85619,0.92081,0.27327,-0.22045,-0.24832,-0.78082,-2.25022,0.00584,-0.22454,-0.3628,5.93513,-0.17764,-0.21124,-1.01017,-0.24955,-1.2576,-0.19169,1.86985,-0.11703,0.31013,-1.08732,-0.40137,-0.28071,-0.21525,-0.35223,-0.30461,-0.19193,-0.2232,0.67941,-1.54471,-0.23907,-0.24428,1.29008,0.69409,0.30508,0.71346,-0.2726,-0.10657,0.52957,-0.00322,-0.23101,0.22599,-1.37315,-0.72135,0.74076,0.96824,3.50456,-0.74525,-0.202,-1.36951,-0.27646,-0.15406,0.57256,0
negative9,-0.12453,-0.19626,-0.21715,-0.16513,-0.0915,-0.10818,-0.14012,-0.12467,-0.21439,-0.18816,-0.24143,-0.13765,-0.20814,-0.20684,0.35516,1.00583,1.63116,1.40235,2.19984,-0.17695,-0.22045,-0.24832,-0.86663,-0.64367,0.00584,-0.22454,-0.35483,-0.1838,-0.17764,-0.21124,1.32688,-0.24955,-0.16218,5.3648,-0.05628,-0.11703,0.28016,-0.7316,0.34274,-0.28071,-0.21525,0.53895,-0.30461,-0.19193,-0.2232,-1.25119,-0.7843,-0.23907,-0.24428,1.29008,1.04786,0.235,-0.14147,-0.2726,-0.10657,1.68643,0.67092,-0.35743,0.22599,0.11961,0.11473,-0.63708,0.64994,-0.26272,0.05573,-0.202,0.73019,-0.27646,-0.15406,0.43528,0
negative10,-0.14425,-0.20744,-0.22883,-0.18011,-0.11946,-0.13001,-0.14945,-0.13489,-0.24827,-0.19886,-0.27295,-0.17397,-0.26697,-0.24643,-0.29463,-0.51986,-0.17855,1.34486,0.02549,0.49838,-0.25519,-0.26769,-0.84245,0.66578,0.36179,-0.22454,1.4696,-0.1838,-0.19234,-0.27867,-1.80776,3.00321,0.52246,-0.19169,1.86985,-0.13857,-0.75649,1.31375,-0.02932,-0.28071,-0.21525,-0.84581,-0.30461,-0.21571,-0.2232,0.39938,-0.47573,-0.23907,-0.24428,-0.59064,-0.84551,-0.25268,0.15564,2.88319,-0.10657,-0.29147,0.21923,2.17095,-0.66023,-0.86961,-1.78124,-0.2199,-0.94772,-0.31883,-0.84538,-0.202,0.73019,2.74536,-0.18643,-1.11989,0
negative11,-0.12453,-0.19626,-0.21715,-0.16513,-0.0915,-0.10818,-0.14012,-0.12467,3.19751,-0.18816,-0.24143,-0.13765,-0.20814,-0.20684,3.47418,-0.51986,-1.40448,-0.92396,-1.12564,-1.07738,-0.22045,-0.24832,0.55577,0.10065,0.00584,-0.22454,0.54844,-0.1838,-0.17764,-0.21124,0.46501,-0.24955,-1.2576,-0.19169,-1.01935,-0.11703,0.40114,0.33553,-0.77343,-0.28071,-0.21525,2.13123,-0.30461,-0.19193,-0.2232,0.86199,-0.27787,-0.23907,-0.24428,-0.59064,1.02404,-1.11899,0.13264,-0.2726,-0.10657,-2.59864,0.00051,-1.41092,3.12911,-0.85274,0.65844,-0.14869,1.03771,7.27183,0.05573,-0.202,-1.36951,-0.27646,-0.15406,-1.30852,0
negative12,-0.14425,-0.20744,-0.22883,-0.18011,-0.11946,-0.13001,-0.14945,-0.13489,-0.24827,-0.19886,-0.27295,-0.17397,-0.26697,-0.24643,-1.07439,1.41942,-0.00342,1.79657,0.4092,0.49838,-0.25519,-0.26769,0.48873,0.01277,-0.21662,-0.22454,-0.18898,-0.1838,-0.19234,-0.27867,-1.13706,-0.29244,0.52246,-0.19169,-1.01935,-0.13857,0.41113,-0.82053,-0.86644,-0.28071,2.47062,0.14863,2.22944,-0.21571,-0.2232,0.20635,0.58887,-0.23907,-0.24428,0.66317,-0.08222,0.04397,-0.65103,-0.28176,-0.10657,-1.076,-0.78681,1.03318,-0.66023,0.36862,-1.06864,1.14346,-0.9832,-0.31883,-0.54501,-0.202,0.73019,-0.35722,-0.18643,-0.85017,0
negative13,-0.12453,-0.19626,-0.21715,-0.16513,-0.0915,-0.10818,-0.14012,-0.12467,-0.21439,-0.18816,-0.24143,-0.13765,-0.20814,-0.20684,0.875,-0.51986,1.63116,0.85619,2.19984,-0.62717,-0.22045,-0.24832,1.60263,0.60578,1.6076,-0.22454,0.43809,-0.1838,-0.17764,-0.21124,0.1942,-0.24955,0.38553,-0.19169,-1.01935,-0.11703,-0.75649,0.69125,-0.77343,-0.28071,-0.21525,-1.11577,-0.30461,-0.19193,4.27512,0.26249,1.45097,-0.23907,-0.24428,-0.59064,2.45824,-0.50864,-1.16595,-0.2726,-0.10657,-0.0064,-0.79972,-0.73669,0.22599,0.91792,0.53901,0.47734,-0.12866,-0.26272,0.85672,-0.202,-1.36951,-0.27646,-0.15406,-1.13775,0
negative14,-0.12453,-0.19626,-0.21715,-0.16513,-0.0915,-0.10818,-0.14012,-0.12467,-0.21439,-0.18816,-0.24143,-0.13765,-0.20814,-0.20684,-1.20435,-0.51986,0.23009,0.02874,-0.61402,0.72349,-0.22045,-0.24832,-0.29967,0.90825,-0.79504,-0.22454,1.16916,-0.1838,-0.17764,-0.21124,-0.59499,-0.24955,0.93324,-0.19169,0.90678,-0.11703,-0.75649,-0.37589,0.71479,-0.28071,-0.21525,-0.75232,3.20408,-0.19193,-0.2232,-0.44066,-0.33808,-0.23907,-0.24428,1.29008,0.41324,-1.78501,1.39232,-0.2726,-0.10657,-1.57722,-0.03569,-0.10459,-0.93526,-1.33131,-0.64737,-0.509,-1.55824,-0.26272,-0.74525,-0.202,0.73019,-0.27646,-0.15406,-0.71162,0
negative15,-0.12453,-0.19626,-0.21715,-0.16513,-0.0915,-0.10818,-0.14012,-0.12467,-0.21439,-0.18816,-0.24143,-0.13765,5.05746,-0.20684,0.35516,1.25261,0.23009,-0.92396,0.665,0.27327,-0.22045,-0.24832,1.33983,-0.8199,0.80672,-0.22454,0.45469,-0.1838,-0.17764,-0.21124,-0.99058,-0.24955,0.38553,-0.19169,-0.05628,-0.11703,0.39865,2.1141,0.34274,-0.28071,-0.21525,-1.17061,-0.30461,-0.19193,-0.2232,0.94223,-0.50873,-0.23907,-0.24428,-0.59064,1.02818,0.82857,0.36038,-0.2726,-0.10657,-0.8993,0.30392,-0.31529,-0.93526,1.00228,-1.19023,0.23275,-0.40392,-0.26272,-0.34476,-0.202,-1.36951,-0.27646,-0.15406,0.26758,0
negative16,-0.12453,-0.19626,-0.21715,-0.16513,-0.0915,-0.10818,-0.14012,-0.12467,-0.21439,-0.18816,-0.24143,-0.13765,-0.20814,-0.20684,0.875,-0.51986,-1.40448,1.75961,-1.12564,-2.42804,-0.22045,-0.24832,0.7527,1.19171,-0.79504,-0.22454,-0.9666,-0.1838,-0.17764,4.31533,3.03924,-0.24955,-2.35302,-0.19169,-1.01935,-0.11703,-0.75649,-0.37589,0.34274,-0.28071,-0.21525,1.5621,-0.30461,-0.19193,-0.2232,-0.74176,0.56507,-0.23907,-0.24428,-0.59064,1.23725,0.27938,-2.01046,-0.2726,-0.10657,1.36434,-1.00569,-0.90525,0.22599,-0.01574,2.59111,-0.85646,0.30615,-0.26272,1.25721,-0.202,0.73019,-0.27646,-0.15406,-0.45806,0
negative17,-0.12453,-0.19626,-0.21715,-0.16513,-0.0915,-0.10818,-0.14012,-0.12467,-0.21439,-0.18816,-0.24143,-0.13765,-0.20814,-0.20684,-0.16467,-0.51986,-0.23693,0.66319,0.15339,-0.62717,-0.22045,-0.24832,-0.10178,0.28587,0.00584,-0.22454,-0.9666,-0.1838,-0.17764,-0.21124,0.19499,-0.24955,-0.16218,-0.19169,0.90678,-0.11703,0.31602,-1.08732,-0.77343,-0.28071,-0.21525,0.54834,-0.30461,-0.19193,-0.2232,0.62082,-0.36557,-0.23907,-0.24428,-0.59064,0.01507,2.09524,0.37008,-0.2726,-0.10657,0.14391,0.12953,-0.18887,0.22599,-0.69564,0.89704,0.22083,1.34612,-0.26272,1.25721,-0.202,0.73019,-0.27646,-0.15406,0.9208,0
negative18,-0.12453,-0.19626,-0.21715,-0.16513,-0.0915,-0.10818,-0.14012,-0.12467,-0.21439,-0.18816,-0.24143,-0.13765,-0.20814,-0.20684,-0.68451,-0.51986,-0.70395,0.44554,-0.35822,-1.5276,-0.22045,-0.24832,0.88017,-0.21739,1.6076,-0.22454,-0.9666,-0.1838,-0.17764,-0.21124,1.08745,-0.24955,-0.16218,-0.19169,-1.01935,-0.11703,-0.75649,-0.37589,-0.77343,-0.28071,-0.21525,-0.2452,-0.30461,-0.19193,-0.2232,-1.23279,2.17771,-0.23907,-0.24428,1.29008,1.66926,-0.95869,-1.14038,-0.2726,-0.10657,0.48905,-0.89762,-0.35743,-0.93526,1.54601,0.67431,1.0588,0.84327,-0.26272,4.46115,-0.202,0.73019,-0.27646,-0.15406,-0.61805,0
negative19,-0.12453,-0.19626,-0.21715,-0.16513,-0.0915,-0.10818,-0.14012,-0.12467,3.19751,-0.18816,-0.24143,-0.13765,-0.20814,-0.20684,-0.16467,-0.51986,1.16414,-0.92396,-0.61402,-1.07738,-0.22045,-0.24832,0.36692,-0.07542,-0.79504,-0.22454,-0.17124,-0.1838,-0.17764,4.31533,-0.92256,-0.24955,0.38553,-0.19169,-0.05628,-0.11703,-0.75649,-0.02018,0.71479,-0.28071,-0.21525,1.21539,-0.30461,-0.19193,-0.2232,0.72014,0.37111,-0.23907,3.73903,-0.59064,-1.98203,0.3376,0.21261,-0.2726,-0.10657,0.04029,1.00983,-0.39957,-0.93526,0.57673,0.85316,0.75008,-0.10209,-0.26272,2.85918,-0.202,0.73019,-0.27646,-0.15406,-0.47625,0
negative20,-0.11095,-0.18856,-0.2091,-0.15482,-0.07225,9.82616,-0.13369,-0.11764,-0.19106,-0.18079,-0.21972,-0.11264,-0.16763,-0.17958,0.35516,-0.51986,1.5144,0.18889,-0.48612,-1.18994,-0.19653,-0.23498,0.56293,-0.72497,1.28725,-0.22454,-0.9666,-0.1838,-0.16751,-0.16481,-0.09347,-0.22001,-0.29911,-0.19169,-1.01935,-0.1022,0.29874,0.06875,-0.68042,-0.28071,-0.21525,0.95841,-0.30461,-0.17555,-0.2232,-0.67492,0.08129,-0.23907,-0.24428,-0.59064,0.70359,0.35265,-0.14253,-0.2663,-0.10657,0.91191,0.96025,-1.41092,-0.77691,0.65397,-0.96312,-1.23191,0.18492,-0.22407,-0.64513,-0.202,-1.36951,-0.22085,-0.13176,0.12522,0
negative21,-0.14425,-0.20744,-0.22883,-0.18011,-0.11946,-0.13001,-0.14945,-0.13489,-0.24827,-0.19886,-0.27295,-0.17397,-0.26697,-0.24643,1.26488,-0.51986,0.52198,0.65292,-0.35822,-1.18994,-0.25519,-0.26769,0.76503,-0.05538,-0.21662,-0.22454,-0.36687,-0.1838,-0.19234,3.60692,0.68414,-0.29244,0.52246,-0.19169,-1.01935,-0.13857,0.36434,-0.28696,-0.86644,-0.28071,-0.21525,1.58921,-0.30461,-0.21571,-0.2232,0.57195,-0.15309,-0.23907,-0.24428,1.91698,-0.1609,0.23731,0.17163,-0.28176,-0.10657,0.27311,-0.29584,0.35894,0.62326,-0.35395,0.83813,0.45945,-1.10852,-0.31883,-0.54501,-0.202,0.73019,-0.35722,-0.18643,0.03096,0
negative22,-0.12453,-0.19626,-0.21715,-0.16513,-0.0915,-0.10818,-0.14012,-0.12467,-0.21439,-0.18816,-0.24143,-0.13765,-0.20814,-0.20684,-1.20435,-0.51986,-0.00342,-0.92396,0.4092,-0.62717,-0.22045,-0.24832,-0.80548,-1.39236,-0.79504,-0.22454,-0.36361,-0.1838,-0.17764,-0.21124,0.44784,-0.24955,0.38553,-0.19169,-0.05628,-0.11703,0.32046,1.04696,2.20302,-0.28071,-0.21525,0.32683,-0.30461,-0.19193,-0.2232,-0.84576,0.84841,-0.23907,7.72233,1.29008,-0.67993,1.1222,0.10064,-0.2726,-0.10657,2.27482,0.65732,0.14824,0.22599,0.98166,1.8984,-0.90182,1.24553,-0.26272,-0.34476,-0.202,0.73019,-0.27646,-0.15406,-1.4899,0
negative23,-0.13671,-0.20317,-0.22436,-0.17438,-0.10878,-0.12167,-0.14589,-0.13098,-0.23533,-0.19477,-0.26091,-0.16009,-0.24449,-0.2313,1.65475,-0.51986,0.34685,1.41467,0.79291,-0.25198,-0.24192,-0.26029,0.95233,-0.50512,3.10924,-0.22454,-0.9666,-0.1838,-0.18672,7.96269,0.81313,-0.27606,-1.8966,-0.19169,-1.01935,-0.13034,-0.75649,-0.07946,-0.21535,-0.28071,-0.21525,-0.64299,-0.30461,-0.20662,-0.2232,2.02536,-0.12922,-0.23907,-0.24428,-0.59064,-0.21847,-0.25978,-1.28236,-0.27826,-0.10657,0.46599,-0.58539,-0.44171,0.87492,0.50118,1.64803,1.93301,-0.34343,-0.2974,-0.812,-0.202,-1.36951,-0.32637,-0.17406,-0.25064,0
negative24,-0.15139,-0.2115,-0.23306,4.73939,-0.12959,-0.13792,-0.15284,-0.13859,-0.26055,-0.20274,-0.28438,-0.18713,-0.28828,-0.26077,-0.82628,1.86183,0.18764,1.69801,0.61849,0.80535,-0.26778,-0.2747,0.07372,-0.96549,-0.27447,-0.22454,0.46592,-0.1838,-0.19766,-0.3031,0.36908,-0.30799,-0.11239,-0.19169,1.6072,-0.14637,-0.75649,-1.66939,-0.63814,-0.28071,-0.21525,-0.99452,-0.30461,-0.22432,-0.2232,0.37343,0.10712,-0.23907,-0.24428,-0.59064,0.74421,1.56551,-0.0996,-0.28507,-0.10657,1.20921,0.45945,2.88732,-0.74172,1.58682,1.16433,0.43505,0.68129,-0.33917,-0.87268,-0.202,-1.36951,-0.38649,-0.19816,1.52611,0
negative25,-0.14425,-0.20744,-0.22883,-0.18011,-0.11946,-0.13001,-0.14945,-0.13489,2.68049,-0.19886,-0.27295,-0.17397,-0.26697,-0.24643,-0.68451,-0.51986,-0.00342,-0.92396,0.4092,0.83604,-0.25519,-0.26769,-0.04587,0.87351,-0.21662,-0.22454,-0.02737,-0.1838,-0.19234,-0.27867,-0.53408,-0.29244,-0.70989,-0.19169,-1.01935,-0.13857,4.10353,-0.55375,-0.5874,-0.28071,-0.21525,0.93963,-0.30461,-0.21571,-0.2232,-0.11056,-2.4144,-0.23907,-0.24428,-0.59064,-0.44912,0.99369,1.91599,-0.28176,-0.10657,1.1804,0.56927,1.83383,0.19543,-0.56457,-0.40535,0.11396,2.52108,-0.31883,-0.24464,-0.202,0.73019,-0.35722,-0.18643,0.75414,0
negative26,-0.12453,-0.19626,-0.21715,-0.16513,-0.0915,-0.10818,-0.14012,-0.12467,-0.21439,-0.18816,-0.24143,-0.13765,-0.20814,-0.20684,-0.16467,1.22541,-0.23693,-0.92396,0.15339,-0.17695,-0.22045,-0.24832,-0.61089,-0.48938,-0.79504,-0.22454,-0.9666,-0.1838,-0.17764,-0.21124,-0.80545,-0.24955,0.38553,-0.19169,-0.05628,-0.11703,0.32929,1.04696,1.45891,-0.28071,-0.21525,1.57736,-0.30461,-0.19193,-0.2232,-1.57951,-0.67259,-0.23907,-0.24428,-0.59064,-1.01473,0.57283,-0.0889,-0.2726,-0.10657,-0.94931,-1.1161,-0.39957,0.22599,-0.18168,-0.65164,-0.2569,1.03001,-0.26272,-0.74525,-0.202,0.73019,-0.27646,-0.15406,-0.83065,0
negative27,-0.12453,-0.19626,-0.21715,-0.16513,-0.0915,-0.10818,-0.14012,-0.12467,-0.21439,-0.18816,3.99133,-0.13765,-0.20814,-0.20684,0.35516,-0.51986,0.93063,1.40235,1.43242,-0.62717,-0.22045,-0.24832,-0.94449,0.6325,0.00584,-0.22454,-0.35727,-0.1838,-0.17764,-0.21124,-1.06513,-0.24955,-0.16218,-0.19169,-0.05628,-0.11703,0.3002,-0.7316,-0.77343,4.20706,-0.21525,0.1881,-0.30461,-0.19193,-0.2232,0.25933,0.41825,-0.23907,-0.24428,1.29008,1.49246,-1.47638,0.42199,-0.2726,-0.10657,-1.05564,-1.40163,-0.31529,-0.35463,-0.20561,0.89002,-0.23885,-1.75404,-0.26272,0.05573,-0.202,-1.36951,-0.27646,-0.15406,0.74538,0
negative28,-0.12453,-0.19626,-0.21715,-0.16513,-0.0915,-0.10818,-0.14012,-0.12467,-0.21439,-0.18816,3.99133,-0.13765,-0.20814,-0.20684,-0.68451,-0.51986,0.23009,-0.92396,-0.61402,0.27327,-0.22045,-0.24832,-0.96018,-0.9791,-0.79504,-0.22454,-0.31528,-0.1838,-0.17764,-0.21124,0.07673,-0.24955,0.38553,-0.19169,-0.05628,-0.11703,0.34424,-0.7316,-0.77343,-0.28071,-0.21525,-1.06099,-0.30461,-0.19193,-0.2232,-0.51453,-0.29592,4.68535,-0.24428,1.29008,2.06408,0.56165,0.24865,-0.2726,-0.10657,-0.32767,0.46342,-0.06245,-0.93526,0.24184,0.27837,-1.90168,-0.5629,-0.26272,0.05573,-0.202,-1.36951,-0.27646,-0.15406,0.57256,0
negative29,-0.12453,4.30927,-0.21715,-0.16513,-0.0915,-0.10818,-0.14012,-0.12467,-0.21439,-0.18816,-0.24143,-0.13765,-0.20814,-0.20684,0.875,-0.51986,-0.00342,-0.92396,0.4092,-0.17695,4.44426,-0.24832,-0.49222,3.32563,-0.79504,-0.22454,0.24133,-0.1838,-0.17764,-0.21124,1.02971,-0.24955,-0.70989,-0.19169,0.90678,-0.11703,-0.75649,0.33553,-0.02932,-0.28071,-0.21525,1.29454,-0.30461,-0.19193,-0.2232,-1.17417,-0.44568,-0.23907,-0.24428,-0.59064,-0.25017,-0.09895,-0.5779,-0.2726,-0.10657,-1.04973,0.64095,-0.61027,0.22599,0.43801,1.09314,0.9785,0.16224,3.50456,0.45622,-0.202,0.73019,-0.27646,-0.15406,1.11204,0
negative30,-0.12453,-0.19626,-0.21715,-0.16513,-0.0915,-0.10818,-0.14012,-0.12467,-0.21439,-0.18816,-0.24143,-0.13765,-0.20814,-0.20684,1.39484,-0.51986,0.93063,1.10258,-0.61402,-1.97782,-0.22045,-0.24832,1.79324,-1.90879,-0.79504,-0.22454,-0.9666,-0.1838,-0.17764,-0.21124,3.23526,-0.24955,0.38553,-0.19169,-1.01935,-0.11703,-0.75649,-0.7316,0.34274,-0.28071,-0.21525,0.14982,-0.30461,-0.19193,-0.2232,1.24593,1.49572,-0.23907,-0.24428,1.29008,2.22858,-1.00278,-0.82603,-0.2726,-0.10657,-1.13775,0.80662,-1.0738,0.22599,1.81874,-0.917,0.17606,-1.19602,-0.26272,-0.74525,-0.202,0.73019,-0.27646,-0.15406,0.81036,0
negative31,-0.12453,-0.19626,-0.21715,-0.16513,-0.0915,-0.10818,-0.14012,-0.12467,-0.21439,-0.18816,-0.24143,-0.13765,-0.20814,-0.20684,-0.16467,-0.51986,0.46361,0.44554,0.15339,-0.17695,-0.22045,-0.24832,-0.61964,-1.16765,0.00584,-0.22454,-0.9666,-0.1838,-0.17764,-0.21124,1.68831,-0.24955,-0.16218,-0.19169,-1.01935,-0.11703,0.29694,-1.79874,-0.77343,-0.28071,-0.21525,-0.90363,-0.30461,-0.19193,-0.2232,-0.38116,-0.17861,4.68535,-0.24428,-0.59064,-1.5746,-0.14904,-0.56507,-0.2726,-0.10657,-1.42085,-0.91167,-0.56813,-0.35463,0.15268,1.17315,0.75274,-0.31272,-0.26272,-0.74525,-0.202,-1.36951,-0.27646,-0.15406,0.79377,0
negative32,-0.12453,-0.19626,-0.21715,-0.16513,-0.0915,-0.10818,-0.14012,-0.12467,-0.21439,-0.18816,-0.24143,-0.13765,-0.20814,-0.20684,0.875,-0.51986,-1.40448,-0.92396,-1.12564,0.72349,-0.22045,-0.24832,0.35697,-0.39272,0.00584,-0.22454,0.35362,-0.1838,-0.17764,4.31533,0.4667,-0.24955,-1.2576,-0.19169,-1.01935,-0.11703,0.40905,-0.7316,-0.77343,-0.28071,-0.21525,-1.3719,-0.30461,4.59684,-0.2232,0.0406,0.36245,-0.23907,-0.24428,-0.59064,-0.02209,0.16773,-0.12062,-0.2726,-0.10657,-0.24037,0.52992,-0.82097,1.38724,-0.25135,-0.20021,-0.03173,-1.09759,-0.26272,0.05573,5.03431,0.73019,3.33793,-0.15406,-0.75443,0
negative33,-0.12453,-0.19626,-0.21715,-0.16513,-0.0915,-0.10818,-0.14012,-0.12467,-0.21439,-0.18816,-0.24143,-0.13765,-0.20814,-0.20684,-0.68451,3.27793,-1.40448,0.4168,-1.12564,2.07414,-0.22045,-0.24832,-1.03679,-0.62571,0.00584,-0.22454,0.55625,-0.1838,-0.17764,-0.21124,1.08975,-0.24955,0.38553,-0.19169,0.90678,-0.11703,-0.75649,1.04696,2.20302,-0.28071,-0.21525,-1.90402,3.20408,-0.19193,-0.2232,-0.13964,0.10692,-0.23907,-0.24428,-0.59064,0.08912,-0.59344,-0.33249,3.41445,-0.10657,-0.62547,0.66498,-0.14673,-0.35463,1.28566,-0.11042,-0.2016,0.10799,-0.26272,-0.34476,-0.202,0.73019,-0.27646,-0.15406,2.34246,0
negative34,-0.12453,-0.19626,-0.21715,-0.16513,-0.0915,-0.10818,-0.14012,-0.12467,3.19751,-0.18816,-0.24143,-0.13765,-0.20814,-0.20684,1.91467,-0.51986,-0.47044,-0.92396,-0.10241,-1.97782,-0.22045,-0.24832,2.09838,0.14625,0.00584,-0.22454,-0.07522,-0.1838,-0.17764,-0.21124,-1.14361,-0.24955,0.38553,-0.19169,-1.01935,-0.11703,-0.75649,-0.02018,-0.77343,-0.28071,-0.21525,2.98249,-0.30461,-0.19193,-0.2232,4.64129,0.14408,-0.23907,-0.24428,-0.59064,1.13298,-0.51122,-0.42036,-0.2726,-0.10657,2.23064,-1.48998,-1.53734,0.22599,-0.73471,-0.22205,1.5891,1.10626,-0.26272,3.25967,-0.202,0.73019,3.33793,-0.15406,-1.62595,0
negative35,-0.12453,-0.19626,-0.21715,-0.16513,-0.0915,-0.10818,-0.14012,-0.12467,-0.21439,-0.18816,-0.24143,-0.13765,-0.20814,-0.20684,0.875,-0.51986,0.46361,-0.92396,0.92081,-0.62717,-0.22045,-0.24832,0.81942,-1.31718,1.6076,4.6674,-0.9666,-0.1838,-0.17764,-0.21124,0.24693,-0.24955,-1.2576,-0.19169,-1.01935,-0.11703,0.38461,0.33553,-0.40137,-0.28071,-0.21525,0.01422,-0.30461,-0.19193,4.27512,0.60233,-0.72342,-0.23907,-0.24428,-0.59064,0.14135,-0.02378,0.58562,-0.2726,-0.10657,0.25674,-0.98779,-1.2845,1.38724,-0.34568,-1.10778,1.00041,-1.37324,-0.26272,0.45622,-0.202,-1.36951,-0.27646,-0.15406,-0.61805,0
negative36,-0.12453,-0.19626,-0.21715,-0.16513,-0.0915,-0.10818,-0.14012,-0.12467,-0.21439,-0.18816,-0.24143,-0.13765,-0.20814,-0.20684,-0.16467,-0.51986,-0.23693,-0.92396,-0.86983,-1.07738,-0.22045,-0.24832,-0.78917,1.35534,-0.79504,-0.22454,0.40945,-0.1838,-0.17764,-0.21124,-0.73236,-0.24955,0.93324,-0.19169,-1.01935,-0.11703,0.33974,-1.08732,-0.02932,-0.28071,-0.21525,-0.15282,-0.30461,-0.19193,-0.2232,-0.00942,1.43204,-0.23907,-0.24428,-0.59064,-0.37206,-2.80891,0.63652,-0.2726,-0.10657,-0.24474,0.97096,0.10611,-0.35463,3.10603,-1.99162,0.44699,0.84637,-0.26272,1.6577,-0.202,0.73019,-0.27646,-0.15406,-0.32482,0
negative37,-0.13671,-0.20317,-0.22436,-0.17438,-0.10878,-0.12167,-0.14589,-0.13098,-0.23533,-0.19477,-0.26091,-0.16009,-0.24449,-0.2313,-0.07803,-0.51986,-1.40448,-0.92396,-1.12564,-0.62717,-0.24192,-0.26029,2.14891,1.20139,2.45853,3.61913,0.85392,-0.1838,-0.18672,-0.25291,-2.81291,-0.27606,0.38553,-0.19169,-1.01935,-0.13034,0.50793,0.80982,0.71479,-0.28071,-0.21525,0.66988,-0.30461,-0.20662,3.37545,1.16755,1.27573,-0.23907,-0.24428,-0.59064,0.15637,0.9315,-0.26278,-0.27826,-0.10657,-0.70158,-0.94488,0.3168,1.35308,0.36171,-2.67104,0.93089,-1.29129,-0.2974,-0.812,-0.202,0.73019,-0.32637,2.78453,-0.76713,0
negative38,-0.12453,-0.19626,-0.21715,-0.16513,-0.0915,-0.10818,-0.14012,-0.12467,-0.21439,-0.18816,-0.24143,-0.13765,-0.20814,-0.20684,0.35516,-0.51986,-0.47044,0.44554,-0.61402,-0.62717,-0.22045,-0.24832,-0.77155,0.51455,-0.79504,-0.22454,-0.9666,-0.1838,-0.17764,-0.21124,1.28377,-0.24955,-0.70989,-0.19169,1.86985,-0.11703,-0.75649,1.40267,-0.02932,-0.28071,-0.21525,-0.10765,-0.30461,-0.19193,-0.2232,0.15962,-0.40424,-0.23907,3.73903,-0.59064,0.60607,-1.21015,-0.06851,-0.2726,-0.10657,0.344,0.69449,-0.52599,0.80661,-0.34621,-0.11915,1.76528,0.93263,-0.26272,-0.74525,-0.202,0.73019,-0.27646,-0.15406,-1.17124,0
negative39,-0.12453,-0.19626,-0.21715,-0.16513,-0.0915,-0.10818,-0.14012,-0.12467,-0.21439,-0.18816,-0.24143,-0.13765,-0.20814,-0.20684,-0.68451,-0.51986,0.23009,0.4168,-0.35822,-0.17695,-0.22045,-0.24832,-1.86984,-1.61235,-0.79504,-0.22454,-0.31544,-0.1838,-0.17764,-0.21124,0.24783,3.58977,0.93324,-0.19169,-1.01935,-0.11703,1.42202,2.46981,3.69124,-0.28071,-0.21525,0.23088,-0.30461,-0.19193,-0.2232,0.94055,-0.13121,-0.23907,-0.24428,1.29008,-0.83096,-0.45436,0.87398,-0.2726,-0.10657,-1.75146,2.39959,0.06397,0.22599,0.88185,1.64176,-1.52902,-0.28278,-0.26272,-0.74525,-0.202,0.73019,-0.27646,-0.15406,1.96475,0
negative40,-0.12453,-0.19626,-0.21715,-0.16513,-0.0915,8.68434,-0.14012,-0.12467,-0.21439,-0.18816,-0.24143,-0.13765,2.42466,-0.20684,1.39484,-0.51986,-0.70395,0.44554,-0.35822,-1.97782,-0.22045,-0.24832,1.96584,-0.96467,0.80672,-0.22454,-0.20705,-0.1838,-0.17764,4.31533,-1.34476,-0.24955,0.38553,-0.19169,-0.05628,-0.11703,-0.75649,0.33553,0.71479,-0.28071,-0.21525,0.66287,-0.30461,-0.19193,-0.2232,-0.16002,1.28074,-0.23907,-0.24428,1.29008,1.38838,-0.84672,-0.51132,-0.2726,-0.10657,1.97157,-0.38434,-0.65241,-0.35463,0.91987,0.36947,0.09292,-1.13358,-0.26272,0.45622,-0.202,-1.36951,-0.27646,-0.15406,-1.30852,0
negative41,-0.12453,-0.19626,-0.21715,-0.16513,-0.0915,-0.10818,-0.14012,-0.12467,-0.21439,-0.18816,-0.24143,-0.13765,-0.20814,-0.20684,-0.68451,4.0081,-0.70395,0.44554,-0.35822,0.72349,-0.22045,-0.24832,0.31662,-0.40162,2.40848,-0.22454,-0.05878,-0.1838,-0.17764,-0.21124,-0.10453,-0.24955,0.38553,-0.19169,-0.05628,-0.11703,-0.75649,0.69125,1.45891,-0.28071,5.1565,-1.36473,-0.30461,-0.19193,-0.2232,0.38451,-0.03094,-0.23907,-0.24428,-0.59064,-0.77165,-0.2695,0.05033,-0.2726,-0.10657,0.49902,0.20133,-0.35743,-0.35463,1.14723,-0.69014,0.65664,1.8216,-0.26272,-0.74525,-0.202,0.73019,-0.27646,-0.15406,-0.46917,0
negative42,-0.12453,4.30927,-0.21715,-0.16513,-0.0915,-0.10818,-0.14012,-0.12467,-0.21439,-0.18816,-0.24143,-0.13765,-0.20814,-0.20684,-0.16467,-0.51986,-0.00342,0.44554,0.15339,0.27327,-0.22045,-0.24832,-0.49665,-0.19486,-0.79504,-0.22454,1.13059,-0.1838,-0.17764,-0.21124,-0.23519,3.58977,0.93324,-0.19169,0.90678,-0.11703,-0.75649,-0.7316,0.34274,-0.28071,2.47062,-0.56927,3.20408,-0.19193,-0.2232,-1.37673,0.43588,-0.23907,3.73903,-0.59064,-0.17517,0.04035,0.13514,-0.2726,-0.10657,0.66049,0.37265,-0.02031,0.22599,0.9042,-1.33924,-1.12162,-1.91336,-0.26272,-0.74525,-0.202,0.73019,-0.27646,-0.15406,1.78793,0
negative43,-0.12453,-0.19626,-0.21715,-0.16513,-0.0915,-0.10818,-0.14012,-0.12467,-0.21439,-0.18816,-0.24143,-0.13765,-0.20814,-0.20684,-0.16467,-0.51986,-0.47044,-0.92396,-0.10241,-1.07738,-0.22045,-0.24832,-2.09086,2.08284,-0.79504,-0.22454,-0.9666,-0.1838,-0.17764,-0.21124,1.08884,-0.24955,-0.70989,-0.19169,-0.05628,-0.11703,1.26711,-1.08732,-0.40137,-0.28071,-0.21525,1.36848,-0.30461,-0.19193,-0.2232,1.25915,-1.25832,-0.23907,-0.24428,3.1708,-1.65802,-0.81053,0.55903,-0.2726,-0.10657,0.0321,-1.60897,-0.39957,0.22599,-0.09365,1.11688,-0.32361,0.93821,-0.26272,1.25721,-0.202,0.73019,-0.27646,-0.15406,1.31654,0
negative44,-0.12453,-0.19626,-0.21715,-0.16513,-0.0915,-0.10818,-0.14012,-0.12467,-0.21439,-0.18816,-0.24143,-0.13765,2.42466,-0.20684,0.875,2.44832,-1.40448,-0.92396,-1.12564,0.27327,-0.22045,-0.24832,2.21005,0.74088,-0.79504,-0.22454,1.41378,-0.1838,-0.17764,-0.21124,-1.91515,-0.24955,0.38553,-0.19169,-1.01935,-0.11703,-0.75649,0.69125,-0.77343,-0.28071,-0.21525,0.95566,-0.30461,-0.19193,4.27512,0.59831,0.04383,-0.23907,-0.24428,-0.59064,0.73814,-0.08131,-1.67998,-0.2726,-0.10657,0.97877,-0.84638,-1.36878,0.80661,-0.93973,-2.05123,0.08182,-0.93158,3.50456,-0.34476,-0.202,0.73019,-0.27646,-0.15406,-1.70381,0
negative45,-0.12453,-0.19626,-0.21715,-0.16513,-0.0915,-0.10818,-0.14012,-0.12467,-0.21439,-0.18816,-0.24143,-0.13765,-0.20814,-0.20684,-0.16467,-0.51986,-0.47044,1.75961,-0.35822,-1.07738,-0.22045,-0.24832,0.62249,-0.2711,0.80672,-0.22454,-0.2562,-0.1838,-0.17764,-0.21124,0.34898,3.58977,0.38553,-0.19169,-1.01935,-0.11703,-0.75649,-0.02018,-0.77343,-0.28071,-0.21525,-0.61023,-0.30461,-0.19193,-0.2232,-0.21675,1.45056,-0.23907,-0.24428,-0.59064,1.25107,-0.76215,0.00889,-0.2726,-0.10657,0.94614,0.16051,-0.65241,-0.93526,0.53324,0.62919,1.79879,-0.14112,-0.26272,2.05819,-0.202,0.73019,-0.27646,-0.15406,-1.07024,0
negative46,-0.12453,-0.19626,-0.21715,-0.16513,-0.0915,-0.10818,-0.14012,-0.12467,3.19751,-0.18816,-0.24143,-0.13765,-0.20814,-0.20684,0.35516,1.65726,0.69712,0.02874,1.17662,-0.17695,-0.22045,-0.24832,0.53417,0.92235,1.6076,-0.22454,0.77938,-0.1838,-0.17764,-0.21124,-0.25478,-0.24955,0.93324,-0.19169,-1.01935,-0.11703,-0.75649,-0.02018,0.71479,-0.28071,-0.21525,-0.47091,-0.30461,-0.19193,-0.2232,-0.76929,1.29574,-0.23907,-0.24428,-0.59064,0.83767,-0.02194,-1.06489,-0.2726,-0.10657,0.10065,-0.6668,-0.48385,0.80661,0.65067,0.8809,-0.93708,-1.27196,-0.26272,0.45622,-0.202,-1.36951,-0.27646,-0.15406,-0.56563,0
negative47,-0.12453,-0.19626,-0.21715,-0.16513,-0.0915,-0.10818,-0.14012,-0.12467,-0.21439,-0.18816,-0.24143,-0.13765,2.42466,-0.20684,1.39484,1.81474,0.23009,-0.92396,0.665,-0.17695,-0.22045,-0.24832,2.30996,-0.03067,1.6076,-0.22454,-0.03047,-0.1838,-0.17764,-0.21124,-1.32735,-0.24955,-0.70989,-0.19169,-1.01935,-0.11703,-0.75649,-0.02018,-0.77343,-0.28071,-0.21525,-0.55574,-0.30461,-0.19193,-0.2232,-0.57524,0.31356,-0.23907,-0.24428,-0.59064,-1.21618,-0.25318,-1.19213,-0.2726,-0.10657,-0.82464,0.42606,-1.32664,1.38724,0.60448,-0.90224,-0.51684,-1.85856,-0.26272,-0.34476,-0.202,0.73019,-0.27646,-0.15406,-0.56563,0
negative48,-0.14425,-0.20744,-0.22883,-0.18011,9.54803,-0.13001,-0.14945,-0.13489,2.68049,-0.19886,-0.27295,-0.17397,-0.26697,-0.24643,0.875,2.48769,-1.40448,0.93421,-1.12564,0.49838,-0.25519,-0.26769,-0.85798,-0.25829,0.36179,-0.22454,-0.36361,-0.1838,-0.19234,-0.27867,-0.36679,-0.29244,-0.70989,-0.19169,0.42525,-0.13857,0.38242,-0.55375,-0.86644,-0.28071,-0.21525,0.60702,-0.30461,-0.21571,-0.2232,0.87039,-1.1037,-0.23907,-0.24428,-0.59064,1.66407,-1.23903,-0.50389,-0.28176,-0.10657,0.40245,-0.29725,0.5275,1.47892,-1.29951,-0.43676,0.77152,-0.97945,-0.31883,-0.24464,-0.202,0.73019,2.74536,-0.18643,1.27418,0
negative49,-0.12453,-0.19626,-0.21715,-0.16513,-0.0915,-0.10818,-0.14012,-0.12467,-0.21439,-0.18816,-0.24143,7.1771,-0.20814,-0.20684,-0.68451,-0.51986,0.23009,0.52767,0.665,-0.62717,-0.22045,-0.24832,1.26652,0.19615,0.00584,-0.22454,-0.9666,-0.1838,-0.17764,-0.21124,0.84416,-0.24955,-0.70989,-0.19169,-1.01935,-0.11703,-0.75649,-1.08732,-0.77343,-0.28071,-0.21525,0.00042,-0.30461,-0.19193,-0.2232,-0.02578,1.55359,-0.23907,-0.24428,1.29008,-1.59244,0.30264,-1.518,-0.2726,-0.10657,-0.67117,-1.7119,-0.77883,-0.35463,1.04847,0.32165,-0.7598,-0.91687,-0.26272,0.05573,-0.202,0.73019,-0.27646,-0.15406,-0.42128,0
negative50,-0.12453,-0.19626,-0.21715,-0.16513,-0.0915,-0.10818,-0.14012,-0.12467,3.19751,4.12343,-0.24143,-0.13765,2.42466,-0.20684,2.95434,1.41009,-0.47044,0.4168,-0.10241,-1.5276,-0.22045,-0.24832,2.43738,0.10664,2.40848,-0.22454,-0.9666,-0.1838,5.74403,-0.21124,-0.58072,-0.24955,-0.70989,-0.19169,-1.01935,-0.11703,-0.75649,-0.37589,-0.40137,-0.28071,-0.21525,-1.30943,-0.30461,-0.19193,-0.2232,0.29597,0.42618,-0.23907,-0.24428,1.29008,-0.34316,0.45836,-0.77654,-0.2726,-0.10657,0.38115,-0.16204,-1.32664,-0.35463,2.08029,0.06613,1.70307,0.77716,-0.26272,-0.34476,-0.202,0.73019,-0.27646,3.10616,0.26758,0
negative51,-0.12453,-0.19626,-0.21715,-0.16513,-0.0915,-0.10818,-0.14012,-0.12467,-0.21439,-0.18816,-0.24143,-0.13765,-0.20814,-0.20684,-0.16467,-0.51986,-1.17097,-0.92396,-0.86983,-0.62717,-0.22045,-0.24832,-0.09655,-1.03206,0.00584,-0.22454,-0.9666,-0.1838,-0.17764,-0.21124,-0.21548,-0.24955,-1.2576,-0.19169,-1.01935,-0.11703,1.25867,1.75839,1.45891,1.96317,-0.21525,2.14106,-0.30461,-0.19193,-0.2232,0.10955,-0.37099,-0.23907,3.73903,-0.59064,-0.04598,-1.09531,0.32422,-0.2726,-0.10657,-1.34601,1.02619,-0.56813,0.80661,0.77395,-1.36475,-0.48344,-1.01079,-0.26272,-0.34476,-0.202,0.73019,-0.27646,-0.15406,0.2059,0
negative52,-0.12453,-0.19626,-0.21715,-0.16513,-0.0915,-0.10818,-0.14012,-0.12467,-0.21439,4.12343,-0.24143,-0.13765,-0.20814,-0.20684,-0.16467,-0.51986,-1.17097,1.20319,-0.86983,0.27327,-0.22045,-0.24832,-1.66422,0.62209,-0.79504,-0.22454,-0.9666,-0.1838,-0.17764,-0.21124,0.67396,-0.24955,-1.2576,-0.19169,4.75906,-0.11703,-0.75649,-0.7316,0.34274,-0.28071,-0.21525,-0.71459,-0.30461,-0.19193,-0.2232,-0.22493,-1.7122,-0.23907,-0.24428,-0.59064,1.74124,2.52893,0.98839,3.41445,-0.10657,2.11802,0.66183,0.3168,-0.35463,-1.81842,1.42015,0.85169,0.91165,-0.26272,-0.34476,-0.202,0.73019,-0.27646,-0.15406,2.02222,0
negative53,-0.12453,-0.19626,-0.21715,-0.16513,-0.0915,-0.10818,-0.14012,-0.12467,-0.21439,-0.18816,-0.24143,-0.13765,-0.20814,-0.20684,-0.16467,-0.51986,1.16414,-0.92396,1.68823,-0.17695,-0.22045,-0.24832,1.07522,0.60662,-0.79504,-0.22454,-0.9666,-0.1838,-0.17764,-0.21124,-0.57413,-0.24955,-0.16218,-0.19169,-0.05628,-0.11703,-0.75649,-0.37589,-0.77343,-0.28071,-0.21525,0.46514,-0.30461,-0.19193,-0.2232,0.8788,0.65003,1.4024,-0.24428,1.29008,-0.58636,-0.50756,-1.01411,-0.2726,-0.10657,-1.87368,-0.85837,-1.0738,0.22599,-0.46926,0.02895,-0.15573,-1.87439,-0.26272,2.05819,-0.202,0.73019,-0.27646,-0.15406,1.57346,0
negative54,-0.12453,-0.19626,-0.21715,-0.16513,-0.0915,-0.10818,-0.14012,-0.12467,-0.21439,-0.18816,-0.24143,-0.13765,-0.20814,-0.20684,-0.68451,-0.51986,1.86467,-0.92396,2.45565,-0.17695,-0.22045,-0.24832,2.11332,-0.87651,0.80672,4.6674,-0.20933,-0.1838,-0.17764,-0.21124,-0.3425,-0.24955,-0.70989,-0.19169,-0.05628,-0.11703,-0.75649,0.69125,-0.02932,-0.28071,2.47062,0.60923,3.20408,-0.19193,-0.2232,-0.59128,1.32114,-0.23907,-0.24428,-0.59064,-0.11658,0.10535,-0.96471,-0.2726,-0.10657,1.86327,-0.36549,-0.90525,1.96786,0.3028,-1.15547,0.34913,-0.44448,-0.26272,-0.74525,-0.202,0.73019,-0.27646,-0.15406,0.27087,0
negative55,-0.14787,-0.2095,-0.23097,-0.18285,-0.12459,-0.13402,-0.15117,-0.13676,-0.25449,-0.20083,-0.27874,-0.18063,-0.27776,-0.25369,-1.13008,-0.51986,1.43101,-0.92396,-0.94292,-0.62717,-0.26157,-0.27124,0.88438,-0.29032,-0.79504,-0.22454,0.18502,-0.1838,-0.19503,-0.29104,0.18303,-0.30031,0.77675,-0.19169,-1.01935,-0.14252,-0.75649,0.13227,-0.08247,-0.28071,5.1565,0.80447,-0.30461,-0.22007,-0.2232,-0.85207,1.50126,-0.23907,-0.24428,0.58481,0.29941,-0.45067,-0.79969,-0.28344,-0.10657,-0.27117,-1.62293,1.49671,-0.29657,0.86913,-0.49994,-1.5782,0.47565,-0.32913,1.71492,-0.202,0.73019,-0.37204,-0.19237,-0.62119,0
negative56,-0.12453,-0.19626,-0.21715,-0.16513,-0.0915,-0.10818,-0.14012,-0.12467,-0.21439,-0.18816,3.99133,-0.13765,-0.20814,7.76578,-1.20435,-0.51986,1.63116,-0.92396,2.19984,-0.17695,-0.22045,-0.24832,1.5579,-0.89699,0.80672,-0.22454,-0.04397,-0.1838,-0.17764,-0.21124,-2.3943,-0.24955,-0.16218,-0.19169,-1.01935,-0.11703,0.43296,-0.37589,-0.40137,-0.28071,-0.21525,1.01828,-0.30461,-0.19193,-0.2232,0.35429,1.08147,-0.23907,-0.24428,-0.59064,-0.67358,1.14584,-0.21308,-0.2726,-0.10657,0.47932,0.58731,-0.69455,1.96786,0.95489,-1.63103,-0.44673,-1.14222,-0.26272,-0.74525,-0.202,0.73019,-0.27646,-0.15406,-0.92525,0
negative57,-0.12453,-0.19626,-0.21715,-0.16513,-0.0915,-0.10818,-0.14012,-0.12467,-0.21439,-0.18816,-0.24143,-0.13765,-0.20814,-0.20684,0.35516,1.26965,1.63116,-0.92396,0.15339,-1.07738,-0.22045,-0.24832,-0.45716,2.0039,0.00584,-0.22454,-0.9666,-0.1838,-0.17764,-0.21124,-0.88133,-0.24955,1.48095,-0.19169,-1.01935,-0.11703,0.34619,-0.02018,-0.77343,-0.28071,-0.21525,1.09282,-0.30461,-0.19193,4.27512,1.41295,-0.04735,-0.23907,-0.24428,3.1708,2.05202,-0.38371,-0.53806,-0.2726,-0.10657,1.7442,-0.08636,-0.65241,-0.35463,0.56758,-0.18172,1.6472,1.00024,-0.26272,1.25721,-0.202,0.73019,-0.27646,-0.15406,-0.45806,0
negative58,-0.12453,-0.19626,-0.21715,-0.16513,-0.0915,-0.10818,-0.14012,-0.12467,-0.21439,-0.18816,-0.24143,-0.13765,-0.20814,-0.20684,-1.20435,1.07443,0.23009,-0.92396,0.15339,0.27327,4.44426,-0.24832,-0.67534,0.35783,-0.79504,-0.22454,0.31196,-0.1838,-0.17764,-0.21124,0.42535,-0.24955,1.48095,-0.19169,-0.05628,-0.11703,-0.75649,-1.79874,-0.77343,-0.28071,-0.21525,-0.79411,3.20408,4.59684,-0.2232,-0.23847,1.059,-0.23907,-0.24428,-0.59064,-1.68098,-0.36465,-0.92054,-0.2726,-0.10657,0.04441,0.46022,-0.06245,-1.51588,1.36732,2.1713,0.83475,-1.13428,-0.26272,2.05819,-0.202,0.73019,-0.27646,-0.15406,0.54086,0
negative59,-0.13278,-0.20094,-0.22203,-0.1714,-0.1032,-0.11732,-0.14403,-0.12895,-0.22857,-0.19264,-0.25462,-0.15285,-0.23276,-0.22341,0.96674,-0.51986,1.27402,-0.92396,-0.4485,-2.08376,-0.23499,-0.25643,0.59923,0.78928,-0.10094,-0.22454,-0.9666,-0.1838,5.35542,-0.23946,0.70123,-0.2675,1.0299,-0.19169,-1.01935,-0.12605,0.37147,0.04259,0.16765,-0.28071,-0.21525,1.32305,-0.30461,-0.20188,-0.2232,1.19765,0.30804,-0.23907,-0.24428,0.97662,0.06594,-0.22597,0.06083,-0.27644,-0.10657,-0.18748,-1.37656,0.14824,-1.00784,1.15942,0.17808,1.00115,-0.75427,-0.2862,-0.439,-0.202,-1.36951,-0.31026,2.88204,-1.35503,0
negative60,-0.12453,-0.19626,-0.21715,-0.16513,-0.0915,-0.10818,-0.14012,-0.12467,-0.21439,-0.18816,-0.24143,-0.13765,-0.20814,-0.20684,-0.68451,-0.51986,1.16414,0.02874,1.68823,-0.17695,-0.22045,-0.24832,-0.4538,-0.75095,0.80672,-0.22454,-0.9666,-0.1838,-0.17764,-0.21124,1.98584,-0.24955,-1.80531,-0.19169,-1.01935,-0.11703,0.29203,-1.08732,-0.77343,-0.28071,-0.21525,0.58002,-0.30461,-0.19193,-0.2232,-0.17904,0.45158,-0.23907,-0.24428,1.29008,-0.27396,-0.09912,-1.08568,-0.2726,-0.10657,-0.61006,0.56383,-0.77883,0.22599,-0.57529,1.42585,0.44696,-1.63241,-0.26272,-0.34476,-0.202,0.73019,-0.27646,-0.15406,-1.19564,0
negative61,-0.12453,4.30927,-0.21715,-0.16513,-0.0915,-0.10818,-0.14012,-0.12467,3.19751,-0.18816,-0.24143,-0.13765,-0.20814,-0.20684,-0.16467,1.3005,-0.23693,-0.92396,0.15339,-0.17695,-0.22045,-0.24832,0.59146,-0.36477,0.80672,-0.22454,-0.23667,-0.1838,-0.17764,-0.21124,-1.98184,-0.24955,0.38553,-0.19169,-1.01935,-0.11703,0.34446,2.1141,2.20302,-0.28071,-0.21525,0.07226,-0.30461,-0.19193,-0.2232,1.95105,0.85057,-0.23907,-0.24428,-0.59064,-1.23706,0.91096,0.20092,-0.2726,-0.10657,0.39647,0.2908,-0.52599,1.38724,1.78927,-1.05315,-0.06337,-1.12002,-0.26272,-0.74525,-0.202,0.73019,-0.27646,-0.15406,0.14996,0
negative62,-0.12453,-0.19626,-0.21715,-0.16513,-0.0915,-0.10818,-0.14012,-0.12467,-0.21439,-0.18816,-0.24143,-0.13765,-0.20814,-0.20684,-1.20435,2.73243,1.63116,-0.92396,-0.35822,0.27327,-0.22045,3.65197,0.1185,0.48593,0.00584,-0.22454,-0.31463,-0.1838,-0.17764,-0.21124,2.01486,-0.24955,0.93324,-0.19169,-1.01935,-0.11703,-0.75649,-1.44303,-0.40137,-0.28071,-0.21525,-0.60425,-0.30461,-0.19193,-0.2232,-0.2001,0.98788,-0.23907,-0.24428,1.29008,-0.48424,-0.66792,-0.49715,-0.2726,-0.10657,-2.17069,-0.88816,-0.35743,-0.93526,2.09911,0.38167,-1.01936,-1.64226,-0.26272,-0.34476,-0.202,-1.36951,-0.27646,-0.15406,-1.241,0
negative63,-0.12453,-0.19626,-0.21715,5.86665,-0.0915,-0.10818,-0.14012,-0.12467,-0.21439,-0.18816,-0.24143,-0.13765,-0.20814,-0.20684,0.35516,-0.51986,-1.17097,-0.05955,-0.86983,-0.17695,-0.22045,-0.24832,1.67236,-1.19544,-0.79504,-0.22454,-0.9666,-0.1838,-0.17764,-0.21124,0.34868,-0.24955,-0.70989,-0.19169,-1.01935,-0.11703,-0.75649,0.69125,0.34274,-0.28071,-0.21525,1.41441,-0.30461,-0.19193,-0.2232,0.1004,0.59532,-0.23907,-0.24428,1.29008,0.42889,-0.36671,-1.83363,-0.2726,-0.10657,-0.26725,0.05226,-1.41092,0.80661,-0.74461,0.44902,-0.60974,-1.18194,-0.26272,-0.34476,-0.202,0.73019,-0.27646,-0.15406,-0.57979,0
negative64,-0.14425,-0.20744,-0.22883,-0.18011,-0.11946,-0.13001,-0.14945,-0.13489,-0.24827,-0.19886,-0.27295,-0.17397,-0.26697,-0.24643,0.48512,0.68641,-0.00342,-0.92396,0.4092,-0.17695,-0.25519,3.0803,-0.81937,-0.88417,-0.21662,-0.22454,-0.48291,-0.1838,-0.19234,-0.27867,0.80421,-0.29244,0.11168,-0.19169,0.42525,-0.13857,0.32045,1.31375,-0.5874,-0.28071,-0.21525,-0.67526,-0.30461,3.89495,-0.2232,-0.23749,0.59633,-0.23907,-0.24428,-0.59064,0.03609,-0.78072,0.8996,-0.28176,-0.10657,-0.67475,-0.10431,1.28602,0.62326,1.85488,0.07424,1.81634,0.94415,-0.31883,-0.84538,-0.202,0.73019,-0.35722,-0.18643,1.40827,0
negative65,-0.12453,-0.19626,-0.21715,-0.16513,-0.0915,-0.10818,-0.14012,-0.12467,-0.21439,-0.18816,-0.24143,-0.13765,-0.20814,-0.20684,-0.68451,-0.51986,-0.23693,-0.92396,0.15339,1.17371,-0.22045,-0.24832,-0.85675,-0.8679,-0.79504,-0.22454,-0.35727,-0.1838,-0.17764,-0.21124,-0.6563,-0.24955,-0.16218,-0.19169,2.83292,-0.11703,0.27595,-1.44303,-0.77343,-0.28071,-0.21525,-0.64102,-0.30461,-0.19193,-0.2232,-0.59793,-1.34548,-0.23907,-0.24428,-0.59064,-0.5162,0.93315,1.62679,-0.2726,-0.10657,1.78465,-1.14574,0.19038,-0.35463,-1.32306,-0.82104,1.17415,-0.83053,-0.26272,-0.34476,-0.202,-1.36951,-0.27646,-0.15406,-0.05508,0
negative66,-0.14425,-0.20744,-0.22883,4.99754,-0.11946,-0.13001,-0.14945,-0.13489,-0.24827,-0.19886,-0.27295,-0.17397,-0.26697,-0.24643,0.48512,-0.51986,-1.40448,2.78212,-1.12564,-0.17695,-0.25519,-0.26769,0.99761,-1.06198,-0.21662,-0.22454,0.1453,-0.1838,-0.19234,-0.27867,-0.48128,-0.29244,-0.70989,-0.19169,-1.01935,-0.13857,0.39195,0.51339,-0.86644,-0.28071,-0.21525,0.48946,-0.30461,-0.21571,-0.2232,0.12771,1.11749,-0.23907,-0.24428,-0.59064,-0.70211,0.12562,-0.3319,-0.28176,-0.10657,0.341,-1.30682,0.56964,1.47892,0.56867,-0.46139,0.56894,-1.60014,-0.31883,-0.24464,-0.202,-1.36951,-0.35722,-0.18643,-0.31402,0
negative67,-0.13671,3.88553,-0.22436,-0.17438,-0.10878,-0.12167,-0.14589,-0.13098,-0.23533,-0.19477,3.58025,-0.16009,-0.24449,-0.2313,-0.07803,0.73592,-0.62611,0.73094,-0.91246,0.49838,-0.24192,-0.26029,0.0275,0.81407,-0.79504,-0.22454,0.04049,-0.1838,-0.18672,-0.25291,-0.0254,3.20807,0.38553,-0.19169,2.19088,-0.13034,-0.75649,-1.26517,-0.21535,-0.28071,-0.21525,-0.96174,-0.30461,-0.20662,-0.2232,0.05098,-0.14962,4.68535,-0.24428,-0.59064,0.91524,2.11825,0.43701,-0.27826,-0.10657,-1.17279,0.38157,1.07532,-1.03772,0.36471,1.14755,-1.26568,-0.28762,-0.2974,-0.47826,-0.202,0.73019,-0.32637,-0.17406,0.5596,0
negative68,-0.12453,4.30927,-0.21715,-0.16513,-0.0915,-0.10818,-0.14012,-0.12467,-0.21439,-0.18816,3.99133,-0.13765,-0.20814,-0.20684,-0.16467,-0.51986,-0.70395,1.40235,-0.35822,1.17371,-0.22045,-0.24832,-0.27444,-0.71301,-0.79504,-0.22454,2.51364,-0.1838,-0.17764,-0.21124,-0.6774,-0.24955,1.48095,-0.19169,-0.05628,-0.11703,-0.75649,-1.44303,-0.40137,-0.28071,-0.21525,-1.43541,3.20408,-0.19193,-0.2232,0.34525,0.97207,-0.23907,-0.24428,-0.59064,0.65044,-0.14592,-0.22676,-0.2726,-0.10657,-2.00261,0.65649,-0.02031,-0.93526,0.3535,-0.80025,-0.64378,-1.67761,-0.26272,1.6577,-0.202,0.73019,-0.27646,-0.15406,1.57346,0
negative69,-0.12453,-0.19626,-0.21715,-0.16513,-0.0915,-0.10818,-0.14012,-0.12467,-0.21439,4.12343,-0.24143,-0.13765,-0.20814,-0.20684,1.39484,-0.51986,0.46361,-0.02875,0.92081,-1.07738,-0.22045,-0.24832,1.83257,-0.53716,-0.79504,-0.22454,-0.9666,-0.1838,-0.17764,-0.21124,0.02099,-0.24955,-1.80531,-0.19169,-0.05628,-0.11703,-0.75649,-1.08732,-0.77343,-0.28071,-0.21525,1.97286,-0.30461,-0.19193,-0.2232,0.13852,0.93181,-0.23907,-0.24428,1.29008,-0.26517,0.02841,-1.0099,-0.2726,-0.10657,1.30744,1.39636,-1.20022,0.80661,0.4644,-1.23273,-0.9627,0.60627,-0.26272,1.25721,-0.202,0.73019,-0.27646,-0.15406,0.2059,0
negative70,-0.12453,-0.19626,-0.21715,-0.16513,-0.0915,-0.10818,-0.14012,-0.12467,-0.21439,-0.18816,-0.24143,-0.13765,-0.20814,-0.20684,0.35516,-0.51986,0.23009,0.85619,-0.10241,-1.07738,-0.22045,-0.24832,-0.29302,0.85124,0.80672,-0.22454,-0.9666,-0.1838,-0.17764,-0.21124,0.64808,-0.24955,-0.16218,-0.19169,-0.05628,-0.11703,0.35108,-0.37589,-0.02932,-0.28071,-0.21525,1.27774,-0.30461,-0.19193,-0.2232,1.43676,-1.31571,-0.23907,-0.24428,-0.59064,0.01559,-0.14828,0.55081,-0.2726,-0.10657,-0.18529,0.10428,-0.73669,-0.35463,-1.39467,0.4462,0.56596,-1.67212,-0.26272,-0.34476,-0.202,0.73019,-0.27646,-0.15406,-0.48405,0
negative71,-0.12453,-0.19626,-0.21715,-0.16513,-0.0915,-0.10818,-0.14012,-0.12467,-0.21439,-0.18816,-0.24143,-0.13765,-0.20814,-0.20684,-0.16467,2.02539,-0.23693,0.20532,-0.61402,-0.17695,-0.22045,-0.24832,0.37743,1.82348,-0.79504,-0.22454,1.07444,-0.1838,-0.17764,-0.21124,-1.5886,-0.24955,2.02867,-0.19169,-1.01935,-0.11703,-0.75649,0.33553,1.08685,-0.28071,5.1565,0.09812,-0.30461,-0.19193,-0.2232,-0.99129,1.13169,-0.23907,-0.24428,-0.59064,-1.33587,-0.1154,-1.00372,-0.2726,-0.10657,-1.07285,-1.40284,-0.31529,-0.93526,0.46403,-1.62663,-0.82114,-2.19013,3.50456,1.6577,-0.202,-1.36951,-0.27646,-0.15406,-1.70381,0
negative72,-0.12453,-0.19626,-0.21715,-0.16513,-0.0915,-0.10818,-0.14012,-0.12467,-0.21439,-0.18816,-0.24143,-0.13765,-0.20814,-0.20684,-1.20435,-0.51986,1.16414,-0.92396,1.68823,0.27327,4.44426,-0.24832,-0.34235,0.30692,-0.79504,-0.22454,-0.32716,-0.1838,-0.17764,-0.21124,0.88872,-0.24955,0.38553,-0.19169,-0.05628,-0.11703,-0.75649,-1.44303,-0.77343,-0.28071,-0.21525,-0.60975,-0.30461,-0.19193,-0.2232,-0.37432,0.84298,4.68535,-0.24428,1.29008,2.51363,0.401,-1.01457,-0.2726,-0.10657,1.97542,-1.02585,-0.39957,-1.51588,-0.06935,0.98033,-0.97581,0.72342,-0.26272,0.45622,-0.202,-1.36951,-0.27646,-0.15406,0.26758,0
negative73,-0.12453,-0.19626,-0.21715,-0.16513,-0.0915,-0.10818,-0.14012,-0.12467,-0.21439,-0.18816,-0.24143,-0.13765,-0.20814,-0.20684,0.35516,-0.51986,-0.00342,0.05543,-0.10241,-1.07738,-0.22045,-0.24832,-0.07359,0.20513,0.80672,-0.22454,1.34379,-0.1838,-0.17764,-0.21124,-0.33658,-0.24955,1.48095,-0.19169,-0.05628,-0.11703,-0.75649,0.69125,1.83096,-0.28071,-0.21525,-0.87259,-0.30461,-0.19193,-0.2232,0.44989,0.99951,-0.23907,-0.24428,-0.59064,0.10583,-0.56855,0.66818,-0.2726,-0.10657,-0.80097,-1.23801,-0.10459,-1.51588,0.09922,-0.57831,0.19238,-0.66549,-0.26272,0.85672,-0.202,0.73019,-0.27646,-0.15406,0.59506,0
negative74,-0.12453,-0.19626,-0.21715,-0.16513,-0.0915,-0.10818,-0.14012,-0.12467,-0.21439,-0.18816,-0.24143,-0.13765,-0.20814,-0.20684,-1.20435,-0.51986,-0.70395,-0.92396,-0.35822,1.17371,-0.22045,-0.24832,-0.79048,-0.81134,-0.79504,-0.22454,-0.36964,-0.1838,-0.17764,-0.21124,0.9028,-0.24955,-0.70989,-0.19169,1.86985,-0.11703,-0.75649,-1.44303,-0.40137,-0.28071,-0.21525,-0.93907,-0.30461,-0.19193,4.27512,-0.00997,-0.0662,-0.23907,-0.24428,-0.59064,0.38322,-1.05872,-0.44764,3.41445,-0.10657,-0.34186,0.27566,-0.14673,0.80661,-0.51515,-0.21602,1.3719,0.18584,-0.26272,-0.74525,-0.202,0.73019,-0.27646,-0.15406,-1.03888,0
negative75,-0.14425,-0.20744,-0.22883,-0.18011,-0.11946,-0.13001,-0.14945,-0.13489,-0.24827,-0.19886,-0.27295,-0.17397,-0.26697,-0.24643,-1.07439,-0.51986,0.52198,-0.92396,-0.55007,1.51137,-0.25519,-0.26769,-0.52393,-0.50864,0.9402,-0.22454,0.07679,-0.1838,-0.19234,-0.27867,0.00431,-0.29244,-0.29911,-0.19169,-0.29705,-0.13857,1.51478,-1.08732,-0.5874,-0.28071,-0.21525,-1.16868,-0.30461,-0.21571,-0.2232,0.16144,-2.19973,-0.23907,-0.24428,-0.59064,-1.15552,-2.0944,2.33736,-0.28176,-0.10657,-1.24151,0.25722,1.07532,-0.2324,-1.3765,0.6102,0.35013,-0.05178,-0.31883,-0.84538,-0.202,0.73019,-0.35722,-0.18643,0.32019,0
negative76,-0.13671,-0.20317,-0.22436,-0.17438,-0.10878,-0.12167,-0.14589,-0.13098,-0.23533,-0.19477,-0.26091,-0.16009,-0.24449,-0.2313,0.78836,-0.51986,-0.04233,-0.92396,0.36656,-1.00235,-0.24192,-0.26029,1.04135,-0.27931,-0.79504,-0.22454,-0.29851,-0.1838,-0.18672,-0.25291,0.71659,-0.27606,-0.98375,-0.19169,-0.2168,-0.13034,-0.75649,1.10625,-0.52539,1.96317,-0.21525,2.06475,-0.30461,-0.20662,-0.2232,0.97602,-0.82612,-0.23907,-0.24428,-0.59064,-1.50214,-0.08914,-0.75726,-0.27826,-0.10657,-1.35512,0.3539,-0.61027,0.39676,-1.30606,1.14846,-0.5957,-0.2705,-0.2974,-0.47826,-0.202,0.73019,-0.32637,-0.17406,-1.1115,0
negative77,-0.12453,-0.19626,-0.21715,-0.16513,-0.0915,-0.10818,-0.14012,-0.12467,-0.21439,-0.18816,-0.24143,-0.13765,-0.20814,-0.20684,-0.68451,-0.51986,-0.70395,-0.92396,-0.35822,-0.62717,-0.22045,-0.24832,0.64318,-0.1097,1.6076,-0.22454,0.83504,-0.1838,-0.17764,-0.21124,-1.57693,-0.24955,0.93324,-0.19169,-0.05628,-0.11703,-0.75649,1.75839,-0.40137,-0.28071,-0.21525,0.24055,-0.30461,-0.19193,-0.2232,0.24438,2.23504,-0.23907,-0.24428,-0.59064,-0.32735,0.48726,-0.09661,-0.2726,-0.10657,-2.1597,-0.84841,0.02183,-1.51588,1.67994,-2.56523,1.57544,0.00564,-0.26272,0.45622,-0.202,-1.36951,-0.27646,3.10616,-0.56563,0
negative78,-0.12453,-0.19626,-0.21715,-0.16513,-0.0915,-0.10818,-0.14012,-0.12467,-0.21439,-0.18816,-0.24143,-0.13765,-0.20814,-0.20684,-0.68451,-0.51986,-0.47044,1.75961,-0.10241,-0.17695,-0.22045,-0.24832,-0.85174,-0.58904,-0.79504,-0.22454,-0.33334,5.93513,-0.17764,-0.21124,1.54804,-0.24955,-0.70989,-0.19169,-1.01935,-0.11703,1.34389,-0.02018,1.08685,-0.28071,-0.21525,0.57849,-0.30461,-0.19193,-0.2232,-1.23851,-1.40464,-0.23907,-0.24428,1.29008,-0.17867,0.48201,0.12479,-0.2726,-0.10657,2.3095,1.47067,0.02183,0.22599,0.31045,1.86161,-1.94934,1.37773,-0.26272,-0.34476,-0.202,0.73019,-0.27646,-0.15406,0.14735,0
negative79,-0.12453,-0.19626,-0.21715,-0.16513,-0.0915,-0.10818,-0.14012,-0.12467,-0.21439,-0.18816,-0.24143,-0.13765,-0.20814,-0.20684,1.39484,-0.51986,-0.93746,0.66319,-0.61402,-0.62717,-0.22045,-0.24832,0.70774,-1.46805,0.00584,-0.22454,0.2301,-0.1838,-0.17764,-0.21124,-0.37945,-0.24955,-0.16218,-0.19169,-0.05628,-0.11703,0.33353,-0.02018,0.34274,-0.28071,-0.21525,0.17069,-0.30461,-0.19193,-0.2232,1.73809,-0.46512,-0.23907,-0.24428,-0.59064,-0.21672,-0.42338,0.23905,-0.2726,-0.10657,-0.4344,-0.61478,-0.65241,0.80661,-0.00022,0.2924,1.00613,-0.58533,-0.26272,-0.74525,-0.202,0.73019,3.33793,-0.15406,3.31726,0
negative80,-0.12453,-0.19626,-0.21715,-0.16513,-0.0915,-0.10818,7.38216,-0.12467,-0.21439,-0.18816,-0.24143,-0.13765,-0.20814,-0.20684,-0.16467,1.00056,-1.40448,0.44554,-1.12564,1.17371,-0.22045,-0.24832,0.80833,-1.32326,0.80672,-0.22454,-0.35694,-0.1838,-0.17764,-0.21124,1.6455,-0.24955,-0.70989,-0.19169,0.90678,-0.11703,-0.75649,-0.02018,0.71479,-0.28071,-0.21525,-0.60701,-0.30461,-0.19193,-0.2232,-1.12524,0.39034,-0.23907,-0.24428,-0.59064,1.76843,-0.24141,-1.00141,-0.2726,-0.10657,1.41412,-0.29148,-0.48385,0.80661,-0.59336,0.65076,-0.51818,-1.45987,-0.26272,-0.74525,-0.202,-1.36951,-0.27646,-0.15406,-0.9451,0
negative81,-0.14787,-0.2095,-0.23097,-0.18285,-0.12459,-0.13402,-0.15117,-0.13676,-0.25449,-0.20083,3.26264,-0.18063,-0.27776,-0.25369,-0.01615,0.88163,0.43025,2.6158,0.88427,0.33759,-0.26157,-0.27124,0.48265,1.42495,-0.79504,-0.22454,-0.9666,-0.1838,-0.19503,-0.29104,0.51184,-0.30031,-0.78813,-0.19169,0.35646,-0.14252,0.43209,-0.88405,-0.87973,-0.28071,-0.21525,-0.87726,-0.30461,-0.22007,-0.2232,-0.72307,-0.07495,2.22314,-0.24428,-0.59064,0.15729,-0.75235,0.0521,2.80137,-0.10657,-0.49131,-0.51276,1.45457,0.5163,0.21588,-1.04548,0.24042,-1.77178,-0.32913,-0.85968,-0.202,0.73019,-0.37204,-0.19237,-1.19612,0
negative82,-0.12453,-0.19626,-0.21715,-0.16513,-0.0915,-0.10818,-0.14012,-0.12467,-0.21439,-0.18816,-0.24143,-0.13765,-0.20814,-0.20684,0.35516,0.95266,-1.40448,-0.92396,-1.12564,0.72349,-0.22045,-0.24832,1.20889,-1.33948,-0.79504,-0.22454,-0.37615,-0.1838,-0.17764,-0.21124,1.68734,-0.24955,-0.70989,-0.19169,-1.01935,-0.11703,0.3138,-1.08732,-0.77343,-0.28071,-0.21525,0.34691,-0.30461,-0.19193,-0.2232,0.22964,0.08293,-0.23907,-0.24428,-0.59064,0.03939,0.22654,-0.73734,-0.2726,-0.10657,0.95688,-1.71642,-1.0738,1.38724,0.05145,0.66454,0.8087,1.3911,-0.26272,-0.34476,-0.202,0.73019,-0.27646,-0.15406,0.44016,0
negative83,-0.12453,-0.19626,-0.21715,-0.16513,-0.0915,-0.10818,-0.14012,-0.12467,-0.21439,4.12343,-0.24143,-0.13765,-0.20814,-0.20684,-0.16467,-0.51986,-0.00342,1.40235,-0.35822,-0.17695,-0.22045,-0.24832,0.22017,-2.53237,-0.79504,-0.22454,-0.403,-0.1838,-0.17764,-0.21124,0.42928,-0.24955,-0.70989,-0.19169,0.90678,-0.11703,-0.75649,-0.37589,0.71479,-0.28071,-0.21525,0.42155,-0.30461,-0.19193,-0.2232,-0.3531,0.61068,-0.23907,-0.24428,1.29008,-0.60057,0.04878,-0.59339,-0.2726,-0.10657,-1.33139,1.65283,-0.35743,0.22599,0.35777,2.02826,-1.52815,-0.37304,-0.26272,-0.74525,5.03431,-1.36951,-0.27646,-0.15406,-0.87051,0
negative84,-0.12453,-0.19626,-0.21715,-0.16513,-0.0915,-0.10818,-0.14012,-0.12467,-0.21439,-0.18816,-0.24143,-0.13765,-0.20814,-0.20684,0.875,-0.51986,0.69712,-0.92396,1.17662,-1.97782,-0.22045,-0.24832,1.69413,0.18036,0.80672,-0.22454,-0.9666,-0.1838,-0.17764,-0.21124,-0.99445,-0.24955,-0.16218,-0.19169,-0.05628,-0.11703,-0.75649,1.40267,-0.77343,-0.28071,-0.21525,1.15696,-0.30461,-0.19193,-0.2232,1.25831,1.69149,-0.23907,-0.24428,-0.59064,-0.04951,0.30353,-0.32731,-0.2726,-0.10657,-0.62432,-1.29055,-0.98953,0.80661,1.11994,-0.29747,1.53139,-1.03562,-0.26272,0.85672,-0.202,0.73019,-0.27646,-0.15406,1.01228,0
negative85,-0.14425,-0.20744,-0.22883,-0.18011,-0.11946,-0.13001,-0.14945,-0.13489,-0.24827,-0.19886,-0.27295,-0.17397,-0.26697,-0.24643,0.48512,-0.51986,0.52198,0.84798,-0.74193,-1.86527,-0.25519,3.0803,0.85289,0.36983,-0.79504,-0.22454,-0.39112,-0.1838,-0.19234,-0.27867,2.03445,-0.29244,0.52246,-0.19169,-1.01935,-0.13857,-0.75649,-1.3541,-0.86644,4.20706,-0.21525,1.5782,-0.30461,-0.21571,-0.2232,1.73947,1.29519,-0.23907,-0.24428,3.1708,1.34556,-0.77112,-1.38086,-0.28176,-0.10657,0.62886,-1.03611,0.69606,-0.66023,0.33932,0.5482,-0.09324,1.83044,-0.31883,0.05573,3.39796,-1.36951,-0.35722,-0.18643,-1.11989,0
negative86,-0.12453,-0.19626,4.48779,-0.16513,-0.0915,-0.10818,-0.14012,-0.12467,-0.21439,-0.18816,-0.24143,-0.13765,-0.20814,-0.20684,-0.16467,-0.51986,-1.40448,-0.92396,-1.12564,2.07414,-0.22045,-0.24832,-1.2024,-1.52595,-0.79504,-0.22454,0.79158,-0.1838,-0.17764,-0.21124,1.46309,-0.24955,-0.70989,-0.19169,0.90678,-0.11703,0.31887,1.04696,-0.40137,-0.28071,-0.21525,-0.247,-0.30461,-0.19193,-0.2232,-0.46374,-1.61789,-0.23907,-0.24428,-0.59064,0.42118,0.68868,0.19339,-0.2726,-0.10657,1.65421,-0.63282,-0.35743,1.38724,-1.25774,0.94505,1.35034,-0.51179,-0.26272,-0.74525,-0.202,-1.36951,-0.27646,-0.15406,0.92815,0
negative87,-0.12453,-0.19626,-0.21715,-0.16513,-0.0915,-0.10818,-0.14012,-0.12467,-0.21439,-0.18816,-0.24143,-0.13765,-0.20814,-0.20684,-0.16467,0.91776,1.63116,0.44554,-0.61402,-0.17695,-0.22045,-0.24832,-0.88738,1.05025,-0.79504,-0.22454,-0.9666,5.93513,-0.17764,-0.21124,0.74125,-0.24955,0.38553,-0.19169,0.90678,-0.11703,-0.75649,-1.08732,-0.02932,-0.28071,-0.21525,0.16656,-0.30461,-0.19193,-0.2232,-0.5875,-0.1827,-0.23907,-0.24428,-0.59064,0.67873,-0.2991,-0.56068,-0.2726,-0.10657,-0.39493,1.55853,-0.23101,0.22599,-0.44871,1.85118,-3.30126,0.02736,-0.26272,-0.74525,-0.202,-1.36951,-0.27646,-0.15406,2.1207,0
negative88,-0.12453,-0.19626,-0.21715,-0.16513,-0.0915,-0.10818,-0.14012,-0.12467,-0.21439,-0.18816,-0.24143,-0.13765,-0.20814,-0.20684,-0.16467,-0.51986,-0.47044,1.10258,-0.86983,-0.62717,-0.22045,-0.24832,-0.76604,-0.855,0.00584,-0.22454,-0.35434,-0.1838,-0.17764,-0.21124,2.26656,-0.24955,-0.16218,-0.19169,-0.05628,-0.11703,0.33676,1.40267,0.71479,-0.28071,5.1565,-0.01831,-0.30461,-0.19193,-0.2232,-0.588,0.25704,-0.23907,-0.24428,1.29008,2.09445,-1.84405,0.33469,-0.2726,-0.10657,-1.76107,1.14582,-0.10459,0.80661,1.00138,0.52936,-0.13626,0.28236,-0.26272,-0.34476,-0.202,0.73019,-0.27646,-0.15406,-0.67185,0
negative89,-0.12453,-0.19626,-0.21715,-0.16513,-0.0915,-0.10818,-0.14012,-0.12467,-0.21439,-0.18816,-0.24143,-0.13765,-0.20814,-0.20684,0.35516,1.0245,-1.17097,-0.92396,-0.86983,-0.62717,-0.22045,-0.24832,-2.27602,-1.00365,0.00584,-0.22454,-0.9666,-0.1838,-0.17764,-0.21124,-0.82141,-0.24955,-0.16218,-0.19169,-1.01935,-0.11703,2.29916,0.69125,-0.40137,-0.28071,-0.21525,1.0293,-0.30461,-0.19193,-0.2232,0.32265,-2.43952,-0.23907,-0.24428,-0.59064,0.09846,-0.53326,2.40133,-0.2726,-0.10657,-1.17926,-1.03654,-0.44171,0.22599,-0.11405,-0.97478,-0.11145,0.38173,-0.26272,-0.34476,-0.202,-1.36951,-0.27646,-0.15406,-0.73723,0
negative90,-0.12453,-0.19626,-0.21715,-0.16513,-0.0915,-0.10818,-0.14012,-0.12467,-0.21439,-0.18816,-0.24143,-0.13765,-0.20814,-0.20684,-0.16467,-0.51986,-1.40448,-0.05955,-1.12564,0.72349,-0.22045,-0.24832,1.0792,-1.29188,-0.79504,-0.22454,-0.29754,-0.1838,-0.17764,-0.21124,1.52138,-0.24955,-1.2576,-0.19169,-1.01935,-0.11703,-0.75649,0.69125,1.45891,-0.28071,-0.21525,-0.003,-0.30461,-0.19193,-0.2232,-0.41985,1.16724,-0.23907,-0.24428,1.29008,0.87523,-0.06999,-1.67497,-0.2726,-0.10657,1.29065,2.17762,-1.20022,0.80661,-1.08632,1.21454,-1.12398,-1.15024,-0.26272,-0.34476,-0.202,0.73019,-0.27646,-0.15406,0.79921,0
negative91,-0.12453,-0.19626,-0.21715,-0.16513,-0.0915,-0.10818,-0.14012,-0.12467,-0.21439,-0.18816,-0.24143,-0.13765,-0.20814,-0.20684,-0.16467,-0.51986,0.69712,-0.92396,1.17662,0.27327,-0.22045,-0.24832,-0.97206,-1.28905,0.00584,-0.22454,-0.9666,-0.1838,-0.17764,-0.21124,1.1149,-0.24955,-1.2576,-0.19169,1.86985,-0.11703,-0.75649,-1.08732,-0.77343,-0.28071,-0.21525,-0.6812,-0.30461,-0.19193,-0.2232,1.38714,-0.31082,-0.23907,-0.24428,-0.59064,-0.1314,0.64616,0.9792,-0.2726,-0.10657,0.43394,0.09833,-0.73669,0.22599,-0.80977,1.18135,1.15063,-0.73537,-0.26272,-0.34476,-0.202,-1.36951,-0.27646,-0.15406,3.02633,0
negative92,-0.12453,-0.19626,-0.21715,-0.16513,-0.0915,-0.10818,-0.14012,-0.12467,-0.21439,4.12343,-0.24143,-0.13765,2.42466,-0.20684,1.91467,-0.51986,-0.23693,0.32235,0.15339,-1.07738,-0.22045,-0.24832,0.14766,1.42712,0.80672,4.6674,-0.34294,-0.1838,-0.17764,-0.21124,0.40666,-0.24955,-1.2576,-0.19169,-1.01935,-0.11703,1.37144,0.69125,-0.40137,-0.28071,-0.21525,0.28731,-0.30461,-0.19193,-0.2232,0.46824,-0.66152,-0.23907,-0.24428,1.29008,0.36824,0.68498,0.82112,-0.2726,-0.10657,0.11635,0.04539,-0.61027,0.22599,0.37509,0.04665,-0.87965,-0.05449,-0.26272,0.05573,-0.202,0.73019,-0.27646,-0.15406,0.88785,0
negative93,7.81828,-0.19626,-0.21715,-0.16513,-0.0915,-0.10818,-0.14012,-0.12467,-0.21439,-0.18816,-0.24143,-0.13765,-0.20814,-0.20684,0.35516,-0.51986,-1.40448,-0.92396,-1.12564,0.27327,-0.22045,-0.24832,-0.83424,-0.57625,0.80672,-0.22454,0.26427,-0.1838,-0.17764,-0.21124,-0.82552,-0.24955,-1.2576,-0.19169,-1.01935,-0.11703,0.31818,0.33553,0.71479,-0.28071,-0.21525,-0.43369,-0.30461,-0.19193,-0.2232,-0.00665,-0.17354,-0.23907,-0.24428,-0.59064,-0.35806,-0.37979,-0.52662,-0.2726,-0.10657,-0.37092,-0.66943,-0.61027,0.22599,0.3514,-0.28291,0.9341,1.55155,3.50456,-0.34476,-0.202,-1.36951,3.33793,-0.15406,0.19575,0
negative94,-0.12453,-0.19626,-0.21715,-0.16513,-0.0915,-0.10818,-0.14012,-0.12467,-0.21439,-0.18816,-0.24143,-0.13765,-0.20814,-0.20684,-0.16467,-0.51986,0.46361,0.26486,0.4092,-0.17695,-0.22045,-0.24832,-0.39527,-0.77547,0.00584,-0.22454,-0.36264,-0.1838,-0.17764,-0.21124,1.53692,-0.24955,0.93324,-0.19169,0.90678,-0.11703,-0.75649,-1.08732,-0.02932,-0.28071,-0.21525,-0.87889,-0.30461,-0.19193,-0.2232,0.62763,1.04589,-0.23907,-0.24428,-0.59064,0.31552,-1.17872,-0.06001,-0.2726,-0.10657,1.07016,-1.34214,0.02183,-0.93526,0.81031,-0.68646,2.58037,0.24359,-0.26272,0.85672,-0.202,0.73019,-0.27646,-0.15406,1.07813,0
negative95,-0.12453,-0.19626,-0.21715,-0.16513,-0.0915,-0.10818,-0.14012,-0.12467,-0.21439,-0.18816,-0.24143,-0.13765,-0.20814,-0.20684,-0.68451,1.02491,-0.47044,1.10258,-0.10241,1.17371,-0.22045,-0.24832,-0.51996,0.51078,0.00584,-0.22454,0.27241,-0.1838,-0.17764,-0.21124,0.15708,-0.24955,0.93324,-0.19169,-1.01935,-0.11703,2.29626,1.04696,2.20302,-0.28071,-0.21525,-0.15418,-0.30461,-0.19193,-0.2232,0.30104,-1.67064,-0.23907,-0.24428,1.29008,-0.6521,1.48207,1.46782,-0.2726,-0.10657,1.81734,2.03061,0.27466,-0.35463,-0.07265,0.58715,-2.19219,0.24855,-0.26272,-0.34476,-0.202,0.73019,-0.27646,-0.15406,-0.18814,0
negative96,-0.12453,-0.19626,-0.21715,-0.16513,-0.0915,-0.10818,-0.14012,-0.12467,-0.21439,-0.18816,-0.24143,-0.13765,-0.20814,-0.20684,-0.68451,-0.51986,-1.40448,0.52767,-1.12564,1.17371,-0.22045,-0.24832,-1.60114,-1.38358,0.00584,-0.22454,0.22814,-0.1838,-0.17764,-0.21124,0.53901,-0.24955,-0.16218,-0.19169,0.90678,-0.11703,0.27583,-0.02018,1.08685,4.20706,-0.21525,0.74517,-0.30461,-0.19193,-0.2232,-0.6179,-1.14965,-0.23907,-0.24428,-0.59064,1.2922,0.62068,0.08856,-0.2726,-0.10657,-0.02933,0.81902,-0.14673,-0.93526,-1.4968,1.7667,0.00386,0.01149,-0.26272,-0.74525,-0.202,-1.36951,-0.27646,-0.15406,0.14996,0
negative97,-0.14425,-0.20744,-0.22883,-0.18011,-0.11946,-0.13001,-0.14945,-0.13489,-0.24827,-0.19886,-0.27295,-0.17397,-0.26697,-0.24643,0.09525,-0.51986,-0.87908,-0.92396,-0.93378,-0.17695,-0.25519,-0.26769,-1.61482,0.45571,-0.21662,-0.22454,-0.48031,-0.1838,-0.19234,3.60692,0.18385,-0.29244,-0.29911,-0.19169,1.14755,-0.13857,0.29422,-0.02018,-0.02932,-0.28071,-0.21525,-0.31453,-0.30461,-0.21571,-0.2232,-0.75482,-0.63827,-0.23907,-0.24428,-0.59064,0.65789,-1.05417,0.4583,-0.28176,-0.10657,1.18692,0.16678,1.37029,-0.2324,-0.19327,0.20128,1.67169,-0.23268,2.91497,-0.54501,-0.202,0.73019,-0.35722,-0.18643,-0.89671,0
negative98,-0.12453,-0.19626,-0.21715,-0.16513,-0.0915,-0.10818,-0.14012,-0.12467,-0.21439,-0.18816,-0.24143,-0.13765,-0.20814,-0.20684,-1.20435,1.08376,-1.40448,-0.92396,-1.12564,1.17371,-0.22045,-0.24832,-0.10406,0.39374,-0.79504,-0.22454,0.31945,-0.1838,-0.17764,-0.21124,-0.78423,-0.24955,0.38553,-0.19169,0.90678,-0.11703,-0.75649,1.75839,0.34274,-0.28071,-0.21525,0.17235,3.20408,-0.19193,-0.2232,0.4408,0.44273,-0.23907,-0.24428,1.29008,-0.70161,-0.17679,-0.73027,-0.2726,-0.10657,1.06403,0.9348,-0.27315,0.22599,-0.09605,-1.28677,0.82116,1.5303,-0.26272,-0.74525,-0.202,0.73019,-0.27646,-0.15406,0.64916,0
negative99,-0.14425,-0.20744,3.80987,-0.18011,-0.11946,-0.13001,-0.14945,-0.13489,-0.24827,-0.19886,-0.27295,-0.17397,4.253,-0.24643,0.09525,-0.51986,0.87225,-0.92396,1.36847,0.49838,-0.25519,-0.26769,0.72374,0.67713,0.9402,-0.22454,-0.9666,-0.1838,-0.19234,-0.27867,-0.16182,-0.29244,-1.53146,-0.19169,1.14755,-0.13857,1.44516,0.78018,-0.02932,-0.28071,-0.21525,-1.06418,-0.30461,-0.21571,-0.2232,0.03912,-2.14694,-0.23907,-0.24428,-0.59064,-0.52485,2.06805,0.80556,-0.28176,-0.10657,1.48392,-0.07035,1.24388,-0.2324,-0.33584,0.16182,0.5597,0.72635,-0.31883,-0.84538,-0.202,0.73019,-0.35722,-0.18643,-0.82642,0
negative100,-0.12453,-0.19626,-0.21715,-0.16513,-0.0915,-0.10818,-0.14012,-0.12467,-0.21439,-0.18816,-0.24143,-0.13765,-0.20814,-0.20684,-1.20435,-0.51986,-1.40448,-0.92396,-1.12564,1.17371,-0.22045,-0.24832,0.23501,-0.55625,0.00584,-0.22454,-0.29233,-0.1838,-0.17764,-0.21124,-0.51113,-0.24955,-0.16218,-0.19169,-0.05628,-0.11703,-0.75649,-1.08732,-0.77343,-0.28071,-0.21525,0.34227,-0.30461,-0.19193,-0.2232,-0.85185,0.96517,-0.23907,-0.24428,-0.59064,1.14435,-0.68978,-1.25938,-0.2726,-0.10657,-0.68903,-0.10184,-0.73669,-1.51588,-1.19026,0.29745,-0.10804,-0.4183,-0.26272,0.85672,-0.202,0.73019,-0.27646,-0.15406,0.45795,0
negative101,-0.12453,-0.19626,-0.21715,-0.16513,-0.0915,-0.10818,-0.14012,-0.12467,-0.21439,-0.18816,-0.24143,-0.13765,-0.20814,-0.20684,0.875,1.01314,-0.23693,-0.92396,0.15339,-0.17695,-0.22045,3.65197,1.33648,-1.78463,-0.79504,-0.22454,-0.3519,-0.1838,-0.17764,-0.21124,2.01522,-0.24955,0.38553,-0.19169,-1.01935,-0.11703,-0.75649,1.75839,1.45891,-0.28071,-0.21525,0.20724,-0.30461,-0.19193,-0.2232,2.225,0.99281,-0.23907,-0.24428,-0.59064,1.4706,-0.40675,-1.03873,-0.2726,-0.10657,-1.66873,0.62674,-1.11594,1.96786,0.81736,1.39201,-0.97123,-0.49763,-0.26272,0.05573,-0.202,-1.36951,-0.27646,-0.15406,-0.24059,0
negative102,-0.12453,-0.19626,-0.21715,-0.16513,-0.0915,-0.10818,-0.14012,-0.12467,-0.21439,-0.18816,-0.24143,-0.13765,-0.20814,-0.20684,-0.68451,1.23353,-0.00342,0.85619,0.4092,0.72349,-0.22045,3.65197,-0.41447,-0.22163,0.00584,-0.22454,0.43956,-0.1838,-0.17764,-0.21124,0.02062,-0.24955,0.93324,-0.19169,-0.05628,-0.11703,0.39607,-1.08732,-0.02932,-0.28071,-0.21525,-0.85705,-0.30461,-0.19193,-0.2232,0.05569,0.32484,4.68535,-0.24428,1.29008,0.22891,-0.83559,0.3406,-0.2726,-0.10657,0.11527,-1.03104,-0.02031,-1.51588,0.92302,0.50693,0.32181,-0.76356,-0.26272,-0.34476,-0.202,-1.36951,-0.27646,-0.15406,-0.18814,0
negative103,-0.12453,-0.19626,-0.21715,-0.16513,-0.0915,-0.10818,-0.14012,-0.12467,-0.21439,-0.18816,-0.24143,-0.13765,-0.20814,-0.20684,0.35516,-0.51986,0.23009,0.20532,0.665,-0.62717,-0.22045,-0.24832,-1.65422,1.27041,-0.79504,-0.22454,-0.37956,-0.1838,-0.17764,-0.21124,1.67779,-0.24955,-0.16218,-0.19169,-1.01935,-0.11703,1.25257,-1.44303,-0.40137,4.20706,-0.21525,0.7174,-0.30461,-0.19193,-0.2232,0.00284,-0.24805,-0.23907,-0.24428,-0.59064,-1.31168,-1.99187,0.67094,-0.2726,-0.10657,0.50257,-0.56708,-0.35743,0.22599,-0.39022,-0.41684,0.15324,0.34705,-0.26272,0.85672,-0.202,0.73019,-0.27646,-0.15406,0.53797,0
negative104,-0.12453,-0.19626,-0.21715,-0.16513,-0.0915,-0.10818,-0.14012,-0.12467,-0.21439,-0.18816,-0.24143,-0.13765,-0.20814,-0.20684,-0.68451,-0.51986,0.23009,-0.92396,0.15339,-0.17695,-0.22045,-0.24832,0.95576,-0.01342,-0.79504,-0.22454,-0.9666,-0.1838,-0.17764,4.31533,0.69947,-0.24955,0.93324,-0.19169,-1.01935,-0.11703,0.34639,1.04696,-0.77343,-0.28071,-0.21525,0.0458,-0.30461,-0.19193,-0.2232,-0.0512,0.54501,-0.23907,-0.24428,-0.59064,-0.42164,-0.87374,-0.587,-0.2726,10.10316,0.70495,-0.17489,-0.56813,-0.35463,0.13221,-0.14728,0.29487,0.72915,-0.26272,-0.74525,-0.202,0.73019,-0.27646,-0.15406,-0.2266,0
negative105,-0.12453,-0.19626,-0.21715,-0.16513,-0.0915,8.68434,-0.14012,-0.12467,-0.21439,-0.18816,-0.24143,-0.13765,-0.20814,-0.20684,0.35516,1.41171,-0.93746,0.44554,-0.61402,-1.07738,-0.22045,-0.24832,0.88796,1.63532,0.00584,-0.22454,-0.9666,-0.1838,-0.17764,-0.21124,0.6129,-0.24955,-0.70989,-0.19169,-0.05628,-0.11703,-0.75649,0.33553,-0.77343,-0.28071,-0.21525,0.48428,-0.30461,-0.19193,-0.2232,-1.07267,1.3418,-0.23907,-0.24428,1.29008,-0.86066,0.01121,-0.6476,-0.2726,-0.10657,-1.45451,-1.01021,-0.52599,-0.93526,1.53064,-1.81362,-1.85825,-1.45708,-0.26272,0.85672,-0.202,0.73019,-0.27646,-0.15406,-0.56563,0
negative106,-0.14053,-0.20534,-0.22663,-0.17728,-0.11419,-0.1259,-0.1477,-0.13296,-0.24189,-0.19685,-0.26701,-0.16713,-0.25589,3.27662,1.44956,-0.51986,-1.22013,1.36744,-0.92368,-1.10108,-0.24865,-0.26404,0.90732,-1.95057,0.42984,-0.22454,-0.33595,-0.1838,-0.18957,-0.26597,-0.49584,3.10159,-1.05581,-0.19169,0.50128,-0.13451,-0.75649,0.09215,-0.2643,-0.28071,-0.21525,1.60787,-0.30461,-0.21123,-0.2232,2.93228,-0.48732,-0.23907,-0.24428,-0.59064,1.08327,0.36814,-0.88208,-0.28003,-0.10657,0.43007,-1.00771,0.23252,3.00008,-0.81942,0.301,0.68856,-0.5506,-0.30826,-0.51339,-0.202,-1.36951,-0.34201,-0.18033,0.57144,0
negative107,-0.12453,-0.19626,-0.21715,-0.16513,-0.0915,-0.10818,-0.14012,-0.12467,-0.21439,-0.18816,-0.24143,-0.13765,-0.20814,-0.20684,-0.16467,-0.51986,0.23009,-0.92396,0.665,-0.17695,-0.22045,-0.24832,-2.0325,-0.57413,0.00584,-0.22454,-0.9666,-0.1838,5.74403,-0.21124,1.61545,-0.24955,-1.80531,-0.19169,0.90678,-0.11703,-0.75649,-1.08732,-0.02932,-0.28071,-0.21525,-0.48834,-0.30461,-0.19193,-0.2232,-0.57192,-0.6745,-0.23907,-0.24428,1.29008,1.39271,-2.29959,-0.77661,-0.2726,-0.10657,0.56489,-0.63977,-0.44171,-0.35463,0.66664,0.33549,0.19268,0.46002,-0.26272,-0.34476,-0.202,0.73019,-0.27646,-0.15406,3.55832,0
negative108,-0.12453,-0.19626,4.48779,-0.16513,-0.0915,-0.10818,-0.14012,-0.12467,-0.21439,-0.18816,-0.24143,-0.13765,-0.20814,-0.20684,-0.16467,-0.51986,1.16414,0.44554,1.68823,1.17371,-0.22045,-0.24832,-1.6632,0.84089,1.6076,-0.22454,-0.33285,-0.1838,5.74403,-0.21124,0.35164,-0.24955,-0.70989,-0.19169,0.90678,-0.11703,1.51199,-0.37589,0.71479,-0.28071,-0.21525,-1.50276,-0.30461,-0.19193,-0.2232,-0.2715,-1.90913,-0.23907,-0.24428,-0.59064,0.02902,-2.26542,2.99844,-0.2726,-0.10657,-0.30527,-1.16221,0.06397,0.22599,0.21237,-0.06517,0.13997,0.39726,-0.26272,-0.34476,-0.202,0.73019,-0.27646,-0.15406,1.24467,0
negative109,-0.12453,-0.19626,-0.21715,-0.16513,-0.0915,-0.10818,-0.14012,-0.12467,-0.21439,-0.18816,-0.24143,-0.13765,-0.20814,-0.20684,0.35516,1.38695,-0.70395,-0.02875,-0.35822,-1.07738,-0.22045,-0.24832,0.5893,-1.08639,1.6076,-0.22454,-0.9666,-0.1838,-0.17764,-0.21124,-0.16584,-0.24955,0.38553,-0.19169,-0.05628,-0.11703,-0.75649,-1.44303,-0.40137,-0.28071,-0.21525,-0.21849,-0.30461,-0.19193,-0.2232,0.70047,0.6567,-0.23907,-0.24428,-0.59064,-1.15128,1.7621,0.33321,-0.2726,-0.10657,-0.32962,-1.76771,-0.61027,-0.93526,0.50182,-0.043,0.88269,-0.01499,-0.26272,-0.74525,-0.202,-1.36951,-0.27646,-0.15406,1.68728,0
negative110,-0.12453,-0.19626,-0.21715,-0.16513,-0.0915,-0.10818,-0.14012,-0.12467,-0.21439,-0.18816,-0.24143,-0.13765,-0.20814,-0.20684,0.875,-0.51986,1.39765,0.32235,1.94403,-0.17695,-0.22045,-0.24832,-1.1966,0.72054,0.00584,-0.22454,-0.33432,-0.1838,-0.17764,-0.21124,1.75457,-0.24955,-1.2576,-0.19169,-1.01935,-0.11703,1.32184,-0.37589,-0.40137,-0.28071,-0.21525,0.27812,-0.30461,-0.19193,-0.2232,0.26601,-0.73937,-0.23907,-0.24428,-0.59064,-0.88488,-1.96609,0.75877,-0.2726,-0.10657,-0.70799,-0.94312,-0.56813,1.38724,-0.2608,-0.75028,0.37436,-0.26706,-0.26272,0.05573,-0.202,-1.36951,-0.27646,-0.15406,0.14996,0
negative111,-0.12453,-0.19626,-0.21715,-0.16513,-0.0915,-0.10818,-0.14012,-0.12467,-0.21439,-0.18816,-0.24143,-0.13765,-0.20814,-0.20684,1.39484,-0.51986,-0.70395,0.71862,-0.35822,-1.07738,4.44426,-0.24832,0.84033,1.93203,-0.79504,-0.22454,0.64104,-0.1838,-0.17764,-0.21124,1.37857,-0.24955,0.38553,5.3648,-1.01935,-0.11703,-0.75649,1.40267,1.08685,-0.28071,-0.21525,1.55389,-0.30461,-0.19193,-0.2232,-2.42771,0.33058,-0.23907,-0.24428,-0.59064,0.56734,-0.07571,-1.83034,-0.2726,-0.10657,0.80392,-1.63061,-1.0738,-0.93526,-1.41162,1.70138,1.04991,-0.89142,-0.26272,0.45622,-0.202,-1.36951,-0.27646,-0.15406,-0.56563,0
negative112,-0.12453,-0.19626,-0.21715,-0.16513,-0.0915,-0.10818,-0.14012,-0.12467,-0.21439,-0.18816,-0.24143,-0.13765,-0.20814,-0.20684,0.35516,3.45489,0.93063,0.66319,1.43242,-0.62717,-0.22045,-0.24832,0.44506,1.24181,1.6076,-0.22454,-0.9666,-0.1838,-0.17764,-0.21124,-1.0248,-0.24955,0.38553,-0.19169,-1.01935,-0.11703,-0.75649,-0.02018,0.34274,-0.28071,5.1565,-0.54765,-0.30461,-0.19193,-0.2232,0.43912,0.98361,-0.23907,-0.24428,-0.59064,1.07287,-0.42875,-0.21057,-0.2726,-0.10657,0.65166,-0.76689,-0.86311,-0.35463,1.21397,-0.32548,-0.27456,-0.46059,-0.26272,-0.34476,-0.202,-1.36951,-0.27646,-0.15406,-1.19471,0
negative113,-0.12453,-0.19626,-0.21715,-0.16513,-0.0915,-0.10818,-0.14012,-0.12467,-0.21439,-0.18816,-0.24143,-0.13765,-0.20814,-0.20684,0.35516,-0.51986,-0.93746,0.17657,-0.61402,-1.07738,-0.22045,-0.24832,0.09344,-1.16691,0.00584,-0.22454,-0.35857,-0.1838,-0.17764,-0.21124,-1.28539,-0.24955,0.38553,-0.19169,1.86985,-0.11703,-0.75649,2.1141,-0.02932,-0.28071,-0.21525,-0.07143,-0.30461,-0.19193,-0.2232,0.41599,-0.02157,-0.23907,-0.24428,-0.59064,0.59019,1.0059,1.2677,-0.2726,-0.10657,-0.97067,-0.89138,-0.31529,-0.93526,-0.61908,-0.53227,0.99189,0.78968,-0.26272,-0.74525,-0.202,0.73019,-0.27646,-0.15406,-0.51772,0
negative114,-0.12453,-0.19626,-0.21715,-0.16513,-0.0915,-0.10818,-0.14012,-0.12467,-0.21439,-0.18816,-0.24143,-0.13765,-0.20814,-0.20684,0.35516,-0.51986,-0.70395,-0.22997,-0.35822,-1.07738,-0.22045,-0.24832,1.45804,-0.24326,1.6076,-0.22454,-0.15969,-0.1838,-0.17764,-0.21124,0.28889,-0.24955,-0.16218,-0.19169,-1.01935,-0.11703,-0.75649,-0.7316,-0.77343,-0.28071,5.1565,-0.74624,-0.30461,-0.19193,-0.2232,0.56262,1.78203,-0.23907,-0.24428,-0.59064,0.3798,-0.64852,-1.32119,-0.2726,-0.10657,-1.21533,-0.3564,-0.73669,-0.93526,-0.18956,-1.09198,0.30404,0.48358,-0.26272,0.85672,-0.202,0.73019,-0.27646,-0.15406,-1.70381,0
negative115,-0.12453,-0.19626,-0.21715,-0.16513,-0.0915,8.68434,-0.14012,-0.12467,-0.21439,-0.18816,-0.24143,-0.13765,-0.20814,-0.20684,-1.20435,1.53347,-0.23693,-0.92396,0.15339,0.27327,-0.22045,-0.24832,0.25121,-0.40277,0.00584,-0.22454,-0.14325,-0.1838,-0.17764,-0.21124,-0.31935,-0.24955,0.93324,-0.19169,-1.01935,-0.11703,0.3557,0.69125,-0.77343,-0.28071,-0.21525,2.27235,-0.30461,-0.19193,-0.2232,-0.30135,-0.06044,-0.23907,-0.24428,-0.59064,0.72561,-0.31138,0.31707,-0.2726,-0.10657,2.20383,-0.10251,-0.73669,0.22599,0.11061,-1.93941,0.1258,2.51486,-0.26272,4.06066,-0.202,0.73019,-0.27646,-0.15406,-0.50466,0
negative116,-0.12453,-0.19626,-0.21715,-0.16513,-0.0915,17.47687,-0.14012,-0.12467,-0.21439,-0.18816,-0.24143,-0.13765,-0.20814,-0.20684,-0.16467,-0.51986,-0.70395,-0.92396,-0.35822,-0.62717,-0.22045,7.55225,0.19773,-1.11764,-0.79504,-0.22454,-0.9666,-0.1838,-0.17764,-0.21124,1.4299,-0.24955,-0.70989,-0.19169,-0.05628,-0.11703,0.21046,0.69125,-0.77343,-0.28071,-0.21525,2.16278,-0.30461,-0.19193,-0.2232,-0.03244,0.69801,-0.23907,-0.24428,-0.59064,1.16042,-0.58224,0.06217,-0.2726,-0.10657,0.33496,-1.17786,-0.69455,1.38724,0.6164,-2.88384,-1.36369,-1.08927,-0.26272,0.85672,-0.202,0.73019,-0.27646,-0.15406,-1.30852,0
negative117,-0.12453,4.30927,-0.21715,-0.16513,-0.0915,-0.10818,-0.14012,-0.12467,-0.21439,-0.18816,-0.24143,-0.13765,-0.20814,-0.20684,0.875,-0.51986,0.93063,-0.92396,1.43242,-1.07738,-0.22045,-0.24832,0.66466,0.59593,-0.79504,-0.22454,0.26785,-0.1838,-0.17764,-0.21124,0.59627,-0.24955,0.38553,-0.19169,-0.05628,-0.11703,0.26775,-1.08732,-0.02932,-0.28071,-0.21525,0.60928,-0.30461,-0.19193,-0.2232,-1.36641,0.5525,-0.23907,-0.24428,1.29008,-1.57814,-0.21336,0.70649,-0.2726,-0.10657,-0.35464,0.21271,-0.23101,-0.93526,1.59183,2.75121,1.01791,-0.1602,-0.26272,1.6577,-0.202,0.73019,-0.27646,-0.15406,0.92815,0
negative118,-0.12453,-0.19626,-0.21715,-0.16513,-0.0915,-0.10818,-0.14012,-0.12467,3.19751,-0.18816,-0.24143,-0.13765,-0.20814,-0.20684,0.875,-0.51986,-0.23693,-0.92396,-0.35822,-1.07738,-0.22045,-0.24832,0.94865,-0.98425,0.80672,-0.22454,-0.27866,-0.1838,-0.17764,-0.21124,-0.75267,-0.24955,-0.16218,-0.19169,-1.01935,-0.11703,-0.75649,0.33553,-0.77343,-0.28071,-0.21525,0.71895,-0.30461,-0.19193,-0.2232,-1.58937,1.17138,-0.23907,-0.24428,-0.59064,-1.93377,-0.23031,-1.16622,-0.2726,-0.10657,-1.20799,-0.65374,-0.86311,-0.35463,1.36919,1.65829,-0.04824,0.13677,-0.26272,1.25721,-0.202,0.73019,-0.27646,-0.15406,-0.18814,0
negative119,-0.12453,-0.19626,-0.21715,-0.16513,-0.0915,-0.10818,-0.14012,-0.12467,-0.21439,-0.18816,-0.24143,-0.13765,-0.20814,-0.20684,0.35516,-0.51986,0.93063,0.61596,1.43242,-0.17695,-0.22045,-0.24832,0.60772,-0.28535,-0.79504,-0.22454,-0.34278,-0.1838,-0.17764,4.31533,0.99071,-0.24955,0.38553,-0.19169,-0.05628,-0.11703,0.35096,-0.02018,1.08685,-0.28071,-0.21525,-0.48507,-0.30461,-0.19193,-0.2232,-0.01363,0.30753,-0.23907,-0.24428,-0.59064,-1.18613,-0.76708,-0.05672,-0.2726,10.10316,0.85219,-0.15264,-0.27315,-0.35463,-0.26147,0.92747,-0.02063,1.25303,-0.26272,0.45622,-0.202,0.73019,-0.27646,-0.15406,0.5528,0
negative120,-0.12453,-0.19626,-0.21715,-0.16513,-0.0915,-0.10818,-0.14012,-0.12467,-0.21439,-0.18816,-0.24143,-0.13765,-0.20814,-0.20684,-0.68451,-0.51986,0.69712,-0.92396,1.17662,0.72349,-0.22045,-0.24832,-0.84674,0.90224,0.00584,-0.22454,0.85864,-0.1838,-0.17764,-0.21124,-0.27473,-0.24955,0.93324,-0.19169,0.90678,-0.11703,0.28519,-1.44303,-0.77343,-0.28071,-0.21525,-1.09774,-0.30461,-0.19193,-0.2232,0.42022,-0.55158,-0.23907,-0.24428,1.29008,0.00643,-1.98469,1.97694,-0.2726,-0.10657,0.28404,0.61269,0.10611,-0.93526,-0.23088,0.59934,-0.98894,-1.46754,-0.26272,1.25721,-0.202,0.73019,-0.27646,-0.15406,-1.241,0
negative121,-0.12453,-0.19626,-0.21715,-0.16513,-0.0915,-0.10818,-0.14012,-0.12467,-0.21439,-0.18816,-0.24143,-0.13765,-0.20814,3.77947,-0.68451,-0.51986,0.23009,-0.92396,0.665,-0.62717,-0.22045,-0.24832,-1.02514,-0.60921,0.00584,-0.22454,-0.3475,-0.1838,-0.17764,-0.21124,1.73511,-0.24955,-1.2576,-0.19169,0.90678,-0.11703,0.3251,-1.08732,-0.77343,-0.28071,-0.21525,0.24399,-0.30461,-0.19193,-0.2232,-0.01347,0.60936,-0.23907,-0.24428,-0.59064,-2.08012,3.0015,0.62263,-0.2726,-0.10657,0.23036,-0.45134,0.14824,-0.93526,1.04877,-0.26816,-0.38025,-0.01087,-0.26272,0.45622,-0.202,-1.36951,-0.27646,-0.15406,0.6573,0
negative122,-0.14425,-0.20744,-0.22883,-0.18011,-0.11946,7.41745,-0.14945,-0.13489,-0.24827,-0.19886,-0.27295,-0.17397,-0.26697,3.1754,-1.07439,-0.51986,0.87225,0.52357,-0.74193,-0.17695,-0.25519,3.0803,-0.15362,0.5779,-0.21662,-0.22454,0.1012,-0.1838,-0.19234,-0.27867,0.71845,-0.29244,0.11168,-0.19169,0.42525,-0.13857,0.31046,-1.08732,-0.02932,-0.28071,-0.21525,0.42226,-0.30461,-0.21571,-0.2232,-0.13524,0.73372,-0.23907,-0.24428,-0.59064,0.13084,0.94998,0.34893,-0.28176,-0.10657,-0.82487,0.64977,2.21309,-1.51588,1.74752,-1.44038,-0.43201,-1.27676,-0.31883,-0.84538,-0.202,0.73019,-0.35722,-0.18643,-1.40735,0
negative123,-0.12453,-0.19626,-0.21715,-0.16513,-0.0915,-0.10818,-0.14012,-0.12467,-0.21439,-0.18816,-0.24143,-0.13765,-0.20814,-0.20684,-0.68451,1.15195,1.16414,0.32235,-0.86983,0.27327,-0.22045,-0.24832,-0.41823,-1.56067,-0.79504,-0.22454,0.37413,-0.1838,-0.17764,-0.21124,0.72402,-0.24955,1.48095,-0.19169,-0.05628,-0.11703,-0.75649,-1.08732,-0.02932,-0.28071,-0.21525,-0.26,-0.30461,-0.19193,-0.2232,-0.40385,0.66833,-0.23907,-0.24428,3.1708,1.07099,-0.04301,-1.13927,-0.2726,-0.10657,0.44688,0.24473,-0.14673,0.22599,0.03338,0.42954,-0.59255,-1.17025,-0.26272,-0.34476,-0.202,0.73019,-0.27646,-0.15406,-0.27551,0
negative124,-0.12453,-0.19626,-0.21715,-0.16513,-0.0915,-0.10818,-0.14012,-0.12467,-0.21439,-0.18816,-0.24143,-0.13765,-0.20814,-0.20684,0.35516,1.14139,-0.23693,-0.92396,0.15339,1.17371,-0.22045,-0.24832,0.75037,0.52388,-0.79504,-0.22454,-0.9666,-0.1838,-0.17764,-0.21124,0.37329,-0.24955,-1.2576,-0.19169,0.90678,-0.11703,-0.75649,-0.7316,-0.77343,-0.28071,-0.21525,0.99165,-0.30461,-0.19193,-0.2232,0.22319,-1.02406,-0.23907,3.73903,-0.59064,-1.00917,0.89454,-1.18296,-0.2726,-0.10657,-0.15298,0.93496,-1.24236,0.80661,-0.95967,1.45898,0.76,-1.57744,-0.26272,-0.74525,-0.202,0.73019,-0.27646,-0.15406,-0.23617,0
negative125,-0.12453,-0.19626,-0.21715,-0.16513,-0.0915,-0.10818,-0.14012,-0.12467,-0.21439,-0.18816,-0.24143,-0.13765,2.42466,-0.20684,1.39484,-0.51986,-1.40448,0.05954,-1.12564,-0.62717,4.44426,-0.24832,2.4259,-0.19977,0.80672,-0.22454,1.87338,-0.1838,-0.17764,-0.21124,-1.0118,-0.24955,-0.16218,-0.19169,-1.01935,-0.11703,-0.75649,-0.7316,-0.77343,-0.28071,-0.21525,-0.0075,-0.30461,-0.19193,4.27512,-0.0029,0.69552,-0.23907,-0.24428,-0.59064,-0.43839,0.02361,-1.5076,-0.2726,-0.10657,0.94573,0.10249,-0.94739,0.80661,-0.6526,0.41807,-0.40492,-0.75803,-0.26272,-0.74525,-0.202,0.73019,3.33793,-0.15406,-1.58999,0
negative126,-0.12453,-0.19626,-0.21715,-0.16513,-0.0915,-0.10818,-0.14012,-0.12467,-0.21439,-0.18816,-0.24143,-0.13765,-0.20814,-0.20684,-1.20435,-0.51986,-0.47044,-0.92396,-0.10241,0.27327,-0.22045,-0.24832,-1.6079,-1.3697,-0.79504,-0.22454,-0.9666,-0.1838,-0.17764,-0.21124,-1.032,-0.24955,0.93324,-0.19169,-1.01935,-0.11703,3.76748,-1.79874,-0.77343,-0.28071,-0.21525,2.57586,-0.30461,-0.19193,-0.2232,-0.3665,-3.21215,-0.23907,-0.24428,-0.59064,1.83038,2.43356,4.24041,-0.2726,-0.10657,0.9229,-0.76422,0.10611,-1.51588,-1.55994,-0.36293,1.31145,1.13688,-0.26272,1.25721,-0.202,0.73019,-0.27646,-0.15406,-0.31845,0
negative127,-0.12453,-0.19626,-0.21715,-0.16513,-0.0915,-0.10818,-0.14012,-0.12467,-0.21439,-0.18816,-0.24143,-0.13765,-0.20814,-0.20684,0.875,-0.51986,0.23009,1.40235,0.665,-0.17695,-0.22045,-0.24832,0.3115,0.04702,0.80672,-0.22454,0.53281,-0.1838,-0.17764,-0.21124,-0.58042,-0.24955,0.38553,-0.19169,-0.05628,-0.11703,-0.75649,-0.7316,-0.40137,4.20706,-0.21525,-0.7212,-0.30461,-0.19193,-0.2232,-0.39895,-0.57431,-0.23907,-0.24428,-0.59064,0.93195,0.45396,1.42056,-0.2726,-0.10657,0.86929,-0.95899,-0.98953,-0.35463,-0.71484,-0.16145,-0.35026,-0.36683,-0.26272,-0.74525,-0.202,-1.36951,3.33793,-0.15406,0.90903,0
negative128,-0.14425,-0.20744,-0.22883,-0.18011,-0.11946,-0.13001,-0.14945,-0.13489,2.68049,-0.19886,-0.27295,-0.17397,-0.26697,-0.24643,0.48512,-0.51986,1.57278,0.18273,-0.74193,-0.85228,-0.25519,-0.26769,0.36431,-0.14094,-0.79504,-0.22454,-0.43327,-0.1838,-0.19234,-0.27867,0.10241,-0.29244,0.11168,-0.19169,0.42525,-0.13857,-0.75649,-0.02018,0.52877,-0.28071,-0.21525,0.3041,-0.30461,-0.21571,-0.2232,-0.7646,0.32592,-0.23907,-0.24428,-0.59064,-1.66767,-0.66761,0.07773,-0.28176,-0.10657,0.04218,1.20637,1.03318,-0.2324,-0.82558,-0.60008,-1.88038,-0.17539,-0.31883,-0.84538,-0.202,0.73019,-0.35722,-0.18643,-0.63596,0
negative129,-0.12453,-0.19626,-0.21715,-0.16513,-0.0915,-0.10818,-0.14012,-0.12467,-0.21439,-0.18816,-0.24143,7.1771,-0.20814,-0.20684,-0.68451,-0.51986,1.39765,1.40235,1.17662,0.72349,-0.22045,-0.24832,0.01359,-0.67495,-0.79504,-0.22454,-0.36589,-0.1838,-0.17764,-0.21124,0.3193,-0.24955,-0.16218,-0.19169,-0.05628,-0.11703,-0.75649,-0.37589,0.71479,-0.28071,-0.21525,-1.1239,-0.30461,-0.19193,-0.2232,0.07881,0.39913,4.68535,-0.24428,-0.59064,-1.25157,-0.80413,-1.00583,-0.2726,-0.10657,0.59983,1.69766,-0.35743,-0.35463,0.93952,1.57919,-0.47989,0.68232,-0.26272,0.05573,-0.202,-1.36951,-0.27646,-0.15406,-1.08652,0
negative130,-0.15139,-0.2115,-0.23306,-0.18553,-0.12959,-0.13792,-0.15284,-0.13859,-0.26055,-0.20274,-0.28438,-0.18713,-0.28828,2.99403,-1.18072,-0.51986,2.09818,-0.92396,2.71145,1.72625,-0.26778,-0.2747,-1.755,-0.71019,0.24611,-0.22454,0.45469,-0.1838,-0.19766,-0.3031,0.07004,-0.30799,-0.85927,-0.19169,-0.36272,-0.14637,4.61546,1.96858,2.15228,-0.28071,-0.21525,-0.99309,-0.30461,-0.22432,-0.2232,0.00698,-2.21889,4.68535,-0.24428,-0.59064,0.40658,1.73484,1.99305,-0.28507,-0.10657,1.18972,1.14404,2.84518,1.1937,-0.51968,-0.03726,0.57649,0.11215,-0.33917,-0.87268,-0.202,0.73019,2.56465,-0.19816,-0.68496,0
negative131,-0.12453,-0.19626,-0.21715,-0.16513,-0.0915,-0.10818,-0.14012,-0.12467,-0.21439,-0.18816,-0.24143,-0.13765,-0.20814,-0.20684,0.875,-0.51986,-1.17097,0.44554,-0.86983,-1.07738,-0.22045,-0.24832,-0.17112,-1.9995,0.00584,-0.22454,-0.3143,-0.1838,-0.17764,-0.21124,-0.30695,-0.24955,-0.70989,-0.19169,-0.05628,-0.11703,0.31748,1.40267,1.83096,-0.28071,-0.21525,0.60885,-0.30461,-0.19193,-0.2232,0.79004,-0.53359,-0.23907,3.73903,-0.59064,0.43787,-1.29842,-0.05087,-0.2726,-0.10657,0.17593,0.61316,-0.48385,0.22599,-0.36495,1.57441,-0.20863,-0.49695,-0.26272,-0.34476,-0.202,0.73019,-0.27646,-0.15406,0.81036,0
negative132,-0.12453,-0.19626,-0.21715,-0.16513,-0.0915,-0.10818,-0.14012,-0.12467,-0.21439,-0.18816,-0.24143,-0.13765,-0.20814,-0.20684,-0.16467,-0.51986,-0.00342,1.10258,0.15339,-0.17695,-0.22045,-0.24832,-0.14918,1.40198,1.6076,-0.22454,-0.27557,-0.1838,-0.17764,-0.21124,-0.64009,-0.24955,-0.16218,-0.19169,0.90678,-0.11703,0.35892,0.69125,1.83096,-0.28071,5.1565,-0.4431,-0.30461,-0.19193,-0.2232,0.07604,-1.3041,-0.23907,-0.24428,1.29008,-0.34375,-0.73328,1.58314,-0.2726,-0.10657,-0.19394,-1.42871,0.02183,-0.35463,0.29096,0.41013,0.83957,-1.5122,-0.26272,-0.74525,-0.202,-1.36951,-0.27646,-0.15406,0.3807,0
negative133,-0.12453,-0.19626,-0.21715,5.86665,-0.0915,-0.10818,-0.14012,-0.12467,-0.21439,-0.18816,-0.24143,-0.13765,-0.20814,-0.20684,-0.68451,-0.51986,-0.47044,-0.92396,-0.10241,0.27327,-0.22045,-0.24832,-1.28236,1.40952,-0.79504,-0.22454,-0.25441,-0.1838,-0.17764,-0.21124,-0.10907,-0.24955,-0.70989,-0.19169,-0.05628,-0.11703,0.32892,1.75839,0.71479,-0.28071,-0.21525,0.57089,-0.30461,-0.19193,-0.2232,-0.25291,-0.25964,-0.23907,-0.24428,-0.59064,2.45418,-1.06709,0.10232,-0.2726,-0.10657,-0.19323,0.13119,-0.39957,-0.35463,-0.08075,0.36173,0.34203,1.16078,-0.26272,-0.74525,-0.202,0.73019,-0.27646,-0.15406,-0.17034,0
negative134,-0.12453,-0.19626,-0.21715,-0.16513,-0.0915,-0.10818,-0.14012,-0.12467,-0.21439,-0.18816,-0.24143,-0.13765,-0.20814,-0.20684,-0.68451,-0.51986,-1.40448,-0.92396,-1.12564,2.52436,-0.22045,-0.24832,-0.16452,0.10694,-0.79504,-0.22454,-0.24285,-0.1838,-0.17764,-0.21124,0.77741,-0.24955,-1.80531,-0.19169,-0.05628,-0.11703,0.41585,-0.02018,-0.77343,-0.28071,-0.21525,-1.01243,3.20408,-0.19193,-0.2232,-0.34133,-1.24017,-0.23907,-0.24428,-0.59064,-0.8075,0.08525,-0.47832,-0.2726,-0.10657,-2.03381,0.27636,-0.98953,2.54849,-1.75858,0.68369,1.20532,-1.52308,-0.26272,-0.34476,-0.202,0.73019,-0.27646,-0.15406,-0.43575,0
negative135,-0.12453,-0.19626,-0.21715,-0.16513,-0.0915,-0.10818,-0.14012,-0.12467,-0.21439,-0.18816,-0.24143,-0.13765,-0.20814,-0.20684,-0.68451,-0.51986,0.23009,-0.92396,-0.35822,-1.07738,-0.22045,-0.24832,-0.48375,0.45578,0.00584,-0.22454,-0.9666,-0.1838,-0.17764,-0.21124,-0.79003,-0.24955,-0.16218,-0.19169,0.90678,-0.11703,-0.75649,-0.02018,0.34274,-0.28071,-0.21525,0.1169,-0.30461,-0.19193,-0.2232,0.20876,0.81249,-0.23907,-0.24428,1.29008,0.10172,-0.38051,-0.31202,-0.2726,-0.10657,2.61511,2.23242,-0.18887,-0.35463,0.24986,-0.12269,-0.59073,0.15027,-0.26272,-0.74525,5.03431,-1.36951,-0.27646,-0.15406,-0.18814,0
negative136,-0.12018,-0.19379,-0.21457,-0.16183,-0.08533,-0.10337,-0.13806,-0.12242,-0.20692,-0.1858,-0.23447,-0.12964,-0.19517,-0.19811,-0.57312,-0.51986,-1.40448,-0.92396,-1.12564,1.46313,-0.21279,-0.24405,-1.85439,1.55274,-0.79504,-0.22454,0.3616,-0.1838,-0.17439,-0.19637,0.22028,-0.24009,-1.17936,-0.19169,2.07623,-0.11228,-0.75649,0.13227,1.2463,-0.28071,-0.21525,-1.90971,-0.30461,-0.18668,-0.2232,-0.01867,-0.74615,-0.23907,-0.24428,-0.59064,1.6962,-0.14406,-0.18253,3.55565,-0.10657,-0.02301,2.53342,-0.35743,-1.51588,-0.81371,1.17991,0.0023,0.56679,-0.25034,-0.71665,-0.202,-1.36951,-0.25865,-0.14692,0.42038,0
negative137,-0.12453,-0.19626,-0.21715,-0.16513,-0.0915,-0.10818,-0.14012,-0.12467,-0.21439,-0.18816,-0.24143,-0.13765,-0.20814,-0.20684,0.875,-0.51986,-1.40448,0.32235,-1.12564,0.27327,-0.22045,-0.24832,-0.27455,-1.27726,0.80672,-0.22454,-0.29396,-0.1838,-0.17764,-0.21124,0.3164,-0.24955,-1.2576,-0.19169,-1.01935,-0.11703,1.39468,0.33553,-0.40137,-0.28071,-0.21525,-0.17832,-0.30461,-0.19193,-0.2232,0.2039,-0.7741,-0.23907,-0.24428,-0.59064,0.46854,0.14412,0.78433,-0.2726,-0.10657,1.12174,-1.42636,-0.44171,0.22599,-0.50263,0.90025,0.94927,0.66266,-0.26272,0.05573,-0.202,0.73019,-0.27646,-0.15406,0.2059,0
negative138,-0.12453,-0.19626,-0.21715,-0.16513,-0.0915,-0.10818,-0.14012,-0.12467,-0.21439,-0.18816,-0.24143,-0.13765,2.42466,3.77947,0.35516,-0.51986,-0.70395,-0.92396,-0.86983,-1.97782,-0.22045,-0.24832,2.06718,0.31565,0.80672,-0.22454,-0.9666,-0.1838,-0.17764,-0.21124,-0.30967,-0.24955,-0.16218,-0.19169,-0.05628,-0.11703,-0.75649,0.33553,0.34274,-0.28071,-0.21525,0.08845,-0.30461,-0.19193,-0.2232,1.23066,1.75298,-0.23907,-0.24428,-0.59064,0.6297,0.07239,-0.33769,-0.2726,-0.10657,0.08846,-0.10181,-0.65241,-0.93526,1.88615,-0.46282,1.49623,0.2772,-0.26272,0.85672,-0.202,0.73019,-0.27646,-0.15406,0.42598,0
negative139,7.81828,-0.19626,-0.21715,-0.16513,-0.0915,-0.10818,-0.14012,-0.12467,3.19751,-0.18816,-0.24143,-0.13765,-0.20814,-0.20684,0.875,-0.51986,-1.17097,-0.92396,-0.86983,-1.5276,-0.22045,-0.24832,1.1545,-0.25004,0.00584,-0.22454,-0.9666,-0.1838,-0.17764,-0.21124,-0.15647,-0.24955,-0.16218,-0.19169,-0.05628,-0.11703,-0.75649,0.69125,-0.02932,-0.28071,-0.21525,1.06819,-0.30461,-0.19193,-0.2232,1.36917,-0.05316,-0.23907,3.73903,-0.59064,-0.4189,0.396,-0.00835,-0.2726,-0.10657,-0.5988,-0.19343,-1.0738,0.80661,-0.37845,0.41092,-0.25302,-2.13161,-0.26272,-0.34476,-0.202,0.73019,-0.27646,-0.15406,-1.10304,0
negative140,-0.12453,-0.19626,-0.21715,-0.16513,-0.0915,-0.10818,-0.14012,-0.12467,-0.21439,-0.18816,-0.24143,-0.13765,-0.20814,-0.20684,-0.68451,-0.51986,-0.00342,1.10258,0.4092,0.27327,9.10897,-0.24832,-1.93702,-0.63256,-0.79504,-0.22454,0.21822,-0.1838,-0.17764,-0.21124,1.32373,-0.24955,-0.16218,-0.19169,-0.05628,-0.11703,2.21907,1.75839,2.94713,-0.28071,-0.21525,0.66478,-0.30461,-0.19193,-0.2232,-1.00197,-2.24049,-0.23907,3.73903,-0.59064,-0.2852,-0.61782,1.76381,-0.2726,-0.10657,-0.67079,1.35966,0.48536,0.22599,-0.58249,0.64447,-1.09732,-2.81986,-0.26272,-0.74525,-0.202,0.73019,-0.27646,-0.15406,0.53797,0
negative141,-0.12453,-0.19626,-0.21715,-0.16513,-0.0915,-0.10818,-0.14012,-0.12467,-0.21439,-0.18816,-0.24143,-0.13765,-0.20814,-0.20684,-1.20435,-0.51986,0.23009,-0.92396,0.665,0.72349,-0.22045,-0.24832,-0.78173,0.02715,0.80672,-0.22454,-0.33806,-0.1838,-0.17764,-0.21124,0.39076,-0.24955,-0.16218,-0.19169,-1.01935,-0.11703,2.38186,-0.7316,-0.77343,-0.28071,-0.21525,-0.68681,-0.30461,-0.19193,-0.2232,0.03515,-1.22938,-0.23907,-0.24428,-0.59064,1.10397,-0.66838,1.84563,-0.2726,-0.10657,-1.71803,-0.57507,0.23252,0.22599,1.594,-0.38378,-0.05404,-1.02617,-0.26272,-0.34476,5.03431,-1.36951,-0.27646,-0.15406,0.94746,0
negative142,-0.12453,-0.19626,-0.21715,-0.16513,-0.0915,-0.10818,-0.14012,-0.12467,-0.21439,-0.18816,-0.24143,-0.13765,-0.20814,-0.20684,-0.68451,-0.51986,-0.47044,-0.92396,-0.10241,0.72349,-0.22045,-0.24832,-1.11113,2.28335,-0.79504,-0.22454,-0.32895,-0.1838,-0.17764,-0.21124,1.24658,-0.24955,-1.2576,-0.19169,0.90678,-0.11703,-0.75649,-1.44303,-0.40137,-0.28071,-0.21525,-0.68845,-0.30461,-0.19193,-0.2232,0.25361,-0.06034,-0.23907,-0.24428,-0.59064,-1.89176,-1.49188,-0.82209,3.41445,-0.10657,-0.76297,-1.2037,-0.31529,0.22599,0.01538,0.98361,0.94407,-0.23976,-0.26272,1.25721,-0.202,0.73019,-0.27646,-0.15406,1.91958,0
negative143,-0.12453,-0.19626,4.48779,-0.16513,-0.0915,-0.10818,-0.14012,-0.12467,-0.21439,-0.18816,-0.24143,-0.13765,-0.20814,-0.20684,0.35516,-0.51986,-1.40448,0.17657,-1.12564,1.62393,-0.22045,-0.24832,-1.04088,0.0347,0.80672,-0.22454,-0.2868,-0.1838,-0.17764,4.31533,0.13145,-0.24955,-1.80531,-0.19169,1.86985,-0.11703,1.55185,-0.02018,0.71479,-0.28071,-0.21525,-1.22364,-0.30461,-0.19193,-0.2232,-0.1874,-2.65641,-0.23907,-0.24428,-0.59064,0.93907,0.7375,1.61599,3.41445,-0.10657,-0.56827,0.65604,-0.10459,0.80661,-2.30268,0.47126,1.70045,-0.14936,-0.26272,-0.74525,-0.202,-1.36951,-0.27646,-0.15406,0.81036,0
negative144,-0.12453,-0.19626,-0.21715,-0.16513,-0.0915,-0.10818,-0.14012,-0.12467,-0.21439,-0.18816,-0.24143,-0.13765,-0.20814,-0.20684,-0.16467,-0.51986,0.23009,-0.02875,0.665,-0.62717,-0.22045,3.65197,0.43199,-0.97504,0.80672,-0.22454,0.54599,-0.1838,-0.17764,-0.21124,0.293,3.58977,0.38553,-0.19169,-0.05628,-0.11703,-0.75649,-1.44303,-0.40137,-0.28071,-0.21525,-0.6129,-0.30461,-0.19193,-0.2232,0.02138,1.80737,-0.23907,-0.24428,-0.59064,-0.56971,-0.47277,-0.35729,-0.2726,-0.10657,-0.12953,-1.33697,-0.10459,-0.93526,1.18427,-0.52525,0.34519,0.59388,-0.26272,3.25967,-0.202,0.73019,-0.27646,-0.15406,-0.45181,0
negative145,-0.14425,-0.20744,-0.22883,-0.18011,-0.11946,-0.13001,-0.14945,-0.13489,-0.24827,-0.19886,-0.27295,-0.17397,4.253,-0.24643,0.875,-0.51986,0.17172,-0.92396,0.60105,-0.17695,-0.25519,-0.26769,0.60204,-0.94813,2.09702,-0.22454,-0.35841,-0.1838,-0.19234,-0.27867,-0.24717,-0.29244,-0.70989,-0.19169,0.42525,-0.13857,-0.75649,-0.28696,-0.86644,-0.28071,-0.21525,-0.09186,-0.30461,-0.21571,-0.2232,-0.0081,-0.6653,-0.23907,-0.24428,0.66317,0.04242,1.7175,0.15275,-0.28176,-0.10657,-0.02628,-1.16546,0.5275,0.62326,-0.2269,-0.08146,1.83596,-0.63618,-0.31883,-0.24464,-0.202,0.73019,2.74536,-0.18643,-0.58062,0
negative146,-0.14053,-0.20534,-0.22663,-0.17728,-0.11419,-0.1259,-0.1477,-0.13296,-0.24189,-0.19685,-0.26701,-0.16713,-0.25589,-0.23897,-2.24402,1.90931,1.54513,-0.92396,2.1056,0.6761,-0.24865,-0.26404,0.65399,1.86479,-0.79504,-0.22454,2.92979,-0.1838,-0.18957,-0.26597,-2.54857,-0.28436,2.83582,-0.19169,-1.01935,-0.13451,-0.75649,0.93463,0.91061,-0.28071,-0.21525,0.60468,2.3785,-0.21123,-0.2232,-0.1476,2.03377,-0.23907,-0.24428,0.75273,0.88045,0.43234,-1.24748,-0.28003,-0.10657,0.97853,-0.18722,1.32815,-1.06429,0.75346,-2.09364,0.94821,0.06988,-0.30826,-1.14575,-0.202,0.73019,-0.34201,-0.18033,-1.61395,0
negative147,-0.12453,-0.19626,-0.21715,-0.16513,-0.0915,-0.10818,-0.14012,-0.12467,-0.21439,-0.18816,-0.24143,-0.13765,-0.20814,-0.20684,-0.68451,-0.51986,0.69712,1.40235,1.17662,-0.17695,-0.22045,-0.24832,0.77219,0.30523,0.00584,-0.22454,0.67717,-0.1838,-0.17764,-0.21124,-0.64735,-0.24955,1.48095,-0.19169,-1.01935,-0.11703,-0.75649,-0.7316,-0.02932,-0.28071,-0.21525,-0.43232,-0.30461,-0.19193,4.27512,0.05346,1.56981,-0.23907,-0.24428,-0.59064,3.14705,-0.343,-1.1266,-0.2726,-0.10657,1.39088,0.5788,-0.35743,-0.93526,0.84346,-2.94589,-1.67477,-0.3089,-0.26272,0.45622,-0.202,-1.36951,3.33793,-0.15406,-0.61805,0
negative148,-0.14425,-0.20744,-0.22883,-0.18011,-0.11946,-0.13001,-0.14945,-0.13489,-0.24827,-0.19886,-0.27295,-0.17397,-0.26697,-0.24643,-1.85414,-0.51986,0.87225,-0.92396,-0.74193,0.49838,-0.25519,-0.26769,-0.38909,0.32726,-0.79504,-0.22454,4.6896,-0.1838,-0.19234,-0.27867,0.35568,6.29886,3.39794,-0.19169,-1.01935,-0.13857,-0.75649,-1.88767,-0.86644,-0.28071,-0.21525,-0.39,-0.30461,-0.21571,-0.2232,1.54468,1.49814,-0.23907,-0.24428,0.66317,-0.20387,-0.10881,-0.74692,-0.28176,-0.10657,0.02067,0.8502,2.46593,-1.51588,2.18805,-1.39945,0.62607,0.55934,-0.31883,0.05573,-0.202,-1.36951,-0.35722,-0.18643,-0.85017,0
negative149,-0.12453,-0.19626,-0.21715,-0.16513,-0.0915,-0.10818,-0.14012,-0.12467,-0.21439,-0.18816,-0.24143,-0.13765,-0.20814,-0.20684,0.35516,0.91005,-0.70395,0.61596,-0.86983,-0.62717,-0.22045,-0.24832,-1.47565,1.96963,0.00584,-0.22454,-0.9666,-0.1838,-0.17764,-0.21124,-0.08923,-0.24955,-0.16218,-0.19169,-0.05628,-0.11703,0.26443,1.04696,1.45891,-0.28071,-0.21525,1.21576,-0.30461,-0.19193,-0.2232,2.67262,-0.45594,-0.23907,-0.24428,-0.59064,0.32196,-0.16371,-0.66725,-0.2726,-0.10657,0.69822,-0.09579,-0.56813,-0.93526,-0.44916,1.15807,1.82244,0.88826,-0.26272,0.45622,-0.202,-1.36951,-0.27646,-0.15406,1.39478,0
negative150,-0.12453,-0.19626,-0.21715,-0.16513,-0.0915,-0.10818,-0.14012,-0.12467,-0.21439,-0.18816,-0.24143,-0.13765,-0.20814,-0.20684,2.43451,-0.51986,-0.47044,0.85619,-0.10241,-1.5276,-0.22045,3.65197,1.14461,1.95507,-0.79504,-0.22454,0.25679,-0.1838,-0.17764,-0.21124,2.47297,-0.24955,-0.70989,-0.19169,-0.05628,-0.11703,-0.75649,-0.37589,-0.77343,-0.28071,-0.21525,0.64719,-0.30461,4.59684,-0.2232,-1.47105,1.74809,4.68535,-0.24428,-0.59064,-0.24687,-1.95207,0.07279,-0.2726,-0.10657,0.2593,-1.17962,-0.90525,-0.35463,1.70176,-1.09952,-0.7943,-1.36261,-0.26272,-0.34476,-0.202,0.73019,-0.27646,-0.15406,0.74538,0
negative151,-0.12453,-0.19626,-0.21715,-0.16513,-0.0915,-0.10818,-0.14012,-0.12467,3.19751,-0.18816,-0.24143,-0.13765,-0.20814,-0.20684,-1.20435,-0.51986,-0.00342,-0.92396,0.4092,0.27327,-0.22045,-0.24832,0.78253,1.53251,-0.79504,-0.22454,2.42526,-0.1838,-0.17764,-0.21124,-0.63495,-0.24955,1.48095,-0.19169,-1.01935,-0.11703,-0.75649,0.69125,-0.40137,-0.28071,-0.21525,1.06628,-0.30461,-0.19193,-0.2232,0.56384,1.43346,-0.23907,-0.24428,-0.59064,-0.46397,0.0782,-1.2755,-0.2726,-0.10657,0.83164,-1.47656,-0.52599,-0.93526,-0.19796,-1.3513,1.00232,-1.59845,-0.26272,-1.14575,-0.202,0.73019,-0.27646,-0.15406,-1.70381,0
negative152,-0.12453,-0.19626,-0.21715,-0.16513,-0.0915,-0.10818,-0.14012,-0.12467,-0.21439,-0.18816,3.99133,-0.13765,-0.20814,-0.20684,-0.68451,-0.51986,0.23009,-0.92396,0.665,-1.07738,4.44426,-0.24832,0.50377,-0.21486,-0.79504,-0.22454,-0.15025,-0.1838,-0.17764,-0.21124,-0.50387,-0.24955,1.48095,-0.19169,-1.01935,-0.11703,-0.75649,0.69125,1.08685,1.96317,-0.21525,0.58711,-0.30461,-0.19193,-0.2232,0.32274,1.76772,-0.23907,-0.24428,1.29008,2.41155,-0.16171,-1.03423,-0.2726,-0.10657,0.65233,0.0101,-0.35743,-0.93526,0.40111,-1.98689,0.4132,-1.34096,-0.26272,-0.34476,-0.202,0.73019,-0.27646,-0.15406,0.53797,0
negative153,-0.12453,-0.19626,-0.21715,-0.16513,-0.0915,-0.10818,-0.14012,-0.12467,-0.21439,-0.18816,-0.24143,-0.13765,-0.20814,-0.20684,0.35516,-0.51986,1.86467,-0.92396,2.45565,-0.62717,-0.22045,-0.24832,0.31094,1.72894,-0.79504,-0.22454,0.37494,-0.1838,-0.17764,-0.21124,-0.19456,-0.24955,-0.16218,-0.19169,-0.05628,-0.11703,-0.75649,-0.02018,-0.77343,-0.28071,-0.21525,0.97031,-0.30461,-0.19193,-0.2232,0.6608,0.62475,-0.23907,-0.24428,3.1708,-0.35592,0.31551,-0.86942,-0.2726,-0.10657,1.05844,-0.71364,-0.56813,-1.51588,0.39879,1.61454,1.29395,0.87535,-0.26272,3.25967,-0.202,0.73019,-0.27646,-0.15406,-0.43804,0
negative154,-0.12453,-0.19626,-0.21715,-0.16513,-0.0915,-0.10818,-0.14012,-0.12467,13.43322,-0.18816,-0.24143,-0.13765,-0.20814,-0.20684,3.47418,1.51155,0.23009,-0.92396,0.665,-1.5276,-0.22045,-0.24832,-0.03455,1.06738,0.00584,-0.22454,-0.9666,-0.1838,-0.17764,-0.21124,0.17159,-0.24955,-1.2576,-0.19169,-1.01935,-0.11703,0.40347,-0.02018,-0.77343,-0.28071,-0.21525,1.84689,-0.30461,-0.19193,-0.2232,1.23879,-0.61594,-0.23907,-0.24428,-0.59064,-1.14344,-0.48741,-0.20132,-0.2726,-0.10657,-2.76852,-0.12393,-1.41092,3.12911,-0.75053,0.0843,-0.10838,0.95594,-0.26272,2.45869,-0.202,0.73019,-0.27646,-0.15406,-0.56563,0
negative155,-0.12453,-0.19626,-0.21715,-0.16513,-0.0915,-0.10818,-0.14012,-0.12467,-0.21439,-0.18816,-0.24143,-0.13765,-0.20814,-0.20684,0.875,-0.51986,1.63116,0.44554,2.19984,-0.17695,-0.22045,-0.24832,0.93462,-1.78265,0.00584,-0.22454,1.2162,-0.1838,-0.17764,-0.21124,-0.26663,-0.24955,0.38553,-0.19169,-0.05628,-0.11703,-0.75649,-0.37589,0.34274,-0.28071,-0.21525,-0.43112,-0.30461,-0.19193,-0.2232,-1.34674,0.65483,-0.23907,-0.24428,-0.59064,0.91269,0.32643,-0.36331,-0.2726,-0.10657,1.46509,0.25362,-0.48385,-0.35463,0.79772,1.07746,-0.89172,0.54935,3.50456,-0.74525,-0.202,-1.36951,-0.27646,-0.15406,1.57346,0
negative156,-0.14425,-0.20744,-0.22883,-0.18011,-0.11946,-0.13001,-0.14945,-0.13489,-0.24827,-0.19886,-0.27295,-0.17397,-0.26697,3.1754,0.875,0.86378,-0.87908,1.05741,-0.55007,-0.85228,-0.25519,-0.26769,1.57182,-1.04384,-0.21662,-0.22454,-0.9666,-0.1838,-0.19234,-0.27867,-0.7464,-0.29244,-0.70989,-0.19169,0.42525,-0.13857,-0.75649,1.58053,-0.5874,-0.28071,-0.21525,0.46523,-0.30461,-0.21571,2.95208,2.31626,0.54904,4.68535,-0.24428,-0.59064,-0.12964,1.10981,-0.51476,-0.28176,-0.10657,0.05305,1.77919,0.61178,1.05109,0.61676,0.65819,-0.73824,0.53022,-0.31883,-0.84538,-0.202,0.73019,-0.35722,-0.18643,0.10056,0
negative157,-0.12453,-0.19626,-0.21715,-0.16513,-0.0915,-0.10818,-0.14012,-0.12467,-0.21439,-0.18816,-0.24143,-0.13765,-0.20814,-0.20684,-0.16467,-0.51986,-0.00342,-0.92396,-0.86983,-0.62717,-0.22045,-0.24832,1.23248,0.47944,1.6076,-0.22454,-0.9666,-0.1838,-0.17764,-0.21124,0.26259,-0.24955,0.38553,-0.19169,-1.01935,-0.11703,-0.75649,0.69125,0.71479,-0.28071,-0.21525,-0.21034,-0.30461,-0.19193,-0.2232,-0.15246,1.73754,-0.23907,-0.24428,-0.59064,-0.52641,-0.09636,-0.75264,-0.2726,-0.10657,-1.18201,-1.05628,-0.52599,0.80661,2.04512,0.90865,-1.04308,-0.02934,-0.26272,0.05573,-0.202,0.73019,-0.27646,-0.15406,-0.60516,0
negative158,-0.12453,-0.19626,-0.21715,-0.16513,-0.0915,-0.10818,-0.14012,-0.12467,-0.21439,-0.18816,-0.24143,-0.13765,2.42466,-0.20684,0.875,-0.51986,2.09818,-0.92396,2.71145,-0.62717,-0.22045,-0.24832,0.66392,0.60544,0.00584,-0.22454,-0.06204,-0.1838,-0.17764,4.31533,-0.96555,-0.24955,-0.70989,-0.19169,-0.05628,-0.11703,-0.75649,-0.37589,-0.77343,-0.28071,-0.21525,-0.21985,-0.30461,-0.19193,-0.2232,0.18023,0.23279,-0.23907,-0.24428,-0.59064,0.27747,0.26627,-0.6544,-0.2726,-0.10657,-0.35252,0.49804,-0.77883,0.22599,-0.00524,-1.09972,-1.26302,-0.1038,-0.26272,-0.34476,-0.202,-1.36951,-0.27646,-0.15406,-0.56563,0
negative159,-0.12453,-0.19626,-0.21715,5.86665,-0.0915,-0.10818,-0.14012,-0.12467,-0.21439,-0.18816,-0.24143,-0.13765,-0.20814,-0.20684,-0.16467,-0.51986,-0.23693,-0.92396,0.15339,0.27327,-0.22045,-0.24832,-0.13065,-0.50199,0.00584,-0.22454,-0.36736,-0.1838,-0.17764,-0.21124,-0.42503,-0.24955,-0.16218,-0.19169,-1.01935,-0.11703,1.30515,-0.7316,-0.02932,-0.28071,-0.21525,-0.38549,-0.30461,-0.19193,4.27512,-0.10902,-0.60077,-0.23907,-0.24428,-0.59064,0.74912,0.96034,1.0058,-0.2726,-0.10657,0.4575,1.09546,-0.18887,-0.35463,0.99943,0.21042,0.68788,-0.48937,-0.26272,-0.74525,-0.202,0.73019,3.33793,-0.15406,-0.96091,0
negative160,-0.12453,-0.19626,-0.21715,-0.16513,-0.0915,-0.10818,-0.14012,-0.12467,6.60941,-0.18816,-0.24143,-0.13765,-0.20814,-0.20684,1.91467,-0.51986,-1.40448,-0.92396,-1.12564,0.27327,-0.22045,-0.24832,0.08622,1.17679,0.00584,-0.22454,0.55023,-0.1838,-0.17764,-0.21124,0.34511,-0.24955,-1.2576,-0.19169,-0.05628,-0.11703,-0.75649,0.69125,-0.40137,-0.28071,-0.21525,1.80932,-0.30461,-0.19193,-0.2232,0.13756,-0.55693,-0.23907,-0.24428,-0.59064,-0.97494,-0.03462,-1.06007,-0.2726,-0.10657,-2.81075,-0.7931,-1.2845,3.12911,-1.47371,0.78226,0.44275,1.06709,-0.26272,-0.74525,-0.202,-1.36951,-0.27646,-0.15406,1.66467,0
negative161,-0.12453,-0.19626,-0.21715,-0.16513,-0.0915,-0.10818,-0.14012,-0.12467,-0.21439,-0.18816,-0.24143,-0.13765,-0.20814,-0.20684,-0.16467,-0.51986,-0.47044,-0.05955,-0.10241,-0.62717,-0.22045,-0.24832,-1.1275,-1.45873,-0.79504,-0.22454,0.44053,5.93513,-0.17764,-0.21124,-0.5231,-0.24955,0.93324,-0.19169,0.90678,-0.11703,-0.75649,-1.08732,-0.02932,-0.28071,-0.21525,0.21868,-0.30461,-0.19193,-0.2232,0.07332,0.63782,-0.23907,-0.24428,1.29008,-0.94464,0.45951,-0.3961,-0.2726,-0.10657,-1.31324,-0.27875,-0.02031,-0.93526,-0.6688,-0.59431,0.04746,-0.91093,-0.26272,0.05573,-0.202,0.73019,-0.27646,-0.15406,0.03999,0
negative162,-0.12453,-0.19626,-0.21715,-0.16513,-0.0915,-0.10818,-0.14012,-0.12467,-0.21439,-0.18816,-0.24143,-0.13765,-0.20814,-0.20684,-0.16467,-0.51986,0.23009,-0.92396,0.665,0.27327,-0.22045,-0.24832,1.13933,-1.37863,0.00584,-0.22454,-0.9666,-0.1838,-0.17764,-0.21124,0.75008,-0.24955,-1.2576,-0.19169,-0.05628,-0.11703,-0.75649,1.40267,1.08685,-0.28071,-0.21525,2.08427,-0.30461,-0.19193,-0.2232,2.9734,-0.56319,-0.23907,-0.24428,-0.59064,0.55622,0.0131,-0.82373,-0.2726,-0.10657,-0.45984,0.9572,-1.45306,1.38724,-2.08372,1.27107,-0.81518,1.68592,-0.26272,-0.74525,-0.202,-1.36951,-0.27646,-0.15406,-0.93882,0
negative163,-0.12453,-0.19626,-0.21715,-0.16513,-0.0915,-0.10818,-0.14012,8.10183,-0.21439,-0.18816,-0.24143,-0.13765,-0.20814,-0.20684,-0.16467,3.29985,1.16414,-0.92396,-0.10241,0.27327,4.44426,-0.24832,0.97878,0.21112,-0.79504,-0.22454,-0.2007,-0.1838,-0.17764,-0.21124,1.45294,-0.24955,-0.16218,-0.19169,-1.01935,-0.11703,-0.75649,0.33553,-0.02932,-0.28071,-0.21525,1.82913,-0.30461,-0.19193,-0.2232,-0.24319,0.02543,-0.23907,-0.24428,1.29008,0.2047,-0.36605,-0.90616,-0.2726,-0.10657,-0.19682,-0.55869,-1.0738,-0.35463,0.93577,-1.21213,0.94342,-0.40092,-0.26272,0.85672,-0.202,0.73019,-0.27646,-0.15406,-0.67185,0
negative164,-0.12453,-0.19626,-0.21715,-0.16513,-0.0915,-0.10818,-0.14012,-0.12467,-0.21439,-0.18816,-0.24143,-0.13765,-0.20814,-0.20684,-0.68451,-0.51986,-0.93746,0.66319,-0.61402,1.17371,-0.22045,-0.24832,-2.15401,-2.64312,-0.79504,-0.22454,0.19413,-0.1838,-0.17764,-0.21124,0.90057,-0.24955,0.38553,-0.19169,-0.05628,-0.11703,2.22327,-0.02018,1.08685,-0.28071,-0.21525,0.11155,-0.30461,-0.19193,-0.2232,0.52204,-2.11126,-0.23907,-0.24428,-0.59064,0.0783,2.36954,1.89412,-0.2726,-0.10657,0.29435,-0.88794,0.3168,0.22599,-1.01209,-0.34758,1.51698,-0.40273,-0.26272,-0.74525,-0.202,0.73019,-0.27646,-0.15406,1.55243,0
negative165,-0.12453,-0.19626,-0.21715,-0.16513,11.17079,-0.10818,-0.14012,-0.12467,-0.21439,-0.18816,-0.24143,-0.13765,2.42466,-0.20684,0.875,1.39547,1.86467,-0.92396,2.45565,-1.07738,-0.22045,-0.24832,-0.22863,0.7904,0.00584,-0.22454,-0.19859,-0.1838,-0.17764,-0.21124,-0.45176,-0.24955,-0.16218,-0.19169,-1.01935,-0.11703,0.31965,-0.02018,-0.40137,-0.28071,-0.21525,0.19286,-0.30461,-0.19193,4.27512,1.69095,-0.45313,-0.23907,-0.24428,1.29008,1.70231,-0.36446,-0.55929,-0.2726,-0.10657,1.48134,-0.26257,-0.56813,-0.93526,0.15133,-0.59733,0.00708,0.8688,-0.26272,2.45869,-0.202,-1.36951,-0.27646,-0.15406,-0.56563,0
negative166,-0.12453,-0.19626,-0.21715,-0.16513,-0.0915,-0.10818,-0.14012,-0.12467,3.19751,-0.18816,-0.24143,-0.13765,-0.20814,-0.20684,-0.16467,-0.51986,-0.93746,-0.92396,-0.61402,-0.62717,-0.22045,-0.24832,-0.15293,-1.79664,0.00584,-0.22454,-0.3392,-0.1838,-0.17764,-0.21124,0.6603,-0.24955,0.38553,-0.19169,-0.05628,-0.11703,1.3818,-0.37589,0.34274,-0.28071,-0.21525,0.23073,-0.30461,-0.19193,-0.2232,-1.54425,-0.16079,4.68535,-0.24428,1.29008,0.96238,0.40737,1.49528,-0.2726,-0.10657,-1.65004,-1.2462,0.02183,-0.35463,0.54599,0.38999,-0.36817,-0.54681,-0.26272,-0.74525,-0.202,0.73019,-0.27646,-0.15406,2.44563,0
negative167,-0.12453,-0.19626,-0.21715,-0.16513,-0.0915,-0.10818,-0.14012,-0.12467,-0.21439,-0.18816,-0.24143,-0.13765,-0.20814,-0.20684,-2.24402,1.14261,-0.93746,-0.92396,-0.61402,0.72349,-0.22045,-0.24832,-1.93315,-0.36229,0.00584,-0.22454,0.36664,-0.1838,-0.17764,-0.21124,2.35398,-0.24955,0.38553,-0.19169,-1.01935,-0.11703,1.31288,-0.37589,0.71479,-0.28071,-0.21525,-0.02537,-0.30461,-0.19193,-0.2232,-0.24637,-1.20684,-0.23907,-0.24428,1.29008,-0.23761,0.91335,0.09619,-0.2726,-0.10657,0.66671,-1.55275,0.40108,-0.35463,1.3416,1.52312,-0.10457,0.47528,-0.26272,1.25721,-0.202,0.73019,-0.27646,-0.15406,-0.56563,0
negative168,-0.13671,-0.20317,-0.22436,-0.17438,-0.10878,-0.12167,-0.14589,-0.13098,-0.23533,-0.19477,-0.26091,-0.16009,-0.24449,-0.2313,0.35516,-0.51986,-0.23693,-0.1848,-0.69929,-1.00235,-0.24192,-0.26029,-0.19116,-0.30578,-0.79504,-0.22454,1.04759,-0.1838,-0.18672,-0.25291,0.61875,-0.27606,0.84196,-0.19169,-0.2168,-0.13034,-0.75649,-1.85803,-0.83544,-0.28071,-0.21525,-0.9048,-0.30461,-0.20662,-0.2232,-0.19591,1.58473,2.22314,-0.24428,-0.59064,-1.06302,-0.17338,-0.53291,-0.27826,-0.10657,-1.01013,2.05324,0.99104,-1.51588,0.24966,0.58371,-2.61015,0.23369,-0.2974,1.19046,-0.202,0.73019,-0.32637,-0.17406,1.10326,0
negative169,-0.12453,-0.19626,-0.21715,5.86665,-0.0915,-0.10818,-0.14012,-0.12467,-0.21439,-0.18816,-0.24143,-0.13765,-0.20814,-0.20684,-0.68451,1.10771,-0.47044,-0.92396,-0.10241,1.62393,-0.22045,-0.24832,-0.42641,-0.68343,0.00584,-0.22454,-0.31398,-0.1838,-0.17764,-0.21124,0.7973,-0.24955,-0.70989,-0.19169,-1.01935,-0.11703,0.38337,-0.02018,1.08685,-0.28071,-0.21525,-1.18353,-0.30461,-0.19193,-0.2232,-0.55043,-0.59903,-0.23907,-0.24428,-0.59064,-0.07732,-0.1783,-0.67932,-0.2726,-0.10657,-0.15862,0.76324,-0.61027,0.22599,1.31363,1.41766,0.8897,1.03608,-0.26272,-0.74525,-0.202,0.73019,-0.27646,-0.15406,0.0298,0
negative170,-0.12453,-0.19626,-0.21715,-0.16513,-0.0915,-0.10818,-0.14012,-0.12467,-0.21439,-0.18816,-0.24143,-0.13765,-0.20814,-0.20684,0.35516,0.79559,-0.23693,0.43528,0.15339,-0.17695,-0.22045,-0.24832,-0.63089,-0.3077,0.00584,-0.22454,-0.9666,-0.1838,-0.17764,-0.21124,0.40056,-0.24955,0.38553,-0.19169,-1.01935,-0.11703,2.21734,-0.7316,0.34274,-0.28071,-0.21525,-0.21384,-0.30461,-0.19193,-0.2232,0.06223,-1.35536,-0.23907,-0.24428,-0.59064,0.77423,-0.67053,2.55282,-0.2726,-0.10657,0.23906,1.17146,-0.44171,-0.35463,-0.58061,-0.02884,-1.36249,2.08604,-0.26272,-0.74525,-0.202,0.73019,-0.27646,-0.15406,0.6553,0
negative171,-0.12453,-0.19626,-0.21715,-0.16513,-0.0915,-0.10818,-0.14012,-0.12467,-0.21439,-0.18816,-0.24143,-0.13765,2.42466,-0.20684,0.875,-0.51986,-0.47044,0.44554,-0.10241,-0.17695,-0.22045,-0.24832,0.93325,-1.00203,-0.79504,-0.22454,0.33605,-0.1838,-0.17764,-0.21124,-1.22517,-0.24955,-0.16218,-0.19169,-1.01935,-0.11703,0.34038,1.40267,-0.40137,-0.28071,-0.21525,-0.17497,-0.30461,-0.19193,-0.2232,0.53222,-0.10581,-0.23907,-0.24428,1.29008,1.22967,-0.87068,-0.40068,-0.2726,-0.10657,-1.09511,1.08594,-0.86311,1.96786,-0.32888,-0.1303,0.54495,0.607,3.50456,-0.74525,-0.202,0.73019,-0.27646,-0.15406,0.14996,0
negative172,-0.12453,-0.19626,-0.21715,-0.16513,-0.0915,-0.10818,-0.14012,-0.12467,-0.21439,-0.18816,-0.24143,-0.13765,-0.20814,-0.20684,-0.16467,-0.51986,0.69712,-0.92396,-0.35822,-0.17695,-0.22045,-0.24832,0.52258,-0.52505,-0.79504,-0.22454,-0.9666,-0.1838,-0.17764,-0.21124,0.46072,-0.24955,-0.70989,-0.19169,-0.05628,-0.11703,-0.75649,-0.02018,-0.77343,-0.28071,5.1565,-0.49378,-0.30461,-0.19193,-0.2232,-0.49391,0.88303,-0.23907,-0.24428,3.1708,-0.95006,-1.10797,-0.62945,-0.2726,-0.10657,-0.27009,-0.57809,-0.61027,0.22599,1.56348,1.78205,-0.61846,-1.05733,-0.26272,0.85672,-0.202,0.73019,-0.27646,-0.15406,1.57346,0
negative173,-0.12453,-0.19626,4.48779,-0.16513,-0.0915,-0.10818,-0.14012,-0.12467,-0.21439,-0.18816,-0.24143,-0.13765,-0.20814,-0.20684,-0.68451,-0.51986,-0.00342,-0.92396,-0.86983,-0.62717,-0.22045,-0.24832,-0.25443,1.50665,-0.79504,-0.22454,-0.33058,-0.1838,-0.17764,-0.21124,-1.93038,-0.24955,2.02867,-0.19169,-0.05628,-0.11703,0.28274,-1.08732,-0.02932,4.20706,-0.21525,0.20871,-0.30461,-0.19193,-0.2232,-1.73199,-0.46823,-0.23907,-0.24428,1.29008,-0.09437,-0.69931,1.64604,-0.2726,-0.10657,2.77632,-1.27043,-0.06245,-0.93526,0.63725,0.59134,-0.45682,0.28572,-0.26272,0.05573,-0.202,0.73019,-0.27646,-0.15406,0.32869,0
negative174,-0.12453,-0.19626,-0.21715,-0.16513,-0.0915,-0.10818,-0.14012,-0.12467,-0.21439,-0.18816,-0.24143,-0.13765,-0.20814,-0.20684,-1.20435,-0.51986,0.93063,-0.92396,1.43242,1.62393,-0.22045,-0.24832,-1.45707,-0.30581,-0.79504,-0.22454,-0.32325,-0.1838,-0.17764,-0.21124,1.29296,-0.24955,-0.70989,-0.19169,-0.05628,-0.11703,0.35299,-0.37589,-0.02932,-0.28071,-0.21525,-0.60963,-0.30461,-0.19193,-0.2232,0.278,-0.70972,-0.23907,-0.24428,-0.59064,-2.40234,0.12046,-0.63063,-0.2726,-0.10657,-0.6382,0.80308,-0.44171,0.80661,-1.73001,-0.19398,0.54196,-0.35714,-0.26272,-0.74525,5.03431,-1.36951,-0.27646,-0.15406,4.02573,0
negative175,-0.12453,-0.19626,-0.21715,-0.16513,-0.0915,-0.10818,-0.14012,-0.12467,-0.21439,-0.18816,-0.24143,-0.13765,-0.20814,-0.20684,-1.20435,-0.51986,0.69712,-0.92396,1.17662,0.27327,-0.22045,-0.24832,-0.83469,-1.5306,-0.79504,-0.22454,1.03424,-0.1838,-0.17764,-0.21124,-0.25453,-0.24955,0.38553,-0.19169,-0.05628,-0.11703,-0.75649,-1.44303,-0.40137,-0.28071,-0.21525,-0.77638,-0.30461,-0.19193,-0.2232,-0.00613,0.28637,-0.23907,-0.24428,3.1708,-1.23115,0.45452,-1.01822,-0.2726,-0.10657,-0.9407,-0.34737,-0.02031,-1.51588,0.94237,1.94569,0.14725,0.04756,-0.26272,-0.74525,-0.202,-1.36951,-0.27646,-0.15406,0.03999,0
negative176,-0.14425,-0.20744,-0.22883,-0.18011,-0.11946,-0.13001,-0.14945,-0.13489,-0.24827,-0.19886,-0.27295,-0.17397,1.99302,-0.24643,0.48512,-0.51986,0.34685,1.55018,-0.93378,-0.85228,-0.25519,-0.26769,0.44316,-1.44751,0.36179,-0.22454,-0.9666,-0.1838,-0.19234,-0.27867,-1.11532,-0.29244,0.11168,-0.19169,-0.29705,-0.13857,0.30845,0.78018,0.80781,-0.28071,-0.21525,-0.1407,-0.30461,-0.21571,2.95208,0.48955,0.21623,-0.23907,-0.24428,-0.59064,0.58414,0.1134,-0.04659,-0.28176,-0.10657,-0.56231,-0.55466,0.86462,0.19543,0.60523,1.14219,0.97473,-0.44913,-0.31883,-0.54501,-0.202,-1.36951,-0.35722,-0.18643,0.40808,0
negative177,-0.12453,-0.19626,-0.21715,-0.16513,-0.0915,-0.10818,-0.14012,-0.12467,-0.21439,-0.18816,-0.24143,-0.13765,-0.20814,-0.20684,-0.16467,1.12962,-1.40448,-0.92396,-1.12564,1.17371,4.44426,-0.24832,-0.91091,1.28212,0.00584,-0.22454,0.35623,-0.1838,-0.17764,-0.21124,-0.46355,-0.24955,-0.70989,-0.19169,-0.05628,-0.11703,1.49258,1.40267,-0.77343,-0.28071,-0.21525,-0.33927,-0.30461,-0.19193,-0.2232,-0.62899,-1.81839,4.68535,-0.24428,-0.59064,1.4357,0.33479,0.71507,-0.2726,-0.10657,-1.28576,0.06296,-0.18887,0.22599,-0.33646,0.01084,-0.40556,0.0389,-0.26272,-0.34476,-0.202,-1.36951,-0.27646,-0.15406,0.53797,0
negative178,-0.12453,-0.19626,-0.21715,-0.16513,-0.0915,-0.10818,-0.14012,-0.12467,-0.21439,-0.18816,-0.24143,-0.13765,-0.20814,-0.20684,0.35516,-0.51986,1.16414,-0.92396,1.68823,1.17371,-0.22045,-0.24832,-1.03634,0.09834,-0.79504,-0.22454,1.4971,-0.1838,-0.17764,-0.21124,1.72126,-0.24955,0.38553,-0.19169,0.90678,-0.11703,-0.75649,-1.44303,-0.40137,-0.28071,-0.21525,-2.22036,-0.30461,-0.19193,-0.2232,0.31429,0.21743,-0.23907,-0.24428,-0.59064,-0.02284,-0.90986,0.10867,-0.2726,-0.10657,-1.16857,2.09731,-0.10459,-1.51588,0.47422,2.02118,-1.51146,-0.16968,-0.26272,-0.34476,-0.202,0.73019,-0.27646,-0.15406,3.52612,0
negative179,-0.13671,-0.20317,-0.22436,-0.17438,-0.10878,-0.12167,-0.14589,-0.13098,-0.23533,-0.19477,-0.26091,-0.16009,-0.24449,-0.2313,-0.07803,0.78219,-1.40448,-0.92396,-1.12564,1.24874,-0.24192,-0.26029,0.63173,0.08526,-0.14432,-0.22454,0.0776,-0.1838,-0.18672,-0.25291,-0.59242,-0.27606,-0.52732,-0.19169,-1.01935,-0.13034,4.27188,1.40267,1.02484,-0.28071,-0.21525,0.23385,-0.30461,-0.20662,-0.2232,-0.31959,-2.5403,-0.23907,-0.24428,-0.59064,0.04518,1.89201,2.46062,-0.27826,7.91536,0.24026,-1.17303,0.99104,0.87492,-0.5422,-0.73134,0.76531,-0.85088,-0.2974,-0.14452,-0.202,-1.36951,-0.32637,-0.17406,0.209,0
negative180,-0.12453,-0.19626,-0.21715,-0.16513,-0.0915,-0.10818,-0.14012,-0.12467,3.19751,-0.18816,-0.24143,-0.13765,-0.20814,-0.20684,0.35516,-0.51986,-0.00342,0.66319,-0.61402,-1.5276,-0.22045,-0.24832,0.86204,-0.0354,0.00584,-0.22454,-0.05016,-0.1838,-0.17764,-0.21124,0.61906,-0.24955,0.93324,-0.19169,-1.01935,-0.11703,-0.75649,2.1141,-0.77343,-0.28071,-0.21525,0.44343,-0.30461,-0.19193,-0.2232,1.30781,1.30365,-0.23907,-0.24428,1.29008,0.513,-1.65247,0.15663,-0.2726,-0.10657,0.05166,-1.1894,-0.82097,-0.35463,0.24334,-0.1583,1.85172,-0.62554,-0.26272,0.05573,-0.202,0.73019,-0.27646,-0.15406,-0.65027,0
negative181,-0.12453,-0.19626,-0.21715,-0.16513,-0.0915,-0.10818,-0.14012,-0.12467,-0.21439,-0.18816,-0.24143,-0.13765,26.11986,-0.20684,4.51385,-0.51986,-1.40448,-0.92396,-1.12564,-1.97782,-0.22045,-0.24832,2.65164,-1.37561,8.01462,-0.22454,-0.9666,-0.1838,-0.17764,-0.21124,-2.33329,-0.24955,-2.35302,-0.19169,-1.01935,-0.11703,1.76619,0.69125,-0.77343,-0.28071,-0.21525,-1.69716,-0.30461,-0.19193,-0.2232,0.84093,-2.51834,-0.23907,-0.24428,-0.59064,-0.92122,-1.81014,0.57879,-0.2726,-0.10657,0.16307,-1.81513,-1.53734,0.80661,-0.89946,-2.61888,3.37419,-0.06137,-0.26272,-0.74525,-0.202,-1.36951,-0.27646,-0.15406,-1.30852,0
negative182,-0.14425,-0.20744,-0.22883,-0.18011,-0.11946,-0.13001,-0.14945,-0.13489,-0.24827,-0.19886,-0.27295,-0.17397,-0.26697,-0.24643,0.09525,-0.51986,-1.22935,-0.92396,-0.93378,0.83604,-0.25519,-0.26769,-0.42402,0.04641,-0.21662,-0.22454,0.01771,-0.1838,-0.19234,-0.27867,0.84858,-0.29244,-0.29911,-0.19169,-0.29705,-0.13857,1.45034,1.04696,1.08685,-0.28071,-0.21525,-1.83351,-0.30461,-0.21571,-0.2232,-0.24218,-0.85655,-0.23907,-0.24428,-0.59064,-1.19582,-1.84797,2.29776,-0.28176,-0.10657,0.07465,-1.09865,1.24388,-0.2324,-0.82411,1.30683,0.36817,1.07458,-0.31883,-0.54501,-0.202,-1.36951,-0.35722,-0.18643,1.62881,0
negative183,-0.14425,-0.20744,-0.22883,-0.18011,-0.11946,-0.13001,-0.14945,-0.13489,-0.24827,-0.19886,-0.27295,-0.17397,-0.26697,-0.24643,1.65475,-0.51986,1.57278,-0.92396,2.13589,-1.18994,-0.25519,-0.26769,0.21201,-1.04057,1.51861,-0.22454,-0.3737,-0.1838,-0.19234,-0.27867,-0.51247,-0.29244,0.11168,-0.19169,0.42525,-0.13857,0.37005,-0.55375,-0.86644,-0.28071,-0.21525,0.00311,-0.30461,-0.21571,-0.2232,0.7913,0.34341,-0.23907,-0.24428,-0.59064,-0.61853,0.00324,1.00661,-0.28176,-0.10657,0.81654,-1.206,1.20174,-0.2324,0.7672,-0.42965,0.97034,-0.47747,-0.31883,0.95684,-0.202,0.73019,-0.35722,2.61212,-0.22527,0
negative184,-0.12453,-0.19626,-0.21715,-0.16513,-0.0915,-0.10818,-0.14012,-0.12467,-0.21439,-0.18816,-0.24143,-0.13765,-0.20814,-0.20684,2.43451,-0.51986,0.69712,0.4168,-0.35822,-2.42804,-0.22045,-0.24832,1.85979,1.94407,-0.79504,-0.22454,-0.9666,-0.1838,-0.17764,-0.21124,0.77886,-0.24955,-0.16218,-0.19169,-1.01935,-0.11703,-0.75649,0.33553,-0.77343,-0.28071,-0.21525,4.6208,-0.30461,-0.19193,-0.2232,5.19395,0.0213,-0.23907,-0.24428,1.29008,-0.71757,-0.30316,-1.83367,-0.2726,-0.10657,0.90511,-0.3263,-1.83232,-0.93526,-1.27567,0.32559,0.43667,0.05182,-0.26272,-1.14575,-0.202,0.73019,-0.27646,-0.15406,-1.70381,0
negative185,-0.12453,-0.19626,-0.21715,-0.16513,-0.0915,-0.10818,-0.14012,-0.12467,-0.21439,-0.18816,-0.24143,-0.13765,-0.20814,3.77947,-0.16467,-0.51986,-1.40448,-0.92396,-1.12564,1.17371,-0.22045,-0.24832,2.83822,-1.14683,-0.79504,-0.22454,-0.9666,-0.1838,-0.17764,-0.21124,-0.09933,-0.24955,-2.35302,-0.19169,-1.01935,-0.11703,-0.75649,0.33553,-0.77343,-0.28071,-0.21525,2.65417,-0.30461,-0.19193,-0.2232,2.59324,-0.17914,-0.23907,-0.24428,-0.59064,1.31121,0.07368,-2.41744,-0.2726,-0.10657,1.91107,-0.99996,-2.29585,0.80661,-2.9478,-0.29006,0.37882,-2.71324,-0.26272,4.06066,-0.202,0.73019,-0.27646,-0.15406,-1.70381,0
negative186,-0.12453,-0.19626,-0.21715,-0.16513,-0.0915,-0.10818,-0.14012,-0.12467,-0.21439,-0.18816,-0.24143,-0.13765,-0.20814,-0.20684,-0.16467,-0.51986,-1.17097,0.05954,-0.86983,-0.62717,-0.22045,-0.24832,1.95181,-1.13464,1.6076,-0.22454,-0.9666,-0.1838,-0.17764,-0.21124,-1.05334,-0.24955,-0.16218,-0.19169,-1.01935,-0.11703,-0.75649,1.75839,-0.02932,-0.28071,-0.21525,0.71729,-0.30461,-0.19193,-0.2232,-0.11961,1.52902,-0.23907,-0.24428,-0.59064,-0.85084,-0.11614,-1.61044,-0.2726,-0.10657,-0.92873,-0.56918,-1.0738,0.80661,-0.06905,0.73288,0.73047,-1.0232,-0.26272,-0.34476,-0.202,-1.36951,-0.27646,-0.15406,-0.47625,0
negative187,-0.12453,-0.19626,-0.21715,-0.16513,-0.0915,-0.10818,-0.14012,-0.12467,-0.21439,-0.18816,-0.24143,-0.13765,-0.20814,-0.20684,-0.16467,-0.51986,-1.17097,1.40235,-0.86983,0.27327,-0.22045,-0.24832,0.10259,0.22501,0.00584,-0.22454,0.61109,-0.1838,-0.17764,-0.21124,0.39917,-0.24955,0.38553,-0.19169,-0.05628,-0.11703,-0.75649,1.04696,1.83096,-0.28071,-0.21525,-0.36282,3.20408,-0.19193,-0.2232,-1.25987,1.35522,-0.23907,-0.24428,-0.59064,-0.86487,-1.12543,-0.13569,-0.2726,-0.10657,0.56206,0.82649,-0.14673,0.22599,1.3371,0.01707,-0.35143,-0.3872,-0.26272,0.05573,-0.202,0.73019,-0.27646,-0.15406,-1.30852,0
negative188,-0.12453,-0.19626,-0.21715,-0.16513,-0.0915,-0.10818,-0.14012,-0.12467,-0.21439,-0.18816,-0.24143,-0.13765,-0.20814,-0.20684,0.875,2.19708,-0.47044,0.67551,-0.61402,-0.62717,-0.22045,-0.24832,-1.41069,-1.87069,-0.79504,-0.22454,-0.9666,-0.1838,-0.17764,-0.21124,0.14578,-0.24955,0.93324,-0.19169,-0.05628,-0.11703,1.18962,-0.02018,1.08685,-0.28071,-0.21525,0.71389,-0.30461,-0.19193,-0.2232,-0.10738,-1.50212,-0.23907,-0.24428,1.29008,-0.90281,-0.9747,0.6282,-0.2726,-0.10657,-0.22709,0.76386,-0.39957,-0.35463,0.15696,2.02564,-0.67275,-0.85022,-0.26272,0.05573,-0.202,0.73019,-0.27646,-0.15406,1.20516,0
negative189,-0.12453,-0.19626,-0.21715,-0.16513,-0.0915,-0.10818,-0.14012,-0.12467,3.19751,-0.18816,-0.24143,-0.13765,-0.20814,-0.20684,0.875,-0.51986,-1.40448,-0.92396,-1.12564,-0.17695,-0.22045,-0.24832,1.87076,0.91669,0.00584,-0.22454,-0.9666,-0.1838,-0.17764,-0.21124,-0.23609,-0.24955,-2.35302,-0.19169,-1.01935,-0.11703,-0.75649,0.33553,-0.77343,-0.28071,-0.21525,1.19736,-0.30461,-0.19193,-0.2232,2.2656,0.82964,-0.23907,-0.24428,1.29008,-0.43791,-0.62971,-1.49326,-0.2726,-0.10657,1.3023,-1.35924,-1.7059,2.54849,-1.45054,-0.28678,0.37897,-1.26283,-0.26272,-1.14575,-0.202,0.73019,-0.27646,-0.15406,-1.70381,0
negative190,-0.12453,-0.19626,-0.21715,-0.16513,-0.0915,-0.10818,-0.14012,-0.12467,-0.21439,-0.18816,-0.24143,-0.13765,-0.20814,-0.20684,-0.16467,-0.51986,-1.40448,0.66319,-1.12564,-0.17695,-0.22045,-0.24832,-1.37563,0.46208,0.00584,-0.22454,0.20324,-0.1838,-0.17764,-0.21124,-0.99415,-0.24955,0.93324,-0.19169,-0.05628,-0.11703,1.37645,0.69125,1.83096,-0.28071,-0.21525,0.02647,-0.30461,-0.19193,-0.2232,-0.00808,-0.04049,-0.23907,-0.24428,-0.59064,0.10113,0.49146,1.37496,-0.2726,-0.10657,-1.56083,-0.27462,0.06397,-0.93526,0.22317,-0.2475,-0.29318,0.43037,-0.26272,0.05573,-0.202,0.73019,-0.27646,-0.15406,2.50479,0
negative191,-0.12453,-0.19626,-0.21715,-0.16513,-0.0915,-0.10818,-0.14012,-0.12467,-0.21439,-0.18816,-0.24143,-0.13765,-0.20814,-0.20684,-0.16467,-0.51986,-0.70395,0.66319,-0.86983,-1.07738,-0.22045,-0.24832,0.78759,0.11993,-0.79504,-0.22454,-0.9666,-0.1838,-0.17764,-0.21124,-1.63467,-0.24955,1.48095,-0.19169,-1.01935,-0.11703,-0.75649,1.40267,1.45891,-0.28071,-0.21525,-0.51189,-0.30461,-0.19193,-0.2232,-1.00906,1.27081,-0.23907,-0.24428,-0.59064,-1.44467,-0.07762,0.49951,-0.2726,-0.10657,-1.67042,1.87636,-0.52599,0.22599,0.39016,-1.10195,-0.86412,-1.38243,-0.26272,0.45622,-0.202,-1.36951,-0.27646,3.10616,-1.58999,0
negative192,-0.12453,-0.19626,-0.21715,-0.16513,-0.0915,-0.10818,-0.14012,-0.12467,-0.21439,-0.18816,-0.24143,-0.13765,-0.20814,3.77947,-0.16467,-0.51986,2.09818,0.66319,2.71145,-0.62717,-0.22045,-0.24832,0.69859,-0.29666,0.80672,-0.22454,-0.9666,-0.1838,-0.17764,-0.21124,-0.72177,-0.24955,-1.2576,-0.19169,0.90678,-0.11703,-0.75649,-0.7316,-0.77343,-0.28071,-0.21525,-0.3214,-0.30461,-0.19193,-0.2232,-0.33229,0.9746,-0.23907,-0.24428,-0.59064,0.70677,-0.19628,-0.35027,-0.2726,-0.10657,-0.94506,-0.54707,-0.65241,1.38724,-0.1163,0.05918,-0.26362,-1.15714,-0.26272,2.85918,-0.202,0.73019,-0.27646,3.10616,-0.92525,0
negative193,-0.12453,-0.19626,-0.21715,-0.16513,-0.0915,-0.10818,-0.14012,-0.12467,-0.21439,-0.18816,-0.24143,-0.13765,-0.20814,-0.20684,0.875,-0.51986,0.46361,0.41064,0.92081,-0.17695,-0.22045,-0.24832,0.99122,-1.69342,-0.79504,-0.22454,0.45437,-0.1838,-0.17764,-0.21124,0.747,-0.24955,-0.16218,5.3648,-1.01935,-0.11703,0.31263,-0.7316,-0.77343,-0.28071,-0.21525,2.60424,-0.30461,-0.19193,-0.2232,1.95314,-0.04788,-0.23907,-0.24428,3.1708,0.17739,0.03868,-0.7309,-0.2726,-0.10657,0.44855,0.86847,-1.03167,0.22599,-1.11842,0.91639,-0.11473,2.5563,-0.26272,2.85918,-0.202,0.73019,-0.27646,-0.15406,-0.56563,0
negative194,-0.12453,-0.19626,-0.21715,-0.16513,-0.0915,-0.10818,-0.14012,-0.12467,-0.21439,-0.18816,-0.24143,-0.13765,-0.20814,-0.20684,-0.68451,1.00664,-0.70395,0.44554,-0.61402,0.27327,-0.22045,-0.24832,-2.15997,-0.45877,-0.79504,-0.22454,-0.3545,-0.1838,-0.17764,-0.21124,-0.16814,-0.24955,0.38553,5.3648,-1.01935,-0.11703,1.25875,-1.79874,-0.77343,-0.28071,-0.21525,1.1461,-0.30461,-0.19193,-0.2232,-0.35555,-1.10739,-0.23907,-0.24428,1.29008,-0.40966,-1.19202,1.12742,-0.2726,-0.10657,-0.08628,-0.2535,-0.44171,0.22599,-0.3888,1.24602,-0.48853,-0.11796,-0.26272,0.85672,-0.202,0.73019,-0.27646,-0.15406,0.87425,0
negative195,-0.12453,-0.19626,-0.21715,-0.16513,-0.0915,-0.10818,-0.14012,-0.12467,-0.21439,-0.18816,-0.24143,-0.13765,-0.20814,-0.20684,-1.20435,-0.51986,-0.47044,0.44554,-0.10241,0.27327,-0.22045,-0.24832,-0.40873,-0.91582,2.40848,-0.22454,-0.9666,-0.1838,-0.17764,-0.21124,-0.81035,-0.24955,-0.16218,-0.19169,0.90678,-0.11703,0.40222,0.33553,1.08685,-0.28071,-0.21525,-0.67081,-0.30461,-0.19193,-0.2232,-0.43766,-0.58058,-0.23907,-0.24428,-0.59064,-2.26859,0.85063,1.71975,-0.2726,-0.10657,-1.04341,-0.59189,-0.10459,0.22599,-0.03224,-0.63032,0.60778,-0.67522,-0.26272,-0.34476,-0.202,0.73019,-0.27646,-0.15406,-0.12205,0
negative196,-0.14425,-0.20744,-0.22883,-0.18011,-0.11946,-0.13001,-0.14945,-0.13489,-0.24827,-0.19886,-0.27295,-0.17397,-0.26697,-0.24643,0.09525,-0.51986,1.04738,1.34486,1.56032,0.16072,-0.25519,-0.26769,-0.35584,0.32255,0.36179,-0.22454,0.93399,-0.1838,-0.19234,-0.27867,-0.46026,-0.29244,0.11168,-0.19169,0.42525,-0.13857,-0.75649,0.24661,0.80781,-0.28071,-0.21525,-1.40619,-0.30461,-0.21571,-0.2232,0.06985,0.25667,-0.23907,2.63255,0.66317,0.37953,-1.65613,0.3421,-0.28176,-0.10657,1.12285,0.25684,1.24388,-1.08805,-0.30243,-0.20276,-0.80993,0.67555,-0.31883,-0.84538,-0.202,0.73019,-0.35722,-0.18643,0.29087,0
negative197,-0.12453,-0.19626,-0.21715,-0.16513,-0.0915,-0.10818,-0.14012,-0.12467,-0.21439,-0.18816,-0.24143,-0.13765,-0.20814,-0.20684,-0.16467,-0.51986,-0.00342,-0.92396,-0.35822,-0.62717,-0.22045,-0.24832,-1.61807,1.62036,-0.79504,-0.22454,-0.9666,-0.1838,-0.17764,-0.21124,-0.34196,-0.24955,-0.16218,-0.19169,1.86985,-0.11703,-0.75649,0.33553,1.45891,-0.28071,-0.21525,-0.32851,-0.30461,-0.19193,-0.2232,0.22993,0.49957,-0.23907,-0.24428,-0.59064,-1.12642,-0.23362,0.45489,-0.2726,-0.10657,0.55064,1.7179,0.06397,-1.51588,0.59608,0.24525,-0.66163,0.40115,-0.26272,-0.74525,-0.202,0.73019,-0.27646,-0.15406,-1.30852,0
negative198,-0.14425,-0.20744,-0.22883,-0.18011,-0.11946,-0.13001,-0.14945,-0.13489,-0.24827,-0.19886,-0.27295,-0.17397,-0.26697,-0.24643,0.48512,-0.51986,-0.17855,-0.92396,0.21734,-0.85228,3.74897,-0.26769,-0.34043,0.21788,-0.79504,-0.22454,-0.48356,-0.1838,-0.19234,-0.27867,-0.27087,-0.29244,-0.29911,-0.19169,0.42525,-0.13857,0.25272,0.78018,-0.02932,-0.28071,-0.21525,2.08032,-0.30461,-0.21571,-0.2232,0.42578,-0.62168,-0.23907,-0.24428,3.1708,-0.66819,0.89149,-0.14805,-0.28176,-0.10657,0.87825,0.33715,1.1596,0.19543,-0.14119,1.21106,-0.07284,1.1692,-0.31883,-0.54501,-0.202,0.73019,-0.35722,-0.18643,-1.40735,0
negative199,-0.12453,-0.19626,-0.21715,-0.16513,-0.0915,-0.10818,-0.14012,-0.12467,-0.21439,-0.18816,-0.24143,-0.13765,2.42466,-0.20684,0.875,-0.51986,0.69712,-0.92396,0.15339,-1.07738,-0.22045,-0.24832,1.22685,0.31865,1.6076,-0.22454,0.10039,-0.1838,-0.17764,-0.21124,-0.11971,-0.24955,0.38553,-0.19169,-1.01935,-0.11703,-0.75649,0.69125,-0.40137,-0.28071,-0.21525,-0.99412,-0.30461,-0.19193,4.27512,0.09694,0.27966,-0.23907,-0.24428,1.29008,1.34678,0.95223,0.07937,-0.2726,-0.10657,0.0374,-0.0716,-0.90525,-0.93526,0.40666,-0.95228,0.35121,1.64779,-0.26272,0.05573,-0.202,-1.36951,-0.27646,6.36637,-1.58999,0
negative200,-0.12453,-0.19626,-0.21715,-0.16513,-0.0915,-0.10818,-0.14012,-0.12467,-0.21439,4.12343,-0.24143,-0.13765,-0.20814,-0.20684,0.35516,-0.51986,1.39765,1.40235,1.94403,-1.5276,-0.22045,3.65197,0.21773,-0.34424,-0.79504,-0.22454,-0.32114,-0.1838,-0.17764,-0.21124,1.89122,-0.24955,-0.16218,-0.19169,-0.05628,-0.11703,-0.75649,-0.02018,1.08685,4.20706,-0.21525,0.28533,-0.30461,-0.19193,-0.2232,-1.5427,1.20007,-0.23907,3.73903,1.29008,0.93892,-0.52312,-0.70907,-0.2726,-0.10657,-0.24677,-0.52099,-0.44171,-0.93526,0.73848,-0.14545,-0.99298,1.51839,-0.26272,-0.74525,-0.202,-1.36951,-0.27646,-0.15406,0.26758,0
negative201,-0.12453,-0.19626,-0.21715,-0.16513,-0.0915,-0.10818,-0.14012,-0.12467,-0.21439,-0.18816,3.99133,-0.13765,-0.20814,-0.20684,-0.68451,-0.51986,1.39765,-0.92396,-0.86983,-1.07738,-0.22045,-0.24832,-0.33633,2.26709,-0.79504,-0.22454,-0.9666,-0.1838,-0.17764,-0.21124,-1.31012,-0.24955,0.38553,-0.19169,-0.05628,-0.11703,-0.75649,0.33553,-0.40137,-0.28071,-0.21525,1.84345,-0.30461,-0.19193,-0.2232,0.30052,1.25299,-0.23907,-0.24428,1.29008,-0.12668,-0.02062,-0.91882,-0.2726,-0.10657,0.34309,0.142,-0.23101,-1.51588,0.36369,0.29431,0.45382,-0.65037,-0.26272,-0.34476,-0.202,0.73019,-0.27646,-0.15406,0.26758,0
negative202,-0.14425,-0.20744,-0.22883,4.99754,-0.11946,-0.13001,-0.14945,-0.13489,-0.24827,-0.19886,-0.27295,-0.17397,-0.26697,-0.24643,1.65475,-0.51986,-0.70395,-0.92396,-0.35822,-0.51461,-0.25519,-0.26769,1.18442,-1.22888,0.9402,-0.22454,0.00518,-0.1838,-0.19234,-0.27867,0.00529,-0.29244,-0.70989,-0.19169,0.42525,-0.13857,0.36058,-0.82053,-0.86644,-0.28071,-0.21525,-1.22951,-0.30461,-0.21571,-0.2232,1.67904,-0.22837,4.68535,-0.24428,-0.59064,1.54439,1.08559,0.80432,-0.28176,-0.10657,0.37187,3.03916,1.03318,-0.2324,1.13422,1.57053,-0.89961,-0.04473,-0.31883,-0.54501,-0.202,0.73019,2.74536,-0.18643,-0.04562,0
negative203,-0.12453,-0.19626,-0.21715,-0.16513,-0.0915,-0.10818,-0.14012,-0.12467,-0.21439,-0.18816,-0.24143,-0.13765,-0.20814,-0.20684,-1.20435,-0.51986,-1.40448,-0.92396,-1.12564,2.07414,-0.22045,-0.24832,-0.7832,0.69876,0.00584,-0.22454,0.37918,-0.1838,-0.17764,-0.21124,0.14046,-0.24955,-1.2576,-0.19169,-1.01935,-0.11703,1.45081,2.1141,1.45891,-0.28071,-0.21525,-1.05234,-0.30461,-0.19193,-0.2232,-0.07081,-0.81672,-0.23907,-0.24428,-0.59064,-0.26098,-0.24993,0.04397,-0.2726,-0.10657,1.72045,1.02221,-0.52599,1.96786,-1.12719,0.39268,1.14627,-0.14795,-0.26272,-0.74525,5.03431,0.73019,-0.27646,-0.15406,2.57436,0
negative204,-0.12453,-0.19626,-0.21715,-0.16513,-0.0915,-0.10818,-0.14012,-0.12467,-0.21439,-0.18816,-0.24143,-0.13765,-0.20814,-0.20684,-0.16467,-0.51986,-1.17097,-0.92396,-0.86983,1.17371,-0.22045,3.65197,-0.93654,1.07735,-0.79504,-0.22454,0.75236,-0.1838,5.74403,-0.21124,1.53069,-0.24955,0.38553,-0.19169,-0.05628,-0.11703,0.26928,-0.37589,0.71479,-0.28071,-0.21525,-0.56583,-0.30461,-0.19193,-0.2232,-0.79138,-0.11784,-0.23907,-0.24428,-0.59064,-0.56116,-1.32129,0.46422,-0.2726,-0.10657,-0.84992,-0.10948,-0.31529,-1.51588,0.79509,0.93849,-0.27791,-0.49763,-0.26272,-0.34476,-0.202,0.73019,-0.27646,-0.15406,-1.10653,0
negative205,-0.12453,-0.19626,-0.21715,-0.16513,-0.0915,-0.10818,-0.14012,-0.12467,3.19751,-0.18816,-0.24143,-0.13765,-0.20814,-0.20684,0.35516,-0.51986,0.23009,0.32235,0.4092,-0.17695,-0.22045,-0.24832,-0.7108,1.81441,0.80672,-0.22454,-0.31316,-0.1838,-0.17764,-0.21124,-0.38773,-0.24955,0.38553,-0.19169,1.86985,-0.11703,-0.75649,2.1141,-0.02932,-0.28071,-0.21525,-0.57462,-0.30461,-0.19193,-0.2232,0.20122,-0.04212,-0.23907,-0.24428,-0.59064,-0.99831,0.00742,0.55455,-0.2726,-0.10657,-0.55788,-0.83104,0.14824,-0.35463,-0.63798,-0.6035,-1.17025,-1.57556,-0.26272,0.45622,-0.202,0.73019,-0.27646,-0.15406,-0.56563,0
negative206,-0.12453,-0.19626,4.48779,-0.16513,-0.0915,-0.10818,-0.14012,-0.12467,3.19751,-0.18816,-0.24143,-0.13765,-0.20814,-0.20684,0.35516,-0.51986,0.46361,1.75961,0.92081,-0.62717,-0.22045,-0.24832,-0.06285,0.82522,0.80672,-0.22454,-0.20705,-0.1838,-0.17764,-0.21124,-1.75366,-0.24955,0.38553,-0.19169,0.90678,-0.11703,-0.75649,1.04696,1.45891,-0.28071,-0.21525,0.61511,-0.30461,-0.19193,-0.2232,1.01593,0.24619,-0.23907,-0.24428,1.29008,1.56722,1.00295,-0.20102,-0.2726,-0.10657,0.53741,-0.77253,-0.39957,-0.93526,0.4551,-0.76739,0.21183,0.0972,-0.26272,0.85672,-0.202,0.73019,-0.27646,-0.15406,-1.70381,0
negative207,-0.12453,-0.19626,-0.21715,5.86665,-0.0915,-0.10818,-0.14012,-0.12467,-0.21439,-0.18816,-0.24143,-0.13765,-0.20814,-0.20684,-0.68451,1.44864,-0.47044,-0.92396,-0.10241,0.27327,-0.22045,-0.24832,2.32002,0.88364,-0.79504,-0.22454,-0.9666,-0.1838,-0.17764,-0.21124,-0.81361,-0.24955,-1.80531,-0.19169,-1.01935,-0.11703,-0.75649,1.75839,1.08685,-0.28071,5.1565,0.75953,-0.30461,-0.19193,-0.2232,0.28491,2.0835,-0.23907,-0.24428,-0.59064,-2.37693,-0.24613,-1.45681,-0.2726,-0.10657,-1.95206,0.10387,-1.0738,1.38724,2.16465,-1.19036,-1.24386,-2.39043,-0.26272,-0.74525,-0.202,0.73019,-0.27646,-0.15406,0.3426,0
negative208,-0.12453,-0.19626,-0.21715,-0.16513,-0.0915,-0.10818,-0.14012,-0.12467,-0.21439,-0.18816,-0.24143,7.1771,-0.20814,-0.20684,-1.20435,-0.51986,0.23009,-0.92396,0.665,0.72349,-0.22045,-0.24832,0.47035,-0.78218,1.6076,4.6674,-0.26059,-0.1838,-0.17764,-0.21124,-0.94711,-0.24955,-0.70989,-0.19169,-0.05628,-0.11703,-0.75649,-0.02018,-0.77343,-0.28071,-0.21525,0.32879,-0.30461,-0.19193,4.27512,-0.04618,0.74387,4.68535,-0.24428,-0.59064,0.40051,0.16743,-1.20358,-0.2726,-0.10657,-0.00795,-1.78275,-0.77883,1.38724,-0.12492,-0.11908,-0.4106,-0.29026,-0.26272,0.85672,-0.202,0.73019,-0.27646,-0.15406,0.66088,0
negative209,-0.12453,4.30927,-0.21715,-0.16513,-0.0915,-0.10818,-0.14012,-0.12467,-0.21439,-0.18816,-0.24143,-0.13765,-0.20814,-0.20684,0.35516,-0.51986,0.93063,0.85619,-0.86983,-0.62717,-0.22045,-0.24832,1.00032,0.41629,0.00584,-0.22454,1.92888,-0.1838,-0.17764,-0.21124,-0.09637,-0.24955,2.02867,-0.19169,-1.01935,-0.11703,-0.75649,-1.08732,-0.02932,-0.28071,-0.21525,-1.04152,-0.30461,-0.19193,-0.2232,0.49564,1.75589,-0.23907,-0.24428,-0.59064,0.12511,1.88048,0.79049,-0.2726,-0.10657,0.92902,-0.27271,-0.39957,-0.93526,1.62625,-0.14977,-1.51346,0.3952,-0.26272,2.45869,-0.202,-1.36951,-0.27646,-0.15406,0.78571,0
negative210,-0.14425,-0.20744,-0.22883,-0.18011,-0.11946,-0.13001,-0.14945,-0.13489,-0.24827,-0.19886,-0.27295,-0.17397,-0.26697,-0.24643,0.09525,-0.51986,0.34685,1.79657,-0.74193,-0.51461,-0.25519,-0.26769,-0.70124,-1.0047,-0.21662,-0.22454,-0.4585,-0.1838,-0.19234,-0.27867,0.97265,-0.29244,-0.29911,-0.19169,-1.01935,-0.13857,1.36579,-0.55375,-0.02932,-0.28071,-0.21525,0.53115,-0.30461,-0.21571,-0.2232,1.10318,-1.4753,-0.23907,-0.24428,0.66317,-0.51817,-0.15139,1.04946,-0.28176,-0.10657,0.64574,-0.38073,0.65392,-0.66023,-1.32319,0.27835,-0.31307,-0.12945,-0.31883,-0.84538,-0.202,0.73019,-0.35722,-0.18643,0.53838,0
negative211,-0.12453,-0.19626,-0.21715,-0.16513,-0.0915,-0.10818,-0.14012,-0.12467,-0.21439,-0.18816,-0.24143,-0.13765,-0.20814,-0.20684,-0.16467,-0.51986,-0.70395,1.40235,-0.35822,0.27327,-0.22045,-0.24832,0.13981,1.51122,-0.79504,-0.22454,0.7994,-0.1838,-0.17764,-0.21124,-0.93974,3.58977,0.38553,-0.19169,0.90678,-0.11703,-0.75649,0.33553,0.34274,-0.28071,-0.21525,-0.65939,-0.30461,-0.19193,-0.2232,-0.3979,0.95126,-0.23907,-0.24428,-0.59064,0.7382,-1.15695,-0.05613,-0.2726,-0.10657,-0.65279,0.54166,-0.23101,-0.93526,-0.1202,-0.45796,0.18069,-2.38547,-0.26272,3.25967,-0.202,0.73019,-0.27646,-0.15406,-1.03704,0
negative212,-0.12453,-0.19626,-0.21715,-0.16513,-0.0915,-0.10818,-0.14012,-0.12467,-0.21439,-0.18816,-0.24143,-0.13765,-0.20814,-0.20684,-0.68451,-0.51986,1.16414,-0.92396,1.68823,0.72349,-0.22045,-0.24832,0.1347,0.88562,-0.79504,-0.22454,1.12327,-0.1838,-0.17764,-0.21124,-0.97559,-0.24955,1.48095,-0.19169,-1.01935,-0.11703,-0.75649,0.33553,-0.02932,-0.28071,-0.21525,-1.02068,-0.30461,-0.19193,-0.2232,-0.1712,0.60183,-0.23907,-0.24428,-0.59064,1.50253,-1.06245,0.04417,-0.2726,-0.10657,-0.33799,0.33416,-0.56813,-0.35463,0.25864,0.23102,-0.61812,-1.17356,-0.26272,0.45622,-0.202,-1.36951,-0.27646,-0.15406,0.11825,0
negative213,-0.12453,-0.19626,-0.21715,-0.16513,-0.0915,-0.10818,-0.14012,-0.12467,-0.21439,-0.18816,-0.24143,-0.13765,-0.20814,-0.20684,-0.16467,-0.51986,0.69712,1.10258,1.17662,-0.17695,-0.22045,-0.24832,-0.70114,-1.62844,0.00584,-0.22454,-0.9666,-0.1838,-0.17764,-0.21124,2.22502,-0.24955,-0.70989,-0.19169,-1.01935,-0.11703,0.35701,-1.08732,-0.02932,-0.28071,-0.21525,-0.05632,-0.30461,-0.19193,-0.2232,-0.39268,-0.04518,-0.23907,-0.24428,1.29008,0.21593,-1.89208,-0.40314,-0.2726,-0.10657,1.35468,0.82402,-0.48385,-0.35463,1.44133,2.10342,-0.08065,1.34392,-0.26272,-0.74525,-0.202,-1.36951,-0.27646,-0.15406,-1.58999,0
negative214,-0.12453,-0.19626,-0.21715,-0.16513,-0.0915,-0.10818,-0.14012,-0.12467,-0.21439,-0.18816,-0.24143,-0.13765,-0.20814,-0.20684,-0.68451,2.78925,-1.17097,0.85619,-0.86983,0.72349,-0.22045,-0.24832,0.14828,0.57002,0.00584,-0.22454,0.3603,-0.1838,-0.17764,-0.21124,-0.89977,-0.24955,1.48095,-0.19169,-1.01935,-0.11703,0.32632,-1.44303,-0.40137,-0.28071,5.1565,-0.54565,-0.30461,-0.19193,-0.2232,-0.80189,0.05703,-0.23907,-0.24428,-0.59064,0.07656,0.42538,-0.45457,-0.2726,-0.10657,0.94479,2.09172,-0.06245,-0.93526,0.96389,-0.2757,-2.73895,-0.4462,-0.26272,-0.34476,-0.202,-1.36951,-0.27646,-0.15406,-1.30852,0
negative215,-0.12453,-0.19626,-0.21715,-0.16513,-0.0915,-0.10818,-0.14012,-0.12467,-0.21439,-0.18816,-0.24143,-0.13765,-0.20814,-0.20684,-0.16467,-0.51986,-1.40448,0.20532,-1.12564,0.27327,-0.22045,-0.24832,0.08429,1.52541,-0.79504,-0.22454,-0.37354,-0.1838,-0.17764,-0.21124,0.30303,-0.24955,-1.80531,-0.19169,-0.05628,8.5575,1.41005,-0.02018,1.08685,-0.28071,-0.21525,0.36763,-0.30461,-0.19193,-0.2232,-0.0973,-1.47652,-0.23907,-0.24428,-0.59064,-0.0194,0.80677,0.24972,-0.2726,-0.10657,0.34539,-1.31575,-0.14673,-0.35463,-1.5139,2.61991,1.25642,1.07048,-0.26272,-0.74525,-0.202,0.73019,-0.27646,-0.15406,1.05533,0
negative216,-0.11566,-0.19123,-0.21189,6.35667,-0.07893,-0.09837,-0.13592,-0.12008,-0.19915,-0.18334,-0.22725,-0.12131,-0.18169,-0.18904,0.75504,-0.51986,-0.59617,-0.36343,-0.24015,-0.28084,-0.20483,-0.23961,-0.92428,0.58515,-0.79504,-0.22454,-0.32765,-0.1838,-0.17102,-0.18092,0.68931,-0.23026,-0.4571,-0.19169,1.20311,-0.10735,0.33265,-0.5127,0.5717,-0.28071,-0.21525,-1.18656,-0.30461,-0.18124,-0.2232,0.41134,-0.75236,-0.23907,-0.24428,-0.59064,0.24972,-0.42212,1.01853,-0.26849,-0.10657,-1.87446,2.22902,-0.73669,-0.83849,-0.23145,0.90042,-1.18057,0.86956,-0.23748,-0.68364,-0.202,0.73019,-0.24014,-0.1395,-1.15121,0
negative217,-0.12453,-0.19626,-0.21715,-0.16513,-0.0915,-0.10818,-0.14012,-0.12467,-0.21439,-0.18816,-0.24143,-0.13765,-0.20814,-0.20684,0.35516,-0.51986,-0.47044,-0.92396,-0.10241,-0.17695,-0.22045,-0.24832,0.27695,0.50779,0.00584,-0.22454,-0.9666,-0.1838,-0.17764,-0.21124,0.85843,-0.24955,-0.70989,-0.19169,-0.05628,-0.11703,-0.75649,0.69125,-0.02932,-0.28071,-0.21525,-0.97622,-0.30461,-0.19193,4.27512,0.56062,0.54967,-0.23907,-0.24428,1.29008,1.4411,1.16512,-0.60845,-0.2726,-0.10657,-0.22154,-1.09043,-0.77883,-0.35463,0.3079,1.00899,0.5109,1.2209,-0.26272,-0.74525,-0.202,0.73019,-0.27646,6.36637,0.81036,0
negative218,-0.12453,-0.19626,-0.21715,-0.16513,-0.0915,-0.10818,-0.14012,-0.12467,-0.21439,-0.18816,-0.24143,-0.13765,-0.20814,-0.20684,-0.16467,-0.51986,-0.00342,1.40235,0.4092,1.17371,-0.22045,-0.24832,-1.13272,-2.99808,-0.79504,-0.22454,0.15719,-0.1838,-0.17764,-0.21124,-0.14407,-0.24955,-0.70989,-0.19169,-0.05628,-0.11703,1.23416,-0.37589,0.71479,-0.28071,-0.21525,0.53164,-0.30461,-0.19193,-0.2232,2.01693,-1.7933,-0.23907,3.73903,-0.59064,0.35747,-0.26471,0.4265,-0.2726,-0.10657,-1.29848,1.56811,-0.35743,1.38724,-1.72709,2.10493,0.3141,-0.71567,-0.26272,-0.74525,-0.202,-1.36951,-0.27646,-0.15406,1.91448,0
negative219,-0.12453,-0.19626,-0.21715,-0.16513,-0.0915,-0.10818,-0.14012,-0.12467,-0.21439,-0.18816,-0.24143,-0.13765,-0.20814,-0.20684,-0.68451,2.19221,0.93063,0.66319,1.43242,1.17371,-0.22045,-0.24832,-1.08339,0.51847,0.00584,-0.22454,-0.42285,-0.1838,-0.17764,-0.21124,-0.4413,-0.24955,0.38553,-0.19169,-0.05628,-0.11703,2.15693,0.69125,1.08685,-0.28071,-0.21525,-0.53809,-0.30461,-0.19193,-0.2232,0.14501,-2.20697,-0.23907,-0.24428,-0.59064,-0.28552,1.14179,1.55848,-0.2726,-0.10657,-0.96376,-0.75235,0.10611,0.80661,-0.30549,-1.1634,-0.00136,0.28455,-0.26272,0.05573,-0.202,0.73019,-0.27646,-0.15406,-0.56563,0
negative220,-0.14425,-0.20744,-0.22883,-0.18011,-0.11946,-0.13001,-0.14945,-0.13489,-0.24827,-0.19886,-0.27295,-0.17397,-0.26697,-0.24643,0.875,-0.51986,-1.05421,-0.92396,-0.74193,-0.17695,3.74897,3.0803,-0.10835,0.45866,0.36179,-0.22454,0.71428,-0.1838,-0.19234,3.60692,0.16487,-0.29244,-0.70989,-0.19169,-1.01935,-0.13857,0.3322,-0.02018,-0.86644,-0.28071,-0.21525,0.88635,-0.30461,-0.21571,-0.2232,0.43534,-0.29993,-0.23907,-0.24428,0.66317,0.79954,0.38041,-0.70299,-0.28176,-0.10657,-0.47412,0.37443,0.86462,-0.2324,0.4581,1.37182,0.35161,1.02158,-0.31883,0.65647,-0.202,0.73019,2.74536,-0.18643,-1.2496,0
negative221,-0.12453,-0.19626,-0.21715,-0.16513,-0.0915,-0.10818,-0.14012,-0.12467,-0.21439,-0.18816,-0.24143,-0.13765,-0.20814,-0.20684,-0.68451,-0.51986,-0.93746,0.44554,-0.61402,0.27327,-0.22045,-0.24832,0.03655,0.56863,0.00584,-0.22454,-0.34978,-0.1838,-0.17764,-0.21124,0.63387,-0.24955,-0.16218,-0.19169,0.90678,-0.11703,-0.75649,-1.08732,-0.77343,-0.28071,-0.21525,0.0884,-0.30461,-0.19193,-0.2232,-0.23633,0.45369,-0.23907,-0.24428,-0.59064,-0.02613,-0.56599,-0.88849,7.1015,-0.10657,0.64649,-1.43659,-0.48385,0.22599,-0.83452,0.62459,2.03597,0.80616,-0.26272,0.85672,-0.202,0.73019,-0.27646,-0.15406,-0.58075,0
negative222,-0.12453,-0.19626,-0.21715,-0.16513,-0.0915,-0.10818,-0.14012,-0.12467,-0.21439,-0.18816,-0.24143,-0.13765,-0.20814,-0.20684,-1.20435,0.97052,-0.47044,1.75961,-0.10241,0.72349,-0.22045,-0.24832,-1.04191,0.79127,-0.79504,-0.22454,-0.36898,-0.1838,-0.17764,-0.21124,2.13046,-0.24955,-0.70989,-0.19169,-1.01935,-0.11703,1.24327,-0.02018,1.08685,-0.28071,-0.21525,-0.40318,-0.30461,-0.19193,-0.2232,-0.18369,-1.49559,-0.23907,-0.24428,-0.59064,-1.27429,0.19521,0.0647,-0.2726,-0.10657,-0.21381,-0.4991,0.10611,-0.93526,0.26719,2.11431,-2.10124,1.34206,-0.26272,-0.34476,-0.202,0.73019,-0.27646,-0.15406,-1.0982,0
negative223,-0.12453,-0.19626,-0.21715,-0.16513,-0.0915,-0.10818,-0.14012,-0.12467,-0.21439,-0.18816,-0.24143,-0.13765,-0.20814,-0.20684,-0.68451,-0.51986,-0.47044,0.44554,-0.10241,0.27327,-0.22045,-0.24832,-0.23903,1.98373,0.00584,-0.22454,-0.18898,-0.1838,-0.17764,-0.21124,-1.27179,3.58977,-0.16218,-0.19169,0.90678,-0.11703,0.38778,-0.37589,-0.77343,-0.28071,-0.21525,0.12041,-0.30461,-0.19193,-0.2232,-1.5651,-0.15502,-0.23907,-0.24428,-0.59064,-0.24818,2.11108,0.43613,-0.2726,-0.10657,0.02528,-0.57511,-0.10459,-0.35463,-1.02109,-0.8097,-0.71104,-1.6307,-0.26272,-0.34476,-0.202,0.73019,-0.27646,-0.15406,2.26685,0
negative224,-0.12453,-0.19626,-0.21715,-0.16513,-0.0915,-0.10818,-0.14012,-0.12467,-0.21439,-0.18816,-0.24143,-0.13765,-0.20814,-0.20684,-0.68451,-0.51986,-1.40448,-0.92396,-1.12564,0.72349,-0.22045,-0.24832,0.83709,-0.18761,-0.79504,-0.22454,-0.22007,-0.1838,-0.17764,-0.21124,0.32087,-0.24955,-0.70989,-0.19169,-0.05628,-0.11703,-0.75649,0.69125,-0.02932,1.21521,-0.21525,1.09707,-0.30461,-0.19193,-0.2232,-0.00629,0.15972,-0.23907,-0.24428,1.29008,0.6951,-0.53121,-1.31042,-0.2726,-0.10657,0.73682,0.18471,-1.0738,-0.35463,-1.50625,-0.13554,0.56395,-0.15488,-0.26272,-0.34476,-0.202,0.73019,-0.27646,-0.15406,-0.24059,0
negative225,-0.14425,-0.20744,-0.22883,-0.18011,-0.11946,-0.13001,-0.14945,-0.13489,-0.24827,-0.19886,-0.27295,-0.17397,-0.26697,-0.24643,0.48512,-0.51986,-0.87908,0.65292,-0.55007,-0.17695,-0.25519,3.0803,-0.94999,-0.8445,-0.79504,-0.22454,-0.02786,-0.1838,-0.19234,-0.27867,0.9011,-0.29244,-0.29911,-0.19169,1.14755,-0.13857,-0.75649,-0.02018,-0.86644,-0.28071,-0.21525,0.95296,-0.30461,-0.21571,-0.2232,-0.0136,-0.08285,-0.23907,-0.24428,-0.59064,0.93681,-1.29378,-0.44459,-0.28176,-0.10657,1.01585,0.18608,1.07532,0.62326,-1.15081,0.34002,-0.25875,1.58008,2.91497,-0.54501,-0.202,0.73019,-0.35722,-0.18643,-0.11925,0
negative226,-0.12453,-0.19626,-0.21715,-0.16513,-0.0915,-0.10818,-0.14012,-0.12467,-0.21439,-0.18816,-0.24143,-0.13765,-0.20814,-0.20684,0.35516,1.21973,-0.23693,-0.02875,0.15339,-1.07738,-0.22045,-0.24832,0.31957,0.01206,0.80672,-0.22454,-0.26906,-0.1838,-0.17764,-0.21124,-0.04546,-0.24955,0.38553,-0.19169,0.90678,-0.11703,-0.75649,1.04696,-0.02932,-0.28071,-0.21525,-0.77093,-0.30461,4.59684,4.27512,-0.58934,0.99792,-0.23907,-0.24428,-0.59064,0.1194,-1.50373,-0.22672,-0.2726,-0.10657,0.92522,0.75039,-0.18887,-1.51588,0.76795,-0.94408,-1.12814,-1.93457,-0.26272,-0.74525,-0.202,0.73019,3.33793,-0.15406,-1.0982,0
negative227,-0.12453,-0.19626,-0.21715,-0.16513,-0.0915,-0.10818,-0.14012,-0.12467,-0.21439,-0.18816,-0.24143,-0.13765,-0.20814,-0.20684,-0.68451,0.83618,0.23009,-0.92396,0.15339,1.17371,-0.22045,-0.24832,-2.64197,-0.57317,-0.79504,-0.22454,-0.42285,-0.1838,-0.17764,-0.21124,0.57015,-0.24955,0.38553,-0.19169,1.86985,-0.11703,0.23559,-1.44303,-0.40137,-0.28071,-0.21525,-1.3146,-0.30461,-0.19193,-0.2232,-0.08571,-0.90449,-0.23907,-0.24428,1.29008,-0.34722,-2.4746,1.2734,-0.2726,-0.10657,0.25543,0.87813,0.14824,0.22599,0.44955,1.76893,1.47077,0.31755,-0.26272,0.05573,-0.202,-1.36951,-0.27646,-0.15406,0.01598,0
negative228,7.81828,-0.19626,-0.21715,-0.16513,-0.0915,-0.10818,-0.14012,-0.12467,-0.21439,-0.18816,-0.24143,-0.13765,-0.20814,-0.20684,1.39484,-0.51986,-0.47044,0.52767,-0.10241,-0.62717,-0.22045,-0.24832,1.93657,-1.67803,-0.79504,-0.22454,0.36795,-0.1838,-0.17764,-0.21124,0.33556,-0.24955,0.38553,-0.19169,-1.01935,-0.11703,-0.75649,0.33553,1.08685,-0.28071,5.1565,0.29946,-0.30461,-0.19193,4.27512,-0.51649,1.15233,-0.23907,-0.24428,-0.59064,-0.98691,-0.03384,-0.91201,-0.2726,-0.10657,0.73182,1.34676,-0.94739,0.80661,0.87923,-0.93543,-0.74381,-0.71167,3.50456,-0.34476,-0.202,0.73019,-0.27646,-0.15406,1.23336,0
negative229,-0.12453,-0.19626,-0.21715,-0.16513,-0.0915,-0.10818,-0.14012,-0.12467,-0.21439,-0.18816,-0.24143,-0.13765,-0.20814,-0.20684,-0.68451,-0.51986,0.93063,-0.92396,-0.35822,0.72349,-0.22045,-0.24832,-0.19715,-0.67477,0.00584,-0.22454,-0.38738,-0.1838,-0.17764,-0.21124,-1.69235,-0.24955,0.38553,-0.19169,-0.05628,-0.11703,1.22549,-0.7316,0.34274,-0.28071,-0.21525,-0.63263,-0.30461,-0.19193,-0.2232,-0.20662,-1.09059,-0.23907,3.73903,1.29008,-1.19194,0.8316,1.26277,-0.2726,-0.10657,-0.60869,2.59372,-0.10459,0.80661,0.51697,1.06913,-1.00191,-0.91691,-0.26272,-0.74525,-0.202,-1.36951,-0.27646,-0.15406,-0.76052,0
negative230,7.81828,-0.19626,-0.21715,-0.16513,-0.0915,-0.10818,-0.14012,-0.12467,-0.21439,-0.18816,-0.24143,-0.13765,-0.20814,-0.20684,1.39484,-0.51986,0.46361,0.20532,0.92081,-0.62717,-0.22045,-0.24832,0.31901,0.4737,0.00584,-0.22454,0.3188,-0.1838,-0.17764,4.31533,-0.17817,-0.24955,0.38553,-0.19169,-1.01935,-0.11703,0.38977,-1.44303,-0.40137,-0.28071,-0.21525,-0.18394,-0.30461,4.59684,-0.2232,-1.151,0.40262,-0.23907,-0.24428,-0.59064,0.36391,1.19102,1.07181,-0.2726,-0.10657,0.32171,-0.62677,-0.82097,-0.35463,-0.19008,0.16254,-0.24288,1.40404,3.50456,-0.74525,-0.202,-1.36951,-0.27646,-0.15406,1.58443,0
negative231,-0.12453,-0.19626,-0.21715,-0.16513,-0.0915,-0.10818,-0.14012,-0.12467,3.19751,-0.18816,-0.24143,-0.13765,-0.20814,-0.20684,1.91467,-0.51986,-0.23693,1.10258,-0.61402,-2.42804,-0.22045,-0.24832,1.53477,0.69277,1.6076,-0.22454,-0.02363,-0.1838,-0.17764,-0.21124,-1.01386,-0.24955,0.38553,-0.19169,-1.01935,-0.11703,-0.75649,0.69125,0.34274,-0.28071,-0.21525,1.05203,-0.30461,-0.19193,-0.2232,3.43326,0.61048,-0.23907,-0.24428,-0.59064,-1.12756,0.2466,0.14421,-0.2726,-0.10657,0.97762,-1.26273,-1.15808,0.80661,0.22992,-0.82498,1.70342,-0.801,3.50456,-0.74525,-0.202,-1.36951,-0.27646,-0.15406,-0.57979,0
negative232,-0.12453,-0.19626,-0.21715,-0.16513,-0.0915,-0.10818,-0.14012,-0.12467,-0.21439,-0.18816,-0.24143,-0.13765,-0.20814,3.77947,-0.16467,-0.51986,0.46361,0.52767,-0.35822,-1.5276,-0.22045,-0.24832,1.2019,-1.13014,1.6076,-0.22454,-0.9666,-0.1838,-0.17764,-0.21124,-0.30877,-0.24955,-0.16218,-0.19169,-1.01935,-0.11703,-0.75649,-0.7316,-0.40137,-0.28071,-0.21525,-0.72491,-0.30461,-0.19193,-0.2232,0.13793,2.28069,-0.23907,-0.24428,-0.59064,0.72032,0.50798,-0.80254,-0.2726,-0.10657,0.51508,-0.00424,-0.44171,-0.93526,2.01783,0.93672,-0.9443,1.53569,-0.26272,-0.74525,-0.202,-1.36951,-0.27646,-0.15406,-1.38715,0
negative233,-0.12453,-0.19626,-0.21715,-0.16513,-0.0915,-0.10818,-0.14012,-0.12467,-0.21439,-0.18816,-0.24143,-0.13765,-0.20814,-0.20684,-0.16467,2.87571,-0.23693,0.20532,-0.35822,-0.17695,-0.22045,-0.24832,-0.97405,0.52526,0.80672,-0.22454,-0.9666,-0.1838,-0.17764,-0.21124,-0.62655,-0.24955,0.38553,-0.19169,-1.01935,-0.11703,1.38295,0.33553,-0.77343,-0.28071,-0.21525,-0.64351,-0.30461,-0.19193,-0.2232,-0.09182,-1.01392,-0.23907,-0.24428,-0.59064,0.64229,-0.09206,0.31786,-0.2726,-0.10657,0.99607,1.13101,-0.14673,0.80661,0.69364,-1.19108,-0.59937,0.34227,-0.26272,-0.74525,-0.202,0.73019,-0.27646,-0.15406,0.03999,0
negative234,-0.14425,-0.20744,-0.22883,-0.18011,-0.11946,-0.13001,-0.14945,-0.13489,-0.24827,-0.19886,-0.27295,-0.17397,-0.26697,-0.24643,-0.68451,0.66205,0.69712,1.05741,1.17662,1.51137,-0.25519,-0.26769,-1.68928,0.98751,-0.21662,-0.22454,0.45518,-0.1838,-0.19234,-0.27867,-0.03253,-0.29244,0.52246,-0.19169,-1.01935,-0.13857,2.25009,-0.82053,-0.02932,-0.28071,-0.21525,0.42099,-0.30461,-0.21571,-0.2232,0.43144,-1.22611,4.68535,-0.24428,-0.59064,-0.10012,-1.06538,0.49914,-0.28176,-0.10657,0.71564,-1.25454,1.49671,1.47892,-0.81394,0.95831,-1.04371,-0.65161,-0.31883,-0.84538,-0.202,0.73019,-0.35722,-0.18643,0.37986,0
negative235,-0.12453,-0.19626,-0.21715,-0.16513,-0.0915,-0.10818,-0.14012,-0.12467,-0.21439,-0.18816,-0.24143,-0.13765,-0.20814,-0.20684,0.35516,-0.51986,0.69712,-0.92396,-0.86983,-1.07738,-0.22045,-0.24832,-0.28024,-1.78946,-0.79504,-0.22454,-0.9666,-0.1838,-0.17764,4.31533,2.20634,-0.24955,0.38553,-0.19169,-1.01935,-0.11703,0.29059,-1.08732,-0.40137,-0.28071,-0.21525,-0.03112,-0.30461,-0.19193,-0.2232,0.97799,0.06879,-0.23907,-0.24428,3.1708,0.5885,-0.6896,-0.1031,-0.2726,-0.10657,1.09307,-1.03514,-0.52599,-0.35463,1.01533,1.97625,-1.96462,-0.93772,-0.26272,0.05573,-0.202,0.73019,-0.27646,-0.15406,1.30754,0
negative236,-0.14425,-0.20744,-0.22883,-0.18011,-0.11946,-0.13001,-0.14945,-0.13489,2.68049,-0.19886,-0.27295,-0.17397,-0.26697,-0.24643,0.09525,-0.51986,-0.00342,-0.92396,-0.74193,-0.51461,-0.25519,-0.26769,-0.89249,1.95379,0.36179,-0.22454,0.26281,-0.1838,-0.19234,-0.27867,-1.13519,-0.29244,0.52246,-0.19169,-1.01935,-0.13857,1.40285,0.24661,-0.86644,-0.28071,-0.21525,1.02579,-0.30461,-0.21571,-0.2232,0.87286,-0.59169,-0.23907,-0.24428,0.66317,-1.09188,-0.82615,0.2999,-0.28176,-0.10657,-0.82761,-0.2201,1.37029,0.19543,0.5865,-0.42601,-0.74577,-1.71628,-0.31883,0.05573,-0.202,-1.36951,-0.35722,-0.18643,-0.39596,0
negative237,-0.12453,-0.19626,-0.21715,-0.16513,-0.0915,-0.10818,-0.14012,-0.12467,-0.21439,-0.18816,-0.24143,-0.13765,-0.20814,-0.20684,0.35516,1.05129,-0.23693,1.75961,-0.10241,-1.07738,-0.22045,-0.24832,0.02268,0.60067,0.00584,-0.22454,-0.3366,-0.1838,-0.17764,-0.21124,-0.19002,-0.24955,0.93324,-0.19169,-0.05628,-0.11703,-0.75649,-1.79874,-0.77343,-0.28071,-0.21525,-0.0723,-0.30461,-0.19193,-0.2232,-0.06254,0.00306,-0.23907,-0.24428,1.29008,-1.51114,0.42051,0.00815,-0.2726,-0.10657,0.01887,-0.5911,-0.52599,-0.35463,0.35035,-0.63196,-1.09241,-1.20624,-0.26272,1.25721,-0.202,0.73019,3.33793,-0.15406,0.21325,0
negative238,-0.12453,-0.19626,-0.21715,-0.16513,-0.0915,-0.10818,-0.14012,-0.12467,-0.21439,-0.18816,-0.24143,-0.13765,-0.20814,-0.20684,0.35516,-0.51986,0.93063,0.85619,-0.86983,-0.62717,-0.22045,-0.24832,-0.29234,-0.11337,0.00584,-0.22454,-0.37257,-0.1838,-0.17764,-0.21124,0.6661,-0.24955,0.38553,-0.19169,0.90678,-0.11703,-0.75649,-0.02018,-0.40137,-0.28071,-0.21525,-0.38197,-0.30461,-0.19193,-0.2232,-0.7769,0.66435,-0.23907,-0.24428,-0.59064,-0.56308,-0.87092,0.10219,-0.2726,-0.10657,0.47539,-0.43097,-0.23101,-0.35463,0.4839,1.3644,-0.63558,-0.41047,-0.26272,0.05573,-0.202,-1.36951,-0.27646,-0.15406,1.5055,0
negative239,-0.12453,-0.19626,-0.21715,-0.16513,-0.0915,8.68434,-0.14012,-0.12467,-0.21439,-0.18816,-0.24143,-0.13765,-0.20814,-0.20684,0.875,2.13052,-0.00342,0.41064,0.15339,-0.62717,-0.22045,-0.24832,0.12447,0.49483,-0.79504,-0.22454,-0.9666,-0.1838,-0.17764,-0.21124,1.61824,-0.24955,-0.16218,-0.19169,0.90678,-0.11703,0.1706,0.69125,-0.40137,-0.28071,-0.21525,3.30782,-0.30461,-0.19193,-0.2232,-1.36687,-1.10121,-0.23907,-0.24428,1.29008,2.47227,0.55386,-0.39453,-0.2726,-0.10657,1.91596,-0.67298,-0.48385,0.22599,-0.44744,1.23172,-0.44278,0.48963,-0.26272,0.05573,-0.202,0.73019,-0.27646,-0.15406,-0.56563,0
negative240,-0.12453,-0.19626,-0.21715,-0.16513,-0.0915,-0.10818,-0.14012,-0.12467,-0.21439,-0.18816,-0.24143,-0.13765,-0.20814,-0.20684,-0.16467,0.93074,-0.23693,-0.92396,0.15339,-0.62717,4.44426,3.65197,-0.20874,0.47456,-0.79504,-0.22454,-0.38493,-0.1838,-0.17764,-0.21124,1.32403,-0.24955,-0.16218,-0.19169,0.90678,-0.11703,0.27128,-1.08732,-0.02932,-0.28071,-0.21525,0.20601,-0.30461,-0.19193,-0.2232,-0.56524,-0.68555,-0.23907,3.73903,1.29008,-0.80283,-0.16831,0.37586,-0.2726,-0.10657,-0.32893,-1.04732,-0.06245,0.80661,0.81519,1.0366,0.09852,-0.44622,-0.26272,-0.34476,-0.202,-1.36951,-0.27646,-0.15406,2.92197,0
negative241,-0.14425,-0.20744,-0.22883,-0.18011,9.54803,-0.13001,-0.14945,-0.13489,-0.24827,-0.19886,-0.27295,-0.17397,-0.26697,-0.24643,0.875,2.56805,-1.40448,0.97528,-1.12564,0.49838,-0.25519,-0.26769,0.50033,-2.37618,0.36179,-0.22454,-0.9666,-0.1838,-0.19234,-0.27867,-0.31681,-0.29244,-1.12067,-0.19169,0.42525,-0.13857,0.39282,0.51339,-0.02932,-0.28071,-0.21525,2.02084,-0.30461,-0.21571,-0.2232,3.79939,-1.52045,-0.23907,-0.24428,-0.59064,-0.92992,0.01808,-0.76687,-0.28176,-0.10657,0.12417,0.61825,0.06397,3.19023,-1.51249,0.23107,1.07305,-0.75371,-0.31883,-0.54501,-0.202,0.73019,-0.35722,-0.18643,0.62014,0
negative242,-0.12453,-0.19626,-0.21715,-0.16513,-0.0915,-0.10818,-0.14012,-0.12467,-0.21439,-0.18816,-0.24143,-0.13765,-0.20814,-0.20684,0.875,-0.51986,0.69712,0.61596,1.17662,0.72349,-0.22045,-0.24832,-0.21977,-1.24277,-0.79504,-0.22454,0.32612,-0.1838,-0.17764,-0.21124,1.1727,-0.24955,-1.2576,-0.19169,0.90678,-0.11703,-0.75649,-0.02018,-0.40137,-0.28071,-0.21525,0.55972,3.20408,4.59684,-0.2232,0.38419,0.112,-0.23907,3.73903,-0.59064,1.2805,0.25775,-0.7901,-0.2726,-0.10657,-0.59795,-0.75135,-0.65241,0.80661,-1.32771,1.23749,0.94936,0.85145,-0.26272,-0.74525,-0.202,-1.36951,-0.27646,-0.15406,-0.2115,0
negative243,-0.12453,-0.19626,-0.21715,-0.16513,-0.0915,-0.10818,-0.14012,-0.12467,-0.21439,-0.18816,-0.24143,-0.13765,-0.20814,-0.20684,-0.16467,-0.51986,-1.40448,-0.92396,-1.12564,-0.17695,-0.22045,-0.24832,2.61919,-0.49185,-0.79504,-0.22454,-0.9666,-0.1838,-0.17764,-0.21124,-0.24474,-0.24955,-1.80531,-0.19169,-1.01935,-0.11703,-0.75649,0.33553,-0.40137,-0.28071,-0.21525,3.54671,-0.30461,-0.19193,-0.2232,2.31372,0.37743,-0.23907,-0.24428,1.29008,-1.51783,-0.30671,-2.29047,-0.2726,-0.10657,-1.66917,-1.05792,-1.95874,1.96786,-1.9216,-0.49718,0.25649,-0.56869,-0.26272,-1.14575,-0.202,0.73019,-0.27646,-0.15406,-1.70381,0
negative244,-0.12453,4.30927,-0.21715,-0.16513,-0.0915,-0.10818,-0.14012,-0.12467,-0.21439,-0.18816,-0.24143,-0.13765,-0.20814,-0.20684,1.39484,0.93359,-0.00342,-0.92396,0.4092,-0.62717,-0.22045,-0.24832,1.1137,-1.61675,-0.79504,-0.22454,-0.9666,-0.1838,-0.17764,-0.21124,2.03898,-0.24955,-0.70989,-0.19169,-1.01935,-0.11703,0.24363,1.75839,-0.40137,-0.28071,-0.21525,3.57562,-0.30461,-0.19193,-0.2232,3.09631,-0.29623,-0.23907,-0.24428,3.1708,-1.33911,1.23578,-0.98174,-0.2726,-0.10657,-0.1599,-0.17184,-1.45306,0.22599,0.05212,3.16138,0.76896,0.66486,-0.26272,0.05573,-0.202,-1.36951,-0.27646,-0.15406,0.89901,0
negative245,-0.12453,-0.19626,-0.21715,-0.16513,-0.0915,-0.10818,-0.14012,-0.12467,-0.21439,-0.18816,-0.24143,-0.13765,-0.20814,3.77947,-1.20435,-0.51986,-0.70395,0.52767,-0.35822,0.27327,-0.22045,-0.24832,-0.0911,-0.26339,0.00584,-0.22454,0.9475,-0.1838,-0.17764,-0.21124,-0.00072,-0.24955,0.93324,-0.19169,-0.05628,-0.11703,0.29229,-1.79874,-0.77343,-0.28071,-0.21525,0.07328,-0.30461,-0.19193,-0.2232,-1.25977,0.13522,-0.23907,-0.24428,-0.59064,-0.58651,0.94323,0.04252,-0.2726,-0.10657,-0.79068,1.85909,0.27466,-0.93526,-0.30279,0.40436,-3.09916,-0.11249,-0.26272,2.45869,-0.202,0.73019,-0.27646,-0.15406,1.57346,0
negative246,-0.12453,-0.19626,-0.21715,-0.16513,-0.0915,-0.10818,-0.14012,-0.12467,-0.21439,-0.18816,-0.24143,-0.13765,2.42466,-0.20684,1.39484,-0.51986,-1.40448,1.40235,-1.12564,0.27327,-0.22045,-0.24832,-0.61237,-1.17888,-0.79504,-0.22454,-0.9666,-0.1838,-0.17764,-0.21124,-0.17031,-0.24955,-1.80531,-0.19169,0.90678,-0.11703,2.34665,-0.7316,-0.77343,-0.28071,-0.21525,0.7791,-0.30461,-0.19193,-0.2232,-0.35246,-3.5893,-0.23907,-0.24428,-0.59064,0.64654,1.86344,1.96817,-0.2726,-0.10657,-0.73276,0.93105,-0.56813,4.29036,-2.07158,-0.33164,1.58318,0.30759,-0.26272,-0.74525,-0.202,0.73019,-0.27646,-0.15406,2.17208,0
negative247,-0.12453,-0.19626,-0.21715,-0.16513,-0.0915,-0.10818,-0.14012,-0.12467,-0.21439,-0.18816,-0.24143,-0.13765,-0.20814,-0.20684,0.35516,-0.51986,-1.17097,-0.92396,-0.86983,-1.07738,-0.22045,-0.24832,0.80402,0.63736,0.00584,-0.22454,1.3184,-0.1838,-0.17764,-0.21124,1.26611,-0.24955,0.93324,-0.19169,-1.01935,-0.11703,-0.75649,1.40267,0.34274,-0.28071,-0.21525,-0.24618,-0.30461,-0.19193,-0.2232,0.60955,1.5521,-0.23907,-0.24428,-0.59064,0.31099,-1.00272,-0.89247,-0.2726,-0.10657,0.46427,-1.7923,-0.44171,-1.51588,1.37219,-1.26329,-0.32013,0.12546,-0.26272,0.05573,-0.202,0.73019,3.33793,-0.15406,-1.30852,0
negative248,-0.12453,-0.19626,-0.21715,-0.16513,-0.0915,-0.10818,-0.14012,-0.12467,-0.21439,-0.18816,-0.24143,-0.13765,-0.20814,-0.20684,-0.16467,-0.51986,0.46361,1.10258,0.92081,0.72349,-0.22045,-0.24832,-0.34377,0.27584,-0.79504,-0.22454,1.70933,-0.1838,-0.17764,-0.21124,-0.53211,-0.24955,0.93324,-0.19169,-0.05628,-0.11703,0.36252,-0.7316,0.34274,-0.28071,-0.21525,-1.06302,-0.30461,-0.19193,-0.2232,1.34152,0.19956,-0.23907,-0.24428,1.29008,-0.60272,0.61347,0.46733,-0.2726,-0.10657,-0.94709,1.45523,0.27466,0.80661,0.07807,-0.0752,-0.11528,0.10411,-0.26272,-0.74525,-0.202,-1.36951,3.33793,-0.15406,-0.27408,0
negative249,-0.14787,-0.2095,-0.23097,-0.18285,-0.12459,-0.13402,-0.15117,-0.13676,-0.25449,-0.20083,-0.27874,-0.18063,-0.27776,-0.25369,1.84041,-0.51986,1.09742,2.98744,1.61514,-1.9135,-0.26157,-0.27124,1.8583,-0.61476,1.39684,2.94084,-0.19712,-0.1838,-0.19503,-0.29104,-0.58296,-0.30031,-0.39691,-0.19169,-0.33145,-0.14252,-0.75649,0.38635,-0.08247,-0.28071,1.57533,0.89732,-0.30461,-0.22007,2.77568,-0.11044,0.4756,-0.23907,-0.24428,-0.59064,-0.13023,-0.26947,-0.08806,-0.28344,-0.10657,-0.7109,-1.81255,0.3168,0.5163,-0.10656,-0.14552,0.35707,0.30145,-0.32913,-0.00148,-0.202,-1.36951,2.65198,-0.19237,0.27277,0
negative250,-0.12453,-0.19626,-0.21715,-0.16513,-0.0915,-0.10818,-0.14012,-0.12467,-0.21439,-0.18816,-0.24143,-0.13765,-0.20814,-0.20684,-0.68451,-0.51986,0.46361,-0.92396,0.92081,1.62393,-0.22045,-0.24832,-0.72239,-0.65587,0.80672,-0.22454,0.8863,-0.1838,-0.17764,-0.21124,-0.28362,-0.24955,0.38553,-0.19169,0.90678,-0.11703,-0.75649,-0.7316,0.34274,-0.28071,-0.21525,-2.00792,-0.30461,-0.19193,-0.2232,0.16978,0.09576,-0.23907,3.73903,1.29008,1.80552,1.90808,0.11486,-0.2726,-0.10657,-1.91195,2.02271,0.14824,-0.93526,0.78437,0.19468,-0.607,0.18669,-0.26272,-0.74525,-0.202,-1.36951,-0.27646,3.10616,-1.06,0
negative251,-0.14425,-0.20744,-0.22883,-0.18011,-0.11946,-0.13001,-0.14945,-0.13489,-0.24827,-0.19886,-0.27295,-0.17397,-0.26697,-0.24643,1.26488,-0.51986,-1.40448,-0.92396,-1.12564,0.49838,-0.25519,-0.26769,0.44706,-0.75715,0.36179,-0.22454,-0.9666,-0.1838,-0.19234,-0.27867,0.60052,-0.29244,-2.35302,-0.19169,-0.29705,-0.13857,0.37372,0.78018,-0.5874,-0.28071,-0.21525,0.60608,-0.30461,-0.21571,-0.2232,0.86217,-0.93746,-0.23907,-0.24428,-0.59064,-0.7257,-1.02293,-0.5909,2.88319,-0.10657,0.341,0.11832,-0.10459,1.90674,-1.60883,-0.21072,1.29742,-0.70919,-0.31883,-0.24464,-0.202,0.73019,-0.35722,2.61212,-0.22527,0
negative252,7.81828,4.30927,-0.21715,5.86665,-0.0915,-0.10818,-0.14012,-0.12467,-0.21439,-0.18816,-0.24143,-0.13765,-0.20814,-0.20684,-0.16467,-0.51986,-1.17097,-0.92396,-0.86983,-1.07738,-0.22045,-0.24832,0.96815,1.4359,-0.79504,-0.22454,-0.9666,-0.1838,-0.17764,-0.21124,-1.05274,-0.24955,-0.16218,-0.19169,-0.05628,-0.11703,-0.75649,-0.02018,1.08685,-0.28071,-0.21525,-0.43044,-0.30461,-0.19193,-0.2232,-0.14791,1.65947,-0.23907,-0.24428,1.29008,-0.03383,1.18382,-0.25323,-0.2726,-0.10657,-1.01789,-0.57651,-0.44171,0.22599,2.20319,-0.26016,1.14783,0.3181,-0.26272,2.85918,-0.202,0.73019,-0.27646,-0.15406,0.99092,0
negative253,-0.12453,-0.19626,-0.21715,-0.16513,-0.0915,-0.10818,-0.14012,-0.12467,-0.21439,-0.18816,3.99133,-0.13765,-0.20814,-0.20684,0.35516,-0.51986,1.16414,0.44554,-0.61402,-1.5276,-0.22045,-0.24832,0.97747,0.91844,-0.79504,-0.22454,-0.9666,-0.1838,-0.17764,-0.21124,0.70903,-0.24955,1.48095,-0.19169,-0.05628,-0.11703,-0.75649,-0.37589,-0.77343,-0.28071,-0.21525,0.14152,-0.30461,-0.19193,-0.2232,-1.97869,0.48789,-0.23907,-0.24428,3.1708,0.5161,-0.50969,-0.63799,-0.2726,-0.10657,-0.95611,1.01916,-0.52599,-0.35463,0.34787,-1.9724,-0.75145,0.58588,-0.26272,-0.74525,-0.202,-1.36951,-0.27646,-0.15406,-1.30852,0
negative254,-0.12453,-0.19626,-0.21715,-0.16513,-0.0915,-0.10818,-0.14012,-0.12467,-0.21439,-0.18816,-0.24143,-0.13765,-0.20814,-0.20684,0.35516,-0.51986,-0.93746,0.85619,-0.61402,-1.07738,-0.22045,7.55225,1.209,-0.2488,0.00584,-0.22454,-0.27671,-0.1838,-0.17764,-0.21124,1.36279,3.58977,0.93324,-0.19169,-0.05628,-0.11703,-0.75649,-0.37589,0.71479,-0.28071,-0.21525,0.2479,-0.30461,4.59684,-0.2232,1.03419,2.03085,-0.23907,-0.24428,-0.59064,2.47376,0.01646,-0.03891,-0.2726,-0.10657,-1.69936,-0.71901,-0.39957,-0.93526,1.64177,-1.31786,0.89085,0.33112,-0.26272,1.25721,-0.202,-1.36951,-0.27646,-0.15406,-0.16496,0
negative255,-0.12453,-0.19626,-0.21715,-0.16513,-0.0915,-0.10818,-0.14012,-0.12467,-0.21439,-0.18816,-0.24143,-0.13765,-0.20814,-0.20684,-1.20435,-0.51986,-0.93746,-0.92396,-0.61402,0.27327,-0.22045,-0.24832,1.01862,2.10903,-0.79504,-0.22454,2.56669,-0.1838,-0.17764,-0.21124,-2.09774,-0.24955,1.48095,-0.19169,-1.01935,-0.11703,-0.75649,1.04696,-0.02932,-0.28071,-0.21525,0.79743,3.20408,-0.19193,-0.2232,-0.74303,0.8665,-0.23907,-0.24428,-0.59064,1.30004,0.12213,-0.26843,-0.2726,-0.10657,0.88603,-1.6106,-0.77883,0.22599,-0.5459,-2.11971,-1.18416,-0.00398,-0.26272,2.45869,-0.202,0.73019,-0.27646,-0.15406,-1.58999,0
negative256,-0.12453,-0.19626,-0.21715,-0.16513,-0.0915,-0.10818,-0.14012,-0.12467,-0.21439,-0.18816,-0.24143,-0.13765,-0.20814,-0.20684,-0.16467,-0.51986,1.63116,0.85619,-0.86983,-0.17695,-0.22045,-0.24832,-0.28387,0.78727,0.00584,-0.22454,0.32775,-0.1838,-0.17764,-0.21124,1.18957,-0.24955,0.93324,-0.19169,0.90678,-0.11703,-0.75649,-1.08732,-0.02932,-0.28071,-0.21525,0.78341,-0.30461,-0.19193,-0.2232,-1.74253,0.21144,-0.23907,-0.24428,1.29008,-0.44066,0.55837,-0.2807,-0.2726,-0.10657,-1.36806,-1.14102,0.10611,-0.35463,0.20457,-0.97838,0.94043,-1.17115,-0.26272,0.85672,-0.202,0.73019,-0.27646,-0.15406,0.14996,0
negative257,-0.12453,-0.19626,-0.21715,-0.16513,-0.0915,-0.10818,-0.14012,-0.12467,-0.21439,-0.18816,-0.24143,-0.13765,-0.20814,-0.20684,-1.20435,-0.51986,-0.93746,-0.92396,-0.61402,0.27327,-0.22045,-0.24832,-1.58267,-1.6004,-0.79504,-0.22454,-0.9666,-0.1838,-0.17764,-0.21124,0.82741,-0.24955,-0.16218,-0.19169,1.86985,-0.11703,1.30715,1.40267,2.57507,-0.28071,-0.21525,0.2415,-0.30461,-0.19193,-0.2232,0.55989,-2.36225,-0.23907,-0.24428,-0.59064,2.477,-0.12736,2.72642,-0.2726,-0.10657,0.5305,1.07036,0.23252,-0.35463,-0.91378,-0.07343,0.35137,-1.66692,-0.26272,-0.74525,-0.202,-1.36951,-0.27646,-0.15406,-0.28002,0
negative258,-0.12453,-0.19626,-0.21715,-0.16513,-0.0915,-0.10818,-0.14012,-0.12467,-0.21439,-0.18816,-0.24143,-0.13765,-0.20814,-0.20684,1.91467,-0.51986,-1.40448,-0.92396,-1.12564,-0.62717,-0.22045,-0.24832,2.52621,-2.44442,-0.79504,-0.22454,-0.9666,-0.1838,-0.17764,-0.21124,0.72711,-0.24955,-2.35302,-0.19169,-0.05628,-0.11703,-0.75649,0.33553,-0.02932,1.96317,-0.21525,1.25221,-0.30461,-0.19193,-0.2232,0.43403,-0.11904,-0.23907,-0.24428,1.29008,-1.90485,0.06754,-1.13956,-0.2726,-0.10657,-1.20412,0.91774,-1.83232,3.12911,-0.69542,1.57598,1.68965,-1.44258,-0.26272,-0.74525,-0.202,0.73019,-0.27646,-0.15406,-1.0982,0
negative259,-0.12453,-0.19626,-0.21715,-0.16513,-0.0915,-0.10818,-0.14012,-0.12467,-0.21439,-0.18816,-0.24143,-0.13765,-0.20814,-0.20684,-1.72418,-0.51986,-0.47044,-0.92396,-0.35822,0.72349,-0.22045,-0.24832,-0.48233,-0.27907,-0.79504,-0.22454,-0.9666,-0.1838,-0.17764,-0.21124,0.90063,-0.24955,0.38553,-0.19169,0.90678,-0.11703,-0.75649,-2.15446,-1.14549,-0.28071,-0.21525,-0.92415,-0.30461,-0.19193,-0.2232,0.20149,0.5389,-0.23907,-0.24428,1.29008,1.72049,-0.01037,-0.68308,-0.2726,-0.10657,-0.10535,0.20369,0.02183,-0.35463,0.6308,-0.25747,-0.21103,0.0378,-0.26272,-0.74525,-0.202,0.73019,-0.27646,-0.15406,-0.18814,0
negative260,-0.12453,-0.19626,-0.21715,-0.16513,-0.0915,-0.10818,-0.14012,-0.12467,-0.21439,-0.18816,-0.24143,-0.13765,-0.20814,-0.20684,-1.20435,-0.51986,-0.23693,-0.92396,0.15339,1.17371,-0.22045,-0.24832,-0.21482,0.93145,-0.79504,-0.22454,1.15126,-0.1838,-0.17764,-0.21124,0.85431,-0.24955,0.38553,-0.19169,-0.05628,-0.11703,-0.75649,-1.44303,-0.77343,-0.28071,-0.21525,0.64894,-0.30461,-0.19193,-0.2232,2.73182,0.16033,-0.23907,-0.24428,1.29008,1.07759,0.72723,-1.16165,-0.2726,-0.10657,0.29226,1.4501,-0.35743,-0.35463,-0.57716,-0.64928,-0.6771,0.89175,3.50456,2.05819,-0.202,0.73019,-0.27646,-0.15406,0.03999,0
negative261,-0.12453,-0.19626,-0.21715,-0.16513,-0.0915,-0.10818,-0.14012,-0.12467,-0.21439,-0.18816,-0.24143,-0.13765,-0.20814,-0.20684,-0.16467,-0.51986,-0.23693,-0.92396,0.15339,0.72349,-0.22045,-0.24832,1.14433,0.12321,-0.79504,-0.22454,0.60182,-0.1838,-0.17764,-0.21124,-0.90431,3.58977,0.38553,-0.19169,-0.05628,-0.11703,-0.75649,1.04696,1.08685,-0.28071,5.1565,0.6806,3.20408,-0.19193,-0.2232,-0.15707,0.10521,-0.23907,-0.24428,-0.59064,-1.7586,0.04773,-1.04503,3.41445,-0.10657,-1.3147,0.01562,-0.69455,-0.35463,-0.58571,-1.53763,-0.50204,-0.75323,3.50456,-0.74525,-0.202,0.73019,-0.27646,-0.15406,-0.01404,0
negative262,-0.14425,-0.20744,-0.22883,-0.18011,-0.11946,-0.13001,-0.14945,-0.13489,-0.24827,-0.19886,-0.27295,-0.17397,-0.26697,3.1754,0.875,-0.51986,-1.40448,-0.92396,-1.12564,-1.18994,-0.25519,-0.26769,1.167,-0.71771,-0.79504,-0.22454,-0.9666,-0.1838,-0.19234,3.60692,-0.01297,-0.29244,-1.94224,-0.19169,1.14755,-0.13857,-0.75649,1.04696,-0.30836,-0.28071,-0.21525,1.68564,-0.30461,3.89495,-0.2232,3.08626,-0.21498,-0.23907,-0.24428,1.91698,0.84171,0.71286,-0.6591,-0.28176,-0.10657,1.27999,-0.36991,0.48536,1.05109,-0.84852,0.15912,0.78496,2.15166,-0.31883,-0.84538,-0.202,0.73019,-0.35722,-0.18643,0.90916,0
negative263,-0.12453,-0.19626,-0.21715,-0.16513,-0.0915,-0.10818,-0.14012,-0.12467,-0.21439,4.12343,3.99133,-0.13765,-0.20814,-0.20684,1.39484,-0.51986,-0.70395,-0.32441,-0.35822,0.27327,-0.22045,-0.24832,-0.32434,-2.06302,-0.79504,-0.22454,0.27811,-0.1838,-0.17764,-0.21124,1.19513,-0.24955,-0.70989,-0.19169,-1.01935,-0.11703,1.42016,-0.37589,-0.40137,-0.28071,-0.21525,-0.07659,-0.30461,-0.19193,-0.2232,-1.18667,-0.75176,-0.23907,-0.24428,-0.59064,-1.28361,-0.13966,0.66031,-0.2726,-0.10657,-1.17281,1.26027,-0.73669,0.22599,-1.25175,1.02572,-0.50006,-0.07154,-0.26272,-0.74525,-0.202,-1.36951,3.33793,-0.15406,0.2059,0
negative264,-0.12453,-0.19626,-0.21715,-0.16513,-0.0915,-0.10818,-0.14012,-0.12467,-0.21439,-0.18816,-0.24143,-0.13765,-0.20814,-0.20684,0.35516,1.128,1.16414,-0.92396,1.68823,0.27327,-0.22045,-0.24832,0.09918,0.8212,0.00584,-0.22454,-0.9666,-0.1838,-0.17764,-0.21124,-0.28446,-0.24955,-0.70989,-0.19169,-0.05628,-0.11703,-0.75649,0.33553,-0.77343,-0.28071,-0.21525,0.0701,-0.30461,-0.19193,-0.2232,0.60192,0.48711,-0.23907,-0.24428,-0.59064,0.83404,-0.11885,-1.04022,-0.2726,-0.10657,1.3272,-1.14646,-0.90525,0.80661,-0.75713,0.32428,0.33837,-0.97098,-0.26272,0.45622,-0.202,-1.36951,-0.27646,-0.15406,1.88527,0
negative265,-0.12453,-0.19626,-0.21715,-0.16513,-0.0915,-0.10818,-0.14012,-0.12467,3.19751,-0.18816,-0.24143,-0.13765,-0.20814,-0.20684,1.39484,-0.51986,-1.40448,-0.92396,-1.12564,-0.62717,-0.22045,-0.24832,1.55773,1.78528,0.00584,-0.22454,-0.14276,-0.1838,-0.17764,-0.21124,0.2219,-0.24955,-1.80531,-0.19169,-1.01935,-0.11703,-0.75649,-0.02018,-0.77343,-0.28071,-0.21525,1.7516,3.20408,-0.19193,-0.2232,2.04278,0.33095,-0.23907,-0.24428,1.29008,-0.92124,-0.61814,-1.58932,-0.2726,-0.10657,1.09023,-0.86882,-1.62162,1.38724,-1.04846,0.22472,0.66055,-0.69212,-0.26272,0.05573,-0.202,0.73019,-0.27646,-0.15406,-0.56563,0
negative266,-0.12453,-0.19626,-0.21715,-0.16513,-0.0915,-0.10818,-0.14012,-0.12467,-0.21439,-0.18816,-0.24143,-0.13765,-0.20814,-0.20684,-0.16467,1.12313,-0.23693,0.44554,0.15339,1.17371,-0.22045,-0.24832,-0.3074,1.30639,-0.79504,-0.22454,0.35102,-0.1838,-0.17764,-0.21124,0.72825,-0.24955,0.38553,5.3648,-0.05628,-0.11703,-0.75649,-0.7316,0.34274,-0.28071,5.1565,-0.96944,-0.30461,4.59684,-0.2232,-0.28186,0.5068,-0.23907,-0.24428,-0.59064,-0.42866,0.57902,-0.80865,-0.2726,-0.10657,0.65366,1.87068,-0.39957,-0.93526,0.12029,1.27737,-1.70761,0.49195,-0.26272,-0.34476,-0.202,-1.36951,-0.27646,-0.15406,-0.18814,0
negative267,-0.12453,-0.19626,4.48779,-0.16513,-0.0915,-0.10818,-0.14012,-0.12467,-0.21439,-0.18816,-0.24143,-0.13765,-0.20814,3.77947,-0.68451,-0.51986,0.69712,1.10258,1.17662,0.72349,-0.22045,-0.24832,0.28724,-0.30743,0.00584,-0.22454,-0.31625,-0.1838,-0.17764,-0.21124,-0.26826,3.58977,-0.70989,-0.19169,-0.05628,-0.11703,-0.75649,-1.44303,-0.77343,-0.28071,-0.21525,-1.29961,-0.30461,-0.19193,-0.2232,0.02977,0.66997,-0.23907,-0.24428,-0.59064,1.54081,0.52329,-0.90874,-0.2726,-0.10657,-0.83279,0.65725,-0.56813,0.22599,-0.03554,1.73529,-0.21546,0.08505,-0.26272,0.45622,-0.202,-1.36951,-0.27646,-0.15406,-0.56563,0
negative268,-0.14425,-0.20744,-0.22883,-0.18011,-0.11946,-0.13001,-0.14945,-0.13489,-0.24827,-0.19886,-0.27295,-0.17397,-0.26697,-0.24643,0.48512,-0.51986,-1.22935,-0.92396,-0.93378,-0.17695,-0.25519,-0.26769,0.97114,-1.51847,-0.21662,-0.22454,0.1886,-0.1838,4.89079,-0.27867,0.52002,-0.29244,-0.29911,-0.19169,-0.29705,-0.13857,-0.75649,1.58053,-0.5874,-0.28071,-0.21525,-0.27311,-0.30461,-0.21571,-0.2232,-2.23721,0.46352,-0.23907,-0.24428,-0.59064,-0.12146,0.19691,-0.57914,-0.28176,-0.10657,0.22652,0.75522,0.78034,0.19543,1.40457,-0.89997,-0.13312,-0.82074,-0.31883,-0.54501,-0.202,-1.36951,2.74536,-0.18643,-1.11989,0
negative269,-0.12453,4.30927,-0.21715,-0.16513,-0.0915,-0.10818,-0.14012,-0.12467,-0.21439,-0.18816,-0.24143,-0.13765,-0.20814,-0.20684,-0.16467,-0.51986,-0.00342,1.10258,-0.86983,0.27327,-0.22045,-0.24832,0.30787,-0.62361,-0.79504,-0.22454,0.98656,-0.1838,-0.17764,-0.21124,-0.47884,3.58977,0.93324,-0.19169,-0.05628,-0.11703,-0.75649,0.69125,0.34274,-0.28071,-0.21525,-0.3876,-0.30461,-0.19193,-0.2232,-0.55211,0.45976,-0.23907,-0.24428,-0.59064,0.13557,1.82498,0.52634,-0.2726,-0.10657,1.01191,-0.03166,-0.52599,0.80661,-0.19751,0.46935,-1.5341,-1.44669,-0.26272,-0.34476,-0.202,0.73019,-0.27646,-0.15406,0.93413,0
negative270,-0.12453,-0.19626,-0.21715,-0.16513,-0.0915,-0.10818,-0.14012,-0.12467,-0.21439,-0.18816,-0.24143,-0.13765,-0.20814,-0.20684,-0.68451,1.23109,-1.17097,1.40235,-0.86983,0.72349,-0.22045,-0.24832,-0.52734,0.31564,0.80672,-0.22454,-0.2645,-0.1838,-0.17764,-0.21124,0.59107,-0.24955,-0.16218,-0.19169,-0.05628,-0.11703,-0.75649,-1.08732,-0.02932,-0.28071,-0.21525,-1.54504,-0.30461,-0.19193,-0.2232,-0.42553,0.05537,-0.23907,-0.24428,1.29008,-0.7592,0.77533,-0.09198,-0.2726,-0.10657,0.29887,0.51115,-0.56813,-0.35463,0.14908,0.54589,-0.43641,-1.31695,-0.26272,1.6577,-0.202,0.73019,-0.27646,-0.15406,-0.6059,0
negative271,-0.12453,-0.19626,-0.21715,-0.16513,-0.0915,8.68434,-0.14012,-0.12467,-0.21439,-0.18816,-0.24143,-0.13765,-0.20814,-0.20684,0.35516,-0.51986,-0.47044,0.61596,-0.61402,-0.62717,-0.22045,-0.24832,0.67847,2.58125,-0.79504,-0.22454,-0.31853,-0.1838,-0.17764,-0.21124,0.93491,-0.24955,0.38553,-0.19169,-1.01935,-0.11703,1.39017,-1.79874,-0.77343,-0.28071,-0.21525,1.82484,-0.30461,-0.19193,-0.2232,-0.71827,-0.34052,-0.23907,-0.24428,-0.59064,0.67327,0.84505,0.39128,-0.2726,10.10316,1.0456,-1.50904,-0.23101,0.22599,-0.66205,-0.27616,1.88088,1.99311,-0.26272,2.85918,-0.202,0.73019,-0.27646,-0.15406,0.92402,0
negative272,-0.12453,-0.19626,-0.21715,-0.16513,-0.0915,-0.10818,-0.14012,-0.12467,-0.21439,-0.18816,-0.24143,7.1771,-0.20814,-0.20684,0.35516,-0.51986,0.46361,0.44554,0.92081,0.27327,-0.22045,-0.24832,1.71777,-0.92536,0.00584,-0.22454,0.72128,-0.1838,-0.17764,-0.21124,-0.35127,-0.24955,0.38553,-0.19169,-1.01935,-0.11703,-0.75649,-0.7316,-0.77343,1.96317,-0.21525,-0.49335,3.20408,-0.19193,-0.2232,-0.94931,1.03141,-0.23907,-0.24428,3.1708,-0.79988,-0.14376,-1.26638,-0.2726,-0.10657,-1.50309,-0.26607,-0.98953,-0.35463,-0.23358,-0.87896,-0.58224,-0.70909,-0.26272,0.45622,-0.202,-1.36951,3.33793,-0.15406,-0.67185,0
negative273,-0.12453,-0.19626,-0.21715,-0.16513,-0.0915,-0.10818,-0.14012,-0.12467,-0.21439,-0.18816,3.99133,-0.13765,-0.20814,-0.20684,0.875,-0.51986,1.16414,-0.92396,1.68823,0.27327,-0.22045,-0.24832,-1.55397,0.6561,-0.79504,-0.22454,-0.9666,-0.1838,-0.17764,-0.21124,-1.04506,-0.24955,-1.2576,-0.19169,-0.05628,-0.11703,1.48597,-0.02018,-0.77343,-0.28071,-0.21525,-0.8643,-0.30461,-0.19193,-0.2232,-0.94166,-1.10394,-0.23907,-0.24428,-0.59064,0.37407,-1.39472,1.36465,-0.2726,-0.10657,-1.18279,-0.57535,-0.48385,1.96786,-1.29749,-1.11959,0.48534,-1.79498,-0.26272,-0.74525,-0.202,0.73019,-0.27646,3.10616,0.01598,0
negative274,-0.12453,-0.19626,-0.21715,-0.16513,-0.0915,-0.10818,-0.14012,-0.12467,-0.21439,-0.18816,-0.24143,-0.13765,-0.20814,-0.20684,-0.68451,-0.51986,0.23009,-0.92396,0.665,0.72349,-0.22045,-0.24832,-2.15196,-0.36731,-0.79504,-0.22454,-0.9666,-0.1838,-0.17764,-0.21124,1.80603,-0.24955,-1.80531,-0.19169,-0.05628,-0.11703,2.27676,-0.7316,-0.77343,-0.28071,-0.21525,0.53478,-0.30461,-0.19193,-0.2232,-0.2944,-2.18668,-0.23907,-0.24428,3.1708,-1.01325,0.5654,1.74506,-0.2726,-0.10657,-1.93655,-0.21645,-0.23101,1.38724,-0.39382,-0.4983,0.79367,0.07361,-0.26272,-0.34476,-0.202,0.73019,-0.27646,-0.15406,0.16958,0
negative275,-0.12453,-0.19626,-0.21715,-0.16513,-0.0915,-0.10818,-0.14012,-0.12467,-0.21439,-0.18816,-0.24143,-0.13765,-0.20814,-0.20684,0.875,-0.51986,0.69712,1.10258,1.17662,-0.62717,-0.22045,-0.24832,2.0699,-0.6918,0.00584,-0.22454,-0.0884,-0.1838,-0.17764,-0.21124,-1.01979,-0.24955,-0.70989,-0.19169,-1.01935,-0.11703,-0.75649,0.33553,-0.40137,1.96317,2.47062,0.70638,-0.30461,-0.19193,-0.2232,-0.22295,0.91085,-0.23907,-0.24428,-0.59064,-0.67277,-0.50418,-1.28522,-0.2726,-0.10657,-0.03422,-1.3662,-1.15808,0.80661,0.39414,-1.50773,-1.33654,-0.71526,-0.26272,-0.74525,-0.202,-1.36951,-0.27646,-0.15406,-0.56563,0
negative276,-0.14787,-0.2095,-0.23097,-0.18285,-0.12459,-0.13402,-0.15117,-0.13676,-0.25449,-0.20083,-0.27874,-0.18063,4.12776,-0.25369,0.35516,-0.51986,1.09742,2.6158,0.88427,-0.94875,-0.26157,-0.27124,0.36764,-0.19277,2.49278,-0.22454,-0.9666,-0.1838,-0.19503,-0.29104,-0.85243,-0.30031,-0.39691,-0.19169,1.04437,-0.14252,0.34618,1.40267,-0.87973,-0.28071,-0.21525,-0.56854,-0.30461,-0.22007,-0.2232,0.31364,-1.39248,-0.23907,-0.24428,-0.59064,0.34191,1.42491,1.75848,-0.28344,-0.10657,0.3621,-1.71211,1.49671,-1.51588,-0.79226,-0.89457,1.86451,-0.28503,-0.32913,-0.28755,-0.202,-1.36951,-0.37204,-0.19237,-0.22471,0
negative277,-0.12453,-0.19626,-0.21715,-0.16513,-0.0915,-0.10818,-0.14012,-0.12467,-0.21439,-0.18816,-0.24143,-0.13765,-0.20814,-0.20684,-0.68451,-0.51986,2.09818,0.85619,2.71145,-0.17695,-0.22045,-0.24832,1.7442,0.04941,0.00584,-0.22454,0.61402,-0.1838,-0.17764,-0.21124,0.66138,-0.24955,-0.16218,-0.19169,-1.01935,-0.11703,-0.75649,0.69125,0.34274,-0.28071,-0.21525,1.26989,-0.30461,-0.19193,-0.2232,0.67957,1.5108,-0.23907,-0.24428,-0.59064,-0.66887,-0.4945,-1.58091,-0.2726,-0.10657,0.63877,-0.9006,-0.69455,0.80661,0.55798,0.66618,-0.1483,0.10536,-0.26272,-0.74525,-0.202,0.73019,-0.27646,-0.15406,-1.70381,0
negative278,-0.12453,-0.19626,-0.21715,-0.16513,-0.0915,-0.10818,-0.14012,-0.12467,-0.21439,-0.18816,-0.24143,-0.13765,-0.20814,-0.20684,-1.72418,-0.51986,0.46361,-0.92396,0.92081,0.27327,-0.22045,-0.24832,-0.23272,-0.8715,-0.79504,-0.22454,-0.9666,-0.1838,-0.17764,-0.21124,-1.43376,-0.24955,-0.16218,-0.19169,-1.01935,-0.11703,0.34247,-1.08732,-0.77343,-0.28071,-0.21525,0.5055,-0.30461,-0.19193,-0.2232,-0.51076,0.50733,-0.23907,-0.24428,1.29008,0.13356,1.29848,-0.53498,-0.2726,-0.10657,-1.72421,-1.27147,-0.31529,0.22599,0.83056,-1.41466,1.98197,-0.46535,-0.26272,-0.34476,-0.202,-1.36951,-0.27646,-0.15406,-0.21497,0
negative279,-0.12453,-0.19626,-0.21715,-0.16513,-0.0915,-0.10818,-0.14012,-0.12467,-0.21439,-0.18816,-0.24143,-0.13765,-0.20814,-0.20684,-1.20435,-0.51986,-0.93746,-0.92396,-0.61402,2.52436,-0.22045,-0.24832,-1.74345,0.29247,-0.79504,-0.22454,0.93415,-0.1838,-0.17764,-0.21124,0.46852,-0.24955,-0.16218,-0.19169,-1.01935,-0.11703,2.4798,2.1141,3.31919,-0.28071,-0.21525,-1.53317,-0.30461,-0.19193,-0.2232,0.59265,-1.9365,-0.23907,-0.24428,-0.59064,-0.36776,0.16179,1.38451,-0.2726,-0.10657,1.3955,1.14255,0.23252,0.22599,-0.56089,1.08606,1.10525,0.01658,-0.26272,-0.74525,-0.202,0.73019,-0.27646,-0.15406,3.65806,0
negative280,-0.12453,-0.19626,-0.21715,-0.16513,-0.0915,-0.10818,-0.14012,-0.12467,-0.21439,-0.18816,-0.24143,-0.13765,5.05746,-0.20684,0.35516,-0.51986,-1.40448,-0.92396,-1.12564,1.17371,-0.22045,-0.24832,0.17988,-0.45424,0.00584,-0.22454,0.44541,-0.1838,-0.17764,-0.21124,-0.33543,-0.24955,-1.2576,-0.19169,0.90678,-0.11703,-0.75649,-0.37589,-0.77343,-0.28071,-0.21525,-1.14436,3.20408,-0.19193,-0.2232,-0.4407,-0.57862,-0.23907,-0.24428,-0.59064,-0.48895,-0.3517,-0.67547,-0.2726,-0.10657,-2.02836,-1.17958,-0.94739,-0.35463,-1.32786,-0.72096,0.74446,-1.12136,-0.26272,0.05573,-0.202,-1.36951,-0.27646,-0.15406,-0.24059,0
negative281,-0.12453,-0.19626,-0.21715,-0.16513,-0.0915,-0.10818,-0.14012,-0.12467,-0.21439,-0.18816,-0.24143,-0.13765,-0.20814,-0.20684,-0.16467,1.37234,1.63116,0.66319,2.19984,0.27327,-0.22045,-0.24832,-0.09928,0.13074,0.80672,-0.22454,0.55071,-0.1838,-0.17764,-0.21124,-1.27136,-0.24955,1.48095,-0.19169,-1.01935,-0.11703,1.45683,-1.79874,-0.77343,-0.28071,-0.21525,-0.71705,-0.30461,-0.19193,-0.2232,0.44096,-0.17426,-0.23907,-0.24428,-0.59064,-0.66601,0.54659,0.9837,-0.2726,-0.10657,-0.30851,1.17042,0.14824,-0.35463,0.79787,-1.46772,0.2372,0.84579,-0.26272,-0.74525,-0.202,-1.36951,-0.27646,-0.15406,1.13634,0
negative282,-0.12453,-0.19626,-0.21715,-0.16513,-0.0915,-0.10818,-0.14012,-0.12467,-0.21439,-0.18816,-0.24143,-0.13765,-0.20814,-0.20684,-0.68451,1.35935,-1.17097,-0.92396,-0.86983,0.27327,-0.22045,-0.24832,-0.05166,1.42365,-0.79504,-0.22454,-0.9666,-0.1838,-0.17764,-0.21124,0.22407,-0.24955,0.38553,-0.19169,-0.05628,-0.11703,-0.75649,-0.37589,-0.02932,-0.28071,-0.21525,0.9848,-0.30461,-0.19193,-0.2232,-0.20262,0.14542,-0.23907,-0.24428,1.29008,0.18147,0.08257,-1.20004,-0.2726,-0.10657,0.24786,-0.2531,-0.69455,0.80661,-0.20995,-0.50879,0.52376,1.54619,-0.26272,1.25721,-0.202,0.73019,-0.27646,-0.15406,-1.30852,0
negative283,-0.12453,-0.19626,-0.21715,-0.16513,-0.0915,-0.10818,-0.14012,-0.12467,-0.21439,-0.18816,-0.24143,-0.13765,-0.20814,-0.20684,0.35516,-0.51986,0.46361,0.52767,0.92081,-1.07738,4.44426,-0.24832,-0.91591,0.32768,-0.79504,-0.22454,0.27062,-0.1838,-0.17764,-0.21124,2.31317,-0.24955,-0.16218,-0.19169,-0.05628,-0.11703,-0.75649,-1.44303,-0.40137,-0.28071,-0.21525,0.64479,-0.30461,-0.19193,-0.2232,-1.14382,0.28934,4.68535,-0.24428,1.29008,-1.0805,-0.45257,-0.91242,-0.2726,-0.10657,-0.21965,2.19927,-0.18887,-0.93526,-0.2236,1.33581,-1.71425,-0.56374,-0.26272,0.85672,-0.202,0.73019,-0.27646,-0.15406,0.03999,0
negative284,-0.14425,-0.20744,-0.22883,-0.18011,-0.11946,-0.13001,-0.14945,-0.13489,-0.24827,-0.19886,-0.27295,-0.17397,-0.26697,-0.24643,0.875,-0.51986,-0.70395,-0.92396,-0.35822,-0.85228,3.74897,-0.26769,0.58827,-0.77606,-0.79504,-0.22454,0.234,-0.1838,-0.19234,-0.27867,0.35207,-0.29244,0.52246,-0.19169,-0.29705,-0.13857,1.42015,-0.28696,0.24972,-0.28071,-0.21525,2.22741,-0.30461,-0.21571,-0.2232,-0.49043,-0.73092,-0.23907,-0.24428,0.66317,1.42968,0.30285,0.66328,-0.28176,-0.10657,1.47123,-0.42963,1.20174,-0.2324,-0.0516,-0.16558,-0.49283,-0.23827,-0.31883,-0.84538,-0.202,0.73019,-0.35722,-0.18643,-0.60639,0
negative285,-0.12453,-0.19626,-0.21715,-0.16513,-0.0915,-0.10818,-0.14012,-0.12467,-0.21439,-0.18816,-0.24143,-0.13765,-0.20814,-0.20684,-1.72418,-0.51986,-1.40448,-0.92396,-1.12564,3.4248,-0.22045,-0.24832,0.04394,0.68879,-0.79504,-0.22454,-0.9666,-0.1838,-0.17764,-0.21124,0.57825,-0.24955,-2.35302,-0.19169,5.72213,-0.11703,-0.75649,1.75839,1.45891,-0.28071,-0.21525,-1.64221,-0.30461,-0.19193,-0.2232,0.05959,-2.81602,-0.23907,-0.24428,-0.59064,2.85898,4.98863,0.95085,-0.2726,-0.10657,-1.22316,0.33631,0.19038,1.96786,-3.86136,1.2411,0.85423,0.4841,-0.26272,-0.74525,-0.202,0.73019,-0.27646,-0.15406,-0.06786,0
negative286,-0.12453,-0.19626,-0.21715,-0.16513,-0.0915,-0.10818,-0.14012,-0.12467,-0.21439,-0.18816,-0.24143,-0.13765,-0.20814,-0.20684,1.91467,-0.51986,0.23009,-0.92396,0.665,-1.5276,-0.22045,-0.24832,2.09866,-1.07116,0.80672,-0.22454,1.47985,-0.1838,-0.17764,-0.21124,0.48956,-0.24955,0.93324,-0.19169,-1.01935,-0.11703,-0.75649,-1.08732,-0.77343,-0.28071,-0.21525,0.235,-0.30461,-0.19193,-0.2232,-2.55749,0.86302,-0.23907,-0.24428,1.29008,-2.03221,-1.4024,-0.77691,-0.2726,-0.10657,-1.09104,-0.28847,-0.94739,0.22599,1.21104,0.12136,-1.0914,-1.21471,-0.26272,-0.74525,-0.202,0.73019,3.33793,-0.15406,0.26758,0
negative287,-0.12453,-0.19626,-0.21715,-0.16513,-0.0915,-0.10818,-0.14012,-0.12467,3.19751,-0.18816,-0.24143,-0.13765,-0.20814,-0.20684,-0.16467,-0.51986,1.16414,0.44554,1.68823,0.27327,-0.22045,-0.24832,-0.07609,0.09252,0.00584,-0.22454,0.32205,-0.1838,-0.17764,-0.21124,-0.70551,-0.24955,0.38553,-0.19169,0.90678,-0.11703,-0.75649,0.69125,-0.40137,-0.28071,-0.21525,-0.11415,-0.30461,-0.19193,-0.2232,-0.90901,0.5667,-0.23907,-0.24428,-0.59064,0.43962,0.62683,-0.38165,-0.2726,-0.10657,0.68411,0.01398,-0.23101,0.22599,-0.72721,-0.64527,-0.55158,-1.43757,-0.26272,0.45622,-0.202,-1.36951,-0.27646,-0.15406,0.48659,0
negative288,-0.12453,-0.19626,-0.21715,-0.16513,-0.0915,-0.10818,-0.14012,-0.12467,-0.21439,-0.18816,-0.24143,-0.13765,-0.20814,3.77947,-0.16467,-0.51986,2.09818,-0.92396,2.71145,-0.62717,-0.22045,-0.24832,-0.61356,-2.23245,-0.79504,-0.22454,-0.9666,-0.1838,-0.17764,-0.21124,1.1701,-0.24955,-1.2576,-0.19169,0.90678,-0.11703,-0.75649,-0.37589,-0.40137,4.20706,-0.21525,1.5455,-0.30461,-0.19193,-0.2232,1.59519,0.18028,-0.23907,-0.24428,-0.59064,-2.27223,-0.59058,-0.87524,-0.2726,-0.10657,0.07966,-0.80324,-0.86311,1.96786,-0.62621,1.98943,1.02358,0.57475,-0.26272,0.45622,-0.202,-1.36951,-0.27646,-0.15406,1.57346,0
negative289,-0.14425,-0.20744,-0.22883,-0.18011,-0.11946,-0.13001,-0.14945,-0.13489,2.68049,-0.19886,-0.27295,-0.17397,-0.26697,-0.24643,0.875,-0.51986,0.34685,0.97528,-0.93378,-0.85228,-0.25519,-0.26769,-0.11568,1.32993,0.36179,-0.22454,-0.42513,-0.1838,-0.19234,-0.27867,0.46077,-0.29244,-0.70989,-0.19169,0.42525,-0.13857,-0.75649,-0.28696,-0.5874,-0.28071,-0.21525,0.51538,-0.30461,-0.21571,-0.2232,-0.20842,0.90259,-0.23907,-0.24428,-0.59064,-0.56822,-0.38112,-0.29009,-0.28176,-0.10657,0.01423,1.37141,1.03318,1.05109,0.12449,-1.42669,-0.42812,1.69934,-0.31883,-0.24464,-0.202,0.73019,-0.35722,2.61212,1.03461,0
negative290,-0.12453,-0.19626,-0.21715,-0.16513,-0.0915,-0.10818,-0.14012,-0.12467,-0.21439,-0.18816,-0.24143,-0.13765,-0.20814,-0.20684,0.35516,-0.51986,1.16414,0.85619,0.665,-0.62717,-0.22045,-0.24832,0.40857,-1.80946,0.80672,-0.22454,-0.2785,-0.1838,-0.17764,-0.21124,0.17963,-0.24955,-0.16218,-0.19169,-0.05628,-0.11703,0.34224,-0.37589,-0.02932,-0.28071,-0.21525,0.35841,-0.30461,-0.19193,-0.2232,0.46161,-1.05092,-0.23907,-0.24428,-0.59064,1.25403,-0.5117,0.91224,-0.2726,-0.10657,1.39995,-0.89154,-0.48385,0.80661,-1.30191,0.27863,-1.46601,-0.4881,-0.26272,-0.74525,-0.202,-1.36951,-0.27646,-0.15406,0.06331,0
negative291,-0.14425,-0.20744,-0.22883,-0.18011,-0.11946,-0.13001,-0.14945,-0.13489,-0.24827,-0.19886,-0.27295,-0.17397,-0.26697,-0.24643,3.99402,-0.51986,-0.87908,-0.21149,-0.55007,-1.86527,-0.25519,-0.26769,1.02776,-0.45862,4.41067,-0.22454,-0.26255,-0.1838,-0.19234,-0.27867,0.63376,-0.29244,-1.53146,-0.19169,-1.01935,-0.13857,-0.75649,1.31375,-0.5874,-0.28071,-0.21525,-1.49965,-0.30461,-0.21571,-0.2232,-0.36862,1.77175,-0.23907,-0.24428,-0.59064,-1.82928,1.72661,-0.48641,-0.28176,-0.10657,-0.37219,-1.33474,0.19038,-1.08805,-0.48594,1.32611,1.13645,1.58215,-0.31883,0.05573,-0.202,-1.36951,-0.35722,8.20922,0.06744,0
negative292,-0.12453,-0.19626,4.48779,-0.16513,-0.0915,-0.10818,-0.14012,8.10183,-0.21439,-0.18816,-0.24143,-0.13765,-0.20814,-0.20684,-1.72418,1.04033,0.23009,-0.92396,0.665,2.07414,-0.22045,-0.24832,-0.79923,-0.38182,0.00584,-0.22454,-0.34099,-0.1838,-0.17764,-0.21124,1.39701,-0.24955,0.38553,-0.19169,0.90678,-0.11703,-0.75649,-0.37589,0.71479,-0.28071,-0.21525,-1.4843,-0.30461,-0.19193,-0.2232,0.07063,-0.31922,-0.23907,-0.24428,-0.59064,-0.84187,0.6205,-0.54437,-0.2726,-0.10657,1.64254,1.35036,-0.14673,-0.35463,1.23062,1.21165,-0.89537,0.33014,-0.26272,-0.74525,-0.202,0.73019,-0.27646,-0.15406,-0.92525,0
negative293,-0.12453,-0.19626,-0.21715,-0.16513,-0.0915,-0.10818,-0.14012,-0.12467,-0.21439,-0.18816,-0.24143,-0.13765,-0.20814,-0.20684,-0.16467,-0.51986,-1.17097,-0.92396,-0.86983,0.27327,-0.22045,-0.24832,1.28198,1.42302,0.00584,-0.22454,1.32768,-0.1838,-0.17764,4.31533,-1.20189,-0.24955,-0.16218,-0.19169,-1.01935,-0.11703,-0.75649,0.69125,-0.02932,-0.28071,-0.21525,0.54771,3.20408,-0.19193,-0.2232,0.66594,0.92208,-0.23907,-0.24428,1.29008,1.70921,0.21985,-1.28332,-0.2726,-0.10657,0.40977,-1.3667,-0.94739,0.22599,-0.83924,-1.13297,0.28029,-1.15001,-0.26272,4.06066,-0.202,0.73019,-0.27646,-0.15406,-1.70381,0
negative294,7.81828,-0.19626,-0.21715,-0.16513,-0.0915,-0.10818,-0.14012,-0.12467,-0.21439,-0.18816,-0.24143,-0.13765,-0.20814,-0.20684,1.91467,-0.51986,1.39765,0.66319,1.94403,-1.07738,-0.22045,-0.24832,1.88162,-0.87158,-0.79504,-0.22454,-0.23048,-0.1838,-0.17764,-0.21124,0.22268,-0.24955,-0.70989,-0.19169,-1.01935,-0.11703,-0.75649,0.69125,-0.77343,-0.28071,-0.21525,1.2582,-0.30461,-0.19193,-0.2232,1.13422,0.58531,-0.23907,-0.24428,-0.59064,-1.25909,0.27811,-1.43457,-0.2726,-0.10657,-0.56657,-0.18099,-1.32664,1.38724,-0.6622,0.18655,0.34934,-1.48904,3.50456,-0.74525,-0.202,-1.36951,-0.27646,-0.15406,0.3426,0
negative295,-0.12453,-0.19626,-0.21715,-0.16513,-0.0915,-0.10818,-0.14012,-0.12467,-0.21439,-0.18816,-0.24143,-0.13765,-0.20814,-0.20684,0.35516,2.03514,-0.70395,0.4168,-0.35822,-0.17695,-0.22045,-0.24832,0.53514,0.97164,-0.79504,-0.22454,1.08225,-0.1838,-0.17764,-0.21124,-1.31229,-0.24955,0.93324,-0.19169,-1.01935,-0.11703,-0.75649,-0.37589,-0.77343,-0.28071,5.1565,0.61242,-0.30461,-0.19193,-0.2232,-0.66032,0.05855,-0.23907,-0.24428,1.29008,-2.55924,0.60956,-0.32987,-0.2726,-0.10657,-0.62442,-0.9926,-0.86311,-0.93526,-0.2314,-0.77153,-0.72461,-1.37161,3.50456,-0.34476,-0.202,0.73019,-0.27646,-0.15406,-1.58999,0
negative296,-0.12453,-0.19626,-0.21715,-0.16513,-0.0915,-0.10818,-0.14012,-0.12467,-0.21439,-0.18816,-0.24143,-0.13765,-0.20814,-0.20684,-1.20435,-0.51986,0.93063,0.66319,1.17662,-0.17695,-0.22045,-0.24832,-0.11485,-0.72529,0.00584,4.6674,0.46299,-0.1838,-0.17764,-0.21124,1.25698,-0.24955,-0.16218,-0.19169,0.90678,-0.11703,-0.75649,-1.08732,-0.02932,-0.28071,-0.21525,-0.28885,-0.30461,-0.19193,-0.2232,-0.23306,0.2719,-0.23907,-0.24428,1.29008,-1.00293,0.57439,-0.50176,-0.2726,-0.10657,-0.65706,-1.23866,0.3168,-1.51588,1.35449,0.4687,-1.19673,-0.85379,-0.26272,-0.34476,-0.202,0.73019,-0.27646,-0.15406,-1.70381,0
negative297,-0.14425,-0.20744,-0.22883,-0.18011,-0.11946,-0.13001,-0.14945,-0.13489,-0.24827,-0.19886,-0.27295,-0.17397,-0.26697,-0.24643,0.875,-0.51986,-1.05421,0.3203,-0.74193,-0.17695,-0.25519,-0.26769,-1.38345,0.63756,0.36179,-0.22454,0.05807,-0.1838,4.89079,-0.27867,0.47266,-0.29244,-0.70989,-0.19169,-1.01935,-0.13857,2.63927,-0.28696,-0.30836,-0.28071,5.1565,-0.35308,-0.30461,-0.21571,-0.2232,-1.27001,-0.93197,-0.23907,-0.24428,-0.59064,1.28407,-1.44854,1.7295,-0.28176,-0.10657,-0.607,0.22443,1.24388,0.62326,-0.48144,0.34106,0.61638,-0.6471,-0.31883,-0.84538,-0.202,-1.36951,-0.35722,-0.18643,1.56319,0
negative298,-0.12453,-0.19626,-0.21715,-0.16513,-0.0915,-0.10818,-0.14012,-0.12467,6.60941,-0.18816,-0.24143,-0.13765,-0.20814,-0.20684,3.47418,-0.51986,-1.40448,-0.92396,-1.12564,-1.5276,-0.22045,-0.24832,1.40672,-0.61984,0.80672,-0.22454,-0.0399,-0.1838,-0.17764,-0.21124,0.70455,-0.24955,-1.2576,-0.19169,-0.05628,-0.11703,-0.75649,-0.02018,-0.77343,-0.28071,-0.21525,2.72377,-0.30461,-0.19193,-0.2232,2.948,-0.32815,-0.23907,-0.24428,-0.59064,-1.1952,0.54583,-0.8501,-0.2726,-0.10657,-1.55051,-0.78762,-1.57948,3.12911,-1.55094,0.24341,0.31771,0.19733,3.50456,2.45869,-0.202,0.73019,-0.27646,3.10616,0.53797,0
negative299,-0.12453,-0.19626,-0.21715,-0.16513,-0.0915,-0.10818,-0.14012,-0.12467,-0.21439,-0.18816,3.99133,-0.13765,-0.20814,-0.20684,-0.68451,-0.51986,-0.23693,0.85619,0.15339,1.17371,4.44426,-0.24832,0.83118,1.23718,-0.79504,-0.22454,0.56048,-0.1838,-0.17764,-0.21124,0.88062,-0.24955,-0.16218,-0.19169,-1.01935,-0.11703,-0.75649,-0.02018,0.34274,-0.28071,-0.21525,-0.3971,-0.30461,-0.19193,-0.2232,0.31131,1.07107,2.22314,-0.24428,1.29008,1.54056,0.36216,-1.18926,-0.2726,-0.10657,0.99076,0.88258,-0.86311,0.80661,-0.12439,1.05011,-0.04375,-0.33845,-0.26272,-0.74525,-0.202,0.73019,-0.27646,-0.15406,-0.32482,0
negative300,-0.12453,-0.19626,-0.21715,-0.16513,-0.0915,-0.10818,-0.14012,-0.12467,-0.21439,-0.18816,-0.24143,-0.13765,-0.20814,-0.20684,-0.68451,0.89868,-1.40448,1.10258,-1.12564,1.62393,-0.22045,3.65197,-0.59554,-0.01932,-0.79504,-0.22454,0.17086,-0.1838,-0.17764,-0.21124,1.40426,-0.24955,0.38553,-0.19169,-0.05628,-0.11703,0.30118,-1.08732,-0.02932,-0.28071,-0.21525,-0.98703,-0.30461,-0.19193,-0.2232,0.13007,0.10108,-0.23907,-0.24428,-0.59064,-0.79132,-1.19169,0.03284,-0.2726,-0.10657,-0.14796,0.9421,-0.31529,-0.93526,-0.30204,1.09943,-0.60002,0.03314,-0.26272,-0.74525,-0.202,0.73019,-0.27646,-0.15406,0.16958,0
negative301,-0.12453,-0.19626,-0.21715,-0.16513,-0.0915,-0.10818,-0.14012,-0.12467,-0.21439,-0.18816,-0.24143,-0.13765,-0.20814,-0.20684,0.875,2.94471,-0.93746,0.08828,-0.61402,0.27327,-0.22045,-0.24832,0.38152,1.00138,0.80672,-0.22454,-0.27199,-0.1838,-0.17764,4.31533,0.87209,-0.24955,0.38553,-0.19169,-0.05628,-0.11703,-0.75649,-0.02018,-0.02932,-0.28071,-0.21525,-1.17961,-0.30461,-0.19193,-0.2232,-0.98312,-0.14341,-0.23907,-0.24428,-0.59064,0.71822,0.95193,-0.20772,-0.2726,-0.10657,-0.35845,-0.50992,-0.73669,-0.93526,-0.50923,-0.50171,-0.05832,-1.34893,-0.26272,-0.74525,-0.202,-1.36951,-0.27646,-0.15406,0.36647,0
negative302,-0.12453,-0.19626,-0.21715,-0.16513,-0.0915,-0.10818,-0.14012,-0.12467,-0.21439,-0.18816,-0.24143,-0.13765,-0.20814,-0.20684,1.39484,3.16916,1.39765,0.08828,0.665,-0.62717,-0.22045,-0.24832,1.02492,0.78448,0.80672,-0.22454,-0.9666,-0.1838,-0.17764,4.31533,-0.2023,-0.24955,-0.16218,-0.19169,-1.01935,-0.11703,-0.75649,-0.7316,-0.77343,-0.28071,-0.21525,-0.40332,-0.30461,-0.19193,-0.2232,-1.02962,0.15971,-0.23907,-0.24428,-0.59064,1.46617,1.02377,-0.61641,-0.2726,-0.10657,0.86731,-0.68646,-1.03167,-0.93526,0.58648,0.17173,-0.93653,-0.80045,-0.26272,0.85672,-0.202,-1.36951,-0.27646,-0.15406,-0.72767,0
negative303,-0.12453,-0.19626,-0.21715,-0.16513,-0.0915,-0.10818,-0.14012,-0.12467,-0.21439,-0.18816,-0.24143,-0.13765,-0.20814,-0.20684,-0.16467,-0.51986,-1.40448,-0.92396,-1.12564,0.72349,-0.22045,-0.24832,-0.09508,-0.36632,-0.79504,-0.22454,0.40652,-0.1838,-0.17764,-0.21124,-0.51173,-0.24955,-0.70989,-0.19169,0.90678,-0.11703,-0.75649,-0.37589,-0.77343,1.96317,-0.21525,0.17354,-0.30461,-0.19193,-0.2232,-1.57864,0.2883,-0.23907,-0.24428,-0.59064,-1.1899,-0.94996,-0.33246,-0.2726,-0.10657,0.49452,0.11675,-0.61027,1.96786,-0.90538,-0.33027,-0.19389,-3.14332,3.50456,0.05573,-0.202,0.73019,-0.27646,-0.15406,1.66467,0
negative304,-0.12453,-0.19626,-0.21715,-0.16513,-0.0915,-0.10818,-0.14012,-0.12467,-0.21439,-0.18816,-0.24143,-0.13765,2.42466,-0.20684,0.35516,-0.51986,0.46361,0.52767,0.92081,-0.17695,-0.22045,-0.24832,-1.32505,-1.36012,0.00584,-0.22454,-0.39258,-0.1838,-0.17764,-0.21124,-0.83006,-0.24955,-0.70989,-0.19169,2.83292,-0.11703,-0.75649,-0.37589,-0.40137,-0.28071,-0.21525,0.11788,-0.30461,-0.19193,4.27512,-0.34506,-0.47175,-0.23907,-0.24428,-0.59064,-0.13759,0.54007,0.31995,-0.2726,-0.10657,0.56697,-0.29937,-0.02031,-0.35463,-0.99034,0.58793,0.02776,1.11887,-0.26272,0.05573,-0.202,0.73019,-0.27646,-0.15406,2.85598,0
negative305,-0.12453,4.30927,-0.21715,-0.16513,-0.0915,-0.10818,-0.14012,-0.12467,-0.21439,-0.18816,-0.24143,-0.13765,-0.20814,-0.20684,0.35516,0.94739,-0.23693,-0.92396,0.15339,1.17371,-0.22045,-0.24832,-0.20385,-1.32365,-0.79504,-0.22454,0.20992,-0.1838,-0.17764,-0.21124,0.48943,-0.24955,-0.16218,-0.19169,-0.05628,-0.11703,1.34976,-1.08732,-0.02932,-0.28071,-0.21525,-0.48657,-0.30461,-0.19193,-0.2232,-1.6343,-1.0501,-0.23907,-0.24428,-0.59064,1.43324,1.00191,1.20586,-0.2726,-0.10657,-0.40317,0.23315,-0.31529,0.22599,0.46943,0.19934,0.12806,-0.34247,-0.26272,-0.74525,-0.202,0.73019,-0.27646,-0.15406,0.70711,0
negative306,-0.12453,-0.19626,4.48779,-0.16513,-0.0915,-0.10818,-0.14012,-0.12467,-0.21439,-0.18816,-0.24143,-0.13765,-0.20814,-0.20684,-0.68451,1.0103,0.46361,0.44554,-0.86983,-0.17695,-0.22045,-0.24832,-1.02156,-0.91309,-0.79504,-0.22454,-0.35304,-0.1838,-0.17764,-0.21124,0.92251,-0.24955,1.48095,-0.19169,0.90678,-0.11703,-0.75649,-0.37589,0.71479,-0.28071,-0.21525,-1.30944,-0.30461,-0.19193,-0.2232,0.55857,0.44235,4.68535,-0.24428,-0.59064,1.47771,-0.52963,-0.08035,-0.2726,-0.10657,1.22793,1.55043,0.3168,-1.51588,1.34625,1.40939,-0.18279,-0.65428,-0.26272,0.05573,-0.202,0.73019,-0.27646,-0.15406,-1.0982,0
negative307,-0.12453,-0.19626,-0.21715,-0.16513,-0.0915,-0.10818,-0.14012,-0.12467,-0.21439,-0.18816,-0.24143,-0.13765,-0.20814,-0.20684,-1.20435,-0.51986,-0.47044,-0.92396,-0.86983,-1.5276,-0.22045,-0.24832,-0.35673,-1.1356,0.00584,-0.22454,-0.9666,-0.1838,-0.17764,-0.21124,-1.40262,-0.24955,0.93324,-0.19169,0.90678,-0.11703,-0.75649,0.69125,1.08685,-0.28071,-0.21525,0.55617,-0.30461,-0.19193,-0.2232,0.79039,0.88984,-0.23907,-0.24428,-0.59064,0.19755,-1.46531,0.84183,-0.2726,-0.10657,-0.64955,-0.6499,-0.18887,-0.93526,0.61542,0.07525,0.62642,0.78834,-0.26272,0.05573,-0.202,0.73019,-0.27646,-0.15406,0.70001,0
negative308,-0.12453,-0.19626,-0.21715,-0.16513,-0.0915,-0.10818,-0.14012,-0.12467,-0.21439,-0.18816,-0.24143,-0.13765,-0.20814,-0.20684,0.875,1.17305,-0.23693,-0.92396,-0.61402,-1.07738,-0.22045,3.65197,2.09406,-2.2394,0.00584,-0.22454,-0.9666,-0.1838,-0.17764,-0.21124,2.15549,-0.24955,0.38553,-0.19169,-1.01935,-0.11703,-0.75649,1.04696,1.45891,-0.28071,-0.21525,0.28363,-0.30461,-0.19193,-0.2232,1.82396,1.23926,-0.23907,-0.24428,-0.59064,0.90647,-0.24653,-1.05541,-0.2726,-0.10657,-1.02075,0.90196,-1.11594,1.96786,1.4822,0.58852,0.56255,-0.2822,-0.26272,0.05573,-0.202,-1.36951,-0.27646,-0.15406,0.41575,0
negative309,-0.14425,-0.20744,-0.22883,-0.18011,-0.11946,-0.13001,-0.14945,-0.13489,-0.24827,-0.19886,-0.27295,-0.17397,-0.26697,-0.24643,1.26488,-0.51986,-1.40448,-0.1581,-1.12564,0.16072,-0.25519,-0.26769,-1.36297,1.51899,2.09702,-0.22454,-0.9666,-0.1838,-0.19234,-0.27867,0.78322,-0.29244,-2.35302,-0.19169,0.42525,-0.13857,2.76403,1.84731,0.80781,-0.28071,-0.21525,-0.87423,-0.30461,-0.21571,-0.2232,-0.34804,-1.2965,-0.23907,-0.24428,-0.59064,-0.19818,-1.18212,1.01165,-0.28176,-0.10657,1.53965,-0.85223,1.32815,2.33457,-2.35553,0.54242,1.27719,1.66507,-0.31883,-0.84538,-0.202,-1.36951,-0.35722,-0.18643,-0.17476,0
negative310,-0.12453,-0.19626,-0.21715,-0.16513,-0.0915,-0.10818,-0.14012,-0.12467,-0.21439,-0.18816,3.99133,-0.13765,-0.20814,-0.20684,0.875,1.13977,1.16414,0.08828,-0.61402,-0.62717,-0.22045,-0.24832,0.35487,-0.06792,0.00584,-0.22454,-0.9666,-0.1838,-0.17764,-0.21124,-0.65442,-0.24955,0.38553,5.3648,-0.05628,-0.11703,-0.75649,-0.02018,0.34274,-0.28071,-0.21525,-0.41048,-0.30461,4.59684,-0.2232,-0.00115,0.80133,-0.23907,-0.24428,-0.59064,0.88415,0.7276,-0.81019,-0.2726,-0.10657,0.28559,-1.44054,-0.65241,-1.51588,0.06885,-0.31754,0.7405,0.04585,-0.26272,-0.74525,-0.202,-1.36951,-0.27646,-0.15406,-0.91866,0
negative311,-0.12453,-0.19626,-0.21715,-0.16513,-0.0915,-0.10818,-0.14012,-0.12467,-0.21439,-0.18816,-0.24143,-0.13765,-0.20814,-0.20684,-0.16467,-0.51986,0.23009,-0.92396,0.665,0.72349,-0.22045,-0.24832,-0.3207,-1.69381,-0.79504,-0.22454,0.37429,-0.1838,-0.17764,-0.21124,0.33822,-0.24955,0.38553,-0.19169,-1.01935,-0.11703,-0.75649,-0.02018,1.08685,-0.28071,-0.21525,-0.96342,-0.30461,-0.19193,-0.2232,-0.58678,0.8998,-0.23907,-0.24428,-0.59064,1.49218,-0.27739,-1.07903,-0.2726,-0.10657,-0.17232,-0.66267,-0.52599,-0.35463,1.21292,0.57252,-0.41433,0.80396,-0.26272,-0.34476,-0.202,0.73019,-0.27646,-0.15406,-0.8471,0
negative312,-0.12453,-0.19626,-0.21715,-0.16513,-0.0915,-0.10818,-0.14012,-0.12467,-0.21439,-0.18816,-0.24143,-0.13765,-0.20814,-0.20684,0.35516,-0.51986,0.93063,0.68783,0.665,-1.07738,-0.22045,-0.24832,0.20528,1.78618,0.80672,-0.22454,-0.9666,-0.1838,-0.17764,-0.21124,0.4803,-0.24955,-0.70989,-0.19169,-0.05628,-0.11703,-0.75649,-0.37589,-0.40137,-0.28071,5.1565,0.75874,-0.30461,-0.19193,-0.2232,-0.19285,0.36526,-0.23907,-0.24428,1.29008,0.33042,0.64652,-1.06222,-0.2726,-0.10657,0.00574,0.16197,-0.69455,-0.93526,-0.02946,-0.33145,-0.71537,-1.58087,-0.26272,0.05573,-0.202,0.73019,-0.27646,-0.15406,-0.56563,0
negative313,-0.12453,-0.19626,-0.21715,-0.16513,-0.0915,-0.10818,-0.14012,-0.12467,-0.21439,-0.18816,-0.24143,-0.13765,-0.20814,-0.20684,0.35516,-0.51986,1.39765,0.49893,1.94403,0.72349,-0.22045,-0.24832,-0.28967,0.64171,-0.79504,-0.22454,0.86075,-0.1838,-0.17764,-0.21124,1.41654,-0.24955,-0.70989,-0.19169,-0.05628,-0.11703,-0.75649,-1.44303,-0.40137,-0.28071,-0.21525,0.66165,-0.30461,-0.19193,-0.2232,0.00532,0.06129,-0.23907,-0.24428,-0.59064,0.27752,-0.32719,-1.43974,3.41445,-0.10657,0.66202,0.89581,-0.48385,0.22599,-0.76771,-0.24114,-0.40661,0.317,3.50456,-0.34476,-0.202,0.73019,3.33793,-0.15406,0.61278,0
negative314,-0.13671,-0.20317,-0.22436,-0.17438,-0.10878,-0.12167,-0.14589,-0.13098,-0.23533,-0.19477,-0.26091,-0.16009,2.14473,-0.2313,-0.07803,-0.51986,-0.43152,-0.92396,-0.91246,0.1232,-0.24192,-0.26029,0.12401,0.13879,1.80782,-0.22454,-0.9666,-0.1838,-0.18672,3.85489,-0.48213,-0.27606,-0.52732,-0.19169,2.99343,-0.13034,-0.75649,2.29196,2.88512,-0.28071,-0.21525,-1.84845,-0.30461,-0.20662,-0.2232,0.53481,-0.67312,-0.23907,-0.24428,-0.59064,-1.34165,2.15952,0.71154,6.41363,-0.10657,-0.26086,1.54768,1.32815,-1.51588,-0.83358,-0.14389,-0.72563,0.56732,-0.2974,-0.47826,-0.202,0.73019,-0.32637,2.78453,0.83461,0
negative315,-0.12453,-0.19626,-0.21715,5.86665,-0.0915,-0.10818,-0.14012,-0.12467,-0.21439,-0.18816,3.99133,-0.13765,-0.20814,-0.20684,-0.16467,2.81198,-0.00342,1.10258,-0.61402,0.27327,-0.22045,-0.24832,-0.34991,0.01813,0.00584,-0.22454,-0.9666,-0.1838,-0.17764,-0.21124,-1.00189,-0.24955,0.93324,-0.19169,-1.01935,-0.11703,0.36627,-1.79874,-0.77343,-0.28071,-0.21525,-1.28552,-0.30461,-0.19193,-0.2232,0.57722,0.32149,-0.23907,-0.24428,-0.59064,-0.39985,-1.16511,-0.14772,-0.2726,-0.10657,0.6346,0.03775,-0.31529,-0.93526,1.92852,0.55422,0.92254,0.90794,-0.26272,-0.74525,-0.202,0.73019,-0.27646,-0.15406,1.91461,0
negative316,-0.12453,-0.19626,-0.21715,-0.16513,-0.0915,-0.10818,-0.14012,-0.12467,-0.21439,-0.18816,-0.24143,-0.13765,-0.20814,-0.20684,1.39484,-0.51986,-1.40448,0.17657,-1.12564,-1.97782,-0.22045,-0.24832,0.75184,0.2444,-0.79504,-0.22454,-0.26238,-0.1838,-0.17764,-0.21124,1.46346,-0.24955,-1.80531,-0.19169,-1.01935,-0.11703,-0.75649,-0.37589,-0.77343,-0.28071,-0.21525,1.29542,-0.30461,-0.19193,-0.2232,0.42447,-0.10354,-0.23907,-0.24428,1.29008,0.20644,-0.03173,-2.22535,-0.2726,-0.10657,1.10865,-0.76291,-0.94739,0.22599,-1.05686,1.13433,-1.14181,0.79457,-0.26272,-0.74525,-0.202,0.73019,3.33793,-0.15406,-1.58999,0
negative317,7.81828,-0.19626,-0.21715,-0.16513,-0.0915,-0.10818,-0.14012,-0.12467,-0.21439,-0.18816,-0.24143,-0.13765,-0.20814,-0.20684,0.35516,1.10771,-0.47044,0.4168,-0.10241,-1.5276,-0.22045,-0.24832,1.01975,0.64996,0.00584,-0.22454,-0.9666,-0.1838,-0.17764,-0.21124,-0.01426,-0.24955,0.93324,-0.19169,-0.05628,-0.11703,-0.75649,-1.79874,-0.77343,4.20706,-0.21525,-0.47769,-0.30461,-0.19193,-0.2232,-0.40896,1.71399,-0.23907,-0.24428,1.29008,1.40618,-0.79523,-0.51304,-0.2726,-0.10657,1.95449,-0.02358,-0.44171,-0.35463,1.8989,0.596,-1.0124,0.6021,-0.26272,-0.74525,-0.202,0.73019,-0.27646,-0.15406,0.98628,0
negative318,-0.12453,-0.19626,-0.21715,-0.16513,-0.0915,-0.10818,-0.14012,-0.12467,-0.21439,-0.18816,-0.24143,-0.13765,-0.20814,-0.20684,-0.16467,-0.51986,0.23009,1.40235,-0.10241,-1.07738,-0.22045,-0.24832,-0.41584,-0.9577,0.00584,-0.22454,-0.9666,-0.1838,-0.17764,-0.21124,0.79537,-0.24955,0.38553,-0.19169,-1.01935,-0.11703,1.29752,1.04696,1.08685,-0.28071,-0.21525,0.71957,-0.30461,4.59684,-0.2232,-0.36687,-1.10006,-0.23907,3.73903,-0.59064,0.68773,1.11788,2.58251,-0.2726,-0.10657,-0.7569,0.20433,-0.73669,-1.51588,-0.8175,-0.55083,-0.27277,1.05684,-0.26272,-0.74525,-0.202,0.73019,-0.27646,-0.15406,-0.36405,0
negative319,-0.12453,-0.19626,-0.21715,5.86665,-0.0915,-0.10818,-0.14012,-0.12467,-0.21439,-0.18816,-0.24143,-0.13765,-0.20814,-0.20684,-0.16467,-0.51986,0.23009,0.44554,0.665,0.72349,4.44426,-0.24832,-0.27046,-0.02892,-0.79504,-0.22454,-0.34978,-0.1838,-0.17764,-0.21124,0.73091,-0.24955,-1.2576,-0.19169,0.90678,-0.11703,0.27711,0.69125,1.08685,4.20706,-0.21525,0.17218,-0.30461,-0.19193,-0.2232,-0.18072,-1.23759,-0.23907,-0.24428,-0.59064,0.41282,-1.21588,0.25547,-0.2726,-0.10657,-1.37841,0.41399,-0.39957,0.80661,-1.03053,0.71327,0.26591,0.21616,-0.26272,-0.74525,-0.202,0.73019,-0.27646,-0.15406,1.20516,0
negative320,-0.12453,-0.19626,-0.21715,-0.16513,-0.0915,-0.10818,-0.14012,-0.12467,-0.21439,-0.18816,-0.24143,-0.13765,-0.20814,-0.20684,-1.20435,-0.51986,1.39765,-0.92396,1.43242,-0.17695,-0.22045,-0.24832,-0.96416,1.02865,-0.79504,-0.22454,-0.34571,-0.1838,-0.17764,-0.21124,0.60352,-0.24955,-0.16218,-0.19169,-0.05628,-0.11703,0.28486,-1.44303,-0.77343,-0.28071,-0.21525,-0.07487,-0.30461,-0.19193,-0.2232,0.09215,-0.41535,-0.23907,-0.24428,-0.59064,-0.43598,-2.27012,1.01312,-0.2726,-0.10657,-2.09606,1.87526,-0.18887,-0.35463,0.85373,-1.30454,-1.22641,-1.27283,-0.26272,-0.34476,-0.202,0.73019,-0.27646,-0.15406,-0.6059,0
negative321,-0.12453,-0.19626,-0.21715,-0.16513,-0.0915,-0.10818,7.38216,-0.12467,-0.21439,-0.18816,-0.24143,-0.13765,-0.20814,-0.20684,-1.72418,1.08254,-0.47044,-0.92396,-0.10241,2.07414,-0.22045,-0.24832,-1.06657,-1.65274,-0.79504,-0.22454,0.96084,-0.1838,-0.17764,-0.21124,0.37323,-0.24955,1.48095,-0.19169,-0.05628,-0.11703,0.29861,-1.44303,-0.40137,-0.28071,-0.21525,-0.61464,-0.30461,-0.19193,-0.2232,0.48674,-0.0838,-0.23907,-0.24428,-0.59064,-1.24934,0.61923,-0.009,-0.2726,10.10316,0.89118,-0.03483,0.06397,0.22599,0.0357,-1.43171,0.98581,-0.49293,-0.26272,0.05573,-0.202,0.73019,-0.27646,-0.15406,0.52367,0
negative322,-0.12453,8.8148,-0.21715,-0.16513,-0.0915,-0.10818,-0.14012,-0.12467,-0.21439,-0.18816,-0.24143,-0.13765,-0.20814,-0.20684,-0.16467,0.93846,0.93063,-0.92396,1.43242,0.72349,-0.22045,3.65197,0.54173,0.05103,-0.79504,-0.22454,0.20308,-0.1838,-0.17764,-0.21124,0.90359,-0.24955,0.93324,-0.19169,-1.01935,-0.11703,0.32613,2.1141,3.31919,-0.28071,-0.21525,-1.40351,-0.30461,-0.19193,-0.2232,0.19422,0.87261,4.68535,-0.24428,-0.59064,1.30201,0.99007,0.47417,-0.2726,-0.10657,0.23543,1.46646,-0.27315,-0.93526,2.3339,1.22713,-2.31857,0.29262,-0.26272,-0.74525,-0.202,-1.36951,-0.27646,-0.15406,-0.92525,0
negative323,-0.12453,-0.19626,-0.21715,-0.16513,-0.0915,-0.10818,-0.14012,-0.12467,-0.21439,-0.18816,-0.24143,-0.13765,-0.20814,-0.20684,0.35516,1.11582,-0.47044,0.32235,-0.10241,0.72349,-0.22045,-0.24832,-0.78911,-1.78048,0.00584,-0.22454,-0.31072,-0.1838,-0.17764,-0.21124,0.48157,-0.24955,-0.16218,5.3648,0.90678,-0.11703,-0.75649,0.69125,-0.40137,-0.28071,-0.21525,-0.92356,-0.30461,-0.19193,-0.2232,0.20054,0.05273,-0.23907,-0.24428,-0.59064,1.05627,-0.27831,-0.41982,-0.2726,-0.10657,-0.52103,-0.08382,-0.31529,0.22599,-0.69797,-0.45737,0.7302,0.33239,-0.26272,0.05573,-0.202,0.73019,-0.27646,-0.15406,0.43528,0
negative324,-0.12453,-0.19626,-0.21715,-0.16513,-0.0915,-0.10818,-0.14012,-0.12467,-0.21439,-0.18816,-0.24143,-0.13765,-0.20814,-0.20684,-1.20435,-0.51986,-1.40448,-0.92396,-1.12564,1.17371,-0.22045,-0.24832,-0.44312,-0.81499,-0.79504,-0.22454,0.18746,-0.1838,-0.17764,-0.21124,-0.23845,-0.24955,-1.2576,-0.19169,1.86985,-0.11703,-0.75649,-0.02018,-0.77343,1.96317,-0.21525,-0.40621,-0.30461,-0.19193,-0.2232,-0.57167,-0.45252,-0.23907,-0.24428,1.29008,1.11928,0.43742,-0.35809,-0.2726,-0.10657,1.5354,0.96268,-0.31529,-0.35463,-1.07913,0.93941,0.37226,-0.00314,-0.26272,-0.34476,-0.202,0.73019,-0.27646,-0.15406,0.81036,0
negative325,-0.12453,-0.19626,-0.21715,-0.16513,-0.0915,-0.10818,-0.14012,-0.12467,-0.21439,-0.18816,-0.24143,-0.13765,-0.20814,-0.20684,-0.68451,-0.51986,-0.70395,-0.92396,-0.35822,0.27327,-0.22045,-0.24832,0.05547,0.18319,-0.79504,-0.22454,0.42833,-0.1838,-0.17764,-0.21124,-0.68659,-0.24955,0.93324,-0.19169,-1.01935,-0.11703,-0.75649,1.04696,0.71479,-0.28071,-0.21525,-0.88824,-0.30461,-0.19193,-0.2232,0.20108,1.86056,4.68535,-0.24428,-0.59064,0.08255,-0.1892,-0.88058,-0.2726,-0.10657,-1.51325,1.7501,-0.52599,-0.93526,0.85838,0.39596,-0.98227,-0.96018,-0.26272,-0.74525,-0.202,-1.36951,-0.27646,-0.15406,1.39478,0
negative326,-0.12453,-0.19626,-0.21715,-0.16513,-0.0915,-0.10818,-0.14012,-0.12467,3.19751,-0.18816,-0.24143,-0.13765,-0.20814,-0.20684,-1.20435,1.13571,-0.23693,-0.92396,-0.61402,0.72349,-0.22045,-0.24832,-0.74734,-0.79754,0.00584,-0.22454,-0.9666,-0.1838,-0.17764,-0.21124,-1.71557,-0.24955,0.38553,-0.19169,-0.05628,-0.11703,0.30657,1.04696,1.08685,-0.28071,-0.21525,-0.04115,-0.30461,-0.19193,-0.2232,0.73559,-0.52462,-0.23907,-0.24428,1.29008,-0.92709,-0.07973,-0.01998,-0.2726,-0.10657,-1.20623,1.59588,-0.23101,1.96786,0.09824,-0.74982,0.41323,-1.34346,-0.26272,0.05573,-0.202,0.73019,-0.27646,-0.15406,-0.32482,0
negative327,-0.12453,-0.19626,-0.21715,-0.16513,-0.0915,-0.10818,-0.14012,-0.12467,-0.21439,-0.18816,-0.24143,-0.13765,-0.20814,-0.20684,-0.16467,-0.51986,1.86467,-0.92396,2.45565,0.27327,-0.22045,-0.24832,-0.17453,1.52955,0.00584,-0.22454,1.23849,-0.1838,-0.17764,-0.21124,0.47504,-0.24955,-0.16218,-0.19169,-0.05628,-0.11703,-0.75649,-0.02018,-0.77343,-0.28071,-0.21525,-1.01128,-0.30461,-0.19193,-0.2232,0.43853,0.63557,-0.23907,-0.24428,1.29008,1.48758,-1.05385,-0.70873,-0.2726,-0.10657,-0.12191,-1.59428,-0.31529,-0.93526,0.15328,1.12213,-1.13484,0.67711,-0.26272,0.05573,-0.202,0.73019,-0.27646,-0.15406,0.81036,0
negative328,-0.12453,-0.19626,-0.21715,-0.16513,-0.0915,-0.10818,-0.14012,-0.12467,-0.21439,-0.18816,-0.24143,-0.13765,-0.20814,-0.20684,-2.24402,1.75752,1.16414,-0.92396,1.68823,1.17371,-0.22045,-0.24832,0.68353,1.04494,0.00584,-0.22454,0.85978,-0.1838,-0.17764,-0.21124,-0.04038,-0.24955,1.48095,-0.19169,-1.01935,-0.11703,-0.75649,0.33553,-0.40137,-0.28071,-0.21525,0.31775,-0.30461,-0.19193,-0.2232,0.83823,1.44033,-0.23907,-0.24428,1.29008,1.6128,-0.40206,-1.55396,-0.2726,-0.10657,1.27405,-1.18143,-0.39957,-0.93526,0.79127,-1.0464,1.27021,0.11764,-0.26272,0.85672,-0.202,0.73019,-0.27646,-0.15406,-1.58999,0
negative329,-0.12453,-0.19626,-0.21715,-0.16513,-0.0915,-0.10818,-0.14012,-0.12467,-0.21439,-0.18816,-0.24143,-0.13765,-0.20814,-0.20684,0.35516,4.77602,0.46361,1.40235,-0.61402,-0.17695,-0.22045,-0.24832,0.17886,-1.63783,0.00584,-0.22454,-0.9666,-0.1838,-0.17764,-0.21124,-1.71738,-0.24955,0.93324,-0.19169,-1.01935,-0.11703,0.31707,-0.02018,0.71479,-0.28071,-0.21525,-0.44402,-0.30461,-0.19193,-0.2232,-0.29785,-0.48581,-0.23907,-0.24428,-0.59064,0.4386,0.31385,-0.5498,-0.2726,-0.10657,2.07167,0.74135,-0.48385,1.38724,1.62572,-2.20083,0.04779,0.50847,-0.26272,0.45622,-0.202,-1.36951,-0.27646,-0.15406,-0.56563,0
negative330,-0.12453,-0.19626,-0.21715,-0.16513,-0.0915,-0.10818,-0.14012,-0.12467,-0.21439,-0.18816,-0.24143,-0.13765,-0.20814,-0.20684,0.875,-0.51986,-1.40448,0.08828,-1.12564,-0.62717,-0.22045,3.65197,2.03444,-0.40956,0.00584,-0.22454,-0.34539,-0.1838,-0.17764,-0.21124,2.29999,-0.24955,-0.70989,-0.19169,-1.01935,-0.11703,0.42708,1.04696,2.20302,-0.28071,-0.21525,-0.2711,-0.30461,-0.19193,-0.2232,-0.20896,1.19582,-0.23907,-0.24428,-0.59064,1.73726,-0.51917,-0.29973,-0.2726,-0.10657,-0.4739,-0.96429,-0.73669,-0.35463,0.61872,2.26856,1.62001,-1.39955,-0.26272,-0.74525,-0.202,0.73019,-0.27646,-0.15406,0.74219,0
negative331,-0.12453,-0.19626,-0.21715,-0.16513,-0.0915,-0.10818,-0.14012,-0.12467,-0.21439,-0.18816,-0.24143,-0.13765,-0.20814,-0.20684,-0.16467,-0.51986,0.69712,0.85619,0.4092,-0.17695,-0.22045,-0.24832,-0.40356,-1.65168,0.00584,-0.22454,-0.9666,-0.1838,-0.17764,-0.21124,1.41237,-0.24955,-0.70989,-0.19169,-1.01935,-0.11703,1.25446,1.40267,-0.02932,-0.28071,-0.21525,1.82132,-0.30461,-0.19193,-0.2232,2.69088,-1.1731,-0.23907,-0.24428,1.29008,-0.5504,-2.22822,1.21826,-0.2726,-0.10657,1.72715,-0.3785,-0.73669,0.80661,-0.58271,1.21749,-0.39262,2.65413,-0.26272,-0.74525,-0.202,-1.36951,-0.27646,-0.15406,-0.63234,0
negative332,-0.14425,-0.20744,-0.22883,4.99754,-0.11946,-0.13001,-0.14945,-0.13489,-0.24827,-0.19886,-0.27295,-0.17397,-0.26697,-0.24643,-0.68451,-0.51986,-1.40448,1.1806,-1.12564,0.16072,-0.25519,-0.26769,-0.97989,-0.21918,-0.79504,-0.22454,0.19315,-0.1838,-0.19234,-0.27867,-0.81599,-0.29244,0.52246,-0.19169,-0.29705,-0.13857,1.43215,-0.28696,0.52877,-0.28071,2.47062,0.65804,-0.30461,-0.21571,-0.2232,0.05282,-0.06348,-0.23907,-0.24428,-0.59064,0.55017,0.36159,0.52685,-0.28176,-0.10657,0.95665,-1.12958,1.49671,-0.2324,-0.15053,-2.10442,0.45197,-0.92383,-0.31883,1.25721,-0.202,0.73019,-0.35722,-0.18643,0.6355,0
negative333,-0.12453,-0.19626,-0.21715,-0.16513,-0.0915,-0.10818,-0.14012,-0.12467,-0.21439,-0.18816,-0.24143,-0.13765,-0.20814,-0.20684,-0.16467,-0.51986,0.23009,-0.92396,0.665,0.72349,-0.22045,-0.24832,-0.37975,-1.05612,-0.79504,-0.22454,0.35004,-0.1838,-0.17764,-0.21124,-0.51899,-0.24955,-0.16218,-0.19169,0.90678,-0.11703,-0.75649,0.69125,-0.02932,-0.28071,-0.21525,-0.10647,-0.30461,-0.19193,-0.2232,-2.36428,-0.84573,-0.23907,-0.24428,1.29008,-0.39473,0.26681,0.56108,-0.2726,-0.10657,0.62127,1.28035,-0.48385,-0.93526,-0.8007,0.56931,-2.04693,-0.16766,-0.26272,-0.74525,-0.202,0.73019,-0.27646,-0.15406,0.57941,0
negative334,-0.12453,-0.19626,-0.21715,-0.16513,-0.0915,-0.10818,-0.14012,-0.12467,-0.21439,-0.18816,-0.24143,-0.13765,-0.20814,-0.20684,1.39484,-0.51986,0.69712,0.67551,0.4092,-1.07738,-0.22045,-0.24832,-1.15625,-0.62816,0.80672,-0.22454,-0.9666,-0.1838,-0.17764,-0.21124,0.20599,-0.24955,-0.16218,5.3648,0.90678,-0.11703,0.29327,0.33553,-0.40137,-0.28071,-0.21525,1.04342,-0.30461,-0.19193,-0.2232,-0.277,-1.90246,-0.23907,3.73903,-0.59064,-0.1922,-2.07905,1.36327,-0.2726,-0.10657,-0.0214,-0.90137,-0.77883,0.80661,-1.02649,0.00704,1.30842,0.40088,-0.26272,0.05573,-0.202,0.73019,-0.27646,-0.15406,-1.41286,0
negative335,-0.12453,-0.19626,-0.21715,-0.16513,-0.0915,-0.10818,-0.14012,-0.12467,-0.21439,-0.18816,-0.24143,-0.13765,-0.20814,-0.20684,0.35516,-0.51986,0.93063,-0.92396,1.43242,-1.07738,4.44426,-0.24832,0.77765,2.15486,0.00584,-0.22454,-0.13723,5.93513,-0.17764,4.31533,0.79911,-0.24955,0.38553,-0.19169,-0.05628,-0.11703,-0.75649,-0.7316,-0.02932,-0.28071,-0.21525,-0.15824,-0.30461,-0.19193,-0.2232,-1.05191,0.16487,-0.23907,-0.24428,-0.59064,-0.56981,0.16398,-0.79208,-0.2726,-0.10657,1.65582,0.34248,-0.35743,-0.93526,0.44385,-1.25712,0.01649,0.56043,-0.26272,-0.74525,-0.202,-1.36951,-0.27646,-0.15406,0.03999,0
negative336,-0.12453,-0.19626,-0.21715,-0.16513,-0.0915,-0.10818,-0.14012,-0.12467,-0.21439,-0.18816,-0.24143,-0.13765,-0.20814,-0.20684,0.875,3.68908,-1.17097,0.85619,-0.86983,-0.17695,-0.22045,-0.24832,0.50485,-0.22268,0.80672,-0.22454,-0.12274,-0.1838,-0.17764,4.31533,-0.52909,-0.24955,0.38553,-0.19169,-0.05628,-0.11703,-0.75649,-0.02018,-0.40137,-0.28071,-0.21525,-0.58159,-0.30461,-0.19193,-0.2232,0.93335,-0.54334,-0.23907,-0.24428,3.1708,-0.1935,-0.09359,-0.12071,-0.2726,-0.10657,-0.35479,-0.60443,-0.86311,-0.93526,-0.43829,-0.5749,0.76489,-0.36854,3.50456,2.85918,-0.202,0.73019,-0.27646,-0.15406,-0.45181,0
negative337,-0.13671,-0.20317,-0.22436,-0.17438,-0.10878,-0.12167,-0.14589,-0.13098,-0.23533,-0.19477,-0.26091,-0.16009,-0.24449,-0.2313,-1.37762,-0.51986,-0.62611,-0.92396,-0.69929,1.24874,-0.24192,-0.26029,-0.47451,0.98094,-0.14432,-0.22454,0.71753,-0.1838,-0.18672,-0.25291,0.04401,3.20807,1.29838,-0.19169,2.19088,-0.13034,-0.75649,-0.37589,0.71479,-0.28071,-0.21525,-1.14096,2.5462,-0.20662,-0.2232,-0.31619,-1.12368,-0.23907,-0.24428,-0.59064,1.3074,2.10056,1.86855,-0.27826,-0.10657,0.64933,0.69694,1.11746,-0.55956,-1.12947,0.32046,0.10118,0.28039,-0.2974,0.85672,-0.202,0.73019,-0.32637,-0.17406,-0.33607,0
negative338,-0.14425,-0.20744,-0.22883,4.99754,-0.11946,-0.13001,-0.14945,-0.13489,-0.24827,-0.19886,-0.27295,-0.17397,-0.26697,-0.24643,-1.07439,-0.51986,0.34685,-0.92396,0.79291,1.51137,-0.25519,-0.26769,-1.60661,-0.16218,-0.79504,-0.22454,0.40147,-0.1838,-0.19234,-0.27867,0.38806,-0.29244,0.11168,-0.19169,0.42525,-0.13857,2.30391,-1.62089,-0.5874,-0.28071,-0.21525,-0.39739,-0.30461,-0.21571,-0.2232,0.151,-1.78727,-0.23907,-0.24428,-0.59064,-0.72281,0.9526,1.28636,2.88319,-0.10657,-0.64721,-0.72263,2.21309,0.62326,-0.47486,1.29272,-0.3674,1.24121,2.91497,-0.84538,-0.202,-1.36951,-0.35722,-0.18643,2.62896,0
negative339,-0.12453,-0.19626,-0.21715,-0.16513,-0.0915,-0.10818,-0.14012,-0.12467,-0.21439,-0.18816,-0.24143,-0.13765,-0.20814,-0.20684,-0.16467,-0.51986,-0.93746,-0.92396,-0.61402,-0.62717,-0.22045,-0.24832,0.87875,-0.77555,-0.79504,-0.22454,-0.9666,-0.1838,-0.17764,-0.21124,0.69657,-0.24955,-0.70989,-0.19169,-1.01935,-0.11703,-0.75649,-0.37589,-0.77343,-0.28071,-0.21525,0.62891,-0.30461,-0.19193,-0.2232,-0.28576,1.20199,-0.23907,-0.24428,-0.59064,-0.16011,0.5638,-1.34423,-0.2726,-0.10657,-1.63201,-0.05443,-1.11594,1.38724,0.15688,0.69956,-0.6215,-1.54783,-0.26272,1.25721,-0.202,0.73019,-0.27646,-0.15406,-0.56563,0
negative340,-0.13671,-0.20317,-0.22436,-0.17438,-0.10878,-0.12167,-0.14589,-0.13098,-0.23533,-0.19477,-0.26091,-0.16009,-0.24449,-0.2313,0.35516,-0.51986,-0.04233,0.40448,-0.91246,-1.37753,-0.24192,-0.26029,0.91236,0.35202,-0.79504,-0.22454,0.15979,-0.1838,-0.18672,-0.25291,1.2385,-0.27606,0.84196,-0.19169,-0.2168,-0.13034,-0.75649,-1.26517,-0.21535,-0.28071,-0.21525,0.00847,-0.30461,-0.20662,-0.2232,-0.54275,1.35418,-0.23907,-0.24428,-0.59064,0.44249,-0.80549,-0.39443,-0.27826,-0.10657,0.64953,0.52865,0.7382,-1.03772,1.02265,0.45656,-0.35907,0.85134,-0.2974,-0.47826,-0.202,-1.36951,-0.32637,-0.17406,-0.38414,0
negative341,-0.12453,-0.19626,-0.21715,-0.16513,-0.0915,-0.10818,-0.14012,-0.12467,-0.21439,-0.18816,-0.24143,-0.13765,-0.20814,-0.20684,0.35516,1.09918,-0.70395,-0.92396,-0.35822,-0.62717,-0.22045,-0.24832,0.75935,-0.77051,0.00584,-0.22454,-0.9666,-0.1838,-0.17764,-0.21124,0.44391,-0.24955,-0.16218,-0.19169,-0.05628,-0.11703,-0.75649,0.33553,-0.77343,-0.28071,-0.21525,-0.48586,-0.30461,-0.19193,-0.2232,-0.40185,0.96983,-0.23907,-0.24428,-0.59064,-1.04049,-0.8445,-0.54995,-0.2726,-0.10657,-1.47163,-1.67302,-0.77883,0.22599,1.73895,-0.99465,1.46376,-1.22901,-0.26272,-0.34476,-0.202,-1.36951,-0.27646,-0.15406,1.57346,0
negative342,-0.14425,-0.20744,-0.22883,-0.18011,-0.11946,-0.13001,-0.14945,-0.13489,2.68049,-0.19886,-0.27295,-0.17397,-0.26697,-0.24643,0.09525,0.94252,-0.17855,0.50304,-0.35822,-0.17695,-0.25519,-0.26769,-0.8404,0.77402,0.36179,-0.22454,-0.9666,-0.1838,-0.19234,-0.27867,-0.11664,-0.29244,-0.29911,3.82133,-1.01935,-0.13857,2.47422,-0.02018,-0.86644,-0.28071,-0.21525,0.73703,-0.30461,-0.21571,-0.2232,-0.52882,-1.5117,-0.23907,-0.24428,1.91698,0.41841,0.14473,1.35352,-0.28176,-0.10657,-0.82297,0.00245,0.99104,0.19543,-0.31593,0.28256,-0.00079,1.3719,-0.31883,0.65647,-0.202,0.73019,-0.35722,-0.18643,-1.06285,0
negative343,-0.12453,-0.19626,-0.21715,5.86665,-0.0915,-0.10818,-0.14012,-0.12467,-0.21439,-0.18816,-0.24143,-0.13765,-0.20814,-0.20684,1.39484,-0.51986,1.63116,-0.26076,2.19984,-1.07738,-0.22045,-0.24832,0.41005,0.39686,1.6076,-0.22454,-0.24904,-0.1838,-0.17764,4.31533,0.94398,-0.24955,-0.16218,-0.19169,-1.01935,-0.11703,0.40279,-1.44303,-0.40137,-0.28071,-0.21525,-0.86487,-0.30461,4.59684,-0.2232,-0.34767,0.00459,-0.23907,-0.24428,-0.59064,1.20508,0.66424,0.94967,-0.2726,-0.10657,1.69501,-0.49605,-0.73669,-0.93526,-0.33856,-0.85279,-0.02978,3.54874,-0.26272,-0.34476,-0.202,0.73019,-0.27646,-0.15406,0.63724,0
negative344,-0.14425,3.66008,-0.22883,-0.18011,-0.11946,-0.13001,-0.14945,-0.13489,-0.24827,-0.19886,-0.27295,-0.17397,-0.26697,-0.24643,-0.29463,0.686,1.22251,-0.92396,-0.74193,0.16072,-0.25519,-0.26769,0.66163,0.40381,-0.79504,-0.22454,-0.48307,-0.1838,-0.19234,-0.27867,0.0784,-0.29244,0.93324,-0.19169,-1.01935,-0.13857,1.43125,-0.82053,0.24972,-0.28071,-0.21525,-0.39482,-0.30461,-0.21571,-0.2232,-0.20556,0.44324,-0.23907,-0.24428,-0.59064,0.78548,2.21107,0.91793,-0.28176,-0.10657,-0.39316,1.01459,1.66527,-0.66023,2.45074,-0.49924,-0.74307,0.30655,-0.31883,0.65647,-0.202,0.73019,-0.35722,-0.18643,-0.64963,0
negative345,-0.12453,4.30927,-0.21715,5.86665,-0.0915,-0.10818,-0.14012,-0.12467,3.19751,-0.18816,-0.24143,-0.13765,-0.20814,-0.20684,0.875,-0.51986,0.93063,1.75961,1.43242,0.27327,-0.22045,-0.24832,1.07272,0.01249,0.00584,-0.22454,1.13124,-0.1838,-0.17764,-0.21124,0.10261,-0.24955,0.38553,-0.19169,-1.01935,-0.11703,-0.75649,-1.08732,-0.40137,-0.28071,-0.21525,0.31198,3.20408,-0.19193,-0.2232,-0.27322,0.98336,-0.23907,-0.24428,1.29008,-0.57791,-0.03472,-0.95816,-0.2726,-0.10657,1.76291,-0.1759,-0.94739,-0.35463,0.39009,0.40665,0.07998,-1.03814,-0.26272,0.45622,-0.202,-1.36951,-0.27646,-0.15406,0.88785,0
negative346,-0.12453,-0.19626,-0.21715,-0.16513,-0.0915,-0.10818,7.38216,-0.12467,3.19751,-0.18816,-0.24143,-0.13765,-0.20814,-0.20684,-0.16467,1.6804,-1.17097,0.66319,-0.86983,-0.17695,-0.22045,-0.24832,0.4537,1.01419,0.00584,-0.22454,-0.08434,-0.1838,-0.17764,-0.21124,1.2126,-0.24955,0.38553,-0.19169,-0.05628,-0.11703,-0.75649,0.33553,0.71479,-0.28071,-0.21525,0.17974,-0.30461,-0.19193,-0.2232,1.07622,0.1027,-0.23907,-0.24428,-0.59064,-0.67222,-0.92015,-0.14067,-0.2726,-0.10657,-0.15027,0.26195,-0.61027,0.80661,-0.61496,0.66113,0.42914,0.34929,-0.26272,4.86164,-0.202,0.73019,-0.27646,-0.15406,-0.43638,0
negative347,-0.12453,-0.19626,-0.21715,-0.16513,-0.0915,-0.10818,-0.14012,-0.12467,-0.21439,-0.18816,-0.24143,-0.13765,-0.20814,-0.20684,0.875,-0.51986,-1.40448,1.00197,-1.12564,0.72349,-0.22045,-0.24832,-0.5511,-0.45556,-0.79504,-0.22454,0.32628,-0.1838,-0.17764,-0.21124,0.37849,-0.24955,-0.70989,-0.19169,0.90678,-0.11703,-0.75649,-0.02018,-0.77343,-0.28071,-0.21525,-0.7524,-0.30461,-0.19193,-0.2232,-0.30026,-0.39428,-0.23907,-0.24428,-0.59064,0.31361,-0.11698,-0.91768,3.41445,-0.10657,0.47696,0.17657,-0.65241,0.22599,-2.42266,0.7944,1.13428,-0.20561,-0.26272,0.85672,-0.202,0.73019,3.33793,-0.15406,1.78793,0
negative348,-0.12453,-0.19626,-0.21715,-0.16513,-0.0915,-0.10818,-0.14012,-0.12467,-0.21439,-0.18816,-0.24143,-0.13765,-0.20814,-0.20684,0.35516,-0.51986,-0.00342,-0.92396,-0.61402,-0.62717,-0.22045,-0.24832,0.52304,-0.62905,-0.79504,-0.22454,-0.42188,5.93513,-0.17764,-0.21124,-0.19812,-0.24955,0.38553,-0.19169,0.90678,-0.11703,-0.75649,-0.7316,0.34274,-0.28071,-0.21525,0.15857,-0.30461,4.59684,-0.2232,-0.57678,0.20066,-0.23907,-0.24428,-0.59064,1.65857,1.26935,-0.22036,-0.2726,-0.10657,0.65589,3.03741,-0.27315,-1.51588,0.55259,2.1189,-3.06248,-0.61671,-0.26272,0.05573,-0.202,-1.36951,-0.27646,-0.15406,-1.15801,0
negative349,-0.12453,-0.19626,-0.21715,-0.16513,-0.0915,-0.10818,-0.14012,-0.12467,-0.21439,-0.18816,-0.24143,-0.13765,-0.20814,-0.20684,-0.16467,-0.51986,1.39765,-0.92396,-0.35822,-0.17695,-0.22045,-0.24832,-0.67897,-2.11122,-0.79504,-0.22454,-0.9666,-0.1838,-0.17764,-0.21124,-0.73864,-0.24955,-0.16218,-0.19169,1.86985,-0.11703,0.29985,0.69125,-0.77343,-0.28071,-0.21525,2.52104,-0.30461,-0.19193,-0.2232,0.73418,-1.66408,-0.23907,-0.24428,-0.59064,-0.01584,1.69147,0.63917,-0.2726,-0.10657,-0.13599,-0.27525,-0.35743,-0.35463,-1.83297,-0.14112,0.74226,1.00636,-0.26272,0.45622,-0.202,-1.36951,-0.27646,-0.15406,0.26758,0
negative350,-0.12453,-0.19626,-0.21715,-0.16513,-0.0915,-0.10818,-0.14012,-0.12467,-0.21439,-0.18816,-0.24143,-0.13765,-0.20814,-0.20684,0.35516,1.07361,-0.00342,-0.92396,0.4092,-0.17695,-0.22045,-0.24832,-1.90883,1.03094,0.00584,-0.22454,0.31131,-0.1838,-0.17764,-0.21124,-0.34903,-0.24955,0.38553,-0.19169,0.90678,-0.11703,0.36595,0.69125,-0.02932,-0.28071,-0.21525,-1.40447,-0.30461,-0.19193,-0.2232,-0.23833,-0.91928,2.22314,-0.24428,-0.59064,-1.1781,-0.33734,1.99566,-0.2726,-0.10657,1.59086,-0.29528,-0.06245,-0.35463,0.72798,-1.08293,-0.1067,0.41128,-0.26272,-0.74525,-0.202,-1.36951,-0.27646,-0.15406,-0.74623,0
negative351,-0.12453,-0.19626,-0.21715,-0.16513,-0.0915,-0.10818,-0.14012,-0.12467,-0.21439,-0.18816,-0.24143,-0.13765,-0.20814,-0.20684,0.875,-0.51986,0.93063,-0.92396,-0.35822,-1.5276,-0.22045,-0.24832,1.26567,-0.07648,0.80672,-0.22454,-0.18199,-0.1838,-0.17764,-0.21124,0.65026,-0.24955,0.38553,-0.19169,-1.01935,-0.11703,-0.75649,-0.02018,-0.40137,-0.28071,-0.21525,0.58733,-0.30461,-0.19193,-0.2232,-0.81571,0.25063,-0.23907,-0.24428,1.29008,1.32808,-0.33204,1.2044,-0.2726,-0.10657,0.81034,0.05644,-1.24236,0.22599,0.66222,-0.40103,-2.20887,1.8655,-0.26272,-0.74525,-0.202,0.73019,-0.27646,-0.15406,0.1656,0
negative352,-0.12453,-0.19626,-0.21715,-0.16513,-0.0915,-0.10818,-0.14012,-0.12467,-0.21439,-0.18816,-0.24143,-0.13765,-0.20814,-0.20684,-0.16467,1.25626,-1.40448,0.85619,-1.12564,0.27327,-0.22045,-0.24832,-0.37492,0.58733,0.80672,-0.22454,0.45795,-0.1838,-0.17764,-0.21124,-1.62572,-0.24955,-0.16218,-0.19169,0.90678,-0.11703,-0.75649,-0.7316,-0.77343,-0.28071,-0.21525,-1.08513,-0.30461,-0.19193,-0.2232,-0.28188,0.27115,-0.23907,-0.24428,1.29008,0.07277,0.60677,-0.58887,-0.2726,-0.10657,-0.44914,-0.29173,-0.23101,-0.35463,-0.20988,-1.27221,0.24295,-1.02572,-0.26272,-0.74525,-0.202,0.73019,-0.27646,-0.15406,0.03999,0
negative353,-0.12453,-0.19626,-0.21715,-0.16513,-0.0915,-0.10818,-0.14012,-0.12467,-0.21439,-0.18816,-0.24143,-0.13765,-0.20814,-0.20684,1.39484,-0.51986,-0.00342,0.17657,0.4092,-0.62717,-0.22045,-0.24832,-0.90096,-0.07369,0.80672,-0.22454,-0.36736,-0.1838,-0.17764,-0.21124,0.9441,-0.24955,-1.2576,-0.19169,2.83292,-0.11703,-0.75649,1.04696,2.20302,-0.28071,-0.21525,-1.58722,-0.30461,-0.19193,-0.2232,0.29729,-0.21567,-0.23907,-0.24428,-0.59064,-0.74765,-2.15654,0.89858,-0.2726,-0.10657,0.19224,-0.28625,-0.18887,-1.51588,0.04965,0.78646,2.19863,1.3611,-0.26272,-0.74525,-0.202,0.73019,-0.27646,-0.15406,-0.24059,0
negative354,-0.14425,-0.20744,-0.22883,-0.18011,-0.11946,-0.13001,-0.14945,-0.13489,-0.24827,-0.19886,-0.27295,-0.17397,-0.26697,-0.24643,1.26488,1.26641,-1.40448,-0.92396,-1.12564,-0.17695,3.74897,-0.26769,1.41671,1.23311,-0.21662,-0.22454,1.18235,-0.1838,-0.19234,-0.27867,0.31028,-0.29244,-0.29911,-0.19169,-0.29705,-0.13857,-0.75649,-0.02018,-0.86644,-0.28071,-0.21525,0.65785,2.22944,-0.21571,-0.2232,2.34267,0.22976,4.68535,-0.24428,0.66317,-0.61992,-0.73804,-0.97999,-0.28176,-0.10657,-0.37377,0.23025,0.3168,0.19543,-0.06167,-0.48853,-0.04334,-1.50573,2.91497,0.3561,-0.202,0.73019,-0.35722,-0.18643,-0.02247,0
negative355,-0.12453,-0.19626,-0.21715,-0.16513,-0.0915,-0.10818,-0.14012,-0.12467,-0.21439,-0.18816,-0.24143,-0.13765,-0.20814,-0.20684,0.875,-0.51986,0.69712,-0.92396,-0.35822,-1.5276,-0.22045,-0.24832,-0.35389,1.65975,-0.79504,-0.22454,-0.3615,5.93513,-0.17764,-0.21124,-0.22279,-0.24955,0.93324,-0.19169,-1.01935,-0.11703,0.2987,-0.7316,-0.40137,-0.28071,-0.21525,0.00367,-0.30461,-0.19193,-0.2232,0.33116,0.66187,-0.23907,-0.24428,1.29008,0.00152,-1.72291,0.19135,-0.2726,-0.10657,1.21749,-0.01408,-0.39957,0.22599,1.59663,2.08893,0.40087,1.84695,-0.26272,1.25721,-0.202,-1.36951,-0.27646,-0.15406,1.10349,0
negative356,-0.12453,-0.19626,-0.21715,-0.16513,-0.0915,-0.10818,-0.14012,-0.12467,-0.21439,-0.18816,-0.24143,-0.13765,-0.20814,-0.20684,-0.68451,-0.51986,-1.17097,-0.92396,-0.86983,-0.17695,-0.22045,-0.24832,-0.24204,-0.77267,0.00584,-0.22454,-0.41293,-0.1838,5.74403,-0.21124,1.28407,-0.24955,-0.16218,-0.19169,1.86985,-0.11703,-0.75649,0.33553,1.45891,-0.28071,-0.21525,-1.13507,-0.30461,-0.19193,-0.2232,-0.2152,0.44294,-0.23907,-0.24428,-0.59064,0.29734,-0.5846,0.38378,-0.2726,-0.10657,0.50412,-0.2251,-0.02031,-1.51588,1.7217,0.64775,0.51094,0.06503,-0.26272,-0.34476,5.03431,0.73019,-0.27646,-0.15406,1.65511,0
negative357,-0.12453,-0.19626,-0.21715,-0.16513,-0.0915,-0.10818,-0.14012,8.10183,-0.21439,-0.18816,-0.24143,-0.13765,-0.20814,-0.20684,0.875,1.15235,-1.17097,0.02874,-0.86983,-0.62717,-0.22045,-0.24832,-0.02102,-0.27771,-0.79504,-0.22454,-0.29607,-0.1838,-0.17764,-0.21124,0.63847,-0.24955,0.38553,-0.19169,0.90678,-0.11703,-0.75649,0.69125,-0.40137,-0.28071,-0.21525,0.47757,-0.30461,-0.19193,-0.2232,-1.77127,0.08748,-0.23907,-0.24428,-0.59064,1.82143,-0.31686,-0.52829,-0.2726,-0.10657,-2.19198,-0.74316,-0.61027,0.80661,-0.30391,-0.45665,-0.52878,-0.50817,-0.26272,-0.34476,-0.202,0.73019,-0.27646,-0.15406,-0.32482,0
negative358,-0.12453,-0.19626,-0.21715,-0.16513,-0.0915,-0.10818,-0.14012,-0.12467,-0.21439,-0.18816,-0.24143,-0.13765,-0.20814,-0.20684,-0.16467,-0.51986,-1.17097,0.4168,-0.86983,0.72349,-0.22045,-0.24832,-0.41618,-0.46886,0.00584,-0.22454,1.57539,-0.1838,-0.17764,-0.21124,1.62271,-0.24955,0.93324,-0.19169,-0.05628,-0.11703,-0.75649,-1.44303,-0.40137,-0.28071,-0.21525,-1.52143,-0.30461,-0.19193,-0.2232,0.48585,0.49768,-0.23907,-0.24428,-0.59064,-0.77287,-0.05169,-0.54763,-0.2726,-0.10657,0.13196,-0.41696,0.02183,-1.51588,0.43013,-0.27065,1.01186,0.60213,-0.26272,-0.34476,-0.202,-1.36951,3.33793,-0.15406,-0.32482,0
negative359,-0.12453,-0.19626,-0.21715,-0.16513,-0.0915,-0.10818,-0.14012,-0.12467,-0.21439,-0.18816,-0.24143,-0.13765,-0.20814,-0.20684,0.875,-0.51986,-1.40448,0.52767,-1.12564,-0.17695,-0.22045,3.65197,0.79219,-0.36453,0.80672,-0.22454,0.50417,-0.1838,-0.17764,-0.21124,0.17189,-0.24955,-0.16218,-0.19169,0.90678,-0.11703,0.37879,-1.08732,-0.77343,-0.28071,-0.21525,0.77143,3.20408,-0.19193,-0.2232,-0.33113,-0.47616,-0.23907,-0.24428,-0.59064,-0.36049,-0.54527,0.69983,-0.2726,-0.10657,-1.83459,0.60185,-0.44171,0.80661,-0.83114,-1.21364,1.32647,-1.56058,-0.26272,-0.34476,-0.202,0.73019,-0.27646,-0.15406,0.65786,0
negative360,-0.12453,-0.19626,-0.21715,-0.16513,-0.0915,-0.10818,-0.14012,-0.12467,-0.21439,-0.18816,-0.24143,-0.13765,-0.20814,-0.20684,0.35516,1.16575,2.09818,1.40235,2.71145,-0.17695,-0.22045,-0.24832,0.7756,-0.69015,0.00584,-0.22454,-0.2907,-0.1838,-0.17764,-0.21124,0.58786,-0.24955,-0.16218,-0.19169,-0.05628,-0.11703,-0.75649,-0.7316,-0.40137,-0.28071,-0.21525,-1.28818,-0.30461,-0.19193,4.27512,0.43957,1.16505,-0.23907,-0.24428,1.29008,0.29142,-0.96885,-0.52948,-0.2726,-0.10657,-0.56079,0.03537,-0.65241,-0.35463,1.5823,-0.5608,0.908,-1.25375,-0.26272,-0.74525,-0.202,0.73019,3.33793,-0.15406,1.57346,0
negative361,-0.12018,-0.19379,-0.21457,-0.16183,-0.08533,-0.10337,-0.13806,-0.12242,-0.20692,-0.1858,-0.23447,-0.12964,-0.19517,-0.19811,1.09779,-0.51986,0.84723,0.90957,-0.57748,-1.43113,-0.21279,-0.24405,-0.34491,-0.94664,0.9402,-0.22454,-0.26954,-0.1838,-0.17439,-0.19637,0.81716,-0.24009,0.58114,-0.19169,0.01251,-0.11228,0.35503,2.03788,2.04357,-0.28071,-0.21525,0.67622,-0.30461,-0.18668,-0.2232,-1.33467,-0.7421,-0.23907,-0.24428,-0.59064,-0.6294,-3.15153,2.88604,-0.27059,-0.10657,-1.7809,-0.55422,-1.11594,0.35998,-0.33937,-0.05012,-0.414,-0.59959,-0.25034,0.57065,-0.202,0.73019,-0.25865,-0.14692,2.3725,0
negative362,-0.12453,-0.19626,-0.21715,-0.16513,-0.0915,-0.10818,-0.14012,-0.12467,-0.21439,-0.18816,-0.24143,-0.13765,-0.20814,-0.20684,-0.16467,-0.51986,1.63116,-0.92396,-0.61402,-0.62717,-0.22045,-0.24832,1.17269,0.9859,-0.79504,-0.22454,0.50254,-0.1838,-0.17764,-0.21124,0.68629,-0.24955,0.93324,-0.19169,-1.01935,-0.11703,0.40286,-0.37589,-0.02932,-0.28071,-0.21525,1.92506,-0.30461,-0.19193,4.27512,2.48156,0.73171,-0.23907,-0.24428,3.1708,-0.27968,0.23993,-0.32414,-0.2726,-0.10657,-1.45083,-1.77853,-0.44171,-0.35463,0.84481,0.0397,0.66161,-0.7142,-0.26272,1.25721,-0.202,0.73019,-0.27646,-0.15406,0.63155,0
negative363,-0.12453,-0.19626,-0.21715,-0.16513,-0.0915,-0.10818,-0.14012,-0.12467,-0.21439,-0.18816,-0.24143,-0.13765,-0.20814,-0.20684,0.35516,-0.51986,-0.93746,0.32235,-0.61402,-0.17695,-0.22045,-0.24832,-0.31877,-0.02484,0.00584,-0.22454,0.40619,-0.1838,-0.17764,-0.21124,-1.33587,-0.24955,-0.16218,-0.19169,0.90678,-0.11703,-0.75649,2.1141,-0.02932,-0.28071,-0.21525,-1.0236,3.20408,-0.19193,-0.2232,-0.27125,-0.16428,-0.23907,-0.24428,1.29008,1.7154,-0.48986,0.59307,-0.2726,-0.10657,-0.31667,0.56698,-0.44171,-0.93526,-0.79943,0.34277,0.62095,-1.70735,-0.26272,2.45869,-0.202,0.73019,-0.27646,-0.15406,0.09959,0
negative364,6.67382,-0.20744,-0.22883,-0.18011,-0.11946,-0.13001,-0.14945,-0.13489,8.53801,-0.19886,-0.27295,-0.17397,-0.26697,-0.24643,2.04463,0.66449,-1.40448,-0.92396,-1.12564,0.16072,-0.25519,-0.26769,-0.58784,-0.22359,-0.21662,-0.22454,-0.4917,-0.1838,-0.19234,-0.27867,0.19307,-0.29244,-1.53146,-0.19169,-1.01935,-0.13857,3.42483,1.04696,1.08685,-0.28071,-0.21525,0.14512,-0.30461,-0.21571,-0.2232,2.56066,-1.45638,-0.23907,-0.24428,-0.59064,-1.53411,0.23239,1.87927,-0.28176,6.91262,0.05074,0.07261,1.03318,2.7624,-0.52261,0.04459,1.20897,2.26334,-0.31883,-0.54501,-0.202,-1.36951,-0.35722,8.20922,0.51763,0
negative365,-0.14425,-0.20744,-0.22883,-0.18011,-0.11946,-0.13001,-0.14945,-0.13489,-0.24827,-0.19886,-0.27295,-0.17397,1.99302,-0.24643,1.26488,-0.51986,1.74791,1.79657,0.98476,-1.86527,-0.25519,-0.26769,1.73418,1.70349,0.9402,-0.22454,-0.33936,-0.1838,-0.19234,3.60692,0.28368,-0.29244,-0.29911,-0.19169,-1.01935,-0.13857,-0.75649,-0.02018,-0.5874,-0.28071,-0.21525,0.56883,-0.30461,-0.21571,-0.2232,-0.35503,1.6191,-0.23907,-0.24428,0.66317,0.27798,0.03073,-1.08821,-0.28176,-0.10657,0.10398,1.7973,0.82248,-1.08805,0.9434,-1.23367,-2.2056,1.64716,-0.31883,-0.24464,-0.202,0.73019,-0.35722,-0.18643,0.18182,0
negative366,-0.14425,-0.20744,-0.22883,-0.18011,-0.11946,-0.13001,-0.14945,-0.13489,-0.24827,-0.19886,-0.27295,-0.17397,-0.26697,-0.24643,0.09525,-0.51986,2.09818,0.39421,2.71145,1.17371,-0.25519,-0.26769,-1.12269,0.64326,-0.21662,-0.22454,0.08655,-0.1838,-0.19234,-0.27867,0.53067,-0.29244,-1.53146,-0.19169,0.42525,-0.13857,0.37046,0.51339,-0.30836,-0.28071,-0.21525,0.17654,-0.30461,-0.21571,-0.2232,1.94,-0.6013,-0.23907,-0.24428,-0.59064,1.05607,-0.22049,-0.11154,-0.28176,-0.10657,0.1405,-1.2771,1.07532,2.33457,-0.28039,0.79745,0.25672,0.00199,-0.31883,-0.84538,-0.202,-1.36951,-0.35722,-0.18643,0.988,0
negative367,6.67382,3.66008,-0.22883,4.99754,-0.11946,-0.13001,-0.14945,-0.13489,5.60925,10.90427,-0.27295,-0.17397,-0.26697,-0.24643,3.99402,-0.51986,-1.40448,0.16015,-1.12564,-1.86527,-0.25519,-0.26769,2.87377,-0.31474,2.09702,-0.22454,-0.42464,-0.1838,-0.19234,-0.27867,0.1082,-0.29244,-1.94224,-0.19169,-1.01935,-0.13857,-0.75649,0.51339,-0.30836,-0.28071,-0.21525,-0.8317,-0.30461,8.0056,-0.2232,-0.90176,2.13367,-0.23907,-0.24428,-0.59064,-0.00223,1.40038,-0.03686,-0.28176,-0.10657,-1.3963,-0.7889,-0.23101,1.05109,1.78464,1.62675,1.81579,0.59635,-0.31883,-0.84538,-0.202,-1.36951,-0.35722,-0.18643,-0.59392,0
negative368,-0.12453,-0.19626,-0.21715,-0.16513,-0.0915,-0.10818,-0.14012,-0.12467,-0.21439,-0.18816,-0.24143,-0.13765,-0.20814,-0.20684,0.875,1.30699,-0.47044,1.10258,-0.35822,-0.62717,-0.22045,-0.24832,1.06698,0.12573,0.00584,-0.22454,0.49847,-0.1838,-0.17764,-0.21124,0.32051,3.58977,-0.16218,-0.19169,-1.01935,-0.11703,-0.75649,-0.02018,-0.40137,-0.28071,-0.21525,1.42668,-0.30461,-0.19193,-0.2232,-0.94761,1.28737,-0.23907,-0.24428,-0.59064,-0.63636,0.30964,-1.40853,-0.2726,-0.10657,-0.20556,-0.5897,-0.73669,-0.93526,0.98946,1.01568,-1.35596,-1.16412,3.50456,-0.74525,-0.202,0.73019,-0.27646,-0.15406,-0.92525,0
negative369,-0.12453,-0.19626,-0.21715,-0.16513,-0.0915,-0.10818,-0.14012,-0.12467,-0.21439,-0.18816,3.99133,-0.13765,-0.20814,-0.20684,-0.16467,-0.51986,-0.70395,0.17657,-0.35822,-0.62717,-0.22045,-0.24832,-0.01386,-2.63978,0.00584,-0.22454,0.58863,-0.1838,-0.17764,-0.21124,-1.12831,-0.24955,1.48095,-0.19169,-1.01935,-0.11703,0.34015,1.04696,0.34274,-0.28071,-0.21525,1.41504,-0.30461,-0.19193,-0.2232,-0.70078,0.68249,-0.23907,-0.24428,-0.59064,0.21451,0.3714,-0.08096,-0.2726,-0.10657,0.75921,0.09377,-0.27315,-0.35463,0.01178,-0.63098,0.70759,-0.18469,-0.26272,-0.34476,-0.202,0.73019,-0.27646,-0.15406,-0.56563,0
negative370,-0.14425,-0.20744,-0.22883,-0.18011,-0.11946,-0.13001,-0.14945,-0.13489,-0.24827,-0.19886,-0.27295,-0.17397,-0.26697,-0.24643,-1.46426,3.14399,0.34685,-0.92396,-0.93378,1.17371,-0.25519,-0.26769,0.13005,1.10535,-0.79504,-0.22454,2.70633,-0.1838,-0.19234,-0.27867,-1.37179,-0.29244,2.16559,-0.19169,0.42525,-0.13857,0.41007,-0.02018,-0.5874,-0.28071,-0.21525,-0.21058,-0.30461,-0.21571,-0.2232,-0.08403,-0.35279,-0.23907,-0.24428,1.91698,1.22139,1.0246,-0.14714,-0.28176,-0.10657,0.70758,-0.55039,2.08667,-0.66023,0.55506,-1.32054,0.34393,-0.07667,-0.31883,-0.54501,-0.202,0.73019,2.74536,-0.18643,-0.56706,0
negative371,-0.12453,-0.19626,-0.21715,-0.16513,-0.0915,-0.10818,-0.14012,-0.12467,-0.21439,-0.18816,3.99133,-0.13765,-0.20814,-0.20684,0.35516,-0.51986,-1.17097,1.40235,-0.86983,-0.62717,-0.22045,-0.24832,0.41312,-0.93954,-0.79504,-0.22454,-0.12991,-0.1838,-0.17764,-0.21124,-0.88562,-0.24955,0.93324,-0.19169,-1.01935,-0.11703,0.40617,-0.37589,-0.02932,-0.28071,-0.21525,2.4245,-0.30461,-0.19193,-0.2232,1.61357,-0.0036,-0.23907,-0.24428,-0.59064,0.24359,0.45264,-0.44894,-0.2726,-0.10657,0.87105,0.2051,-0.86311,-1.51588,-1.30079,-0.69459,-0.88212,-0.59602,-0.26272,3.25967,-0.202,0.73019,-0.27646,-0.15406,-0.56563,0
negative372,-0.12453,-0.19626,-0.21715,-0.16513,-0.0915,-0.10818,-0.14012,-0.12467,-0.21439,-0.18816,3.99133,-0.13765,-0.20814,-0.20684,-0.68451,1.35773,-0.23693,0.85619,-0.61402,-0.17695,-0.22045,-0.24832,-0.10803,-0.56406,-0.79504,-0.22454,0.53916,-0.1838,-0.17764,-0.21124,-0.96821,-0.24955,0.93324,-0.19169,-1.01935,-0.11703,-0.75649,-1.79874,-0.77343,-0.28071,-0.21525,-0.60263,-0.30461,-0.19193,-0.2232,0.53849,0.99081,-0.23907,-0.24428,3.1708,0.76808,0.06322,-1.4111,-0.2726,-0.10657,1.09312,-0.5788,-0.31529,-0.93526,1.05447,1.05726,0.77859,1.9759,-0.26272,1.25721,-0.202,0.73019,-0.27646,-0.15406,-0.56563,0
negative373,-0.12453,-0.19626,-0.21715,-0.16513,-0.0915,-0.10818,-0.14012,-0.12467,3.19751,-0.18816,-0.24143,-0.13765,2.42466,-0.20684,0.875,1.20349,1.39765,0.66319,1.43242,-0.62717,-0.22045,-0.24832,-0.87459,0.66885,0.80672,-0.22454,-0.27557,-0.1838,-0.17764,-0.21124,0.15448,-0.24955,0.93324,-0.19169,0.90678,-0.11703,0.35261,-1.08732,-0.40137,-0.28071,-0.21525,-0.47665,-0.30461,-0.19193,-0.2232,-1.42864,-0.95873,-0.23907,-0.24428,1.29008,1.07463,-1.43594,0.55447,-0.2726,-0.10657,-1.17788,0.38533,-0.10459,-0.93526,-0.01446,0.00678,0.45062,-1.85773,-0.26272,-0.74525,-0.202,0.73019,-0.27646,-0.15406,-0.56563,0
negative374,-0.12453,-0.19626,-0.21715,-0.16513,-0.0915,-0.10818,-0.14012,-0.12467,-0.21439,-0.18816,-0.24143,-0.13765,-0.20814,-0.20684,0.875,-0.51986,-0.47044,0.44554,-0.10241,-1.07738,-0.22045,-0.24832,0.33299,-0.25038,0.80672,-0.22454,-0.9666,-0.1838,-0.17764,-0.21124,0.52668,-0.24955,-1.2576,-0.19169,-0.05628,-0.11703,-0.75649,-0.02018,-0.77343,-0.28071,-0.21525,-0.531,-0.30461,-0.19193,-0.2232,0.03922,-0.53933,-0.23907,-0.24428,-0.59064,1.43275,1.46811,-0.15373,-0.2726,-0.10657,1.27916,0.04075,-1.11594,-0.35463,-1.07298,0.84732,-1.02662,1.34986,-0.26272,-0.34476,-0.202,0.73019,-0.27646,-0.15406,0.34939,0
negative375,-0.12453,-0.19626,-0.21715,-0.16513,-0.0915,-0.10818,-0.14012,-0.12467,-0.21439,-0.18816,-0.24143,-0.13765,-0.20814,-0.20684,-0.68451,-0.51986,0.46361,-0.92396,0.92081,0.72349,-0.22045,-0.24832,0.63357,0.48878,-0.79504,-0.22454,0.70826,-0.1838,-0.17764,-0.21124,-1.46985,3.58977,0.38553,-0.19169,-0.05628,-0.11703,-0.75649,-0.37589,-0.77343,-0.28071,-0.21525,-0.5937,-0.30461,-0.19193,-0.2232,-0.83754,1.16661,-0.23907,-0.24428,-0.59064,-0.35894,-0.53593,-0.65454,-0.2726,-0.10657,1.08535,0.90714,-0.39957,0.80661,-0.3612,-1.32691,0.10223,-1.73022,-0.26272,-0.34476,-0.202,0.73019,-0.27646,-0.15406,0.06331,0
negative376,-0.12453,4.30927,-0.21715,-0.16513,-0.0915,-0.10818,-0.14012,-0.12467,-0.21439,-0.18816,-0.24143,-0.13765,-0.20814,-0.20684,-0.16467,1.10121,-0.23693,-0.92396,0.15339,-0.17695,-0.22045,-0.24832,-0.34116,0.63653,1.6076,-0.22454,-0.9666,-0.1838,-0.17764,-0.21124,0.97088,-0.24955,-1.2576,-0.19169,-0.05628,-0.11703,0.43099,0.33553,-0.77343,-0.28071,-0.21525,-1.05,-0.30461,-0.19193,-0.2232,-0.28788,-0.42963,-0.23907,-0.24428,-0.59064,-0.5106,-2.98251,1.23349,-0.2726,-0.10657,-1.78382,-1.114,-0.52599,-0.35463,1.85488,-0.05133,0.28046,-2.25089,-0.26272,-0.74525,-0.202,0.73019,-0.27646,-0.15406,1.82727,0
negative377,-0.12018,-0.19379,-0.21457,-0.16183,-0.08533,-0.10337,-0.13806,-0.12242,-0.20692,-0.1858,-0.23447,-0.12964,-0.19517,3.93868,-1.13008,-0.51986,2.09818,-0.92396,2.71145,-0.46637,-0.21279,-0.24405,2.05766,0.82824,0.9402,-0.22454,0.1829,-0.1838,-0.17439,-0.19637,-0.72878,-0.24009,-0.00569,-0.19169,-1.01935,-0.11228,-0.75649,-0.24885,-0.34822,-0.28071,-0.21525,1.59557,-0.30461,-0.18668,-0.2232,1.98635,1.44113,-0.23907,-0.24428,1.49905,-0.32373,0.24792,-1.4208,-0.27059,-0.10657,-1.01415,-0.94287,-1.24236,1.61055,1.36214,-2.38365,-0.11005,-1.08265,-0.25034,4.00344,-0.202,0.73019,-0.25865,-0.14692,-1.70381,0
negative378,-0.12453,-0.19626,-0.21715,-0.16513,-0.0915,-0.10818,-0.14012,-0.12467,-0.21439,-0.18816,-0.24143,-0.13765,-0.20814,-0.20684,-1.72418,1.24083,-0.70395,-0.92396,-0.35822,0.27327,4.44426,-0.24832,-0.19874,0.46475,0.80672,-0.22454,0.44525,-0.1838,-0.17764,-0.21124,-1.17765,-0.24955,0.38553,-0.19169,-0.05628,-0.11703,-0.75649,-0.37589,-0.77343,-0.28071,-0.21525,0.24701,-0.30461,-0.19193,-0.2232,-0.13328,0.31833,-0.23907,-0.24428,-0.59064,0.00235,-1.51412,-0.40707,-0.2726,-0.10657,0.68143,0.01662,-0.56813,0.22599,0.09449,-1.31044,-0.41637,-0.68084,-0.26272,0.45622,-0.202,-1.36951,-0.27646,-0.15406,-0.14098,0
negative379,-0.12453,-0.19626,-0.21715,-0.16513,-0.0915,-0.10818,-0.14012,-0.12467,-0.21439,-0.18816,-0.24143,-0.13765,-0.20814,-0.20684,-0.16467,1.39263,1.16414,-0.92396,-0.61402,-1.07738,-0.22045,3.65197,0.37294,0.27246,-0.79504,-0.22454,0.56715,-0.1838,-0.17764,-0.21124,-1.3476,3.58977,2.57638,-0.19169,-0.05628,-0.11703,-0.75649,1.40267,-0.77343,-0.28071,-0.21525,-0.16359,-0.30461,-0.19193,-0.2232,-0.31064,1.06686,2.22314,-0.24428,1.29008,0.20784,0.36277,-0.28811,-0.2726,-0.10657,1.47931,0.43748,0.02183,-0.35463,1.71143,-2.10121,-0.30036,0.04057,-0.26272,-0.74525,-0.202,0.73019,-0.27646,-0.15406,-0.92525,0
negative380,-0.14425,-0.20744,-0.22883,-0.18011,-0.11946,-0.13001,-0.14945,-0.13489,2.68049,-0.19886,-0.27295,-0.17397,-0.26697,-0.24643,1.26488,-0.51986,0.87225,-0.92396,0.79291,-1.18994,-0.25519,-0.26769,-0.48771,2.04679,0.9402,-0.22454,-0.35564,-0.1838,-0.19234,-0.27867,-0.63846,-0.29244,-0.29911,-0.19169,-1.01935,-0.13857,1.48913,0.24661,-0.5874,-0.28071,-0.21525,0.17201,-0.30461,-0.21571,-0.2232,0.6649,0.2972,-0.23907,-0.24428,-0.59064,-0.33528,-2.12553,0.90315,-0.28176,-0.10657,-0.98886,0.60509,0.99104,1.47892,1.16768,-0.37243,-0.0489,-1.04517,-0.31883,-0.84538,-0.202,-1.36951,-0.35722,2.61212,-0.39596,0
negative381,-0.12453,-0.19626,-0.21715,-0.16513,-0.0915,-0.10818,-0.14012,-0.12467,-0.21439,-0.18816,3.99133,-0.13765,-0.20814,-0.20684,-0.16467,-0.51986,-1.17097,-0.92396,-0.86983,-0.17695,-0.22045,3.65197,-0.62788,0.28077,-0.79504,-0.22454,-0.38917,-0.1838,-0.17764,-0.21124,0.41948,-0.24955,-0.16218,-0.19169,0.90678,-0.11703,0.2893,0.33553,0.71479,-0.28071,-0.21525,-0.10016,-0.30461,4.59684,-0.2232,0.38264,-0.01922,-0.23907,-0.24428,-0.59064,-1.08475,0.60399,0.85781,-0.2726,-0.10657,-0.38051,-1.22163,-0.23101,0.22599,0.40839,0.42338,0.2913,0.68584,-0.26272,-0.34476,-0.202,0.73019,-0.27646,-0.15406,1.57193,0
negative382,-0.12453,-0.19626,-0.21715,-0.16513,-0.0915,-0.10818,-0.14012,-0.12467,-0.21439,-0.18816,-0.24143,-0.13765,-0.20814,-0.20684,-0.16467,-0.51986,-0.00342,-0.92396,-0.86983,-0.17695,-0.22045,-0.24832,0.51241,-0.49876,-0.79504,-0.22454,-0.24009,-0.1838,-0.17764,-0.21124,0.06627,-0.24955,-0.16218,-0.19169,-1.01935,-0.11703,0.31843,1.04696,-0.02932,-0.28071,-0.21525,1.64321,-0.30461,-0.19193,-0.2232,-0.02174,-0.35084,-0.23907,-0.24428,-0.59064,1.71087,-0.47202,-0.80104,-0.2726,-0.10657,0.02418,-0.13455,-0.77883,0.22599,-0.59674,0.1468,-0.05626,-0.3363,-0.26272,-0.34476,-0.202,-1.36951,-0.27646,-0.15406,-1.30852,0
negative383,7.81828,4.30927,-0.21715,-0.16513,-0.0915,-0.10818,-0.14012,-0.12467,-0.21439,-0.18816,-0.24143,-0.13765,-0.20814,-0.20684,0.35516,0.90071,1.16414,-0.92396,1.68823,0.27327,-0.22045,-0.24832,0.70751,0.91894,-0.79504,-0.22454,-0.9666,-0.1838,-0.17764,-0.21124,0.57221,-0.24955,-0.70989,-0.19169,0.90678,-0.11703,0.27351,-0.37589,0.71479,-0.28071,-0.21525,0.47444,-0.30461,-0.19193,-0.2232,0.03915,-0.17811,-0.23907,-0.24428,3.1708,-0.05113,1.63395,0.42036,-0.2726,-0.10657,0.34132,-0.60997,-0.52599,0.22599,1.07802,2.40242,0.55525,0.0116,-0.26272,-0.34476,-0.202,0.73019,-0.27646,-0.15406,2.31636,0
negative384,-0.12453,-0.19626,-0.21715,-0.16513,-0.0915,-0.10818,-0.14012,-0.12467,-0.21439,-0.18816,-0.24143,-0.13765,-0.20814,-0.20684,-0.68451,-0.51986,0.46361,-0.92396,-0.10241,-0.62717,-0.22045,-0.24832,-0.21386,-1.28295,-0.79504,-0.22454,-0.15074,-0.1838,-0.17764,-0.21124,-0.47999,-0.24955,2.02867,-0.19169,-0.05628,-0.11703,-0.75649,2.1141,-0.02932,-0.28071,-0.21525,-0.10436,-0.30461,-0.19193,-0.2232,-1.58396,0.44728,-0.23907,-0.24428,-0.59064,-0.72094,-0.81449,0.88043,-0.2726,-0.10657,-0.81388,2.05814,-0.18887,-0.35463,0.78175,-0.15509,-0.40451,-0.37145,-0.26272,-0.34476,-0.202,0.73019,-0.27646,-0.15406,-0.45181,0
negative385,-0.12453,-0.19626,-0.21715,-0.16513,-0.0915,-0.10818,-0.14012,-0.12467,-0.21439,-0.18816,-0.24143,-0.13765,-0.20814,-0.20684,2.95434,-0.51986,-1.40448,-0.92396,-1.12564,-1.07738,-0.22045,-0.24832,0.52258,-0.37122,6.41286,-0.22454,0.09583,-0.1838,-0.17764,-0.21124,-1.76932,-0.24955,-1.80531,-0.19169,-1.01935,-0.11703,0.51254,0.69125,-0.40137,-0.28071,-0.21525,-2.08122,-0.30461,-0.19193,-0.2232,3.00334,1.2522,-0.23907,-0.24428,-0.59064,-0.13159,1.07164,1.26054,-0.2726,-0.10657,0.60778,-1.41292,-0.61027,0.80661,1.00438,-1.73327,0.2059,-0.52214,-0.26272,0.05573,-0.202,-1.36951,-0.27646,22.66744,-0.56563,0
negative386,-0.12453,-0.19626,-0.21715,-0.16513,-0.0915,-0.10818,-0.14012,-0.12467,-0.21439,-0.18816,3.99133,-0.13765,-0.20814,-0.20684,-1.20435,1.24611,0.23009,0.66319,-0.61402,0.72349,-0.22045,-0.24832,-0.70051,-1.07482,0.00584,-0.22454,0.44965,-0.1838,-0.17764,-0.21124,-1.99907,-0.24955,1.48095,-0.19169,-0.05628,-0.11703,-0.75649,1.04696,2.20302,-0.28071,-0.21525,-0.89689,-0.30461,-0.19193,-0.2232,-0.37214,0.55596,-0.23907,-0.24428,-0.59064,-0.96333,0.19972,-0.57086,-0.2726,-0.10657,-0.49489,-0.15078,0.35894,-0.93526,1.51474,-0.78484,-0.72852,0.31512,-0.26272,0.05573,-0.202,0.73019,-0.27646,-0.15406,0.43528,0
negative387,-0.14425,-0.20744,-0.22883,-0.18011,-0.11946,-0.13001,-0.14945,-0.13489,-0.24827,-0.19886,-0.27295,-0.17397,-0.26697,-0.24643,0.09525,-0.51986,1.22251,2.78212,1.75218,0.83604,-0.25519,-0.26769,-0.26145,-1.26275,2.67543,-0.22454,-0.22544,-0.1838,-0.19234,-0.27867,-0.73936,-0.29244,-0.70989,-0.19169,-1.01935,-0.13857,0.43309,-0.82053,-0.86644,-0.28071,-0.21525,-1.13864,-0.30461,-0.21571,-0.2232,0.07494,-0.15209,-0.23907,-0.24428,-0.59064,0.8403,-0.86427,-0.16015,-0.28176,-0.10657,-0.81766,-0.0115,1.11746,0.62326,1.46356,-0.14834,-0.0206,-0.26553,-0.31883,-0.54501,-0.202,-1.36951,-0.35722,-0.18643,-0.0995,0
negative388,-0.12453,-0.19626,-0.21715,-0.16513,-0.0915,-0.10818,-0.14012,-0.12467,-0.21439,-0.18816,-0.24143,-0.13765,-0.20814,-0.20684,0.35516,-0.51986,-0.93746,1.75961,-0.61402,-0.17695,-0.22045,-0.24832,-0.28274,-0.00503,-0.79504,-0.22454,-0.36736,-0.1838,-0.17764,-0.21124,0.52686,-0.24955,0.38553,-0.19169,-0.05628,-0.11703,1.34874,1.04696,2.20302,4.20706,-0.21525,0.76421,-0.30461,-0.19193,-0.2232,0.09612,-1.13968,-0.23907,-0.24428,-0.59064,-0.22291,1.21526,1.25818,-0.2726,-0.10657,0.40029,1.38329,-0.14673,0.80661,-0.2443,0.44141,1.48927,-0.91126,-0.26272,0.45622,-0.202,-1.36951,-0.27646,-0.15406,2.1207,0
negative389,-0.12453,-0.19626,-0.21715,-0.16513,-0.0915,-0.10818,-0.14012,-0.12467,-0.21439,-0.18816,-0.24143,-0.13765,-0.20814,-0.20684,-0.16467,-0.51986,0.93063,-0.92396,1.17662,-0.17695,-0.22045,7.55225,0.24825,-1.08028,-0.79504,-0.22454,-0.3641,-0.1838,-0.17764,-0.21124,2.29793,3.58977,0.93324,-0.19169,-0.05628,-0.11703,-0.75649,-1.08732,-0.02932,-0.28071,-0.21525,-0.31661,-0.30461,-0.19193,-0.2232,0.35216,1.60403,-0.23907,-0.24428,-0.59064,1.4474,-1.87036,-0.10594,-0.2726,-0.10657,-0.6809,0.83331,-0.27315,0.22599,1.96811,-0.63832,-0.54088,-0.49101,-0.26272,-0.74525,-0.202,0.73019,-0.27646,-0.15406,1.29321,0
negative390,-0.12453,-0.19626,-0.21715,-0.16513,-0.0915,-0.10818,-0.14012,-0.12467,-0.21439,-0.18816,-0.24143,-0.13765,-0.20814,-0.20684,0.35516,0.95997,-1.40448,1.75961,-1.12564,-0.62717,-0.22045,3.65197,-0.58554,-1.05141,-0.79504,-0.22454,-0.9666,-0.1838,-0.17764,-0.21124,1.53776,-0.24955,-0.16218,-0.19169,-0.05628,-0.11703,0.28285,-1.79874,-0.77343,-0.28071,-0.21525,0.96238,-0.30461,-0.19193,-0.2232,0.39682,-0.11134,-0.23907,-0.24428,3.1708,1.76463,0.91898,-0.17445,-0.2726,-0.10657,0.02229,-0.12969,-0.48385,0.22599,-0.36495,-0.3079,-0.00976,-0.92672,-0.26272,0.45622,-0.202,-1.36951,-0.27646,-0.15406,0.43528,0
negative391,-0.12453,-0.19626,-0.21715,-0.16513,-0.0915,-0.10818,-0.14012,-0.12467,-0.21439,-0.18816,-0.24143,-0.13765,-0.20814,-0.20684,-0.16467,-0.51986,-1.40448,-0.92396,-1.12564,-0.62717,-0.22045,-0.24832,-0.05063,0.17224,-0.79504,-0.22454,-0.31088,-0.1838,-0.17764,-0.21124,0.39796,-0.24955,-1.80531,-0.19169,-1.01935,-0.11703,-0.75649,-1.44303,-0.77343,-0.28071,-0.21525,-0.70253,-0.30461,-0.19193,-0.2232,-0.45208,0.77885,-0.23907,-0.24428,1.29008,0.65595,-0.2103,-1.29342,-0.2726,-0.10657,0.24035,-0.33229,-0.61027,-0.93526,1.62917,1.42205,-0.46076,1.02917,-0.26272,0.05573,-0.202,0.73019,-0.27646,-0.15406,-1.30852,0
negative392,-0.12453,-0.19626,-0.21715,-0.16513,-0.0915,-0.10818,-0.14012,-0.12467,-0.21439,-0.18816,-0.24143,-0.13765,-0.20814,-0.20684,-1.20435,-0.51986,0.23009,-0.92396,-0.35822,0.72349,-0.22045,-0.24832,-1.27657,1.06303,-0.79504,-0.22454,0.88077,-0.1838,-0.17764,-0.21124,-1.51544,3.58977,1.48095,-0.19169,-0.05628,-0.11703,0.29922,1.04696,2.20302,-0.28071,-0.21525,-0.11517,-0.30461,-0.19193,-0.2232,0.15165,0.07533,-0.23907,-0.24428,1.29008,0.62715,-0.10308,0.31457,-0.2726,-0.10657,-0.32784,2.42073,0.23252,-0.93526,0.39159,-0.10485,-1.48774,-0.97005,3.50456,-0.74525,-0.202,0.73019,-0.27646,-0.15406,-0.65027,0
negative393,-0.12453,-0.19626,-0.21715,-0.16513,-0.0915,-0.10818,-0.14012,-0.12467,-0.21439,-0.18816,-0.24143,-0.13765,-0.20814,-0.20684,0.35516,-0.51986,-0.70395,-0.92396,-0.35822,-0.62717,-0.22045,-0.24832,1.84229,-0.54119,3.20935,-0.22454,-0.9666,-0.1838,-0.17764,-0.21124,-1.33122,-0.24955,-1.2576,-0.19169,-1.01935,-0.11703,-0.75649,-0.02018,-0.77343,-0.28071,-0.21525,-0.78553,-0.30461,-0.19193,-0.2232,0.56257,1.47744,-0.23907,-0.24428,-0.59064,-0.21023,-0.28784,-1.23594,-0.2726,-0.10657,-0.23864,0.25975,-1.11594,1.96786,0.22452,-1.58354,0.92867,-1.50977,-0.26272,0.45622,-0.202,-1.36951,-0.27646,-0.15406,-0.67185,0
negative394,-0.12453,-0.19626,-0.21715,-0.16513,-0.0915,-0.10818,-0.14012,-0.12467,-0.21439,-0.18816,-0.24143,-0.13765,-0.20814,-0.20684,-0.16467,-0.51986,-1.40448,-0.92396,-1.12564,-0.62717,-0.22045,-0.24832,1.07738,0.80572,0.00584,-0.22454,-0.9666,-0.1838,-0.17764,-0.21124,-0.73598,-0.24955,0.38553,-0.19169,-1.01935,-0.11703,-0.75649,0.69125,-0.77343,1.96317,-0.21525,-0.11693,-0.30461,-0.19193,-0.2232,-0.17767,2.4061,-0.23907,-0.24428,-0.59064,1.43575,-1.47595,-0.74174,-0.2726,-0.10657,0.43359,-0.56554,-0.77883,-0.35463,0.04155,-1.83611,-0.07594,0.23365,-0.26272,1.25721,-0.202,0.73019,-0.27646,-0.15406,-0.92525,0
negative395,-0.12453,-0.19626,-0.21715,-0.16513,-0.0915,-0.10818,-0.14012,-0.12467,-0.21439,-0.18816,-0.24143,-0.13765,-0.20814,-0.20684,0.875,-0.51986,0.46361,0.85619,0.92081,-1.07738,-0.22045,3.65197,0.89785,-1.77159,0.80672,-0.22454,-0.9666,-0.1838,-0.17764,-0.21124,0.22679,-0.24955,-0.16218,5.3648,-1.01935,-0.11703,0.3622,-1.08732,-0.77343,-0.28071,-0.21525,1.95554,-0.30461,-0.19193,-0.2232,-0.25873,-0.23939,-0.23907,-0.24428,1.29008,0.66178,-1.39243,0.47087,-0.2726,-0.10657,0.18687,-1.63379,-1.36878,0.80661,-1.10192,-0.45488,0.98351,1.37768,-0.26272,1.6577,-0.202,0.73019,-0.27646,-0.15406,1.18113,0
negative396,-0.12453,-0.19626,-0.21715,-0.16513,-0.0915,-0.10818,-0.14012,-0.12467,-0.21439,-0.18816,-0.24143,-0.13765,-0.20814,-0.20684,0.35516,1.16778,1.63116,1.40235,1.94403,-1.07738,-0.22045,-0.24832,-0.2791,0.7382,-0.79504,-0.22454,-0.9666,-0.1838,-0.17764,-0.21124,0.70268,-0.24955,0.93324,-0.19169,-0.05628,-0.11703,-0.75649,1.04696,2.20302,1.96317,-0.21525,-0.40356,-0.30461,-0.19193,-0.2232,0.97799,1.26572,-0.23907,-0.24428,1.29008,0.10295,-0.34761,-0.37578,-0.2726,-0.10657,1.4825,0.23613,-0.27315,-1.51588,1.02658,0.92734,0.79452,-1.06115,-0.26272,-0.74525,-0.202,0.73019,-0.27646,-0.15406,-1.70381,0
negative397,-0.14425,3.66008,-0.22883,-0.18011,-0.11946,-0.13001,-0.14945,-0.13489,-0.24827,-0.19886,-0.27295,-0.17397,-0.26697,-0.24643,0.09525,0.77773,-0.87908,1.36744,-0.55007,0.49838,-0.25519,-0.26769,0.0218,-0.45704,-0.21662,-0.22454,1.11497,-0.1838,-0.19234,-0.27867,-0.39165,-0.29244,0.93324,-0.19169,0.42525,-0.13857,0.36341,-1.62089,-0.5874,4.20706,-0.21525,-0.82448,-0.30461,-0.21571,-0.2232,-0.38153,-0.39642,-0.23907,-0.24428,-0.59064,0.92952,-1.38592,1.12831,-0.28176,-0.10657,0.29353,-0.7059,1.62313,-1.08805,0.27397,0.30293,0.7799,0.44881,-0.31883,-0.84538,-0.202,-1.36951,-0.35722,-0.18643,0.30301,0
negative398,-0.12453,-0.19626,-0.21715,-0.16513,-0.0915,-0.10818,-0.14012,-0.12467,-0.21439,-0.18816,-0.24143,-0.13765,-0.20814,-0.20684,-1.72418,1.68202,-0.93746,-0.92396,-0.61402,0.27327,-0.22045,-0.24832,0.46342,1.87153,-0.79504,-0.22454,1.68231,-0.1838,-0.17764,-0.21124,-2.30663,-0.24955,2.57638,-0.19169,-0.05628,-0.11703,-0.75649,0.69125,-0.02932,-0.28071,-0.21525,0.63207,-0.30461,-0.19193,-0.2232,-0.10202,1.30969,-0.23907,-0.24428,1.29008,0.67478,1.03653,-0.75469,-0.2726,-0.10657,0.59568,-0.42826,0.02183,-0.93526,0.82884,-2.106,0.67192,-0.55539,3.50456,0.85672,-0.202,0.73019,-0.27646,-0.15406,-0.56563,0
negative399,-0.12453,-0.19626,-0.21715,-0.16513,-0.0915,-0.10818,-0.14012,-0.12467,-0.21439,-0.18816,-0.24143,-0.13765,-0.20814,-0.20684,-0.68451,-0.51986,-0.00342,0.26486,-0.35822,-0.17695,-0.22045,-0.24832,-1.00945,-0.82089,-0.79504,-0.22454,-0.35564,-0.1838,-0.17764,-0.21124,-0.67032,-0.24955,0.38553,-0.19169,0.90678,-0.11703,-0.75649,-1.44303,-0.40137,-0.28071,-0.21525,-1.0158,-0.30461,-0.19193,-0.2232,-0.13728,0.85369,4.68535,-0.24428,1.29008,0.96567,-0.03374,-0.32196,-0.2726,-0.10657,0.30031,0.46644,0.23252,-0.93526,-0.44789,-0.18493,-1.42684,-1.0089,-0.26272,-0.74525,-0.202,0.73019,-0.27646,-0.15406,-0.58075,0
negative400,-0.12453,-0.19626,-0.21715,-0.16513,-0.0915,-0.10818,-0.14012,-0.12467,-0.21439,-0.18816,-0.24143,-0.13765,-0.20814,-0.20684,0.875,-0.51986,-0.23693,-0.92396,0.15339,-0.62717,-0.22045,-0.24832,0.42477,0.87793,0.00584,-0.22454,0.34207,-0.1838,-0.17764,-0.21124,-0.56778,-0.24955,0.38553,-0.19169,-0.05628,-0.11703,0.36119,-0.02018,0.34274,-0.28071,-0.21525,0.5224,-0.30461,-0.19193,-0.2232,-0.05086,-0.05388,-0.23907,-0.24428,1.29008,-0.87738,-0.03217,0.55277,-0.2726,-0.10657,0.98122,-1.22191,-0.18887,0.22599,0.19032,-0.36457,0.33616,0.43347,-0.26272,-0.74525,-0.202,0.73019,-0.27646,-0.15406,0.93686,0
negative401,-0.12453,-0.19626,-0.21715,-0.16513,-0.0915,-0.10818,-0.14012,-0.12467,-0.21439,-0.18816,-0.24143,-0.13765,2.42466,-0.20684,-0.16467,1.53875,0.46361,1.10258,0.15339,0.27327,-0.22045,-0.24832,0.47973,0.25258,0.00584,-0.22454,-0.14113,-0.1838,-0.17764,-0.21124,0.0104,-0.24955,0.93324,-0.19169,-1.01935,-0.11703,-0.75649,-0.7316,-0.77343,-0.28071,-0.21525,-1.47372,-0.30461,-0.19193,-0.2232,-0.42575,0.44633,-0.23907,-0.24428,-0.59064,-1.13991,-0.05886,-1.26958,-0.2726,-0.10657,0.51462,0.23161,-0.48385,-1.51588,1.04975,-0.23956,-3.13516,0.66672,-0.26272,0.45622,-0.202,-1.36951,-0.27646,-0.15406,0.26758,0
negative402,-0.12453,-0.19626,-0.21715,-0.16513,-0.0915,-0.10818,-0.14012,-0.12467,-0.21439,-0.18816,-0.24143,-0.13765,-0.20814,-0.20684,-0.68451,-0.51986,0.46361,0.85619,0.92081,0.27327,-0.22045,-0.24832,0.50809,-0.22848,2.40848,-0.22454,-0.9666,-0.1838,-0.17764,-0.21124,0.56749,-0.24955,-0.70989,-0.19169,-1.01935,-0.11703,-0.75649,-1.44303,-0.77343,-0.28071,-0.21525,-1.18186,-0.30461,-0.19193,-0.2232,-0.34883,0.88477,-0.23907,-0.24428,-0.59064,-0.74245,-2.03951,-0.03214,-0.2726,-0.10657,-0.18102,-0.17225,-0.82097,-0.35463,1.69666,0.10922,-0.00722,-0.33256,-0.26272,0.05573,-0.202,-1.36951,-0.27646,-0.15406,-0.50975,0
negative403,-0.12453,-0.19626,-0.21715,-0.16513,-0.0915,-0.10818,-0.14012,-0.12467,-0.21439,-0.18816,-0.24143,-0.13765,-0.20814,-0.20684,1.39484,-0.51986,0.23009,0.41064,0.665,-1.5276,-0.22045,-0.24832,1.44781,0.72477,0.80672,-0.22454,-0.22039,-0.1838,-0.17764,-0.21124,0.32927,-0.24955,-0.16218,-0.19169,-1.01935,-0.11703,-0.75649,-0.37589,-0.77343,-0.28071,2.47062,-0.49953,-0.30461,-0.19193,-0.2232,0.81483,1.69233,-0.23907,-0.24428,-0.59064,1.40656,0.39684,-0.94607,-0.2726,-0.10657,-1.53358,-0.79841,-0.86311,-0.93526,0.41693,-1.53422,0.49976,-0.18263,-0.26272,0.05573,-0.202,0.73019,-0.27646,3.10616,-0.32482,0
negative404,-0.12453,-0.19626,-0.21715,-0.16513,-0.0915,-0.10818,-0.14012,-0.12467,-0.21439,-0.18816,-0.24143,-0.13765,2.42466,-0.20684,0.875,-0.51986,-1.40448,-0.92396,-1.12564,-0.17695,-0.22045,-0.24832,-0.20954,-0.69733,0.00584,-0.22454,0.54274,-0.1838,-0.17764,4.31533,-0.99729,-0.24955,-0.70989,-0.19169,-0.05628,-0.11703,0.35906,1.04696,-0.77343,-0.28071,-0.21525,-0.77613,-0.30461,-0.19193,-0.2232,-0.39211,-0.52011,-0.23907,-0.24428,-0.59064,0.63749,-0.46329,0.30806,-0.2726,-0.10657,-0.56589,-0.44241,-0.35743,0.22599,-0.70262,-1.08417,-0.18948,-0.4492,-0.26272,-0.34476,-0.202,0.73019,-0.27646,-0.15406,-0.92525,0
negative405,-0.14425,-0.20744,-0.22883,-0.18011,-0.11946,-0.13001,-0.14945,-0.13489,-0.24827,-0.19886,-0.27295,-0.17397,-0.26697,-0.24643,0.09525,-0.51986,-0.70395,2.41253,-0.35822,1.17371,-0.25519,-0.26769,-1.1667,-0.46239,-0.79504,-0.22454,0.01104,-0.1838,-0.19234,-0.27867,0.92498,-0.29244,-1.12067,-0.19169,2.59216,-0.13857,-0.75649,-0.02018,-0.86644,-0.28071,-0.21525,0.5563,-0.30461,-0.21571,-0.2232,1.5713,-1.39868,-0.23907,-0.24428,-0.59064,1.68436,-0.46197,-0.16991,2.88319,-0.10657,0.35753,1.38647,1.28602,0.62326,-1.50423,0.39899,-0.65589,0.40073,-0.31883,0.65647,-0.202,0.73019,2.74536,-0.18643,-1.20638,0
negative406,-0.12453,-0.19626,-0.21715,-0.16513,-0.0915,-0.10818,-0.14012,-0.12467,-0.21439,-0.18816,-0.24143,-0.13765,-0.20814,-0.20684,0.35516,-0.51986,-0.00342,0.90957,0.4092,0.27327,-0.22045,-0.24832,-0.71728,0.1646,-0.79504,-0.22454,0.23417,-0.1838,-0.17764,-0.21124,-0.95122,-0.24955,0.38553,-0.19169,-1.01935,8.5575,0.34472,-1.44303,-0.40137,-0.28071,-0.21525,-0.98321,-0.30461,-0.19193,-0.2232,-0.35024,0.03901,4.68535,-0.24428,1.29008,0.38997,0.43656,0.68131,-0.2726,-0.10657,0.98545,-0.94979,-0.65241,-0.35463,-0.7809,0.86654,-1.3127,-0.91124,-0.26272,0.45622,-0.202,-1.36951,3.33793,-0.15406,-0.82483,0
negative407,-0.12453,-0.19626,-0.21715,-0.16513,-0.0915,-0.10818,-0.14012,-0.12467,-0.21439,-0.18816,-0.24143,-0.13765,10.32306,-0.20684,0.35516,2.61676,-1.40448,-0.92396,-1.12564,1.17371,-0.22045,-0.24832,2.03603,0.53069,1.6076,-0.22454,4.06399,-0.1838,-0.17764,-0.21124,-2.74938,-0.24955,0.93324,-0.19169,-1.01935,-0.11703,-0.75649,-0.7316,-0.77343,-0.28071,-0.21525,-0.91821,6.71276,-0.19193,-0.2232,-0.82164,0.14047,-0.23907,-0.24428,-0.59064,-0.9385,0.11751,-1.42144,-0.2726,-0.10657,-1.29495,-1.51552,-0.86311,-1.51588,-0.46881,-2.73057,0.72923,-1.69447,-0.26272,-0.74525,-0.202,-1.36951,3.33793,-0.15406,-1.70381,0
negative408,-0.12453,-0.19626,-0.21715,-0.16513,-0.0915,-0.10818,-0.14012,-0.12467,-0.21439,-0.18816,-0.24143,-0.13765,-0.20814,-0.20684,1.39484,-0.51986,0.69712,0.44554,-0.86983,-1.97782,-0.22045,-0.24832,0.15891,-1.22903,-0.79504,-0.22454,-0.9666,-0.1838,-0.17764,-0.21124,-0.28162,-0.24955,-0.16218,-0.19169,0.90678,-0.11703,-0.75649,-0.7316,-0.40137,-0.28071,-0.21525,2.00794,-0.30461,-0.19193,-0.2232,3.5413,-0.13896,-0.23907,-0.24428,-0.59064,-0.02467,-1.15338,0.73133,-0.2726,-0.10657,-0.85455,-1.33197,-0.98953,1.38724,-0.69707,-0.23917,0.85827,-0.47329,-0.26272,1.25721,-0.202,0.73019,-0.27646,-0.15406,1.74381,0
negative409,-0.12453,-0.19626,-0.21715,-0.16513,-0.0915,-0.10818,-0.14012,-0.12467,-0.21439,-0.18816,-0.24143,-0.13765,-0.20814,-0.20684,0.875,-0.51986,-1.40448,-0.92396,-1.12564,-1.07738,4.44426,-0.24832,-1.54715,0.28546,0.80672,-0.22454,-0.35727,-0.1838,-0.17764,-0.21124,-0.16838,-0.24955,-1.2576,-0.19169,1.86985,-0.11703,-0.75649,-0.37589,-0.02932,-0.28071,-0.21525,-0.08497,-0.30461,-0.19193,4.27512,-1.24344,-1.13176,-0.23907,-0.24428,-0.59064,1.8399,-1.2851,-0.30281,-0.2726,-0.10657,1.2965,-1.69959,-0.31529,-1.51588,-0.65425,0.68775,0.89902,0.52799,-0.26272,-0.74525,-0.202,0.73019,-0.27646,-0.15406,0.26758,0
negative410,-0.12453,-0.19626,-0.21715,-0.16513,-0.0915,-0.10818,-0.14012,-0.12467,-0.21439,-0.18816,-0.24143,-0.13765,2.42466,-0.20684,-0.68451,1.20593,1.16414,-0.92396,0.92081,-0.62717,-0.22045,-0.24832,1.48333,-1.9273,0.00584,-0.22454,-0.27459,-0.1838,-0.17764,-0.21124,-1.04754,-0.24955,0.38553,-0.19169,-1.01935,-0.11703,-0.75649,-1.08732,-0.40137,-0.28071,-0.21525,0.02484,-0.30461,-0.19193,-0.2232,-0.32273,1.63275,-0.23907,-0.24428,1.29008,-0.47728,-0.786,-1.48861,-0.2726,-0.10657,-1.26256,1.89647,-0.48385,-0.35463,1.82721,0.5922,-2.53468,0.20442,-0.26272,-0.34476,5.03431,0.73019,-0.27646,-0.15406,0.27087,0
negative411,-0.12453,-0.19626,-0.21715,-0.16513,-0.0915,-0.10818,-0.14012,-0.12467,-0.21439,-0.18816,-0.24143,-0.13765,-0.20814,-0.20684,-0.16467,-0.51986,-0.00342,0.26486,-0.35822,-1.5276,-0.22045,-0.24832,0.53577,1.02775,0.00584,-0.22454,-0.0718,-0.1838,-0.17764,-0.21124,-0.51355,-0.24955,0.93324,-0.19169,-1.01935,-0.11703,-0.75649,0.69125,-0.77343,-0.28071,-0.21525,0.07007,-0.30461,-0.19193,-0.2232,1.06991,1.68117,-0.23907,-0.24428,-0.59064,0.79102,-0.63056,-1.1302,-0.2726,-0.10657,0.02282,-0.9018,-0.44171,-1.51588,0.55311,-0.97609,0.04163,1.38681,-0.26272,4.86164,-0.202,0.73019,-0.27646,-0.15406,-0.56563,0
negative412,-0.12453,-0.19626,-0.21715,-0.16513,-0.0915,-0.10818,-0.14012,-0.12467,-0.21439,-0.18816,-0.24143,-0.13765,-0.20814,-0.20684,-1.20435,3.07783,-0.00342,-0.92396,0.4092,0.72349,-0.22045,-0.24832,-0.91483,-0.76395,-0.79504,-0.22454,1.19732,-0.1838,-0.17764,-0.21124,-1.81406,7.42908,2.57638,-0.19169,-0.05628,-0.11703,0.37507,0.33553,1.45891,-0.28071,-0.21525,-0.80315,3.20408,-0.19193,-0.2232,-0.22647,0.64105,-0.23907,-0.24428,-0.59064,-0.35712,0.93558,0.67066,-0.2726,-0.10657,0.07415,0.12603,0.48536,-0.35463,1.65909,-2.27659,1.31514,0.58338,-0.26272,-0.34476,-0.202,0.73019,-0.27646,-0.15406,-0.24059,0
negative413,-0.12453,-0.19626,-0.21715,-0.16513,-0.0915,-0.10818,-0.14012,-0.12467,-0.21439,-0.18816,3.99133,-0.13765,-0.20814,-0.20684,0.35516,-0.51986,1.16414,-0.154,-0.61402,-0.17695,-0.22045,-0.24832,0.29286,-1.10935,0.00584,-0.22454,1.44633,-0.1838,-0.17764,-0.21124,1.01738,-0.24955,0.93324,-0.19169,-1.01935,-0.11703,-0.75649,-0.37589,0.71479,-0.28071,-0.21525,-0.28366,-0.30461,-0.19193,-0.2232,0.20762,0.99258,-0.23907,-0.24428,1.29008,1.07439,-0.2102,-1.38327,-0.2726,-0.10657,0.02836,0.55639,-0.48385,-0.35463,-0.3759,1.13859,-0.82891,-0.79552,3.50456,0.45622,-0.202,-1.36951,-0.27646,-0.15406,-0.56563,0
negative414,-0.12453,-0.19626,-0.21715,-0.16513,-0.0915,-0.10818,-0.14012,-0.12467,-0.21439,-0.18816,-0.24143,-0.13765,-0.20814,-0.20684,0.35516,-0.51986,0.69712,-0.03902,1.17662,-0.62717,4.44426,-0.24832,0.38175,1.03013,0.00584,-0.22454,-0.24529,-0.1838,-0.17764,-0.21124,1.29344,-0.24955,-0.70989,-0.19169,-0.05628,-0.11703,-0.75649,0.33553,0.71479,-0.28071,-0.21525,0.95414,-0.30461,-0.19193,-0.2232,0.00757,0.22488,-0.23907,-0.24428,1.29008,0.65263,-0.33333,-1.42442,-0.2726,-0.10657,1.90261,-1.53313,-0.73669,1.38724,-1.05686,1.41962,0.78065,-1.48546,-0.26272,2.05819,-0.202,0.73019,-0.27646,-0.15406,0.43528,0
negative415,-0.12453,-0.19626,-0.21715,-0.16513,-0.0915,-0.10818,-0.14012,-0.12467,-0.21439,-0.18816,-0.24143,-0.13765,-0.20814,-0.20684,0.875,-0.51986,0.46361,1.40235,0.92081,-0.62717,-0.22045,-0.24832,-0.43846,-0.30873,0.80672,-0.22454,-0.22511,-0.1838,-0.17764,-0.21124,-0.10121,-0.24955,-0.70989,-0.19169,0.90678,-0.11703,-0.75649,1.04696,0.71479,-0.28071,-0.21525,0.03338,-0.30461,-0.19193,-0.2232,0.19945,-0.23277,-0.23907,3.73903,1.29008,0.07208,-0.81848,-0.54255,-0.2726,-0.10657,0.58745,0.08675,-0.65241,1.38724,-0.83902,-0.9957,0.15344,1.41206,-0.26272,0.05573,-0.202,0.73019,-0.27646,-0.15406,-0.92525,0
negative416,-0.12453,-0.19626,-0.21715,-0.16513,-0.0915,-0.10818,-0.14012,-0.12467,-0.21439,-0.18816,-0.24143,-0.13765,-0.20814,-0.20684,-1.20435,-0.51986,1.39765,0.52767,-0.10241,-1.07738,-0.22045,-0.24832,0.23319,-0.36803,0.00584,-0.22454,-0.9666,-0.1838,-0.17764,-0.21124,-0.07557,-0.24955,0.93324,-0.19169,-0.05628,-0.11703,-0.75649,1.40267,1.45891,-0.28071,5.1565,0.69271,-0.30461,-0.19193,-0.2232,-0.27927,1.2895,-0.23907,3.73903,-0.59064,0.63124,0.3159,-0.78415,-0.2726,-0.10657,0.66512,0.47997,-0.14673,-1.51588,0.89108,-1.28985,-0.53587,-1.21482,-0.26272,2.05819,-0.202,0.73019,-0.27646,-0.15406,-0.61805,0
negative417,-0.12453,-0.19626,-0.21715,-0.16513,-0.0915,-0.10818,-0.14012,-0.12467,3.19751,-0.18816,-0.24143,-0.13765,-0.20814,-0.20684,1.39484,-0.51986,-0.00342,0.90957,-0.86983,-1.5276,-0.22045,-0.24832,0.10554,1.69774,0.80672,4.6674,-0.12942,-0.1838,-0.17764,4.31533,-0.95207,3.58977,0.38553,-0.19169,-0.05628,-0.11703,-0.75649,1.40267,1.45891,-0.28071,-0.21525,-0.83778,-0.30461,-0.19193,-0.2232,-1.19069,1.01855,-0.23907,-0.24428,-0.59064,0.48526,-1.63104,0.039,-0.2726,-0.10657,-0.59268,-0.42633,-0.18887,-0.93526,0.59143,-1.3614,-1.40862,-2.2415,-0.26272,0.85672,-0.202,-1.36951,-0.27646,-0.15406,-0.56563,0
negative418,-0.12453,-0.19626,-0.21715,-0.16513,-0.0915,-0.10818,-0.14012,-0.12467,-0.21439,-0.18816,-0.24143,-0.13765,-0.20814,-0.20684,-1.20435,1.0655,-0.47044,-0.92396,-0.86983,0.27327,-0.22045,-0.24832,-0.76468,-0.88642,0.00584,-0.22454,0.3048,-0.1838,-0.17764,-0.21124,-1.45063,-0.24955,0.93324,-0.19169,1.86985,-0.11703,0.31141,1.40267,1.83096,-0.28071,-0.21525,0.52247,-0.30461,-0.19193,-0.2232,0.69288,-0.89938,-0.23907,-0.24428,-0.59064,-1.32456,2.39853,0.95444,-0.2726,-0.10657,-2.25927,-0.097,0.48536,0.80661,0.13236,-1.14622,0.49184,0.65845,-0.26272,0.05573,-0.202,0.73019,-0.27646,-0.15406,-0.24059,0
negative419,-0.14425,-0.20744,-0.22883,-0.18011,-0.11946,-0.13001,-0.14945,-0.13489,-0.24827,-0.19886,-0.27295,-0.17397,-0.26697,-0.24643,-1.46426,1.00218,-1.40448,0.97528,-1.12564,1.51137,-0.25519,-0.26769,-0.08641,-0.56239,-0.21662,-0.22454,0.8645,-0.1838,-0.19234,-0.27867,-0.74056,-0.29244,0.52246,-0.19169,-1.01935,-0.13857,0.36261,-0.55375,-0.86644,-0.28071,2.47062,-0.5619,2.22944,-0.21571,-0.2232,-0.17642,0.51092,-0.23907,-0.24428,-0.59064,0.72595,0.1716,-0.44046,-0.28176,-0.10657,-1.22314,-0.70545,1.45457,-1.08805,1.41317,-1.57855,0.14227,-0.20153,-0.31883,-0.24464,-0.202,0.73019,-0.35722,-0.18643,0.72031,0
negative420,-0.12453,-0.19626,-0.21715,-0.16513,-0.0915,-0.10818,-0.14012,-0.12467,-0.21439,-0.18816,-0.24143,-0.13765,-0.20814,-0.20684,-0.68451,-0.51986,-1.17097,-0.92396,-0.86983,0.27327,-0.22045,-0.24832,0.53065,1.30442,-0.79504,-0.22454,0.23726,-0.1838,-0.17764,-0.21124,0.50328,-0.24955,0.38553,-0.19169,-0.05628,-0.11703,-0.75649,-1.08732,-0.40137,4.20706,-0.21525,1.70569,-0.30461,-0.19193,-0.2232,-1.40481,1.03379,-0.23907,-0.24428,1.29008,-2.17544,-0.34665,-1.1434,-0.2726,-0.10657,-0.7496,-1.01195,-0.61027,0.22599,0.14338,-0.47488,-0.54068,-0.34745,-0.26272,0.45622,-0.202,-1.36951,-0.27646,-0.15406,1.44218,0
negative421,-0.12453,-0.19626,-0.21715,-0.16513,-0.0915,-0.10818,-0.14012,-0.12467,-0.21439,-0.18816,-0.24143,-0.13765,-0.20814,-0.20684,-0.68451,-0.51986,0.93063,-0.92396,-0.10241,0.27327,-0.22045,-0.24832,-0.30808,0.3003,-0.79504,-0.22454,-0.9666,-0.1838,-0.17764,-0.21124,0.38967,-0.24955,-0.16218,-0.19169,0.90678,-0.11703,-0.75649,-0.02018,1.08685,-0.28071,-0.21525,-1.06378,-0.30461,-0.19193,-0.2232,0.02477,-0.19394,4.68535,-0.24428,1.29008,-1.37664,-0.82011,-0.73582,-0.2726,-0.10657,0.29707,0.09801,-0.31529,-0.35463,0.59653,3.12288,-0.14858,0.94126,-0.26272,0.05573,-0.202,0.73019,-0.27646,-0.15406,-0.93193,0
negative422,-0.12453,-0.19626,-0.21715,-0.16513,-0.0915,-0.10818,-0.14012,-0.12467,-0.21439,-0.18816,3.99133,-0.13765,-0.20814,-0.20684,1.91467,-0.51986,-0.23693,1.75961,0.15339,-1.5276,-0.22045,-0.24832,1.95334,-0.62299,1.6076,-0.22454,-0.01142,-0.1838,-0.17764,-0.21124,-1.39537,-0.24955,-0.70989,-0.19169,-1.01935,-0.11703,-0.75649,-0.02018,-0.40137,-0.28071,2.47062,1.22001,-0.30461,-0.19193,-0.2232,1.3798,-0.22606,-0.23907,-0.24428,-0.59064,1.54584,-0.16531,-1.63807,-0.2726,-0.10657,1.86151,-0.58398,-1.36878,1.38724,-0.33886,-0.38615,1.95096,0.08059,-0.26272,0.45622,-0.202,-1.36951,3.33793,-0.15406,-1.70381,0
negative423,-0.12453,-0.19626,-0.21715,-0.16513,-0.0915,-0.10818,-0.14012,-0.12467,-0.21439,-0.18816,-0.24143,-0.13765,-0.20814,-0.20684,0.35516,1.25666,-0.23693,0.52767,0.15339,-0.62717,-0.22045,-0.24832,0.50235,2.57898,0.80672,-0.22454,-0.25425,-0.1838,-0.17764,-0.21124,0.4014,-0.24955,0.38553,-0.19169,-1.01935,-0.11703,0.33083,-1.44303,-0.77343,-0.28071,5.1565,0.73476,-0.30461,-0.19193,-0.2232,0.51532,-0.06563,-0.23907,-0.24428,-0.59064,0.45941,0.05878,0.69593,-0.2726,-0.10657,-0.95812,0.65281,-0.73669,0.80661,0.45263,0.61522,-0.63184,-0.85301,-0.26272,0.45622,-0.202,-1.36951,-0.27646,-0.15406,0.46657,0
negative424,-0.12453,-0.19626,-0.21715,-0.16513,-0.0915,-0.10818,-0.14012,-0.12467,-0.21439,-0.18816,-0.24143,-0.13765,-0.20814,-0.20684,-0.68451,-0.51986,-1.40448,-0.92396,-1.12564,0.72349,-0.22045,-0.24832,0.56384,-1.85726,-0.79504,-0.22454,0.27664,-0.1838,-0.17764,-0.21124,0.67541,-0.24955,0.38553,-0.19169,-0.05628,-0.11703,-0.75649,0.33553,1.08685,-0.28071,-0.21525,0.17185,-0.30461,-0.19193,4.27512,-0.38945,1.19498,-0.23907,-0.24428,-0.59064,-0.20285,-0.47494,-0.8236,-0.2726,-0.10657,2.019,-0.60098,-0.52599,0.80661,0.62615,-0.91654,0.40444,-0.36586,-0.26272,-0.74525,-0.202,0.73019,-0.27646,-0.15406,-0.08232,0
negative425,-0.12453,-0.19626,-0.21715,-0.16513,-0.0915,-0.10818,-0.14012,-0.12467,-0.21439,-0.18816,-0.24143,-0.13765,-0.20814,-0.20684,-0.16467,1.46569,-1.40448,0.52767,-1.12564,1.17371,-0.22045,-0.24832,0.80572,-0.40962,0.00584,-0.22454,1.42191,-0.1838,-0.17764,-0.21124,-1.11441,-0.24955,0.93324,-0.19169,-1.01935,-0.11703,0.40034,0.69125,-0.02932,-0.28071,-0.21525,0.24003,-0.30461,-0.19193,-0.2232,-1.01097,-0.2202,-0.23907,-0.24428,-0.59064,0.87667,0.30457,-0.65393,-0.2726,-0.10657,-0.74504,0.20667,-0.61027,0.22599,-0.99912,-1.22623,-0.00695,-0.37332,-0.26272,-0.74525,-0.202,0.73019,-0.27646,-0.15406,-0.92525,0
negative426,-0.12453,4.30927,4.48779,-0.16513,-0.0915,-0.10818,-0.14012,-0.12467,-0.21439,-0.18816,-0.24143,-0.13765,-0.20814,-0.20684,-0.68451,-0.51986,-1.40448,-0.92396,-1.12564,2.07414,-0.22045,-0.24832,-0.05586,-0.55015,-0.79504,-0.22454,-0.38396,-0.1838,-0.17764,-0.21124,0.21778,-0.24955,-1.2576,-0.19169,1.86985,-0.11703,-0.75649,-0.7316,-0.77343,-0.28071,-0.21525,-0.9273,-0.30461,-0.19193,-0.2232,-0.08498,-0.28267,-0.23907,-0.24428,-0.59064,0.6533,1.50828,0.1245,-0.2726,-0.10657,-1.30615,3.58973,-0.69455,1.96786,-0.62208,2.25919,-0.24453,-1.78764,-0.26272,-0.34476,-0.202,0.73019,-0.27646,-0.15406,-0.83065,0
negative427,-0.12453,-0.19626,-0.21715,-0.16513,-0.0915,-0.10818,-0.14012,-0.12467,-0.21439,-0.18816,-0.24143,-0.13765,-0.20814,-0.20684,0.35516,-0.51986,-1.17097,1.20319,-0.86983,-0.62717,-0.22045,-0.24832,-0.23841,-0.63564,-0.79504,-0.22454,0.38894,-0.1838,-0.17764,-0.21124,1.70318,-0.24955,-0.16218,-0.19169,-0.05628,-0.11703,-0.75649,-1.44303,-0.40137,-0.28071,-0.21525,-0.20399,3.20408,-0.19193,-0.2232,-0.41671,0.9721,-0.23907,-0.24428,-0.59064,0.19698,0.07873,-0.58286,-0.2726,-0.10657,0.73573,0.80688,-0.14673,-0.35463,0.65194,0.48752,-0.90626,-0.09569,-0.26272,0.45622,-0.202,-1.36951,-0.27646,-0.15406,-1.30852,0
negative428,-0.12453,-0.19626,-0.21715,-0.16513,-0.0915,-0.10818,-0.14012,-0.12467,-0.21439,-0.18816,-0.24143,-0.13765,-0.20814,-0.20684,-0.16467,-0.51986,-0.93746,-0.92396,-0.61402,0.27327,-0.22045,-0.24832,0.59038,-1.12607,-0.79504,-0.22454,0.47569,-0.1838,-0.17764,-0.21124,1.35547,-0.24955,0.93324,-0.19169,-1.01935,-0.11703,-0.75649,-0.02018,0.34274,-0.28071,-0.21525,1.40905,-0.30461,-0.19193,-0.2232,-0.18362,0.41279,-0.23907,-0.24428,-0.59064,-0.19151,-0.10954,-1.73993,-0.2726,-0.10657,-0.09822,-0.10182,-0.90525,0.22599,-0.15971,2.87831,0.22685,-1.28508,-0.26272,0.45622,-0.202,-1.36951,-0.27646,-0.15406,0.19642,0
negative429,-0.12453,-0.19626,-0.21715,-0.16513,-0.0915,-0.10818,-0.14012,-0.12467,-0.21439,-0.18816,-0.24143,-0.13765,-0.20814,-0.20684,-1.20435,-0.51986,0.23009,-0.92396,0.665,1.62393,-0.22045,-0.24832,-0.75399,-0.73274,-0.79504,-0.22454,1.4805,-0.1838,-0.17764,-0.21124,0.87118,-0.24955,1.48095,-0.19169,-0.05628,-0.11703,0.28885,-1.08732,-0.02932,-0.28071,-0.21525,-0.94965,3.20408,-0.19193,-0.2232,0.05914,-0.25384,-0.23907,3.73903,1.29008,-1.75328,0.86485,0.2309,-0.2726,-0.10657,0.59693,-0.48695,0.14824,-0.93526,-0.29896,-1.31726,0.15678,1.04803,-0.26272,-0.34476,-0.202,-1.36951,-0.27646,-0.15406,-0.29856,0
negative430,-0.12453,-0.19626,-0.21715,-0.16513,-0.0915,-0.10818,-0.14012,-0.12467,-0.21439,-0.18816,-0.24143,-0.13765,-0.20814,-0.20684,-1.72418,-0.51986,-1.40448,-0.92396,-1.12564,1.62393,-0.22045,-0.24832,0.30338,-0.89928,-0.79504,-0.22454,0.3533,-0.1838,-0.17764,-0.21124,0.12673,-0.24955,-0.16218,-0.19169,0.90678,-0.11703,-0.75649,1.04696,1.45891,4.20706,-0.21525,-0.20398,-0.30461,-0.19193,-0.2232,-0.65702,0.40769,-0.23907,-0.24428,-0.59064,-0.98572,0.57991,-0.82425,3.41445,-0.10657,0.76741,0.47808,-0.23101,0.22599,-0.43267,0.47119,0.28316,0.00541,-0.26272,-0.74525,5.03431,0.73019,-0.27646,-0.15406,-0.349,0
negative431,-0.12453,-0.19626,-0.21715,-0.16513,-0.0915,-0.10818,-0.14012,-0.12467,-0.21439,-0.18816,-0.24143,-0.13765,-0.20814,-0.20684,-1.20435,-0.51986,0.69712,0.66319,1.17662,-0.17695,-0.22045,-0.24832,0.13737,-0.56478,0.00584,-0.22454,0.58766,-0.1838,-0.17764,-0.21124,-0.30296,-0.24955,0.93324,-0.19169,-0.05628,-0.11703,-0.75649,-1.79874,-0.77343,-0.28071,5.1565,-0.25001,-0.30461,-0.19193,-0.2232,-0.04927,1.21768,-0.23907,3.73903,-0.59064,-1.24176,-0.37837,-0.71988,-0.2726,-0.10657,-0.1079,0.72783,0.10611,-1.51588,0.76105,-0.53437,0.12255,-1.30874,-0.26272,0.45622,-0.202,0.73019,-0.27646,-0.15406,-0.50466,0
negative432,-0.12453,-0.19626,-0.21715,-0.16513,-0.0915,-0.10818,-0.14012,-0.12467,-0.21439,-0.18816,-0.24143,-0.13765,-0.20814,-0.20684,-0.68451,-0.51986,-0.00342,1.75961,0.4092,1.62393,-0.22045,3.65197,-0.60236,0.35902,-0.79504,-0.22454,2.16779,-0.1838,-0.17764,-0.21124,0.92499,-0.24955,1.48095,-0.19169,-0.05628,-0.11703,-0.75649,-1.79874,-0.77343,-0.28071,-0.21525,-1.49168,-0.30461,-0.19193,-0.2232,0.87644,0.60815,-0.23907,-0.24428,1.29008,0.66122,-0.17072,-0.77789,3.41445,-0.10657,-0.92308,2.08973,-0.02031,-0.93526,-0.36743,-0.65918,-1.39763,-0.22663,-0.26272,-0.34476,-0.202,-1.36951,3.33793,-0.15406,0.50712,0
negative433,-0.14425,-0.20744,-0.22883,-0.18011,-0.11946,-0.13001,-0.14945,-0.13489,-0.24827,-0.19886,-0.27295,-0.17397,-0.26697,-0.24643,-1.07439,-0.51986,0.17172,2.08402,-0.35822,-0.85228,-0.25519,-0.26769,0.25493,-0.08542,1.51861,-0.22454,0.20064,-0.1838,-0.19234,-0.27867,-0.69633,-0.29244,1.75481,-0.19169,-0.29705,-0.13857,0.38942,-0.55375,0.52877,-0.28071,-0.21525,-0.45351,-0.30461,-0.21571,-0.2232,0.09358,-0.62183,-0.23907,-0.24428,-0.59064,-0.76489,0.24956,3.01574,-0.28176,-0.10657,0.19161,-0.29138,1.28602,-1.51588,0.18551,-0.517,0.3833,2.4425,-0.31883,1.85795,-0.202,0.73019,-0.35722,-0.18643,-0.34421,0
negative434,-0.12453,-0.19626,-0.21715,-0.16513,-0.0915,-0.10818,-0.14012,-0.12467,6.60941,-0.18816,-0.24143,-0.13765,-0.20814,-0.20684,3.47418,-0.51986,-0.47044,-0.92396,-0.10241,-1.97782,-0.22045,-0.24832,1.61132,0.12819,0.80672,-0.22454,0.09892,-0.1838,-0.17764,-0.21124,0.22643,-0.24955,-1.2576,-0.19169,-1.01935,-0.11703,-0.75649,1.04696,-0.77343,-0.28071,-0.21525,1.84822,-0.30461,-0.19193,-0.2232,4.77789,0.6512,-0.23907,-0.24428,-0.59064,-0.65856,0.53668,-0.75212,-0.2726,-0.10657,-2.72547,-0.87681,-1.4952,2.54849,0.15703,-0.0651,-0.45978,1.19648,3.50456,0.85672,-0.202,0.73019,-0.27646,6.36637,-1.70381,0
negative435,-0.14425,-0.20744,-0.22883,-0.18011,-0.11946,-0.13001,-0.14945,6.92671,-0.24827,-0.19886,-0.27295,-0.17397,-0.26697,-0.24643,-0.68451,3.43785,1.39765,-0.92396,0.4092,1.17371,-0.25519,-0.26769,-0.88361,0.71029,-0.79504,-0.22454,0.62037,-0.1838,-0.19234,-0.27867,-0.02861,-0.29244,1.75481,-0.19169,-1.01935,-0.13857,3.38367,0.24661,0.52877,-0.28071,-0.21525,0.36569,2.22944,-0.21571,-0.2232,-0.7411,-1.72223,-0.23907,-0.24428,1.91698,-0.99462,0.1854,1.40019,-0.28176,-0.10657,-0.77499,0.28726,2.04453,-0.66023,0.57857,0.07874,-0.17214,-1.24166,-0.31883,-0.84538,-0.202,-1.36951,-0.35722,-0.18643,-0.17226,0
negative436,-0.12453,-0.19626,-0.21715,-0.16513,-0.0915,-0.10818,-0.14012,-0.12467,-0.21439,-0.18816,-0.24143,-0.13765,-0.20814,-0.20684,0.35516,-0.51986,0.93063,0.02874,1.43242,-0.62717,-0.22045,-0.24832,0.10594,-0.23241,0.80672,-0.22454,-0.23325,-0.1838,-0.17764,-0.21124,-1.21531,3.58977,-0.16218,-0.19169,-0.05628,-0.11703,0.35879,0.33553,-0.40137,-0.28071,-0.21525,0.88526,-0.30461,-0.19193,-0.2232,-0.87607,0.02625,-0.23907,-0.24428,-0.59064,0.34633,0.44666,0.23908,-0.2726,-0.10657,0.8367,-0.33188,-0.39957,0.80661,-0.36675,-1.40305,-0.51607,-2.29905,-0.26272,-0.74525,-0.202,0.73019,-0.27646,-0.15406,0.53797,0
negative437,-0.11095,-0.18856,-0.2091,-0.15482,-0.07225,-0.09315,-0.13369,-0.11764,-0.19106,-0.18079,-0.21972,-0.11264,-0.16763,-0.17958,-0.29463,-0.51986,0.34685,0.80486,0.79291,1.06115,-0.19653,-0.23498,-1.43301,-0.70457,-0.79504,-0.22454,0.38731,-0.1838,-0.16751,-0.16481,1.17028,-0.22001,-0.29911,-0.19169,1.38832,-0.1022,-0.75649,0.95803,2.11,-0.28071,-0.21525,-0.13172,-0.30461,-0.17555,-0.2232,1.46918,-0.42287,-0.23907,-0.24428,-0.59064,-1.36589,-1.21519,-0.38983,-0.2663,-0.10657,0.91405,3.32383,-1.2845,0.70105,-1.45297,1.88103,-1.4051,0.40398,4.02598,0.85672,-0.202,-1.36951,-0.22085,-0.13176,1.43891,0
negative438,-0.14787,-0.2095,3.70547,-0.18285,-0.12459,-0.13402,-0.15117,-0.13676,-0.25449,-0.20083,-0.27874,-0.18063,-0.27776,-0.25369,-0.75877,0.80127,-1.40448,-0.92396,-1.12564,1.94551,-0.26157,-0.27124,-0.70383,0.17915,-0.24707,-0.22454,-0.9666,-0.1838,-0.19503,-0.29104,0.53452,-0.30031,-1.57058,-0.19169,1.04437,-0.14252,-0.75649,1.14859,-0.87973,-0.28071,-0.21525,-1.79512,-0.30461,-0.22007,-0.2232,-0.02649,-0.42093,-0.23907,-0.24428,-0.59064,-0.79455,0.03853,-0.9435,2.80137,-0.10657,-0.60957,-0.44439,1.1596,0.5163,-1.0997,1.09252,1.39396,-0.73331,-0.32913,-0.85968,3.1862,-1.36951,-0.37204,-0.19237,-0.62119,0
negative439,-0.12453,-0.19626,-0.21715,-0.16513,-0.0915,-0.10818,-0.14012,-0.12467,-0.21439,-0.18816,-0.24143,-0.13765,-0.20814,-0.20684,-1.20435,-0.51986,1.63116,-0.92396,2.19984,-0.17695,-0.22045,-0.24832,-0.31547,0.80091,-0.79504,-0.22454,-0.35011,-0.1838,-0.17764,-0.21124,0.09662,-0.24955,0.38553,-0.19169,-0.05628,-0.11703,1.33353,-1.44303,-0.40137,-0.28071,-0.21525,0.71128,-0.30461,-0.19193,-0.2232,-0.18676,-0.27673,-0.23907,-0.24428,1.29008,-0.75154,1.43426,1.0556,-0.2726,-0.10657,0.05875,-1.29334,0.10611,0.80661,0.11369,0.0315,1.33022,-0.21705,-0.26272,0.45622,-0.202,-1.36951,-0.27646,-0.15406,0.33825,0
negative440,-0.12453,-0.19626,-0.21715,-0.16513,-0.0915,-0.10818,-0.14012,-0.12467,-0.21439,-0.18816,-0.24143,-0.13765,-0.20814,-0.20684,-0.16467,-0.51986,-1.40448,-0.92396,-1.12564,0.27327,-0.22045,-0.24832,1.69646,-1.22991,-0.79504,-0.22454,-0.9666,-0.1838,-0.17764,-0.21124,-0.35732,-0.24955,-1.2576,-0.19169,-0.05628,-0.11703,-0.75649,-0.37589,-0.77343,-0.28071,-0.21525,2.64281,-0.30461,-0.19193,-0.2232,1.51831,-0.21027,-0.23907,-0.24428,1.29008,-1.07999,0.47711,-1.6915,-0.2726,-0.10657,0.15365,-0.14735,-1.57948,0.22599,-2.31213,0.26787,0.37104,-0.30032,-0.26272,0.05573,-0.202,0.73019,-0.27646,-0.15406,-0.56563,0
negative441,-0.12453,-0.19626,-0.21715,-0.16513,-0.0915,-0.10818,-0.14012,-0.12467,-0.21439,-0.18816,-0.24143,-0.13765,-0.20814,-0.20684,0.35516,-0.51986,0.23009,0.52767,0.665,0.27327,-0.22045,-0.24832,-0.17294,0.90134,0.00584,-0.22454,-0.9666,-0.1838,-0.17764,-0.21124,0.96508,-0.24955,-0.70989,-0.19169,-0.05628,-0.11703,-0.75649,1.04696,0.34274,-0.28071,-0.21525,-0.99583,-0.30461,-0.19193,-0.2232,0.64963,0.5312,-0.23907,-0.24428,-0.59064,0.46288,-0.01585,-1.01838,-0.2726,-0.10657,-1.34471,-0.36719,-0.69455,0.22599,-1.33768,-0.0937,0.80928,0.40182,-0.26272,-0.74525,-0.202,-1.36951,-0.27646,3.10616,-0.05508,0
negative442,-0.12453,-0.19626,-0.21715,-0.16513,-0.0915,-0.10818,-0.14012,-0.12467,-0.21439,-0.18816,-0.24143,-0.13765,-0.20814,-0.20684,-0.68451,-0.51986,-0.93746,-0.92396,-0.61402,-0.62717,-0.22045,3.65197,-0.23551,0.37965,0.00584,-0.22454,0.49505,-0.1838,-0.17764,-0.21124,-0.60345,-0.24955,0.38553,-0.19169,0.90678,-0.11703,-0.75649,-0.37589,-0.02932,-0.28071,-0.21525,0.09972,-0.30461,-0.19193,-0.2232,0.52236,0.70179,-0.23907,-0.24428,1.29008,2.23367,-3.23416,0.94371,-0.2726,-0.10657,0.07641,0.77141,0.02183,-1.51588,0.51134,0.31464,0.45301,1.48762,-0.26272,-0.74525,-0.202,0.73019,-0.27646,-0.15406,0.14456,0
negative443,-0.12453,-0.19626,-0.21715,-0.16513,-0.0915,-0.10818,-0.14012,-0.12467,-0.21439,-0.18816,-0.24143,-0.13765,-0.20814,-0.20684,-0.68451,-0.51986,0.69712,1.40235,1.17662,0.27327,-0.22045,-0.24832,-0.52234,0.01019,-0.79504,-0.22454,-0.30242,-0.1838,-0.17764,-0.21124,-1.184,-0.24955,-0.16218,-0.19169,0.90678,-0.11703,-0.75649,1.75839,-0.77343,-0.28071,-0.21525,-0.6317,3.20408,-0.19193,-0.2232,-0.60411,0.4936,-0.23907,-0.24428,-0.59064,-1.4488,1.20537,-0.50721,-0.2726,-0.10657,-0.38769,-0.1631,-0.31529,-0.35463,-0.69039,-1.59141,0.02676,-0.60111,-0.26272,-0.74525,-0.202,-1.36951,-0.27646,-0.15406,-0.0628,0
negative444,-0.12453,-0.19626,-0.21715,-0.16513,-0.0915,-0.10818,-0.14012,-0.12467,-0.21439,-0.18816,-0.24143,-0.13765,2.42466,-0.20684,-0.16467,-0.51986,0.69712,-0.92396,1.17662,-0.17695,-0.22045,-0.24832,-1.55397,-0.68366,0.00584,-0.22454,-0.35824,-0.1838,-0.17764,-0.21124,-1.11308,-0.24955,-0.70989,-0.19169,1.86985,-0.11703,0.27691,1.75839,-0.77343,-0.28071,-0.21525,-0.66441,-0.30461,-0.19193,-0.2232,-0.63651,-1.35266,-0.23907,-0.24428,-0.59064,0.68848,0.86885,0.90469,-0.2726,-0.10657,-1.09543,-1.17505,0.14824,0.22599,-0.85259,-1.83546,-0.40137,0.98913,-0.26272,-0.74525,-0.202,0.73019,-0.27646,-0.15406,-0.92525,0
negative445,-0.12453,-0.19626,-0.21715,-0.16513,-0.0915,-0.10818,-0.14012,-0.12467,-0.21439,-0.18816,3.99133,-0.13765,-0.20814,-0.20684,-0.16467,-0.51986,-0.93746,-0.92396,-0.61402,0.27327,-0.22045,-0.24832,0.02586,-0.76694,0.00584,-0.22454,-0.9666,-0.1838,-0.17764,-0.21124,0.52704,-0.24955,-0.70989,-0.19169,-0.05628,-0.11703,0.37219,0.33553,0.34274,-0.28071,5.1565,-0.22455,-0.30461,-0.19193,4.27512,-0.93943,-0.40198,-0.23907,-0.24428,-0.59064,-1.07114,-0.59986,0.18709,-0.2726,-0.10657,0.05155,-0.58934,-0.52599,1.38724,0.69281,-0.38805,0.79591,0.17273,-0.26272,-0.74525,-0.202,0.73019,-0.27646,-0.15406,0.11241,0
negative446,-0.14425,-0.20744,3.80987,-0.18011,-0.11946,-0.13001,-0.14945,-0.13489,-0.24827,-0.19886,-0.27295,-0.17397,-0.26697,-0.24643,-0.68451,-0.51986,1.39765,0.75353,1.94403,0.83604,-0.25519,-0.26769,0.20589,0.47585,-0.21662,-0.22454,0.90502,-0.1838,-0.19234,-0.27867,-0.07053,-0.29244,0.11168,-0.19169,-0.29705,-0.13857,-0.75649,-0.28696,-0.02932,-0.28071,2.47062,-0.73987,-0.30461,-0.21571,-0.2232,0.00642,0.90306,-0.23907,-0.24428,-0.59064,-1.42762,0.276,-0.78895,-0.28176,-0.10657,-0.56377,0.86849,1.32815,-0.66023,0.33241,-0.68946,-0.81589,-0.007,-0.31883,0.65647,-0.202,0.73019,-0.35722,-0.18643,-0.60639,0
negative447,-0.12453,-0.19626,-0.21715,-0.16513,-0.0915,-0.10818,-0.14012,-0.12467,-0.21439,-0.18816,-0.24143,-0.13765,-0.20814,-0.20684,0.875,1.3147,0.23009,1.40235,0.665,-1.07738,-0.22045,-0.24832,-0.08814,0.71046,1.6076,-0.22454,-0.9666,-0.1838,-0.17764,-0.21124,0.55993,-0.24955,-0.70989,-0.19169,-0.05628,-0.11703,-0.75649,1.04696,-0.77343,-0.28071,-0.21525,-1.59586,-0.30461,-0.19193,-0.2232,-0.68553,1.0625,4.68535,-0.24428,1.29008,2.42237,-0.47039,-0.43012,-0.2726,-0.10657,1.23651,-0.73868,-0.48385,-1.51588,1.58815,0.98591,0.27503,1.5609,-0.26272,-0.74525,-0.202,0.73019,-0.27646,-0.15406,-0.18814,0
negative448,-0.12453,-0.19626,-0.21715,-0.16513,-0.0915,-0.10818,-0.14012,-0.12467,-0.21439,-0.18816,3.99133,-0.13765,-0.20814,-0.20684,-0.68451,-0.51986,-0.93746,-0.92396,-0.61402,0.72349,-0.22045,-0.24832,-0.97717,-2.17514,-0.79504,-0.22454,-0.3685,-0.1838,-0.17764,-0.21124,-0.99282,-0.24955,-0.16218,-0.19169,1.86985,-0.11703,0.28751,1.04696,0.34274,-0.28071,-0.21525,0.99626,-0.30461,-0.19193,-0.2232,-2.23142,-1.26512,-0.23907,-0.24428,-0.59064,0.50219,1.66996,0.86886,-0.2726,-0.10657,0.98274,-0.2879,-0.10459,0.80661,-1.6488,-0.52565,-0.05855,-0.89997,-0.26272,-0.74525,-0.202,0.73019,-0.27646,-0.15406,-0.56563,0
negative449,-0.12453,-0.19626,-0.21715,-0.16513,-0.0915,-0.10818,-0.14012,-0.12467,-0.21439,-0.18816,-0.24143,-0.13765,-0.20814,-0.20684,-1.72418,-0.51986,-0.00342,1.40235,-0.61402,0.27327,-0.22045,-0.24832,-0.83827,-1.50675,-0.79504,-0.22454,-0.9666,-0.1838,-0.17764,-0.21124,1.43147,-0.24955,-0.16218,-0.19169,0.90678,-0.11703,0.27834,-1.79874,-0.77343,-0.28071,-0.21525,0.35347,-0.30461,-0.19193,-0.2232,0.04837,-0.65426,-0.23907,-0.24428,1.29008,-0.32118,0.98539,0.1505,-0.2726,-0.10657,-0.08538,3.08419,0.35894,-0.35463,0.64549,1.89361,-1.58516,0.81905,-0.26272,0.45622,-0.202,-1.36951,-0.27646,-0.15406,0.91545,0
negative450,-0.12018,-0.19379,-0.21457,-0.16183,-0.08533,-0.10337,-0.13806,-0.12242,-0.20692,-0.1858,-0.23447,-0.12964,-0.19517,-0.19811,0.54082,1.74534,-0.40372,-0.92396,-0.02933,0.016,-0.21279,-0.24405,2.15265,-1.00324,0.9402,-0.22454,0.84985,-0.1838,-0.17439,-0.19637,-0.22345,-0.24009,-0.00569,-0.19169,-1.01935,-0.11228,-0.75649,1.65675,1.64493,-0.28071,-0.21525,-0.11419,-0.30461,-0.18668,-0.2232,1.76618,0.60748,-0.23907,-0.24428,-0.59064,-1.82675,-0.42152,-1.47358,-0.27059,-0.10657,-1.53324,-0.32618,-1.24236,1.61055,0.55188,-0.7536,1.5182,-2.08761,-0.25034,-0.71665,-0.202,0.73019,-0.25865,-0.14692,-0.59813,0
negative451,-0.12453,-0.19626,-0.21715,-0.16513,-0.0915,-0.10818,-0.14012,-0.12467,-0.21439,-0.18816,-0.24143,-0.13765,-0.20814,-0.20684,0.875,-0.51986,-0.70395,0.44554,-0.35822,-0.17695,-0.22045,3.65197,-1.02093,-2.39957,0.80672,-0.22454,-0.38851,-0.1838,-0.17764,-0.21124,1.11641,-0.24955,-0.16218,5.3648,0.90678,-0.11703,0.29582,0.69125,0.71479,-0.28071,-0.21525,0.41203,-0.30461,-0.19193,-0.2232,-0.74412,-1.46366,-0.23907,-0.24428,1.29008,-0.96745,-1.12541,1.44722,-0.2726,-0.10657,1.61898,-0.84256,-0.69455,0.80661,-1.52312,-0.40143,0.67709,0.7345,-0.26272,-0.34476,-0.202,-1.36951,-0.27646,-0.15406,1.56575,0
negative452,-0.12453,-0.19626,-0.21715,-0.16513,-0.0915,-0.10818,-0.14012,8.10183,-0.21439,-0.18816,-0.24143,-0.13765,-0.20814,-0.20684,-0.16467,1.00137,-1.40448,-0.92396,-1.12564,2.07414,-0.22045,-0.24832,-0.93313,-0.55079,-0.79504,-0.22454,0.25321,-0.1838,-0.17764,-0.21124,1.46618,-0.24955,-0.70989,-0.19169,-0.05628,-0.11703,0.32673,-0.7316,-0.40137,-0.28071,-0.21525,-0.9271,-0.30461,-0.19193,-0.2232,0.92849,-0.8551,-0.23907,-0.24428,-0.59064,0.26234,-0.37595,-0.32713,-0.2726,-0.10657,1.24996,-0.59634,-0.69455,0.80661,-0.81615,1.95664,0.28412,0.34432,3.50456,-0.74525,-0.202,0.73019,-0.27646,-0.15406,4.28522,0
negative453,-0.12453,-0.19626,-0.21715,-0.16513,-0.0915,-0.10818,-0.14012,-0.12467,-0.21439,-0.18816,-0.24143,-0.13765,-0.20814,-0.20684,-0.16467,-0.51986,0.23009,-0.92396,0.4092,-1.5276,-0.22045,-0.24832,-0.00125,-0.27151,2.40848,-0.22454,-0.9666,-0.1838,-0.17764,-0.21124,-2.277,-0.24955,0.38553,-0.19169,0.90678,-0.11703,-0.75649,-1.08732,-0.77343,-0.28071,-0.21525,-0.86523,-0.30461,-0.19193,-0.2232,0.53256,1.10427,-0.23907,-0.24428,-0.59064,-0.93755,1.03207,0.04643,-0.2726,-0.10657,1.66729,1.21823,-0.10459,-1.51588,0.86048,-1.28218,0.66548,0.74551,-0.26272,2.05819,-0.202,0.73019,-0.27646,3.10616,-0.83065,0
negative454,-0.12453,-0.19626,-0.21715,-0.16513,-0.0915,-0.10818,-0.14012,-0.12467,-0.21439,-0.18816,-0.24143,-0.13765,-0.20814,-0.20684,0.35516,-0.51986,-1.40448,-0.92396,-1.12564,-0.62717,-0.22045,7.55225,0.83164,-0.06301,-0.79504,-0.22454,-0.28842,-0.1838,-0.17764,-0.21124,0.95577,-0.24955,0.93324,-0.19169,-0.05628,-0.11703,0.35288,1.04696,1.45891,-0.28071,-0.21525,0.54289,-0.30461,4.59684,4.27512,1.41084,0.705,-0.23907,-0.24428,-0.59064,2.1279,0.32843,0.8672,-0.2726,-0.10657,-0.42769,-0.98471,-0.39957,-1.51588,1.04847,-2.21684,1.59841,-0.72804,-0.26272,-0.74525,-0.202,-1.36951,-0.27646,-0.15406,-0.18814,0
negative455,-0.12453,-0.19626,-0.21715,-0.16513,-0.0915,-0.10818,-0.14012,-0.12467,-0.21439,-0.18816,-0.24143,-0.13765,-0.20814,-0.20684,-0.16467,-0.51986,1.16414,-0.92396,0.4092,-0.17695,-0.22045,-0.24832,0.3073,0.06361,0.00584,-0.22454,0.14042,-0.1838,5.74403,-0.21124,3.2933,-0.24955,-0.16218,-0.19169,-0.05628,-0.11703,-0.75649,-1.44303,-0.40137,-0.28071,-0.21525,-0.94253,-0.30461,-0.19193,-0.2232,-0.144,1.58548,-0.23907,-0.24428,1.29008,-0.64979,-1.82079,-0.33041,-0.2726,-0.10657,2.38322,0.0754,-0.39957,-1.51588,2.8903,-0.6557,-0.94456,0.72219,-0.26272,-0.74525,5.03431,-1.36951,-0.27646,-0.15406,1.78793,0
negative456,-0.12453,-0.19626,-0.21715,-0.16513,-0.0915,-0.10818,-0.14012,-0.12467,-0.21439,-0.18816,-0.24143,-0.13765,-0.20814,-0.20684,0.875,-0.51986,-0.47044,0.14577,-0.86983,-1.5276,-0.22045,-0.24832,-0.53587,0.50197,0.00584,-0.22454,-0.9666,-0.1838,-0.17764,-0.21124,0.06893,-0.24955,0.93324,5.3648,-0.05628,-0.11703,0.30667,-0.02018,-0.40137,-0.28071,-0.21525,0.96881,-0.30461,-0.19193,-0.2232,-0.65259,-0.94417,-0.23907,3.73903,-0.59064,0.05773,-1.72534,0.98782,-0.2726,-0.10657,-1.08827,0.52034,-0.77883,-0.35463,-0.80018,-1.01203,0.05407,-1.25442,-0.26272,-0.34476,-0.202,0.73019,-0.27646,-0.15406,-0.15455,0
negative457,-0.14787,-0.2095,3.70547,-0.18285,-0.12459,-0.13402,-0.15117,-0.13676,-0.25449,-0.20083,-0.27874,-0.18063,-0.27776,-0.25369,0.35516,-0.51986,-1.23769,0.52357,-0.94292,0.33759,-0.26157,-0.27124,-1.96021,0.97038,0.84887,-0.22454,0.61695,-0.1838,-0.19503,3.49617,-0.13841,-0.30031,-0.39691,-0.19169,-0.33145,-0.14252,2.57378,-0.12181,-0.61398,-0.28071,-0.21525,-0.16033,-0.30461,-0.22007,-0.2232,-0.22307,-1.63738,-0.23907,-0.24428,-0.59064,-1.29223,-0.00709,1.62709,-0.28344,-0.10657,-1.67382,-0.02654,1.74955,0.92274,-1.38353,-0.41701,0.51314,0.55253,-0.32913,-0.28755,-0.202,-1.36951,-0.37204,-0.19237,-1.03228,0
negative458,-0.12453,-0.19626,-0.21715,-0.16513,-0.0915,-0.10818,-0.14012,-0.12467,-0.21439,-0.18816,-0.24143,-0.13765,-0.20814,-0.20684,0.875,-0.51986,1.16414,0.66319,1.68823,-0.62717,-0.22045,-0.24832,-0.5503,-0.32232,-0.79504,-0.22454,0.30675,-0.1838,-0.17764,-0.21124,-0.37624,-0.24955,-0.16218,-0.19169,-1.01935,-0.11703,1.28469,-0.7316,-0.77343,-0.28071,-0.21525,0.64078,-0.30461,-0.19193,-0.2232,-1.14977,-0.61395,-0.23907,-0.24428,3.1708,1.03689,-0.83537,0.59461,-0.2726,-0.10657,-0.69316,-1.27406,-0.27315,-0.35463,0.09704,-0.75985,-0.67903,-1.83619,-0.26272,-0.74525,-0.202,-1.36951,3.33793,-0.15406,-1.30852,0
negative459,-0.12453,-0.19626,-0.21715,-0.16513,-0.0915,-0.10818,-0.14012,-0.12467,3.19751,-0.18816,-0.24143,-0.13765,-0.20814,-0.20684,1.39484,-0.51986,-0.47044,-0.92396,-0.10241,-1.07738,-0.22045,-0.24832,0.7594,0.50431,0.00584,-0.22454,-0.27768,-0.1838,-0.17764,-0.21124,-0.14413,-0.24955,-0.70989,-0.19169,-0.05628,-0.11703,-0.75649,1.40267,-0.77343,-0.28071,2.47062,0.24357,-0.30461,-0.19193,-0.2232,0.95725,0.84061,-0.23907,-0.24428,-0.59064,-0.15961,-1.05594,-0.64773,-0.2726,-0.10657,-1.12466,-0.51154,-0.82097,1.96786,0.31098,-0.57923,0.15588,0.65069,-0.26272,-0.74525,-0.202,0.73019,-0.27646,-0.15406,0.26277,0
negative460,-0.12453,-0.19626,-0.21715,-0.16513,-0.0915,-0.10818,-0.14012,-0.12467,-0.21439,-0.18816,-0.24143,-0.13765,-0.20814,-0.20684,-0.68451,1.29157,-0.47044,-0.92396,-0.10241,0.27327,-0.22045,-0.24832,-0.66658,-0.55717,-0.79504,4.6674,0.4861,5.93513,-0.17764,-0.21124,-1.96636,-0.24955,-0.16218,-0.19169,1.86985,-0.11703,-0.75649,-1.08732,-0.77343,-0.28071,-0.21525,-0.21266,-0.30461,-0.19193,-0.2232,-0.55529,-0.72108,-0.23907,3.73903,1.29008,0.43063,0.68326,-0.37524,-0.2726,-0.10657,-0.21037,0.2324,0.02183,-0.93526,-0.31471,-0.50846,-0.35106,0.80302,-0.26272,0.05573,-0.202,0.73019,-0.27646,-0.15406,0.57256,0
negative461,-0.12453,-0.19626,-0.21715,-0.16513,-0.0915,-0.10818,-0.14012,-0.12467,-0.21439,-0.18816,-0.24143,-0.13765,-0.20814,-0.20684,-0.16467,-0.51986,0.69712,-0.92396,-0.86983,-1.5276,-0.22045,-0.24832,-0.59037,0.7216,0.00584,-0.22454,-0.9666,-0.1838,-0.17764,-0.21124,0.43284,-0.24955,0.93324,-0.19169,-1.01935,-0.11703,1.32275,-0.37589,0.34274,-0.28071,-0.21525,1.81817,-0.30461,4.59684,-0.2232,-0.86535,-1.05693,-0.23907,3.73903,1.29008,1.31592,1.48145,2.6987,-0.2726,-0.10657,0.55462,-0.1203,-0.77883,-0.93526,-0.43476,-0.6212,-0.61238,1.50208,-0.26272,1.25721,-0.202,0.73019,-0.27646,-0.15406,-0.07969,0
negative462,-0.14425,-0.20744,-0.22883,-0.18011,-0.11946,-0.13001,6.30763,-0.13489,2.68049,-0.19886,-0.27295,-0.17397,-0.26697,-0.24643,-0.68451,0.91857,0.34685,1.5625,0.21734,-0.17695,-0.25519,-0.26769,-0.66954,0.22512,-0.79504,-0.22454,-0.9666,-0.1838,-0.19234,-0.27867,0.61883,-0.29244,1.34403,-0.19169,1.14755,-0.13857,-0.75649,-0.02018,1.08685,-0.28071,-0.21525,-0.14434,-0.30461,-0.21571,-0.2232,-0.68594,0.22052,-0.23907,-0.24428,-0.59064,0.52909,-0.72549,0.34506,2.88319,-0.10657,1.26605,1.93339,1.49671,-0.66023,-0.92883,-0.72925,-1.02832,0.66364,-0.31883,-0.84538,-0.202,0.73019,-0.35722,-0.18643,-1.51258,0
negative463,-0.12453,-0.19626,-0.21715,-0.16513,-0.0915,-0.10818,-0.14012,-0.12467,-0.21439,-0.18816,-0.24143,-0.13765,-0.20814,-0.20684,-0.68451,2.48119,-0.93746,0.85619,-0.61402,-0.17695,-0.22045,-0.24832,-0.977,0.40869,0.00584,-0.22454,-0.36492,-0.1838,-0.17764,-0.21124,-0.69983,-0.24955,0.93324,-0.19169,0.90678,-0.11703,-0.75649,-0.37589,0.71479,-0.28071,-0.21525,-1.1339,-0.30461,4.59684,-0.2232,-0.18994,0.73042,-0.23907,-0.24428,-0.59064,-0.81604,-0.65554,-0.50897,-0.2726,-0.10657,1.03485,0.60644,0.02183,-1.51588,1.39664,1.16974,-0.03199,-1.79057,-0.26272,0.05573,-0.202,0.73019,-0.27646,-0.15406,-0.32482,0
negative464,-0.12453,-0.19626,-0.21715,-0.16513,-0.0915,-0.10818,-0.14012,-0.12467,-0.21439,-0.18816,-0.24143,-0.13765,-0.20814,-0.20684,-0.68451,-0.51986,0.46361,-0.92396,-0.86983,-1.5276,-0.22045,-0.24832,-0.29456,2.70008,-0.79504,-0.22454,-0.38933,-0.1838,-0.17764,-0.21124,2.27345,-0.24955,1.48095,-0.19169,-0.05628,-0.11703,-0.75649,-0.7316,0.34274,-0.28071,-0.21525,1.50671,-0.30461,-0.19193,-0.2232,-1.38931,0.91887,-0.23907,-0.24428,3.1708,1.4324,-0.78387,-0.90392,-0.2726,-0.10657,1.37416,-0.17721,-0.10459,-0.35463,1.33342,0.69602,-2.37896,1.20676,-0.26272,0.85672,-0.202,0.73019,-0.27646,-0.15406,-0.56563,0
negative465,-0.12453,-0.19626,-0.21715,-0.16513,-0.0915,-0.10818,-0.14012,-0.12467,-0.21439,-0.18816,-0.24143,-0.13765,-0.20814,-0.20684,1.39484,-0.51986,-0.23693,0.68783,0.15339,-0.62717,-0.22045,-0.24832,0.17658,-1.35119,0.00584,-0.22454,-0.9666,-0.1838,-0.17764,-0.21124,0.21428,-0.24955,-1.2576,5.3648,-0.05628,-0.11703,0.29604,-0.7316,-0.77343,-0.28071,-0.21525,0.45179,-0.30461,-0.19193,-0.2232,-0.2,-0.93989,-0.23907,-0.24428,-0.59064,2.14528,1.3166,0.03783,-0.2726,-0.10657,1.33245,-0.25498,-0.65241,0.22599,-0.9215,-0.65006,0.01443,1.75004,-0.26272,-0.74525,-0.202,0.73019,-0.27646,-0.15406,-0.92525,0
negative466,-0.12453,-0.19626,-0.21715,-0.16513,-0.0915,-0.10818,-0.14012,-0.12467,-0.21439,-0.18816,-0.24143,-0.13765,-0.20814,-0.20684,1.39484,-0.51986,1.16414,0.32235,-0.10241,-2.42804,-0.22045,-0.24832,0.80788,0.75986,0.00584,-0.22454,-0.9666,-0.1838,-0.17764,-0.21124,1.85034,-0.24955,1.48095,-0.19169,-1.01935,-0.11703,-0.75649,-1.79874,-0.77343,-0.28071,-0.21525,0.34942,-0.30461,-0.19193,-0.2232,1.05973,0.44172,-0.23907,-0.24428,1.29008,-0.82504,0.32769,-0.11811,-0.2726,-0.10657,-1.71469,0.66915,-1.03167,-0.35463,0.56466,-0.32384,-1.66017,-0.28013,-0.26272,-0.34476,-0.202,0.73019,-0.27646,-0.15406,1.35089,0
negative467,6.67382,7.52761,-0.22883,-0.18011,9.54803,-0.13001,-0.14945,-0.13489,-0.24827,-0.19886,-0.27295,-0.17397,-0.26697,-0.24643,0.48512,0.70264,-1.05421,1.79657,-0.74193,0.16072,-0.25519,-0.26769,1.3312,1.04566,-0.79504,-0.22454,0.50417,-0.1838,-0.19234,-0.27867,0.24978,-0.29244,0.52246,-0.19169,-0.29705,-0.13857,-0.75649,1.04696,2.20302,-0.28071,-0.21525,-0.43586,-0.30461,-0.21571,-0.2232,-0.63511,1.20448,-0.23907,-0.24428,0.66317,-0.70555,1.39759,-0.81176,-0.28176,-0.10657,-0.49295,-1.03898,0.9489,0.19543,1.39793,-0.10623,0.23092,-0.48919,-0.31883,0.95684,-0.202,-1.36951,-0.35722,-0.18643,-0.49149,0
negative468,-0.12453,-0.19626,-0.21715,-0.16513,-0.0915,-0.10818,-0.14012,-0.12467,-0.21439,-0.18816,-0.24143,-0.13765,-0.20814,-0.20684,0.875,-0.51986,-1.40448,0.41064,-1.12564,-1.07738,-0.22045,-0.24832,1.021,-0.28506,-0.79504,-0.22454,-0.9666,-0.1838,-0.17764,-0.21124,-0.62232,-0.24955,-0.70989,-0.19169,-0.05628,-0.11703,0.36302,1.40267,2.20302,1.96317,-0.21525,0.56143,-0.30461,-0.19193,-0.2232,0.3851,0.04346,-0.23907,-0.24428,-0.59064,0.77147,-0.72752,-0.05822,-0.2726,-0.10657,0.24292,-0.42739,-0.77883,0.80661,-0.85409,1.33836,-1.38854,0.0192,-0.26272,-0.74525,-0.202,0.73019,-0.27646,-0.15406,2.0012,0
negative469,-0.12453,-0.19626,-0.21715,-0.16513,-0.0915,-0.10818,-0.14012,8.10183,-0.21439,-0.18816,-0.24143,-0.13765,-0.20814,3.77947,-0.16467,1.11745,-0.70395,0.66319,-0.35822,-1.5276,-0.22045,-0.24832,1.273,-1.46347,0.00584,-0.22454,-0.9666,-0.1838,-0.17764,-0.21124,0.35981,-0.24955,0.38553,-0.19169,-1.01935,-0.11703,-0.75649,-1.44303,-0.77343,-0.28071,-0.21525,-0.48324,-0.30461,-0.19193,-0.2232,-0.33347,2.55452,-0.23907,-0.24428,-0.59064,-0.84605,0.52566,-0.97308,-0.2726,-0.10657,0.15488,0.85727,-0.56813,-0.93526,2.3195,0.1489,-1.64534,0.61035,-0.26272,2.05819,-0.202,0.73019,-0.27646,-0.15406,-0.43804,0
negative470,-0.14425,-0.20744,-0.22883,-0.18011,-0.11946,-0.13001,-0.14945,-0.13489,-0.24827,-0.19886,-0.27295,-0.17397,-0.26697,-0.24643,0.09525,-0.51986,-1.22935,-0.92396,-0.93378,-0.17695,-0.25519,-0.26769,-0.10031,-0.59652,-0.21662,-0.22454,-0.47868,-0.1838,4.89079,-0.27867,1.739,-0.29244,0.11168,-0.19169,-0.29705,-0.13857,0.3328,1.58053,0.24972,4.20706,-0.21525,-0.14957,-0.30461,-0.21571,-0.2232,-0.23122,-0.16694,-0.23907,-0.24428,-0.59064,0.63816,-0.72506,0.89739,-0.28176,-0.10657,0.74744,-1.1728,0.86462,0.19543,0.70803,-0.40351,-0.26434,-0.27002,-0.31883,-0.54501,-0.202,0.73019,-0.35722,-0.18643,-1.11368,0
negative471,-0.13671,-0.20317,-0.22436,-0.17438,-0.10878,-0.12167,-0.14589,-0.13098,-0.23533,-0.19477,-0.26091,-0.16009,-0.24449,-0.2313,0.78836,-0.51986,1.31981,1.00402,1.85876,-1.00235,-0.24192,-0.26029,2.08273,0.05183,2.45853,3.61913,-0.9666,-0.1838,-0.18672,-0.25291,-0.80543,-0.27606,-0.52732,-0.19169,-1.01935,-0.13034,-0.75649,-0.67232,-0.83544,1.96317,-0.21525,-0.0148,-0.30461,-0.20662,3.37545,0.78529,1.68663,-0.23907,-0.24428,-0.59064,0.71508,0.61553,-1.15025,-0.27826,-0.10657,-0.32907,-0.37286,-0.18887,0.87492,-0.19463,-1.22618,0.15791,-1.04154,-0.2974,0.85672,-0.202,-1.36951,-0.32637,2.78453,-0.48078,0
negative472,-0.12453,-0.19626,-0.21715,-0.16513,-0.0915,-0.10818,-0.14012,-0.12467,-0.21439,-0.18816,-0.24143,7.1771,-0.20814,-0.20684,-1.72418,-0.51986,-0.47044,1.10258,-0.10241,1.62393,-0.22045,-0.24832,-0.36389,-0.69747,-0.79504,-0.22454,0.38796,-0.1838,-0.17764,-0.21124,-1.48183,-0.24955,0.38553,-0.19169,0.90678,-0.11703,-0.75649,0.33553,1.08685,-0.28071,-0.21525,-0.46798,3.20408,-0.19193,-0.2232,-0.47541,0.53509,-0.23907,-0.24428,-0.59064,-1.40495,1.19459,-0.55039,-0.2726,-0.10657,0.40235,-0.50779,-0.10459,0.22599,-0.65478,-1.71721,-0.04502,-1.23168,-0.26272,-0.74525,-0.202,0.73019,-0.27646,-0.15406,0.32869,0
negative473,-0.12453,-0.19626,-0.21715,-0.16513,-0.0915,-0.10818,-0.14012,-0.12467,-0.21439,-0.18816,-0.24143,-0.13765,-0.20814,-0.20684,-0.16467,-0.51986,0.23009,0.66319,0.4092,-1.5276,-0.22045,-0.24832,0.68058,0.48208,1.6076,-0.22454,-0.08954,-0.1838,-0.17764,-0.21124,-0.94886,-0.24955,0.93324,-0.19169,-0.05628,-0.11703,-0.75649,0.69125,-0.02932,-0.28071,-0.21525,-0.51901,-0.30461,-0.19193,-0.2232,-0.7792,1.8263,-0.23907,-0.24428,-0.59064,0.78458,-1.43455,-0.23709,-0.2726,-0.10657,-0.50439,0.24499,0.06397,-0.93526,0.97761,-2.27901,-0.01846,-1.74598,-0.26272,-0.34476,-0.202,0.73019,-0.27646,-0.15406,-0.61805,0
negative474,-0.12453,-0.19626,-0.21715,-0.16513,-0.0915,-0.10818,-0.14012,-0.12467,-0.21439,-0.18816,-0.24143,-0.13765,-0.20814,-0.20684,-0.16467,-0.51986,0.23009,-0.92396,-0.86983,-0.17695,-0.22045,-0.24832,-1.16893,1.5756,-0.79504,-0.22454,0.12317,-0.1838,-0.17764,-0.21124,1.57204,-0.24955,0.38553,-0.19169,1.86985,-0.11703,-0.75649,-0.7316,-0.02932,-0.28071,-0.21525,0.96365,-0.30461,-0.19193,-0.2232,-3.3879,-0.65682,4.68535,-0.24428,3.1708,-0.56752,-0.0654,-0.09633,-0.2726,-0.10657,1.33393,0.4532,-0.06245,0.22599,-0.48118,1.34368,-0.20513,1.50571,-0.26272,0.85672,-0.202,0.73019,-0.27646,-0.15406,1.20516,0
negative475,-0.12453,-0.19626,-0.21715,-0.16513,-0.0915,-0.10818,-0.14012,-0.12467,-0.21439,-0.18816,-0.24143,-0.13765,-0.20814,-0.20684,-0.16467,-0.51986,-1.40448,-0.92396,-1.12564,0.27327,-0.22045,-0.24832,-0.4929,0.62696,0.80672,-0.22454,0.41937,-0.1838,-0.17764,-0.21124,-1.7201,-0.24955,-1.2576,-0.19169,0.90678,-0.11703,-0.75649,0.33553,0.34274,-0.28071,-0.21525,-0.94974,-0.30461,-0.19193,-0.2232,-0.30603,0.08028,-0.23907,-0.24428,1.29008,-0.65645,-0.04023,-0.53969,-0.2726,-0.10657,-0.55048,-0.88264,-0.44171,0.80661,-0.35123,-2.15879,0.12275,-0.30435,-0.26272,-0.34476,-0.202,0.73019,-0.27646,-0.15406,1.52835,0
negative476,-0.12453,-0.19626,-0.21715,-0.16513,-0.0915,-0.10818,-0.14012,-0.12467,-0.21439,-0.18816,-0.24143,-0.13765,-0.20814,-0.20684,0.875,-0.51986,-0.70395,0.11908,-0.35822,-1.07738,-0.22045,-0.24832,0.57453,-1.0968,0.00584,-0.22454,-0.24464,-0.1838,-0.17764,-0.21124,1.50747,-0.24955,-0.70989,-0.19169,-0.05628,-0.11703,-0.75649,-0.37589,0.71479,-0.28071,-0.21525,0.06028,-0.30461,-0.19193,-0.2232,-0.59918,0.83751,-0.23907,-0.24428,-0.59064,-0.10452,-0.2815,-0.89495,-0.2726,-0.10657,-0.4166,0.04635,-0.56813,-0.93526,0.08062,-0.09383,-1.01504,0.21184,-0.26272,-0.74525,-0.202,0.73019,-0.27646,-0.15406,-1.19471,0
negative477,-0.14425,-0.20744,-0.22883,-0.18011,-0.11946,-0.13001,-0.14945,-0.13489,-0.24827,-0.19886,-0.27295,-0.17397,-0.26697,-0.24643,0.48512,-0.51986,-1.05421,1.08615,-0.74193,-0.51461,3.74897,-0.26769,-0.8406,-0.76014,-0.79504,-0.22454,-0.41293,-0.1838,-0.19234,-0.27867,-0.18663,-0.29244,0.11168,-0.19169,1.14755,-0.13857,-0.75649,-0.82053,-0.30836,-0.28071,-0.21525,0.19388,-0.30461,-0.21571,-0.2232,-0.56347,0.19986,-0.23907,-0.24428,-0.59064,1.70408,-1.6866,-0.23431,-0.28176,-0.10657,-0.495,0.7694,1.32815,0.19543,-0.98339,-0.33861,1.24162,-0.30946,-0.31883,0.3561,-0.202,0.73019,-0.35722,-0.18643,0.23994,0
negative478,-0.14425,-0.20744,-0.22883,-0.18011,-0.11946,7.41745,-0.14945,-0.13489,-0.24827,-0.19886,-0.27295,-0.17397,-0.26697,-0.24643,-0.29463,-0.51986,0.69712,-0.92396,0.21734,-0.17695,-0.25519,-0.26769,0.44082,0.31683,-0.79504,-0.22454,-0.40023,-0.1838,-0.19234,-0.27867,0.20421,-0.29244,-0.29911,-0.19169,-1.01935,-0.13857,1.37388,0.51339,-0.30836,-0.28071,-0.21525,1.88611,2.22944,3.89495,-0.2232,0.45713,0.05892,-0.23907,2.63255,0.66317,-1.96651,0.00111,0.11204,-0.28176,-0.10657,1.4868,-0.84553,0.99104,-0.2324,0.88204,-0.15426,-0.81489,-0.26207,-0.31883,-0.84538,-0.202,0.73019,-0.35722,-0.18643,0.66878,0
negative479,-0.12453,-0.19626,-0.21715,-0.16513,-0.0915,-0.10818,-0.14012,-0.12467,6.60941,-0.18816,-0.24143,-0.13765,-0.20814,-0.20684,1.91467,-0.51986,-1.40448,-0.92396,-1.12564,-0.62717,-0.22045,-0.24832,-1.74169,-1.08712,-0.79504,-0.22454,-0.9666,-0.1838,-0.17764,-0.21124,-0.02902,-0.24955,-1.80531,-0.19169,-1.01935,-0.11703,3.01513,0.69125,-0.40137,-0.28071,-0.21525,2.76326,-0.30461,-0.19193,-0.2232,3.73364,-3.12058,-0.23907,-0.24428,1.29008,-1.26239,-1.11577,2.2429,-0.2726,-0.10657,-0.10948,-0.70284,-0.77883,1.96786,-2.00041,0.19816,0.92925,3.75873,-0.26272,0.05573,-0.202,-1.36951,-0.27646,-0.15406,0.26758,0
negative480,-0.14425,-0.20744,-0.22883,-0.18011,-0.11946,7.41745,-0.14945,-0.13489,-0.24827,-0.19886,-0.27295,-0.17397,-0.26697,-0.24643,-1.46426,-0.51986,1.57278,-0.92396,0.4092,1.17371,-0.25519,-0.26769,-0.42527,0.84746,-0.21662,-0.22454,0.1523,-0.1838,-0.19234,-0.27867,0.14469,-0.29244,0.11168,-0.19169,0.42525,-0.13857,-0.75649,0.51339,-0.86644,4.20706,-0.21525,0.13162,2.22944,-0.21571,-0.2232,-0.45886,-0.67165,-0.23907,-0.24428,-0.59064,0.59651,-0.20121,0.33903,-0.28176,-0.10657,-0.8552,-0.00174,0.86462,-0.66023,-1.22421,0.52485,-0.70564,-0.09487,-0.31883,-0.54501,3.39796,-1.36951,2.74536,-0.18643,-0.34447,0
negative481,-0.14425,3.66008,-0.22883,-0.18011,-0.11946,-0.13001,-0.14945,-0.13489,-0.24827,-0.19886,-0.27295,-0.17397,-0.26697,-0.24643,1.26488,-0.51986,0.17172,1.5625,0.60105,-1.18994,3.74897,-0.26769,0.87692,-0.46666,0.9402,-0.22454,-0.41293,-0.1838,-0.19234,-0.27867,1.89929,-0.29244,-1.12067,-0.19169,0.42525,-0.13857,-0.75649,-0.28696,-0.5874,-0.28071,-0.21525,-0.54492,-0.30461,-0.21571,-0.2232,-0.22213,0.97985,-0.23907,-0.24428,0.66317,-1.13833,0.16381,-0.41461,2.88319,-0.10657,-0.64573,-0.44502,0.9489,-0.66023,0.26227,-0.49403,0.85993,-0.29248,-0.31883,-0.24464,-0.202,-1.36951,-0.35722,-0.18643,0.8744,0
negative482,-0.12453,-0.19626,-0.21715,-0.16513,-0.0915,-0.10818,-0.14012,-0.12467,-0.21439,-0.18816,-0.24143,-0.13765,-0.20814,-0.20684,-1.20435,-0.51986,0.23009,-0.92396,0.665,1.62393,-0.22045,-0.24832,-1.1953,-0.50323,-0.79504,-0.22454,0.22831,-0.1838,-0.17764,-0.21124,-0.31348,-0.24955,0.38553,-0.19169,-0.05628,-0.11703,2.40951,-1.44303,-0.40137,4.20706,-0.21525,-0.49818,-0.30461,-0.19193,-0.2232,0.40239,-1.99631,-0.23907,-0.24428,-0.59064,-0.2019,1.13854,2.20567,-0.2726,-0.10657,-0.83731,1.64425,0.35894,0.22599,-0.35648,-0.03539,0.42661,-0.72004,-0.26272,-0.74525,-0.202,-1.36951,-0.27646,-0.15406,1.27238,0
negative483,-0.12453,-0.19626,-0.21715,-0.16513,-0.0915,-0.10818,-0.14012,-0.12467,13.43322,-0.18816,-0.24143,-0.13765,-0.20814,-0.20684,3.47418,-0.51986,-1.40448,-0.92396,-1.12564,-1.07738,-0.22045,-0.24832,-0.55053,0.44962,0.80672,-0.22454,0.47211,-0.1838,-0.17764,-0.21124,0.10551,-0.24955,-1.2576,-0.19169,-0.05628,-0.11703,0.36231,0.69125,-0.77343,-0.28071,-0.21525,1.84642,-0.30461,-0.19193,-0.2232,1.67366,-0.73937,-0.23907,-0.24428,-0.59064,0.03996,-0.9025,0.58674,-0.2726,-0.10657,-2.74879,-1.20737,-1.03167,3.12911,-1.2282,-0.16361,-0.10743,1.51632,3.50456,0.45622,-0.202,-1.36951,-0.27646,3.10616,-0.56563,0
negative484,-0.12453,-0.19626,-0.21715,-0.16513,-0.0915,-0.10818,-0.14012,-0.12467,-0.21439,-0.18816,-0.24143,-0.13765,-0.20814,-0.20684,-1.20435,-0.51986,-0.00342,-0.92396,-0.86983,0.27327,-0.22045,-0.24832,-0.53036,-0.7713,-0.79504,-0.22454,1.80877,-0.1838,-0.17764,-0.21124,1.40034,-0.24955,2.02867,-0.19169,-0.05628,-0.11703,-0.75649,2.46981,3.69124,-0.28071,-0.21525,0.28418,-0.30461,-0.19193,-0.2232,-0.02096,0.9697,-0.23907,-0.24428,-0.59064,-0.13325,0.04097,-0.69167,-0.2726,-0.10657,-0.23464,-0.0998,0.19038,-0.93526,1.83088,-0.33046,-1.5376,1.2077,3.50456,0.45622,-0.202,-1.36951,-0.27646,-0.15406,0.43528,0
negative485,-0.14053,-0.20534,-0.22663,-0.17728,-0.11419,-0.1259,-0.1477,-0.13296,-0.24189,-0.19685,-0.26701,-0.16713,-0.25589,-0.23897,-0.60243,-0.51986,0.43903,-0.92396,-0.72173,0.32066,-0.24865,-0.26404,-1.1399,-0.19237,-0.1826,-0.22454,-0.46517,-0.1838,-0.18957,-0.26597,0.48811,3.10159,0.6738,-0.19169,2.02192,-0.13451,0.34143,-1.03115,0.02943,-0.28071,-0.21525,0.08779,-0.30461,-0.21123,-0.2232,-1.05351,-1.79471,-0.23907,-0.24428,0.75273,-0.02711,1.46826,2.28448,-0.28003,-0.10657,0.94965,-0.04696,1.28602,-0.61269,-1.17196,1.14589,0.13835,0.20225,-0.30826,-0.19721,-0.202,0.73019,-0.34201,-0.18033,0.1863,0
negative486,-0.12453,-0.19626,-0.21715,-0.16513,-0.0915,-0.10818,-0.14012,-0.12467,-0.21439,-0.18816,-0.24143,-0.13765,2.42466,3.77947,0.875,-0.51986,-0.70395,1.40235,-0.35822,-0.62717,-0.22045,-0.24832,1.94425,-0.38166,0.00584,-0.22454,-0.19321,-0.1838,-0.17764,-0.21124,-0.49958,-0.24955,-0.70989,-0.19169,-1.01935,-0.11703,-0.75649,0.33553,-0.77343,-0.28071,-0.21525,-0.16077,-0.30461,-0.19193,-0.2232,0.25033,1.06833,-0.23907,-0.24428,-0.59064,-0.10029,-0.137,-1.21744,-0.2726,-0.10657,-0.53197,-1.55174,-1.20022,0.80661,0.44558,-0.48138,0.95715,0.07105,3.50456,0.45622,-0.202,-1.36951,-0.27646,-0.15406,0.03999,0
negative487,-0.12453,-0.19626,-0.21715,-0.16513,-0.0915,-0.10818,-0.14012,-0.12467,-0.21439,-0.18816,-0.24143,-0.13765,-0.20814,-0.20684,-0.16467,-0.51986,2.09818,0.44554,2.71145,0.72349,4.44426,-0.24832,-0.34525,0.54553,-0.79504,-0.22454,0.4516,-0.1838,-0.17764,-0.21124,0.44717,-0.24955,-0.16218,-0.19169,0.90678,-0.11703,-0.75649,-1.08732,-0.40137,-0.28071,-0.21525,-0.63904,3.20408,-0.19193,-0.2232,-0.23038,0.25868,-0.23907,3.73903,-0.59064,0.10065,-1.70959,-0.45911,-0.2726,-0.10657,-0.73435,0.2478,-0.39957,-0.35463,-0.74813,0.18806,0.44075,-1.19424,-0.26272,1.25721,-0.202,0.73019,-0.27646,-0.15406,-1.03704,0
negative488,-0.12453,-0.19626,-0.21715,-0.16513,-0.0915,-0.10818,-0.14012,-0.12467,-0.21439,-0.18816,-0.24143,-0.13765,-0.20814,-0.20684,0.35516,-0.51986,0.23009,0.52767,-0.86983,-1.97782,-0.22045,-0.24832,0.19829,4.14949,-0.79504,-0.22454,-0.24367,-0.1838,-0.17764,-0.21124,0.18393,-0.24955,0.93324,5.3648,-0.05628,-0.11703,-0.75649,1.40267,1.83096,-0.28071,-0.21525,3.01281,-0.30461,-0.19193,-0.2232,2.67652,1.03045,-0.23907,-0.24428,1.29008,-0.76136,-0.36732,-0.89749,-0.2726,-0.10657,1.22615,0.19787,-0.18887,-1.51588,0.52072,0.54924,2.44156,2.11709,-0.26272,-0.34476,-0.202,0.73019,-0.27646,-0.15406,-0.56563,0
negative489,-0.12453,-0.19626,-0.21715,-0.16513,-0.0915,-0.10818,-0.14012,-0.12467,-0.21439,-0.18816,-0.24143,-0.13765,-0.20814,-0.20684,-1.72418,-0.51986,-1.17097,-0.92396,-0.86983,1.62393,-0.22045,-0.24832,-0.49603,-0.66728,-0.79504,-0.22454,1.01471,-0.1838,-0.17764,-0.21124,-1.01894,-0.24955,0.38553,-0.19169,-0.05628,-0.11703,0.33634,-0.7316,-0.40137,-0.28071,-0.21525,-0.56334,3.20408,-0.19193,-0.2232,0.01193,0.01828,-0.23907,-0.24428,-0.59064,-0.18775,0.63644,0.11227,-0.2726,-0.10657,0.18859,0.09824,0.19038,0.22599,-0.01791,0.25725,0.42026,-0.22534,-0.26272,1.25721,-0.202,0.73019,-0.27646,-0.15406,-1.31192,0
negative490,-0.12453,-0.19626,-0.21715,-0.16513,-0.0915,-0.10818,-0.14012,-0.12467,-0.21439,-0.18816,-0.24143,-0.13765,-0.20814,-0.20684,-1.20435,-0.51986,1.16414,1.10258,-0.10241,-0.62717,-0.22045,3.65197,0.34589,-0.31523,-0.79504,-0.22454,-0.26385,-0.1838,-0.17764,-0.21124,1.10758,3.58977,2.57638,-0.19169,-1.01935,-0.11703,-0.75649,-2.15446,-1.14549,-0.28071,-0.21525,-0.66754,-0.30461,-0.19193,-0.2232,1.23879,2.15731,-0.23907,-0.24428,1.29008,0.90362,-0.16671,-0.57864,-0.2726,-0.10657,-0.00892,3.47082,0.23252,-0.35463,2.00973,1.02447,-2.07201,-0.51791,-0.26272,-0.34476,-0.202,0.73019,-0.27646,-0.15406,0.32869,0
negative491,-0.12453,-0.19626,-0.21715,5.86665,-0.0915,-0.10818,-0.14012,-0.12467,-0.21439,-0.18816,-0.24143,-0.13765,-0.20814,-0.20684,-1.20435,-0.51986,-1.40448,1.75961,-1.12564,0.72349,-0.22045,-0.24832,-0.37867,-1.08192,0.80672,-0.22454,-0.37208,-0.1838,-0.17764,-0.21124,-0.99663,-0.24955,-0.70989,-0.19169,1.86985,-0.11703,-0.75649,-1.79874,-0.77343,-0.28071,-0.21525,-0.75563,-0.30461,-0.19193,-0.2232,-0.00038,-0.08428,-0.23907,-0.24428,-0.59064,1.14185,1.11578,-0.01904,-0.2726,-0.10657,-0.07723,0.7871,0.06397,-0.93526,0.20112,0.86398,1.08184,0.13152,-0.26272,-0.34476,-0.202,-1.36951,-0.27646,-0.15406,0.17727,0
negative492,-0.14425,-0.20744,-0.22883,-0.18011,-0.11946,-0.13001,-0.14945,-0.13489,-0.24827,-0.19886,-0.27295,6.10497,-0.26697,-0.24643,0.48512,-0.51986,-1.40448,-0.92396,-1.12564,0.16072,-0.25519,-0.26769,1.3985,-0.30599,0.36179,-0.22454,-0.9666,-0.1838,-0.19234,3.60692,-0.91413,-0.29244,-1.94224,-0.19169,-0.29705,-0.13857,1.52852,0.24661,-0.86644,-0.28071,-0.21525,0.53531,-0.30461,-0.21571,-0.2232,1.22229,-0.82134,-0.23907,-0.24428,-0.59064,0.60046,1.08614,0.12839,-0.28176,-0.10657,1.15196,-0.22939,0.44322,1.90674,-0.81782,-0.26467,0.97668,-1.22709,-0.31883,-0.84538,-0.202,-1.36951,-0.35722,2.61212,-0.10647,0
negative493,-0.12453,-0.19626,-0.21715,-0.16513,-0.0915,-0.10818,-0.14012,-0.12467,-0.21439,-0.18816,-0.24143,-0.13765,-0.20814,-0.20684,-0.68451,1.31755,1.39765,0.88083,-0.86983,-1.97782,-0.22045,-0.24832,0.00842,-1.09,-0.79504,-0.22454,-0.9666,-0.1838,-0.17764,-0.21124,2.2957,-0.24955,-0.16218,-0.19169,-1.01935,-0.11703,0.34959,-1.08732,-0.02932,-0.28071,-0.21525,0.70746,-0.30461,-0.19193,-0.2232,-0.39349,0.55772,-0.23907,-0.24428,1.29008,0.18716,-0.76009,-0.97058,-0.2726,-0.10657,-0.94678,1.19828,-0.02031,-1.51588,1.24306,1.947,-1.24187,-2.96383,-0.26272,1.25721,-0.202,0.73019,-0.27646,-0.15406,-0.56563,0
negative494,-0.13671,-0.20317,-0.22436,-0.17438,-0.10878,-0.12167,-0.14589,-0.13098,2.86092,-0.19477,-0.26091,-0.16009,-0.24449,-0.2313,0.35516,-0.51986,0.15226,-0.92396,0.57974,-0.62717,-0.24192,-0.26029,-0.05459,-1.11598,-0.14432,-0.22454,-0.9666,-0.1838,-0.18672,-0.25291,-1.16233,-0.27606,-0.98375,-0.19169,-0.2168,-0.13034,0.36504,-0.07946,-0.52539,-0.28071,-0.21525,1.31199,-0.30461,-0.20662,-0.2232,1.45925,0.06483,-0.23907,-0.24428,-0.59064,0.1404,0.38806,-0.15935,-0.27826,-0.10657,1.23162,-0.91681,0.06397,1.35308,-0.10084,-1.73151,-0.70874,0.37601,-0.2974,0.85672,-0.202,0.73019,-0.32637,-0.17406,-0.73434,0
negative495,-0.14425,-0.20744,-0.22883,-0.18011,9.54803,-0.13001,-0.14945,-0.13489,-0.24827,-0.19886,-0.27295,-0.17397,-0.26697,-0.24643,0.09525,1.16575,0.69712,0.3203,0.21734,-0.85228,-0.25519,-0.26769,1.30415,-0.28255,0.9402,-0.22454,0.38503,-0.1838,-0.19234,-0.27867,-0.80721,-0.29244,0.93324,-0.19169,-0.29705,-0.13857,-0.75649,-1.3541,-0.86644,-0.28071,-0.21525,-0.02607,-0.30461,-0.21571,2.95208,1.12362,1.32993,-0.23907,-0.24428,0.66317,1.68627,0.19416,-1.13294,-0.28176,-0.10657,-0.77659,-0.55528,1.20174,-0.2324,0.54854,-0.32099,0.55169,-1.12682,-0.31883,-0.54501,-0.202,0.73019,-0.35722,-0.18643,-0.94323,0
negative496,-0.12018,-0.19379,-0.21457,-0.16183,-0.08533,-0.10337,-0.13806,-0.12242,-0.20692,4.28854,-0.23447,-0.12964,-0.19517,-0.19811,1.65475,-0.51986,-0.40372,0.11908,-0.02933,-0.94875,-0.21279,-0.24405,-0.28469,1.19661,2.67543,-0.22454,-0.31414,-0.1838,-0.17439,-0.19637,0.36307,-0.24009,-1.17936,-0.19169,1.04437,-0.11228,0.35191,-0.24885,-0.34822,-0.28071,-0.21525,0.50039,-0.30461,-0.18668,-0.2232,-1.08137,-1.51421,-0.23907,-0.24428,-0.59064,0.33628,-1.24267,1.64817,-0.27059,-0.10657,-0.01772,-1.24013,-1.03167,0.35998,-1.5658,0.80668,0.3825,-3.34493,-0.25034,-0.71665,-0.202,0.73019,-0.25865,-0.14692,0.18996,0
negative497,-0.12453,-0.19626,-0.21715,-0.16513,-0.0915,-0.10818,-0.14012,-0.12467,-0.21439,-0.18816,-0.24143,-0.13765,-0.20814,-0.20684,-1.72418,1.12029,-0.47044,-0.92396,-0.10241,1.17371,-0.22045,-0.24832,-0.23863,0.17501,0.00584,-0.22454,0.34874,-0.1838,-0.17764,-0.21124,-0.24311,-0.24955,0.93324,-0.19169,-0.05628,-0.11703,0.38685,-1.08732,-0.02932,-0.28071,-0.21525,-0.81665,-0.30461,-0.19193,-0.2232,0.04449,0.14473,-0.23907,3.73903,-0.59064,-0.2978,1.60143,0.07429,-0.2726,-0.10657,-0.06796,-0.0884,0.23252,0.22599,1.892,-0.95661,-0.80487,-0.17693,-0.26272,-0.34476,-0.202,0.73019,-0.27646,-0.15406,0.51725,0
negative498,-0.14425,-0.20744,-0.22883,-0.18011,-0.11946,-0.13001,-0.14945,-0.13489,-0.24827,-0.19886,-0.27295,-0.17397,-0.26697,-0.24643,0.48512,-0.51986,-0.70395,2.08402,-0.35822,-1.5276,-0.25519,-0.26769,-0.64441,1.00655,-0.79504,-0.22454,-0.9666,-0.1838,-0.19234,-0.27867,1.16987,-0.29244,-0.29911,-0.19169,-0.29705,-0.13857,1.27311,-0.02018,-0.86644,-0.28071,-0.21525,3.01697,-0.30461,-0.21571,-0.2232,1.66754,-1.26969,-0.23907,2.63255,0.66317,1.04988,1.41605,0.68071,-0.28176,-0.10657,-0.66324,0.77386,0.69606,0.62326,-1.46733,-0.2947,-0.98232,2.70327,-0.31883,0.65647,-0.202,0.73019,-0.35722,-0.18643,-0.88949,0
negative499,-0.12453,4.30927,-0.21715,-0.16513,-0.0915,-0.10818,-0.14012,-0.12467,-0.21439,4.12343,-0.24143,-0.13765,-0.20814,-0.20684,0.875,-0.51986,0.93063,0.41064,-0.35822,-1.07738,-0.22045,-0.24832,0.08815,-0.48238,-0.79504,-0.22454,-0.9666,-0.1838,-0.17764,-0.21124,1.67658,-0.24955,-0.16218,-0.19169,0.90678,-0.11703,-0.75649,1.04696,2.20302,-0.28071,5.1565,-0.46341,-0.30461,-0.19193,-0.2232,-1.53603,0.62308,-0.23907,3.73903,1.29008,-1.21353,-0.72598,-0.09532,-0.2726,-0.10657,0.1911,0.98998,-0.61027,0.22599,0.42383,0.93514,-0.28337,-1.04376,-0.26272,-0.74525,-0.202,-1.36951,-0.27646,-0.15406,-0.02444,0
negative500,-0.12453,-0.19626,-0.21715,-0.16513,-0.0915,-0.10818,-0.14012,-0.12467,-0.21439,-0.18816,-0.24143,-0.13765,2.42466,-0.20684,0.35516,-0.51986,-1.40448,-0.05955,-1.12564,0.27327,-0.22045,-0.24832,0.43494,-0.22667,0.80672,-0.22454,1.47058,-0.1838,-0.17764,-0.21124,-0.99542,-0.24955,0.38553,-0.19169,-0.05628,-0.11703,-0.75649,-0.37589,-0.40137,-0.28071,-0.21525,-1.35738,-0.30461,-0.19193,-0.2232,-0.33088,0.80962,4.68535,-0.24428,-0.59064,0.24508,0.71017,-0.45677,-0.2726,-0.10657,0.19488,1.75187,-0.23101,-1.51588,0.52349,-1.49651,-0.86615,-0.98966,-0.26272,-0.74525,-0.202,-1.36951,-0.27646,-0.15406,-1.30852,0
negative501,-0.12453,-0.19626,-0.21715,-0.16513,-0.0915,-0.10818,-0.14012,-0.12467,-0.21439,-0.18816,-0.24143,-0.13765,-0.20814,-0.20684,0.875,-0.51986,0.69712,-0.92396,1.17662,-0.62717,-0.22045,-0.24832,1.39127,-1.11707,-0.79504,4.6674,-0.12356,5.93513,-0.17764,-0.21124,-1.27813,-0.24955,-1.2576,-0.19169,-0.05628,-0.11703,-0.75649,-0.02018,-0.77343,-0.28071,-0.21525,2.39926,-0.30461,-0.19193,-0.2232,4.26512,-0.2886,-0.23907,-0.24428,1.29008,0.47841,0.504,-1.54827,-0.2726,-0.10657,-0.69951,-1.28368,-1.32664,-0.93526,-1.24657,-0.15942,0.40462,-0.99585,-0.26272,2.05819,-0.202,0.73019,-0.27646,-0.15406,-0.45806,0
negative502,-0.14425,-0.20744,-0.22883,-0.18011,-0.11946,-0.13001,-0.14945,-0.13489,-0.24827,-0.19886,-0.27295,-0.17397,-0.26697,-0.24643,0.09525,-0.51986,-1.40448,0.33056,-1.12564,0.16072,-0.25519,-0.26769,0.34836,0.09586,0.9402,-0.22454,2.89577,-0.1838,-0.19234,-0.27867,-1.15862,-0.29244,0.52246,-0.19169,-0.29705,-0.13857,-0.75649,-0.28696,-0.30836,-0.28071,-0.21525,-0.40821,2.22944,-0.21571,-0.2232,0.35728,1.15629,-0.23907,-0.24428,-0.59064,0.82004,-0.24874,-0.61867,-0.28176,-0.10657,1.29945,0.01356,1.45457,-0.66023,0.55652,-0.7887,-0.42884,-1.64524,-0.31883,-0.24464,-0.202,0.73019,-0.35722,-0.18643,-0.0995,0
negative503,-0.12453,4.30927,-0.21715,-0.16513,-0.0915,-0.10818,-0.14012,-0.12467,-0.21439,-0.18816,-0.24143,-0.13765,-0.20814,-0.20684,0.875,3.45652,0.93063,-0.92396,1.43242,-0.17695,-0.22045,-0.24832,1.2414,0.92042,3.20935,-0.22454,-0.9666,-0.1838,-0.17764,-0.21124,-0.5332,-0.24955,-0.70989,-0.19169,-0.05628,-0.11703,-0.75649,-0.37589,-0.40137,-0.28071,-0.21525,-2.1318,-0.30461,-0.19193,-0.2232,-0.23104,0.24098,-0.23907,-0.24428,-0.59064,-1.5671,-1.67823,0.7642,-0.2726,-0.10657,0.4227,-1.2537,-0.86311,-1.51588,2.98868,-0.42582,0.07979,-1.48607,-0.26272,-0.74525,-0.202,0.73019,-0.27646,-0.15406,0.79921,0
negative504,-0.12453,-0.19626,-0.21715,-0.16513,-0.0915,-0.10818,-0.14012,8.10183,-0.21439,-0.18816,-0.24143,-0.13765,-0.20814,-0.20684,-0.68451,1.05616,-1.40448,0.66319,-1.12564,2.52436,-0.22045,-0.24832,-0.39708,-0.03349,-0.79504,-0.22454,0.29731,-0.1838,-0.17764,-0.21124,1.88317,-0.24955,-0.70989,-0.19169,-0.05628,-0.11703,0.35889,-1.79874,-0.77343,-0.28071,-0.21525,-1.70784,-0.30461,-0.19193,-0.2232,0.30795,-0.56287,-0.23907,-0.24428,-0.59064,-0.93724,0.30546,-0.18654,-0.2726,-0.10657,1.21369,1.17341,-0.44171,0.22599,-0.3741,1.92476,0.02787,0.12488,-0.26272,-0.34476,-0.202,-1.36951,-0.27646,-0.15406,0.79377,0
negative505,-0.12453,-0.19626,-0.21715,-0.16513,-0.0915,-0.10818,-0.14012,-0.12467,-0.21439,-0.18816,-0.24143,-0.13765,-0.20814,-0.20684,-0.16467,-0.51986,-0.00342,-0.92396,0.4092,-1.07738,-0.22045,3.65197,0.8434,0.03604,-0.79504,-0.22454,-0.26531,-0.1838,-0.17764,-0.21124,-0.05157,-0.24955,0.93324,-0.19169,-0.05628,-0.11703,-0.75649,0.69125,-0.02932,-0.28071,-0.21525,-0.77137,-0.30461,-0.19193,-0.2232,-0.34167,1.60746,4.68535,-0.24428,1.29008,-0.56926,0.77595,-0.37427,-0.2726,-0.10657,0.16883,-0.23268,-0.39957,-1.51588,1.46862,-0.1263,-0.30211,-0.21426,-0.26272,-0.34476,-0.202,-1.36951,-0.27646,-0.15406,1.39478,0
negative506,-0.12453,-0.19626,-0.21715,-0.16513,-0.0915,-0.10818,-0.14012,-0.12467,-0.21439,-0.18816,-0.24143,-0.13765,-0.20814,-0.20684,-0.16467,-0.51986,1.16414,0.52767,0.665,-1.97782,-0.22045,-0.24832,0.58208,-1.14606,1.6076,-0.22454,-0.9666,-0.1838,-0.17764,-0.21124,0.98745,-0.24955,0.38553,-0.19169,-1.01935,-0.11703,-0.75649,-1.44303,-0.77343,-0.28071,-0.21525,-0.17624,-0.30461,-0.19193,-0.2232,0.36474,1.37643,-0.23907,-0.24428,1.29008,0.87248,-1.49382,-0.11755,-0.2726,-0.10657,1.2362,-1.85891,-0.73669,-0.93526,0.62772,0.82693,2.2341,0.89017,-0.26272,0.05573,-0.202,-1.36951,-0.27646,-0.15406,-1.02144,0
negative507,-0.12453,-0.19626,-0.21715,-0.16513,-0.0915,-0.10818,-0.14012,-0.12467,-0.21439,-0.18816,-0.24143,-0.13765,-0.20814,-0.20684,0.35516,-0.51986,0.93063,-0.92396,1.43242,-1.07738,-0.22045,-0.24832,-0.33434,0.25922,0.00584,-0.22454,-0.9666,-0.1838,-0.17764,-0.21124,1.52295,-0.24955,-0.70989,-0.19169,0.90678,-0.11703,0.32207,0.33553,-0.02932,-0.28071,-0.21525,-0.07713,-0.30461,4.59684,-0.2232,0.83532,-0.51696,-0.23907,-0.24428,-0.59064,-1.26967,0.79744,0.65295,-0.2726,-0.10657,0.82776,1.11934,-0.14673,-0.35463,0.02993,0.87448,-0.70009,1.27717,-0.26272,-0.74525,5.03431,0.73019,-0.27646,-0.15406,-0.92525,0
negative508,-0.12453,-0.19626,-0.21715,-0.16513,-0.0915,-0.10818,-0.14012,-0.12467,-0.21439,-0.18816,-0.24143,-0.13765,-0.20814,7.76578,0.35516,-0.51986,0.23009,0.88083,0.665,-0.62717,-0.22045,-0.24832,-1.47986,-1.15312,3.20935,4.6674,-0.3143,-0.1838,-0.17764,-0.21124,-0.82335,-0.24955,-1.2576,-0.19169,0.90678,-0.11703,1.47179,-0.7316,-0.40137,-0.28071,-0.21525,0.99236,-0.30461,-0.19193,-0.2232,0.88085,-1.30648,-0.23907,-0.24428,-0.59064,0.48899,-0.25747,1.16088,-0.2726,-0.10657,-0.22227,0.46438,-0.27315,0.22599,-1.10875,-0.92336,0.96689,1.18665,-0.26272,-0.74525,-0.202,0.73019,-0.27646,-0.15406,0.81036,0
negative509,-0.14425,-0.20744,-0.22883,-0.18011,-0.11946,-0.13001,-0.14945,-0.13489,-0.24827,3.50218,-0.27295,-0.17397,-0.26697,-0.24643,2.04463,-0.51986,-1.40448,0.50098,-1.12564,-0.51461,-0.25519,-0.26769,-0.7303,-0.22307,0.9402,-0.22454,-0.9666,-0.1838,-0.19234,-0.27867,0.6947,-0.29244,-1.94224,3.82133,-1.01935,-0.13857,2.6294,0.78018,-0.02932,-0.28071,-0.21525,0.27193,-0.30461,-0.21571,2.95208,0.55853,-0.47731,-0.23907,-0.24428,-0.59064,0.0582,-1.1794,0.72266,-0.28176,-0.10657,0.73591,-0.91382,0.48536,1.90674,-1.08872,1.03495,1.61832,1.08755,-0.31883,-0.84538,3.39796,0.73019,-0.35722,-0.18643,2.25526,0
negative510,-0.12453,-0.19626,-0.21715,-0.16513,-0.0915,-0.10818,-0.14012,-0.12467,-0.21439,-0.18816,-0.24143,-0.13765,-0.20814,-0.20684,-1.20435,1.14708,1.39765,-0.92396,1.94403,1.62393,-0.22045,-0.24832,-0.11326,0.71154,0.00584,-0.22454,1.0388,-0.1838,-0.17764,-0.21124,-1.04155,-0.24955,1.48095,-0.19169,-0.05628,-0.11703,0.37598,-1.08732,-0.02932,-0.28071,-0.21525,-0.91635,-0.30461,-0.19193,-0.2232,0.4418,-0.33569,-0.23907,-0.24428,-0.59064,0.75235,1.20334,0.28679,-0.2726,-0.10657,0.01281,-0.04226,0.23252,-0.35463,1.09579,-1.41663,-0.11277,-0.3303,-0.26272,0.05573,-0.202,0.73019,-0.27646,-0.15406,-0.61805,0
negative511,-0.12453,-0.19626,-0.21715,-0.16513,-0.0915,-0.10818,-0.14012,-0.12467,-0.21439,-0.18816,3.99133,-0.13765,-0.20814,-0.20684,-0.16467,-0.51986,-0.00342,-0.92396,0.4092,0.72349,-0.22045,-0.24832,-0.06211,1.60775,-0.79504,-0.22454,-0.3239,-0.1838,-0.17764,-0.21124,-0.33229,-0.24955,-0.16218,-0.19169,0.90678,-0.11703,1.33131,0.69125,0.34274,-0.28071,-0.21525,1.12015,-0.30461,-0.19193,-0.2232,1.70487,-1.78876,-0.23907,-0.24428,1.29008,0.3381,1.46151,1.42359,-0.2726,-0.10657,0.6778,-0.53433,-0.27315,1.38724,-1.36565,-1.01964,0.35639,-1.29511,-0.26272,-0.34476,-0.202,0.73019,-0.27646,-0.15406,0.61834,0
negative512,-0.12453,-0.19626,-0.21715,-0.16513,-0.0915,-0.10818,-0.14012,-0.12467,-0.21439,-0.18816,-0.24143,-0.13765,2.42466,-0.20684,0.35516,-0.51986,-1.40448,-0.92396,-1.12564,1.62393,-0.22045,-0.24832,-1.84381,-0.15481,0.00584,-0.22454,-0.9666,-0.1838,-0.17764,-0.21124,-0.18942,-0.24955,-2.35302,-0.19169,-0.05628,-0.11703,3.3607,-0.02018,-0.40137,-0.28071,-0.21525,-0.06712,-0.30461,-0.19193,-0.2232,0.01157,-4.05402,-0.23907,-0.24428,-0.59064,0.60103,1.19583,2.54404,-0.2726,-0.10657,-1.47854,1.61018,-0.39957,3.70973,-1.56399,-0.22002,1.81079,-0.01467,-0.26272,-0.74525,-0.202,-1.36951,-0.27646,-0.15406,2.17208,0
negative513,-0.14425,-0.20744,-0.22883,-0.18011,-0.11946,-0.13001,-0.14945,-0.13489,-0.24827,-0.19886,-0.27295,-0.17397,-0.26697,-0.24643,0.48512,-0.51986,0.87225,0.38805,0.98476,-0.85228,-0.25519,-0.26769,1.10021,-0.47445,0.36179,-0.22454,0.08932,-0.1838,-0.19234,-0.27867,0.16117,-0.29244,-0.29911,-0.19169,-1.01935,-0.13857,0.34764,-0.28696,-0.5874,-0.28071,-0.21525,-0.08832,-0.30461,-0.21571,-0.2232,0.67442,1.19549,-0.23907,-0.24428,0.66317,0.80774,0.59144,-0.43908,-0.28176,-0.10657,-0.48286,-1.27198,0.99104,1.05109,0.71602,-1.39368,-0.21723,-0.73289,-0.31883,-0.84538,-0.202,0.73019,-0.35722,-0.18643,-0.39682,0
negative514,-0.12453,4.30927,-0.21715,-0.16513,-0.0915,-0.10818,-0.14012,-0.12467,-0.21439,-0.18816,3.99133,-0.13765,-0.20814,-0.20684,0.875,-0.51986,0.46361,0.85619,0.665,-1.07738,-0.22045,3.65197,1.36677,-0.4388,-0.79504,-0.22454,-0.9666,-0.1838,-0.17764,-0.21124,1.07161,-0.24955,0.38553,-0.19169,-0.05628,-0.11703,-0.75649,-0.02018,0.34274,-0.28071,-0.21525,-0.54225,-0.30461,-0.19193,-0.2232,-0.53566,1.15094,-0.23907,-0.24428,-0.59064,1.4804,-0.40685,-0.2351,-0.2726,-0.10657,1.54112,1.23343,-0.86311,0.80661,0.68666,-1.00219,-0.58143,0.29076,-0.26272,-0.34476,-0.202,0.73019,-0.27646,-0.15406,0.53797,0
negative515,-0.12453,-0.19626,-0.21715,-0.16513,-0.0915,-0.10818,-0.14012,-0.12467,3.19751,-0.18816,-0.24143,-0.13765,-0.20814,-0.20684,-0.16467,-0.51986,-1.17097,0.85619,-0.86983,-0.17695,-0.22045,-0.24832,0.17886,0.65802,0.80672,-0.22454,-0.20591,-0.1838,-0.17764,-0.21124,-0.34891,-0.24955,0.38553,-0.19169,-1.01935,-0.11703,0.3956,-0.7316,-0.40137,-0.28071,-0.21525,0.29852,-0.30461,-0.19193,-0.2232,-1.51017,0.40122,-0.23907,-0.24428,-0.59064,1.62055,-0.14278,-0.14062,-0.2726,-0.10657,-0.93165,0.46093,-0.48385,0.80661,-0.11105,-0.25609,-1.22048,-1.45556,-0.26272,1.25721,-0.202,-1.36951,-0.27646,-0.15406,0.26758,0
negative516,-0.12453,-0.19626,-0.21715,-0.16513,-0.0915,-0.10818,-0.14012,-0.12467,-0.21439,-0.18816,-0.24143,-0.13765,-0.20814,-0.20684,0.875,-0.51986,1.16414,-0.07187,1.68823,-0.62717,-0.22045,3.65197,0.36845,-1.32613,0.00584,-0.22454,0.29227,-0.1838,-0.17764,-0.21124,1.86685,-0.24955,0.38553,-0.19169,-1.01935,-0.11703,0.33986,-1.79874,-0.77343,-0.28071,-0.21525,-0.3141,-0.30461,-0.19193,-0.2232,0.2444,1.00499,-0.23907,-0.24428,-0.59064,-1.58377,-1.20557,0.02004,-0.2726,-0.10657,0.35796,0.77316,-0.44171,-0.35463,0.08999,-0.61255,1.51794,-1.61904,-0.26272,-0.34476,-0.202,0.73019,-0.27646,-0.15406,0.09959,0
negative517,-0.14425,-0.20744,-0.22883,-0.18011,-0.11946,-0.13001,-0.14945,-0.13489,-0.24827,-0.19886,-0.27295,-0.17397,1.99302,-0.24643,0.875,-0.51986,-0.35368,-0.92396,-0.55007,-1.18994,-0.25519,3.0803,0.96302,0.64265,2.09702,-0.22454,-0.3545,-0.1838,-0.19234,-0.27867,0.15418,-0.29244,-0.29911,-0.19169,-1.01935,-0.13857,-0.75649,0.24661,-0.86644,-0.28071,-0.21525,-1.21858,-0.30461,3.89495,-0.2232,0.46363,0.92801,-0.23907,-0.24428,-0.59064,1.37191,-0.15819,-1.05062,-0.28176,-0.10657,-0.31539,-1.2405,0.65392,-1.08805,1.10773,0.15514,-0.57605,0.06421,-0.31883,-0.84538,-0.202,0.73019,-0.35722,-0.18643,-0.85017,0
negative518,-0.12453,-0.19626,-0.21715,-0.16513,-0.0915,-0.10818,-0.14012,-0.12467,-0.21439,-0.18816,-0.24143,-0.13765,-0.20814,-0.20684,0.35516,-0.51986,-0.47044,-0.92396,-0.10241,-1.07738,-0.22045,3.65197,1.56716,0.57882,-0.79504,-0.22454,-0.29233,-0.1838,-0.17764,-0.21124,0.76411,-0.24955,1.48095,-0.19169,-0.05628,-0.11703,-0.75649,0.33553,1.08685,1.21521,-0.21525,1.53649,-0.30461,-0.19193,-0.2232,1.19826,1.6072,-0.23907,-0.24428,-0.59064,0.82011,-0.07177,-0.26322,-0.2726,-0.10657,0.48416,-0.18441,-0.82097,0.22599,0.94574,0.55586,0.12801,-0.29012,-0.26272,0.05573,-0.202,0.73019,-0.27646,-0.15406,0.30682,0
negative519,-0.12453,-0.19626,-0.21715,-0.16513,-0.0915,-0.10818,-0.14012,-0.12467,-0.21439,-0.18816,-0.24143,-0.13765,-0.20814,-0.20684,-2.24402,-0.51986,-1.40448,-0.92396,-1.12564,1.62393,-0.22045,-0.24832,-0.9836,0.89828,-0.79504,-0.22454,1.33842,-0.1838,-0.17764,-0.21124,-1.41103,-0.24955,0.38553,-0.19169,-0.05628,-0.11703,0.42272,0.33553,-0.77343,-0.28071,-0.21525,0.38398,6.71276,-0.19193,-0.2232,-0.7015,0.54876,-0.23907,-0.24428,-0.59064,0.45359,0.82766,-0.13372,-0.2726,-0.10657,-0.69474,-0.09326,-0.18887,-0.35463,-0.51313,-1.29333,-0.13589,-1.81711,-0.26272,-0.34476,-0.202,0.73019,-0.27646,-0.15406,0.45795,0
negative520,-0.12453,-0.19626,-0.21715,-0.16513,-0.0915,-0.10818,-0.14012,-0.12467,-0.21439,-0.18816,-0.24143,-0.13765,-0.20814,-0.20684,0.875,-0.51986,0.23009,-0.92396,-0.86983,-1.97782,-0.22045,3.65197,1.28851,0.78913,-0.79504,-0.22454,-0.9666,-0.1838,-0.17764,-0.21124,2.36807,-0.24955,-0.16218,-0.19169,-0.05628,-0.11703,-0.75649,-0.7316,-0.02932,-0.28071,-0.21525,2.03835,-0.30461,-0.19193,-0.2232,-1.70591,0.62254,-0.23907,-0.24428,1.29008,0.81963,-0.39915,-0.99397,-0.2726,-0.10657,1.82911,-1.12893,-0.86311,0.22599,0.97401,0.19101,-0.28791,1.01676,-0.26272,0.85672,-0.202,0.73019,-0.27646,-0.15406,0.81036,0
negative521,-0.14425,-0.20744,-0.22883,-0.18011,-0.11946,-0.13001,-0.14945,-0.13489,-0.24827,-0.19886,-0.27295,6.10497,-0.26697,-0.24643,0.09525,2.10008,-0.87908,-0.92396,-0.55007,0.16072,-0.25519,-0.26769,0.35434,0.96673,-0.21662,-0.22454,-0.9666,-0.1838,4.89079,-0.27867,1.18021,-0.29244,-0.29911,-0.19169,-1.01935,-0.13857,1.45875,1.04696,-0.02932,-0.28071,-0.21525,0.2772,-0.30461,-0.21571,-0.2232,-0.59143,-0.01152,-0.23907,-0.24428,-0.59064,-0.94818,0.17027,0.25528,-0.28176,-0.10657,-0.75814,-0.95703,1.03318,0.19543,1.48853,0.0551,-0.51587,-2.22817,-0.31883,-0.84538,-0.202,0.73019,-0.35722,-0.18643,0.19148,0
negative522,-0.12453,-0.19626,-0.21715,-0.16513,-0.0915,-0.10818,-0.14012,-0.12467,-0.21439,-0.18816,-0.24143,-0.13765,-0.20814,-0.20684,0.35516,-0.51986,-1.40448,0.67551,-1.12564,1.17371,-0.22045,-0.24832,0.98213,-0.07385,-0.79504,-0.22454,-0.9666,-0.1838,-0.17764,-0.21124,0.81816,-0.24955,-2.35302,-0.19169,-0.05628,-0.11703,-0.75649,-0.02018,-0.40137,-0.28071,-0.21525,-0.44569,-0.30461,-0.19193,-0.2232,-0.53089,0.52573,-0.23907,-0.24428,-0.59064,0.95522,-0.60361,-1.24825,-0.2726,-0.10657,0.43804,0.16116,-1.41092,1.38724,-1.83529,1.11032,0.43522,-0.35385,-0.26272,2.05819,-0.202,0.73019,-0.27646,-0.15406,-0.35103,0
negative523,-0.12453,-0.19626,-0.21715,-0.16513,-0.0915,-0.10818,-0.14012,-0.12467,-0.21439,-0.18816,-0.24143,-0.13765,-0.20814,-0.20684,-1.72418,-0.51986,2.09818,-0.92396,2.71145,1.62393,4.44426,-0.24832,-2.92159,0.84627,0.00584,-0.22454,1.99967,-0.1838,-0.17764,-0.21124,-0.48882,-0.24955,1.48095,-0.19169,-0.05628,-0.11703,2.24158,-1.08732,-0.02932,-0.28071,-0.21525,-0.45554,-0.30461,-0.19193,-0.2232,0.97699,-1.48484,-0.23907,-0.24428,-0.59064,0.59158,2.0303,2.46331,-0.2726,-0.10657,0.44376,1.78684,1.03318,0.80661,0.70848,-1.00259,0.49016,0.47077,-0.26272,0.45622,-0.202,-1.36951,-0.27646,-0.15406,0.03999,0
negative524,-0.12453,-0.19626,-0.21715,-0.16513,-0.0915,-0.10818,-0.14012,-0.12467,-0.21439,-0.18816,-0.24143,-0.13765,-0.20814,-0.20684,0.35516,-0.51986,2.09818,0.61596,2.71145,-0.17695,-0.22045,-0.24832,-2.35451,0.49558,0.80672,-0.22454,-0.36264,-0.1838,-0.17764,-0.21124,-0.48048,-0.24955,0.38553,-0.19169,-0.05628,-0.11703,2.38909,-1.79874,-0.77343,-0.28071,-0.21525,0.51685,-0.30461,-0.19193,-0.2232,0.06084,-1.54865,-0.23907,-0.24428,-0.59064,0.34247,0.05813,2.10322,-0.2726,-0.10657,0.12203,-0.73205,0.14824,2.54849,-1.36715,-1.33602,1.71622,0.46466,-0.26272,-0.74525,-0.202,-1.36951,-0.27646,-0.15406,0.11252,0
negative525,-0.12453,-0.19626,-0.21715,5.86665,-0.0915,-0.10818,-0.14012,-0.12467,-0.21439,-0.18816,-0.24143,-0.13765,-0.20814,3.77947,-1.20435,-0.51986,-1.40448,-0.92396,-1.12564,0.27327,-0.22045,-0.24832,-0.93671,-0.47654,0.00584,-0.22454,-0.9666,-0.1838,-0.17764,-0.21124,-0.78181,-0.24955,-2.35302,-0.19169,0.90678,-0.11703,-0.75649,-0.37589,-0.40137,-0.28071,-0.21525,-0.07928,-0.30461,-0.19193,-0.2232,0.26642,-0.03889,-0.23907,-0.24428,-0.59064,0.4198,0.52667,-1.1311,3.41445,-0.10657,-1.52365,-0.71993,-0.56813,0.22599,-0.21115,1.14823,1.05025,1.22188,-0.26272,-0.74525,5.03431,-1.36951,-0.27646,-0.15406,4.2274,0
negative526,-0.12453,-0.19626,-0.21715,-0.16513,-0.0915,-0.10818,-0.14012,-0.12467,-0.21439,-0.18816,-0.24143,-0.13765,-0.20814,-0.20684,-0.16467,1.24814,1.63116,-0.92396,2.19984,1.17371,-0.22045,-0.24832,0.14248,-0.13357,2.40848,-0.22454,0.45127,-0.1838,-0.17764,-0.21124,0.4488,-0.24955,0.38553,-0.19169,-1.01935,-0.11703,-0.75649,1.04696,-0.40137,-0.28071,-0.21525,-1.93515,-0.30461,-0.19193,-0.2232,0.10937,0.93988,-0.23907,-0.24428,-0.59064,0.82195,0.48003,-0.69045,-0.2726,-0.10657,-0.28517,0.16436,-0.39957,-0.93526,2.09101,1.01876,0.93691,0.09998,-0.26272,0.05573,-0.202,-1.36951,-0.27646,3.10616,0.81036,0
negative527,-0.12453,-0.19626,-0.21715,-0.16513,-0.0915,-0.10818,-0.14012,-0.12467,-0.21439,-0.18816,-0.24143,-0.13765,-0.20814,-0.20684,-0.16467,-0.51986,-0.70395,1.40235,-0.35822,0.72349,-0.22045,-0.24832,-2.03557,-0.33538,-0.79504,-0.22454,0.81388,-0.1838,-0.17764,-0.21124,-0.1977,-0.24955,-0.16218,-0.19169,-0.05628,-0.11703,1.28539,-1.44303,-0.77343,-0.28071,-0.21525,0.01294,3.20408,-0.19193,-0.2232,-0.97416,-1.25406,-0.23907,-0.24428,-0.59064,1.42205,-1.33833,0.95843,-0.2726,-0.10657,-0.04698,-0.50508,-0.02031,0.80661,-0.82965,-0.23208,0.79311,0.19715,-0.26272,1.25721,-0.202,0.73019,3.33793,-0.15406,1.14918,0
negative528,-0.12453,-0.19626,-0.21715,-0.16513,-0.0915,-0.10818,-0.14012,-0.12467,-0.21439,-0.18816,-0.24143,-0.13765,-0.20814,-0.20684,-1.20435,-0.51986,1.86467,-0.92396,2.45565,2.07414,-0.22045,-0.24832,0.5344,1.21733,1.6076,-0.22454,4.7075,-0.1838,-0.17764,-0.21124,-1.8406,-0.24955,1.48095,-0.19169,-0.05628,-0.11703,-0.75649,0.33553,1.08685,-0.28071,-0.21525,-1.08196,-0.30461,-0.19193,4.27512,0.89675,-0.39747,-0.23907,-0.24428,-0.59064,-0.31171,-1.60202,0.37678,-0.2726,-0.10657,-0.53067,-1.62999,-0.23101,-0.35463,-0.14179,-2.35686,1.45189,-1.45126,-0.26272,2.45869,-0.202,0.73019,-0.27646,-0.15406,-0.54045,0
negative529,-0.12453,-0.19626,-0.21715,-0.16513,-0.0915,-0.10818,-0.14012,-0.12467,-0.21439,-0.18816,-0.24143,-0.13765,-0.20814,-0.20684,-1.72418,0.99609,-0.47044,-0.92396,-0.10241,1.62393,-0.22045,-0.24832,-1.02361,-0.94761,-0.79504,-0.22454,1.46455,-0.1838,-0.17764,-0.21124,-0.23126,-0.24955,2.02867,-0.19169,-1.01935,-0.11703,1.25542,-0.02018,1.08685,-0.28071,-0.21525,0.50709,-0.30461,-0.19193,-0.2232,0.53385,0.06337,-0.23907,3.73903,1.29008,-0.46702,-0.19446,0.6261,-0.2726,-0.10657,0.42361,0.47177,0.35894,-1.51588,1.00183,-0.09783,-0.33082,-0.43209,-0.26272,0.05573,-0.202,0.73019,-0.27646,-0.15406,0.99825,0
negative530,-0.12453,-0.19626,-0.21715,-0.16513,-0.0915,-0.10818,-0.14012,-0.12467,-0.21439,-0.18816,-0.24143,-0.13765,-0.20814,-0.20684,-0.68451,-0.51986,0.46361,0.49893,0.92081,0.27327,-0.22045,-0.24832,-0.05086,-0.97039,0.00584,-0.22454,-0.33725,5.93513,-0.17764,-0.21124,-0.33573,-0.24955,-0.16218,-0.19169,0.90678,-0.11703,-0.75649,-1.79874,-0.77343,-0.28071,-0.21525,-0.82297,-0.30461,-0.19193,-0.2232,0.91892,0.35709,-0.23907,-0.24428,1.29008,-0.81277,1.09055,-0.53377,-0.2726,-0.10657,-1.07938,-0.79554,-0.06245,-0.93526,-0.41924,0.09998,1.02377,0.31066,-0.26272,0.05573,-0.202,-1.36951,-0.27646,-0.15406,0.42598,0
negative531,-0.12453,-0.19626,-0.21715,5.86665,-0.0915,-0.10818,-0.14012,-0.12467,-0.21439,-0.18816,-0.24143,-0.13765,-0.20814,-0.20684,-0.68451,-0.51986,1.39765,-0.92396,-0.86983,0.72349,-0.22045,-0.24832,-0.04313,0.41033,-0.79504,-0.22454,-0.9666,-0.1838,-0.17764,-0.21124,1.76358,-0.24955,-0.16218,-0.19169,-1.01935,-0.11703,0.28661,-0.7316,0.34274,-0.28071,-0.21525,0.65542,-0.30461,-0.19193,-0.2232,-1.48327,-0.02195,-0.23907,-0.24428,1.29008,2.07863,-0.51657,-0.80522,-0.2726,-0.10657,1.26073,0.17393,-0.69455,0.80661,0.29996,-0.85003,-0.75967,-0.02571,-0.26272,0.85672,-0.202,0.73019,-0.27646,-0.15406,0.78571,0
negative532,-0.12453,-0.19626,-0.21715,-0.16513,-0.0915,-0.10818,-0.14012,-0.12467,-0.21439,4.12343,-0.24143,-0.13765,-0.20814,-0.20684,0.875,-0.51986,1.86467,0.17657,2.45565,-0.17695,-0.22045,-0.24832,0.98713,-0.66519,0.80672,-0.22454,-0.9666,-0.1838,-0.17764,-0.21124,0.81568,-0.24955,-1.2576,-0.19169,0.90678,-0.11703,0.36464,-1.44303,-0.77343,-0.28071,-0.21525,-0.75422,-0.30461,-0.19193,-0.2232,-0.05093,-1.0349,-0.23907,-0.24428,-0.59064,-0.52711,2.50214,0.32808,-0.2726,-0.10657,-1.34977,0.66292,-0.56813,0.22599,-1.56024,-1.07368,0.55516,0.5108,-0.26272,-0.34476,-0.202,0.73019,-0.27646,-0.15406,-0.0628,0
negative533,-0.12453,-0.19626,-0.21715,-0.16513,-0.0915,-0.10818,-0.14012,-0.12467,-0.21439,-0.18816,-0.24143,-0.13765,-0.20814,-0.20684,0.35516,6.65036,0.23009,0.17657,-0.35822,-0.62717,-0.22045,-0.24832,0.76707,-0.86621,1.6076,-0.22454,-0.00817,-0.1838,-0.17764,-0.21124,-1.06102,-0.24955,1.48095,-0.19169,-1.01935,-0.11703,-0.75649,-0.37589,0.34274,-0.28071,-0.21525,-0.62554,-0.30461,-0.19193,-0.2232,-1.60859,0.56323,-0.23907,-0.24428,1.29008,-0.09742,-0.35301,-1.52216,-0.2726,-0.10657,0.48367,0.27799,-0.39957,-0.35463,1.7517,-0.62481,-0.33024,-1.33189,-0.26272,1.25721,-0.202,0.73019,-0.27646,-0.15406,-1.70381,0
negative534,-0.12453,-0.19626,-0.21715,-0.16513,-0.0915,-0.10818,-0.14012,-0.12467,-0.21439,-0.18816,-0.24143,-0.13765,2.42466,-0.20684,0.875,-0.51986,-1.40448,-0.92396,-1.12564,1.17371,-0.22045,-0.24832,-0.46642,-0.49482,0.00584,-0.22454,-0.9666,-0.1838,-0.17764,-0.21124,0.02727,-0.24955,-2.35302,-0.19169,-1.01935,-0.11703,1.51373,-0.37589,-0.77343,-0.28071,-0.21525,0.07459,-0.30461,-0.19193,-0.2232,0.64156,-1.84072,-0.23907,-0.24428,-0.59064,1.45782,-0.04869,0.20718,-0.2726,-0.10657,-1.44138,0.55806,-1.32664,2.54849,-1.9384,-0.04123,1.35374,-1.26153,-0.26272,1.25721,-0.202,0.73019,-0.27646,-0.15406,-0.24059,0
negative535,-0.14425,-0.20744,-0.22883,-0.18011,-0.11946,-0.13001,-0.14945,-0.13489,-0.24827,-0.19886,-0.27295,-0.17397,-0.26697,-0.24643,-0.29463,0.83374,-0.35368,-0.92396,0.02549,-0.17695,-0.25519,-0.26769,0.28713,2.21057,-0.79504,3.13867,-0.42383,-0.1838,-0.19234,-0.27867,-0.97071,-0.29244,0.52246,-0.19169,-1.01935,7.3076,1.49698,1.31375,0.80781,-0.28071,-0.21525,0.65624,-0.30461,-0.21571,-0.2232,-0.18087,0.32119,-0.23907,-0.24428,-0.59064,1.96309,-0.49191,0.15683,-0.28176,13.93181,0.23969,0.80799,1.24388,0.62326,1.15109,-0.57768,-0.4542,1.48844,-0.31883,-0.54501,-0.202,-1.36951,-0.35722,-0.18643,-0.78899,0
negative536,-0.12453,-0.19626,-0.21715,-0.16513,-0.0915,-0.10818,-0.14012,-0.12467,-0.21439,-0.18816,-0.24143,-0.13765,-0.20814,-0.20684,-1.20435,0.98432,-1.40448,1.40235,-1.12564,2.07414,-0.22045,-0.24832,-1.3496,0.43985,0.00584,-0.22454,0.23986,-0.1838,-0.17764,-0.21124,0.13411,-0.24955,-0.16218,-0.19169,0.90678,-0.11703,1.42715,-0.37589,-0.02932,-0.28071,-0.21525,-0.56861,-0.30461,-0.19193,-0.2232,-0.42666,-1.54148,-0.23907,-0.24428,-0.59064,-0.4516,0.89018,0.96146,-0.2726,-0.10657,-0.08519,-0.50674,0.10611,2.54849,-1.28099,-0.28527,-0.52571,0.55427,-0.26272,-0.74525,-0.202,0.73019,-0.27646,-0.15406,0.9208,0
negative537,-0.12453,-0.19626,-0.21715,-0.16513,-0.0915,-0.10818,-0.14012,-0.12467,-0.21439,-0.18816,-0.24143,-0.13765,-0.20814,-0.20684,-1.20435,0.97661,-0.23693,-0.92396,-0.10241,1.62393,-0.22045,-0.24832,-0.52081,0.73024,-0.79504,-0.22454,-0.9666,-0.1838,-0.17764,-0.21124,0.54167,-0.24955,-0.16218,-0.19169,0.90678,-0.11703,-0.75649,-1.44303,-0.77343,-0.28071,-0.21525,-1.51207,-0.30461,-0.19193,-0.2232,0.12325,-0.38638,-0.23907,-0.24428,-0.59064,-0.21407,-0.10994,-0.90605,3.41445,-0.10657,1.08095,1.25717,-0.44171,-0.35463,-0.84719,1.21296,0.00818,0.44587,-0.26272,0.05573,-0.202,0.73019,-0.27646,-0.15406,-0.69354,0
negative538,-0.12453,-0.19626,-0.21715,-0.16513,-0.0915,-0.10818,-0.14012,-0.12467,-0.21439,-0.18816,-0.24143,-0.13765,-0.20814,-0.20684,-0.68451,0.92466,0.46361,0.85619,0.92081,0.27327,4.44426,-0.24832,-1.64808,0.53485,-0.79504,-0.22454,0.19169,-0.1838,-0.17764,-0.21124,1.41485,-0.24955,0.93324,-0.19169,-0.05628,-0.11703,0.30228,-0.37589,0.71479,-0.28071,-0.21525,0.25234,-0.30461,-0.19193,-0.2232,-0.32743,0.08247,4.68535,-0.24428,1.29008,1.05334,0.32677,-0.04789,-0.2726,-0.10657,0.76888,1.32255,0.10611,-0.35463,0.22527,1.06546,-1.66481,-0.85932,-0.26272,-0.74525,-0.202,-1.36951,-0.27646,-0.15406,0.41847,0
negative539,-0.12453,-0.19626,-0.21715,-0.16513,-0.0915,-0.10818,-0.14012,-0.12467,-0.21439,-0.18816,-0.24143,-0.13765,-0.20814,-0.20684,-0.68451,-0.51986,-0.47044,1.40235,-0.10241,0.72349,-0.22045,-0.24832,-0.28183,0.78915,-0.79504,-0.22454,0.29601,-0.1838,-0.17764,-0.21124,0.50449,-0.24955,-0.16218,-0.19169,-1.01935,-0.11703,0.35743,0.33553,1.45891,-0.28071,-0.21525,-0.0248,3.20408,-0.19193,-0.2232,0.01239,0.73395,-0.23907,-0.24428,-0.59064,-0.27966,2.01814,-0.46164,-0.2726,-0.10657,-1.70254,-0.86329,-0.10459,0.22599,0.52836,0.85565,-0.28175,0.3828,-0.26272,0.85672,-0.202,0.73019,-0.27646,3.10616,0.39818,0
negative540,-0.12453,-0.19626,-0.21715,-0.16513,-0.0915,-0.10818,-0.14012,-0.12467,-0.21439,-0.18816,-0.24143,7.1771,-0.20814,-0.20684,-0.68451,1.04967,-0.47044,0.66319,-0.10241,0.27327,-0.22045,-0.24832,0.68637,1.02464,-0.79504,-0.22454,-0.9666,-0.1838,-0.17764,-0.21124,0.36198,-0.24955,-0.16218,5.3648,0.90678,-0.11703,-0.75649,-1.44303,-0.77343,-0.28071,5.1565,0.60277,-0.30461,-0.19193,-0.2232,-1.42889,0.16517,-0.23907,-0.24428,-0.59064,1.51965,1.00264,-1.10639,3.41445,-0.10657,-0.42998,0.43331,-0.56813,0.22599,-0.64503,-0.35125,-0.23326,0.85185,-0.26272,0.85672,-0.202,0.73019,-0.27646,-0.15406,-0.06292,0
negative541,-0.12453,-0.19626,-0.21715,-0.16513,-0.0915,-0.10818,-0.14012,-0.12467,-0.21439,-0.18816,-0.24143,-0.13765,-0.20814,-0.20684,0.875,1.13734,-0.70395,1.75961,-0.35822,-0.62717,-0.22045,-0.24832,0.36078,0.55227,-0.79504,-0.22454,-0.9666,-0.1838,-0.17764,-0.21124,-0.39305,-0.24955,-1.2576,-0.19169,-1.01935,-0.11703,0.33127,-0.37589,-0.40137,-0.28071,-0.21525,2.02219,-0.30461,-0.19193,-0.2232,1.65817,-0.05161,-0.23907,-0.24428,-0.59064,-0.10085,-0.56997,-1.22487,-0.2726,-0.10657,-1.23753,-0.53836,-1.15808,1.96786,-0.3513,0.62997,0.1429,-0.43102,-0.26272,2.05819,-0.202,0.73019,-0.27646,-0.15406,-0.27551,0
negative542,-0.12453,-0.19626,-0.21715,-0.16513,-0.0915,-0.10818,-0.14012,-0.12467,-0.21439,-0.18816,-0.24143,-0.13765,5.05746,-0.20684,0.875,-0.51986,-1.40448,-0.92396,-1.12564,1.17371,-0.22045,-0.24832,-0.26398,-1.3234,0.00584,-0.22454,-0.30909,-0.1838,-0.17764,-0.21124,0.27915,-0.24955,-1.80531,-0.19169,0.90678,-0.11703,-0.75649,0.33553,-0.77343,-0.28071,-0.21525,0.16032,3.20408,-0.19193,-0.2232,1.99071,-1.22356,-0.23907,-0.24428,-0.59064,-0.39442,-1.1466,-1.07708,-0.2726,-0.10657,0.9304,-0.33597,-1.2845,0.80661,-2.65602,-0.10865,1.35136,-0.38399,-0.26272,-0.34476,-0.202,0.73019,-0.27646,-0.15406,-0.17034,0
negative543,-0.12453,-0.19626,-0.21715,-0.16513,-0.0915,-0.10818,-0.14012,-0.12467,-0.21439,-0.18816,-0.24143,-0.13765,-0.20814,-0.20684,-0.16467,0.98229,1.63116,0.66319,2.19984,0.27327,-0.22045,-0.24832,-0.3947,-1.32775,-0.79504,-0.22454,-0.36426,-0.1838,-0.17764,-0.21124,1.5134,-0.24955,0.38553,-0.19169,0.90678,-0.11703,-0.75649,-1.44303,-0.40137,-0.28071,-0.21525,0.64734,-0.30461,-0.19193,-0.2232,-0.96199,0.07657,-0.23907,-0.24428,1.29008,0.66295,0.19017,-0.9279,-0.2726,-0.10657,-0.61494,2.39175,-0.31529,-0.35463,-0.61541,0.68939,-1.80256,1.62966,-0.26272,0.05573,-0.202,-1.36951,-0.27646,-0.15406,0.82801,0
negative544,-0.12453,-0.19626,-0.21715,-0.16513,-0.0915,-0.10818,-0.14012,-0.12467,-0.21439,-0.18816,-0.24143,-0.13765,-0.20814,-0.20684,-0.68451,-0.51986,-0.93746,-0.92396,-0.61402,-0.17695,-0.22045,3.65197,-0.1693,-0.42328,-0.79504,-0.22454,-0.37501,-0.1838,-0.17764,-0.21124,0.63932,-0.24955,0.38553,-0.19169,-1.01935,-0.11703,1.30125,-0.37589,0.71479,-0.28071,-0.21525,-0.22319,-0.30461,-0.19193,-0.2232,0.1481,-0.14357,-0.23907,3.73903,1.29008,1.52694,0.5429,0.94306,-0.2726,-0.10657,-0.25643,-0.46244,-0.14673,-0.35463,1.27681,-0.86794,-1.50788,-0.3611,-0.26272,0.45622,-0.202,-1.36951,-0.27646,-0.15406,-0.12021,0
negative545,-0.14425,-0.20744,-0.22883,-0.18011,-0.11946,-0.13001,-0.14945,-0.13489,-0.24827,-0.19886,-0.27295,-0.17397,-0.26697,-0.24643,-1.46426,-0.51986,-0.35368,2.08402,-0.93378,1.51137,-0.25519,-0.26769,-2.11868,-0.22126,-0.79504,-0.22454,0.99486,-0.1838,-0.19234,-0.27867,0.49187,-0.29244,0.93324,-0.19169,1.86985,7.3076,0.29562,-0.02018,1.08685,-0.28071,-0.21525,-0.74395,-0.30461,-0.21571,-0.2232,-0.08658,-0.43157,-0.23907,-0.24428,-0.59064,-0.91839,0.80968,0.65928,2.88319,-0.10657,-1.08098,0.3161,2.7609,-0.2324,-0.66794,0.56942,-0.6921,0.1471,-0.31883,-0.24464,-0.202,0.73019,-0.35722,-0.18643,-0.37021,0
negative546,-0.12453,-0.19626,-0.21715,5.86665,-0.0915,-0.10818,-0.14012,-0.12467,-0.21439,-0.18816,-0.24143,-0.13765,2.42466,-0.20684,-0.16467,-0.51986,-1.40448,-0.92396,-1.12564,-0.17695,-0.22045,-0.24832,1.27607,-0.36575,0.80672,-0.22454,-0.25457,-0.1838,-0.17764,-0.21124,-1.59422,-0.24955,-0.16218,-0.19169,-0.05628,-0.11703,-0.75649,-1.08732,-0.40137,-0.28071,-0.21525,-0.75764,-0.30461,-0.19193,-0.2232,-0.31732,0.99952,-0.23907,-0.24428,-0.59064,0.13657,0.04425,-0.42562,-0.2726,-0.10657,-1.02065,-0.49343,-0.56813,-0.93526,1.6108,0.0439,0.53006,-0.07082,-0.26272,-0.74525,-0.202,0.73019,-0.27646,-0.15406,0.43528,0
negative547,-0.12453,-0.19626,-0.21715,-0.16513,-0.0915,-0.10818,-0.14012,-0.12467,-0.21439,-0.18816,-0.24143,-0.13765,-0.20814,-0.20684,-0.68451,-0.51986,-0.47044,-0.92396,-0.86983,-0.17695,-0.22045,-0.24832,-1.55317,-0.14904,-0.79504,-0.22454,-0.9666,-0.1838,-0.17764,-0.21124,1.67797,-0.24955,0.38553,-0.19169,0.90678,-0.11703,0.27542,0.69125,1.83096,-0.28071,-0.21525,0.15792,-0.30461,-0.19193,-0.2232,-0.06286,-0.59985,-0.23907,-0.24428,3.1708,1.79443,-0.87433,0.63491,-0.2726,-0.10657,-1.56971,-0.83495,-0.02031,0.22599,0.27251,0.0923,0.95117,0.59249,-0.26272,0.05573,-0.202,0.73019,-0.27646,-0.15406,-0.70291,0
negative548,-0.12453,-0.19626,-0.21715,-0.16513,-0.0915,-0.10818,-0.14012,-0.12467,-0.21439,-0.18816,-0.24143,-0.13765,-0.20814,-0.20684,1.91467,-0.51986,0.23009,-0.92396,0.665,-0.62717,-0.22045,-0.24832,-0.15645,-1.08519,1.6076,-0.22454,-0.9666,-0.1838,-0.17764,-0.21124,-0.27678,-0.24955,-1.80531,-0.19169,-1.01935,-0.11703,2.47399,-0.02018,-0.40137,-0.28071,-0.21525,1.63852,-0.30461,-0.19193,-0.2232,1.52086,-2.14211,-0.23907,-0.24428,1.29008,0.64354,-0.19729,1.57577,-0.2726,-0.10657,-0.38177,0.04369,-0.82097,0.80661,-1.63568,0.0176,0.09816,0.71752,-0.26272,-0.74525,-0.202,-1.36951,-0.27646,6.36637,-0.24059,0
negative549,-0.12453,-0.19626,-0.21715,-0.16513,-0.0915,-0.10818,-0.14012,-0.12467,-0.21439,-0.18816,-0.24143,-0.13765,-0.20814,-0.20684,-0.68451,-0.51986,1.39765,1.10258,1.94403,1.17371,-0.22045,-0.24832,-1.12863,-1.58042,0.00584,-0.22454,0.74325,-0.1838,-0.17764,-0.21124,1.74073,-0.24955,0.38553,-0.19169,0.90678,-0.11703,0.27378,0.69125,1.83096,-0.28071,-0.21525,-1.18721,-0.30461,-0.19193,-0.2232,0.08399,-0.98471,-0.23907,3.73903,1.29008,-1.28222,0.94979,0.60869,-0.2726,-0.10657,1.63261,-0.08458,0.27466,-0.93526,-0.18843,-0.49856,0.89782,1.97298,-0.26272,-0.34476,-0.202,0.73019,-0.27646,-0.15406,-0.83065,0
negative550,-0.12453,-0.19626,-0.21715,-0.16513,-0.0915,-0.10818,-0.14012,-0.12467,-0.21439,-0.18816,-0.24143,-0.13765,-0.20814,-0.20684,-1.20435,-0.51986,0.46361,0.52767,-0.10241,-0.17695,-0.22045,-0.24832,0.18409,-0.67462,0.00584,-0.22454,-0.25669,-0.1838,-0.17764,-0.21124,0.60032,3.58977,0.38553,-0.19169,0.90678,-0.11703,0.32342,-1.44303,-0.40137,-0.28071,-0.21525,0.10109,-0.30461,-0.19193,-0.2232,0.05326,-0.20089,-0.23907,-0.24428,-0.59064,-0.94442,0.99665,0.47897,-0.2726,-0.10657,-0.92879,-0.88977,0.48536,-0.93526,0.72333,-0.47193,-0.5303,-0.55291,-0.26272,-0.74525,-0.202,0.73019,-0.27646,-0.15406,-1.27389,0
negative551,-0.12453,-0.19626,-0.21715,-0.16513,-0.0915,-0.10818,-0.14012,-0.12467,-0.21439,-0.18816,-0.24143,-0.13765,-0.20814,-0.20684,-0.68451,-0.51986,-1.17097,1.10258,-0.86983,0.72349,-0.22045,-0.24832,0.6496,0.64447,0.00584,-0.22454,1.10536,-0.1838,-0.17764,-0.21124,1.32639,-0.24955,1.48095,-0.19169,-1.01935,-0.11703,-0.75649,0.69125,1.83096,-0.28071,-0.21525,0.03891,-0.30461,-0.19193,-0.2232,-1.28081,0.6735,-0.23907,-0.24428,-0.59064,1.05386,-0.8525,-0.4407,-0.2726,-0.10657,1.04477,-0.29459,-0.61027,0.80661,-0.12709,0.69844,-2.37179,-1.04562,-0.26272,0.45622,-0.202,-1.36951,-0.27646,-0.15406,-0.69298,0
negative552,-0.13671,-0.20317,-0.22436,-0.17438,-0.10878,-0.12167,-0.14589,-0.13098,-0.23533,-0.19477,-0.26091,-0.16009,-0.24449,-0.2313,0.35516,-0.51986,0.15226,-0.92396,0.15339,-1.37753,-0.24192,-0.26029,1.54992,-0.56834,-0.14432,-0.22454,-0.9666,-0.1838,-0.18672,-0.25291,-0.5133,-0.27606,-0.07089,-0.19169,-1.01935,-0.13034,-0.75649,-1.26517,-0.83544,-0.28071,-0.21525,0.4981,-0.30461,-0.20662,-0.2232,0.77027,0.59876,-0.23907,-0.24428,-0.59064,0.28558,0.37562,0.58179,-0.27826,-0.10657,0.21968,-0.70011,-0.48385,-0.0814,0.42513,2.44299,0.21732,1.86135,-0.2974,0.52297,3.91224,0.73019,-0.32637,-0.17406,-0.91809,0
negative553,-0.14053,-0.20534,-0.22663,-0.17728,-0.11419,-0.1259,-0.1477,-0.13296,-0.24189,-0.19685,-0.26701,-0.16713,2.06603,-0.23897,0.62876,-0.51986,-0.66708,-0.92396,-0.92368,-0.74564,-0.24865,-0.26404,0.6798,-1.15406,-0.79504,-0.22454,-0.40837,-0.1838,-0.18957,-0.26597,0.35193,-0.28436,-0.62341,-0.19169,1.2616,-0.13451,-0.75649,0.6538,-0.55803,4.20706,-0.21525,-0.01146,-0.30461,-0.21123,-0.2232,-0.44306,-0.92306,-0.23907,-0.24428,-0.59064,-0.88185,0.52017,0.33002,-0.28003,-0.10657,-0.92242,1.18334,0.56964,0.2905,-0.52153,-0.26534,-1.33639,-0.47706,-0.30826,-0.51339,-0.202,0.73019,2.84559,-0.18033,-1.17742,0
negative554,-0.12453,4.30927,-0.21715,-0.16513,-0.0915,-0.10818,-0.14012,-0.12467,-0.21439,4.12343,-0.24143,-0.13765,-0.20814,-0.20684,-0.16467,-0.51986,-0.23693,0.44554,0.15339,-0.62717,-0.22045,-0.24832,1.45458,1.80304,-0.79504,-0.22454,-0.9666,-0.1838,-0.17764,-0.21124,-0.51059,-0.24955,0.38553,-0.19169,-1.01935,-0.11703,-0.75649,2.1141,1.08685,-0.28071,-0.21525,-0.40257,-0.30461,-0.19193,-0.2232,0.2208,2.37687,-0.23907,-0.24428,-0.59064,-1.16928,0.25608,-0.80884,-0.2726,-0.10657,0.08767,0.71993,-0.73669,-1.51588,0.77627,0.90753,0.96224,0.29615,-0.26272,1.6577,-0.202,0.73019,-0.27646,-0.15406,0.74447,0
negative555,-0.12453,-0.19626,-0.21715,-0.16513,-0.0915,-0.10818,-0.14012,-0.12467,-0.21439,-0.18816,-0.24143,-0.13765,-0.20814,-0.20684,0.35516,-0.51986,-0.93746,0.52767,-0.61402,-0.17695,-0.22045,-0.24832,-0.53019,0.2066,-0.79504,-0.22454,-0.33806,-0.1838,-0.17764,-0.21124,1.83106,-0.24955,-0.70989,-0.19169,-0.05628,-0.11703,-0.75649,-0.7316,-0.77343,-0.28071,-0.21525,0.98452,-0.30461,-0.19193,-0.2232,-0.9872,0.43998,-0.23907,-0.24428,1.29008,-1.27256,0.39599,-1.10509,-0.2726,-0.10657,-1.79347,-0.97998,-0.69455,0.80661,-0.00157,1.22011,0.44638,-1.83634,-0.26272,1.25721,-0.202,0.73019,-0.27646,-0.15406,0.43528,0
negative556,-0.12453,-0.19626,-0.21715,-0.16513,-0.0915,-0.10818,-0.14012,-0.12467,-0.21439,-0.18816,-0.24143,-0.13765,-0.20814,-0.20684,0.35516,-0.51986,0.69712,0.61596,0.92081,-0.62717,-0.22045,-0.24832,0.15539,-2.54516,-0.79504,-0.22454,0.46608,-0.1838,-0.17764,-0.21124,0.58031,3.58977,0.38553,-0.19169,-0.05628,-0.11703,-0.75649,-1.08732,-0.40137,-0.28071,-0.21525,-0.24154,3.20408,-0.19193,-0.2232,0.32917,0.588,-0.23907,-0.24428,1.29008,0.36004,-0.11696,-0.82391,-0.2726,-0.10657,1.05422,-0.93381,-0.39957,0.22599,-0.23935,-0.93825,0.87523,-0.76035,-0.26272,-0.74525,-0.202,-1.36951,-0.27646,-0.15406,-0.24059,0
negative557,-0.12453,-0.19626,-0.21715,-0.16513,-0.0915,-0.10818,-0.14012,-0.12467,-0.21439,-0.18816,-0.24143,-0.13765,-0.20814,-0.20684,1.91467,-0.51986,-0.23693,0.44554,0.15339,-1.5276,-0.22045,-0.24832,1.06357,-0.80143,0.80672,-0.22454,-0.9666,-0.1838,-0.17764,-0.21124,2.55193,-0.24955,-1.2576,5.3648,-1.01935,-0.11703,-0.75649,-1.44303,-0.77343,-0.28071,-0.21525,0.69452,-0.30461,4.59684,-0.2232,-1.24907,0.95264,-0.23907,-0.24428,-0.59064,0.46979,0.06858,-1.15543,-0.2726,-0.10657,1.829,0.91255,-1.15808,0.80661,0.85763,1.13144,0.24591,2.81595,-0.26272,-0.74525,-0.202,0.73019,-0.27646,-0.15406,1.57346,0
negative558,-0.12453,-0.19626,-0.21715,-0.16513,-0.0915,-0.10818,-0.14012,-0.12467,-0.21439,-0.18816,-0.24143,-0.13765,-0.20814,-0.20684,0.875,-0.51986,0.93063,0.67551,-0.86983,-1.5276,-0.22045,-0.24832,1.04027,-0.02223,0.80672,-0.22454,-0.30681,-0.1838,-0.17764,4.31533,0.4271,-0.24955,-0.16218,-0.19169,-0.05628,-0.11703,-0.75649,-0.02018,-0.40137,-0.28071,-0.21525,-0.6657,-0.30461,-0.19193,-0.2232,-0.57435,1.31075,4.68535,-0.24428,-0.59064,0.32111,-0.35137,-0.54191,-0.2726,-0.10657,-0.38092,-0.51267,-0.35743,-1.51588,0.89707,0.22032,1.18658,1.17506,-0.26272,0.85672,-0.202,0.73019,-0.27646,-0.15406,-1.30852,0
negative559,-0.14425,-0.20744,-0.22883,-0.18011,-0.11946,-0.13001,-0.14945,-0.13489,-0.24827,-0.19886,-0.27295,-0.17397,-0.26697,-0.24643,0.875,-0.51986,1.57278,0.30798,0.98476,-0.85228,-0.25519,3.0803,0.89903,0.3722,0.9402,-0.22454,0.84448,-0.1838,4.89079,-0.27867,1.06068,-0.29244,0.52246,-0.19169,-1.01935,-0.13857,-0.75649,-1.62089,-0.86644,-0.28071,-0.21525,-0.01547,-0.30461,-0.21571,-0.2232,0.59962,1.02721,-0.23907,-0.24428,0.66317,-0.10908,-0.87306,-0.10226,-0.28176,-0.10657,-0.00348,0.42675,0.78034,-0.66023,1.20559,0.51997,-0.03025,-0.74626,2.91497,1.85795,-0.202,0.73019,-0.35722,-0.18643,-1.53308,0
negative560,-0.13671,-0.20317,-0.22436,-0.17438,-0.10878,-0.12167,-0.14589,-0.13098,-0.23533,-0.19477,-0.26091,-0.16009,-0.24449,-0.2313,-0.94443,-0.51986,-1.40448,-0.92396,-1.12564,0.87356,-0.24192,-0.26029,0.71476,0.29249,0.50639,-0.22454,0.58571,-0.1838,-0.18672,-0.25291,-1.05384,-0.27606,-0.52732,-0.19169,-1.01935,-0.13034,0.41486,-0.07946,-0.52539,-0.28071,-0.21525,0.5126,2.5462,-0.20662,-0.2232,0.65708,0.68069,-0.23907,-0.24428,-0.59064,-0.94428,0.58833,-0.55791,-0.27826,-0.10657,1.2096,-0.85245,0.10611,1.35308,-0.36891,-1.81938,1.03145,-2.48884,-0.2974,-0.812,-0.202,0.73019,-0.32637,2.78453,0.07876,0
negative561,-0.14425,-0.20744,-0.22883,-0.18011,-0.11946,-0.13001,-0.14945,-0.13489,-0.24827,-0.19886,-0.27295,-0.17397,-0.26697,-0.24643,0.48512,-0.51986,-0.35368,-0.92396,0.02549,0.49838,-0.25519,-0.26769,-0.21296,-0.86619,4.41067,-0.22454,3.07561,-0.1838,-0.19234,-0.27867,-0.1824,-0.29244,-0.29911,-0.19169,-1.01935,-0.13857,-0.75649,0.24661,0.24972,-0.28071,-0.21525,-2.11947,-0.30461,-0.21571,-0.2232,0.48273,0.96977,-0.23907,-0.24428,0.66317,0.00542,-1.25619,-0.15341,-0.28176,-0.10657,0.30142,-0.65834,1.70741,-1.51588,2.77812,0.65871,0.69722,1.2468,-0.31883,-0.54501,-0.202,-1.36951,-0.35722,-0.18643,-1.70381,0
negative562,-0.12453,-0.19626,-0.21715,-0.16513,-0.0915,-0.10818,-0.14012,-0.12467,-0.21439,-0.18816,-0.24143,-0.13765,-0.20814,-0.20684,-1.72418,-0.51986,1.86467,-0.92396,2.45565,-0.17695,-0.22045,-0.24832,0.70558,-0.37975,0.00584,-0.22454,-0.9666,-0.1838,-0.17764,-0.21124,-1.05189,-0.24955,-0.16218,-0.19169,-0.05628,-0.11703,-0.75649,-0.7316,-0.77343,-0.28071,-0.21525,0.19295,-0.30461,-0.19193,-0.2232,-0.02664,1.44324,-0.23907,-0.24428,3.1708,-1.00929,0.54672,-1.14481,-0.2726,-0.10657,-1.99353,-0.26344,-0.56813,0.80661,-0.13647,-0.74719,0.03356,-1.25711,-0.26272,2.05819,5.03431,0.73019,-0.27646,-0.15406,1.57346,0
negative563,-0.12453,-0.19626,-0.21715,-0.16513,-0.0915,-0.10818,-0.14012,-0.12467,-0.21439,4.12343,-0.24143,-0.13765,-0.20814,3.77947,0.35516,-0.51986,-0.47044,-0.08829,-0.86983,-1.5276,-0.22045,-0.24832,2.37481,-0.64481,1.6076,-0.22454,-0.9666,-0.1838,-0.17764,-0.21124,-0.29226,-0.24955,-0.16218,-0.19169,-1.01935,-0.11703,-0.75649,0.69125,-0.02932,-0.28071,-0.21525,0.50034,-0.30461,-0.19193,-0.2232,-0.21829,1.49519,-0.23907,-0.24428,-0.59064,-1.39388,0.32304,-1.52983,-0.2726,-0.10657,-0.84049,-0.98668,-1.0738,0.22599,0.59825,1.3038,0.45102,-0.53871,-0.26272,0.85672,-0.202,0.73019,-0.27646,-0.15406,-0.56563,0
negative564,-0.12453,-0.19626,-0.21715,-0.16513,-0.0915,-0.10818,7.38216,-0.12467,-0.21439,-0.18816,-0.24143,-0.13765,-0.20814,-0.20684,-1.72418,1.03871,-1.17097,-0.92396,-0.86983,1.17371,-0.22045,-0.24832,-1.40734,0.16105,-0.79504,-0.22454,-0.34164,-0.1838,-0.17764,-0.21124,1.68172,-0.24955,-0.16218,-0.19169,-0.05628,-0.11703,0.31568,-0.02018,1.08685,-0.28071,-0.21525,-1.02268,-0.30461,-0.19193,-0.2232,-0.12924,-0.73446,-0.23907,-0.24428,1.29008,1.2143,0.62204,-0.33555,-0.2726,-0.10657,-1.23263,-1.51509,0.06397,-0.35463,0.87743,1.34774,0.00668,0.2684,-0.26272,-0.34476,-0.202,0.73019,-0.27646,-0.15406,0.14996,0
negative565,-0.15139,-0.2115,-0.23306,-0.18553,-0.12959,-0.13792,-0.15284,-0.13859,-0.26055,-0.20274,-0.28438,-0.18713,-0.28828,-0.26077,-0.11742,-0.51986,0.9837,-0.92396,-0.6024,-0.72949,-0.26778,-0.2747,-0.3257,1.7746,0.24611,-0.22454,-0.4471,-0.1838,-0.19766,-0.3031,1.13842,-0.30799,0.63449,-0.19169,-0.36272,-0.14637,0.33157,0.27086,0.12289,-0.28071,-0.21525,-0.00773,-0.30461,-0.22432,-0.2232,0.57839,-0.22604,-0.23907,-0.24428,-0.59064,0.32185,1.16063,0.50262,-0.28507,-0.10657,0.25844,0.28826,1.96025,0.41953,0.53999,0.56788,-0.90703,0.11784,-0.33917,-0.87268,-0.202,0.73019,-0.38649,2.46379,-1.13935,0
negative566,-0.12453,-0.19626,-0.21715,-0.16513,-0.0915,-0.10818,-0.14012,-0.12467,-0.21439,-0.18816,-0.24143,-0.13765,-0.20814,-0.20684,-0.16467,-0.51986,-1.40448,-0.92396,-1.12564,-0.62717,-0.22045,3.65197,0.30457,-0.23808,-0.79504,4.6674,-0.32911,-0.1838,-0.17764,-0.21124,0.27958,-0.24955,-0.16218,-0.19169,0.90678,-0.11703,-0.75649,-0.7316,-0.40137,4.20706,-0.21525,0.6022,-0.30461,-0.19193,4.27512,-0.60504,0.89748,-0.23907,-0.24428,-0.59064,-0.79187,0.769,-0.22236,-0.2726,-0.10657,-1.41338,-0.31762,-0.61027,-0.35463,0.35335,-1.18163,-0.46039,-0.08129,-0.26272,-0.74525,-0.202,0.73019,-0.27646,-0.15406,-0.17034,0
negative567,-0.14425,-0.20744,-0.22883,-0.18011,-0.11946,7.41745,-0.14945,-0.13489,-0.24827,-0.19886,-0.27295,-0.17397,-0.26697,-0.24643,-0.29463,0.79112,0.69712,2.78212,-0.74193,-0.51461,-0.25519,-0.26769,-0.25056,-0.81724,-0.21662,-0.22454,0.61044,-0.1838,-0.19234,3.60692,-1.35856,-0.29244,1.34403,-0.19169,-1.01935,-0.13857,1.31115,-0.02018,0.80781,-0.28071,-0.21525,0.44812,-0.30461,-0.21571,-0.2232,0.31088,1.09428,-0.23907,-0.24428,-0.59064,0.22128,-0.17624,0.59822,-0.28176,-0.10657,-0.11299,-0.78284,2.08667,-1.08805,1.51946,-0.85757,-0.07671,-0.07965,-0.31883,0.3561,-0.202,0.73019,-0.35722,-0.18643,0.53516,0
negative568,-0.12453,-0.19626,-0.21715,-0.16513,-0.0915,-0.10818,-0.14012,-0.12467,-0.21439,-0.18816,-0.24143,-0.13765,-0.20814,-0.20684,-0.68451,-0.51986,-0.47044,1.20319,-0.86983,-0.17695,-0.22045,-0.24832,-0.56417,0.20377,0.80672,-0.22454,-0.33953,-0.1838,-0.17764,-0.21124,-0.02998,-0.24955,-0.16218,-0.19169,1.86985,-0.11703,-0.75649,0.33553,1.45891,-0.28071,-0.21525,-1.2012,-0.30461,-0.19193,-0.2232,-0.45129,-0.03334,-0.23907,-0.24428,-0.59064,1.95558,0.63811,-0.03503,-0.2726,-0.10657,1.69525,1.83811,0.23252,-1.51588,-0.01971,-0.00581,-1.69831,0.94809,-0.26272,-0.34476,5.03431,0.73019,-0.27646,-0.15406,0.65786,0
negative569,-0.12453,-0.19626,-0.21715,-0.16513,-0.0915,-0.10818,-0.14012,-0.12467,-0.21439,-0.18816,-0.24143,-0.13765,-0.20814,-0.20684,-0.68451,2.3367,-1.40448,-0.92396,-1.12564,0.72349,4.44426,-0.24832,-0.10053,2.30168,-0.79504,-0.22454,0.17883,-0.1838,-0.17764,-0.21124,0.93152,-0.24955,1.48095,-0.19169,-1.01935,-0.11703,0.26051,0.33553,1.45891,-0.28071,-0.21525,0.65734,-0.30461,-0.19193,-0.2232,0.10203,0.14362,2.22314,-0.24428,-0.59064,0.31156,0.61395,-0.51435,-0.2726,-0.10657,0.2084,0.96505,-0.27315,0.22599,1.1512,1.40519,-1.67369,-0.0847,-0.26272,0.45622,-0.202,-1.36951,-0.27646,-0.15406,0.81036,0
negative570,-0.12018,-0.19379,-0.21457,-0.16183,-0.08533,-0.10337,-0.13806,-0.12242,-0.20692,-0.1858,-0.23447,-0.12964,-0.19517,-0.19811,1.65475,-0.51986,0.34685,0.21353,-0.3034,-1.9135,-0.21279,-0.24405,0.63662,1.55544,-0.79504,-0.22454,-0.27475,-0.1838,-0.17439,-0.19637,0.09312,3.74415,-0.00569,-0.19169,0.01251,-0.11228,-0.75649,-0.62997,-0.34822,-0.28071,-0.21525,-0.34606,-0.30461,-0.18668,-0.2232,-1.09494,0.89823,-0.23907,-0.24428,1.49905,1.57315,0.724,-0.42571,-0.27059,-0.10657,-0.41799,0.97657,-0.94739,-0.89059,0.77105,0.84455,-1.35362,0.15688,-0.25034,-0.28755,-0.202,0.73019,-0.25865,-0.14692,0.4084,0
negative571,-0.12453,-0.19626,-0.21715,-0.16513,-0.0915,-0.10818,-0.14012,-0.12467,-0.21439,-0.18816,-0.24143,-0.13765,-0.20814,-0.20684,-0.16467,1.3488,-0.23693,-0.92396,0.15339,0.27327,-0.22045,-0.24832,0.6908,0.04224,1.6076,-0.22454,-0.2173,-0.1838,-0.17764,-0.21124,-1.39633,-0.24955,0.38553,-0.19169,-0.05628,-0.11703,-0.75649,1.04696,2.20302,4.20706,-0.21525,-0.85204,-0.30461,-0.19193,4.27512,0.12893,1.17198,-0.23907,-0.24428,1.29008,0.1843,-0.26256,-0.48233,3.41445,-0.10657,-0.0834,0.69774,-0.18887,-1.51588,2.36314,-1.5981,0.15283,-0.09201,-0.26272,-0.74525,-0.202,0.73019,-0.27646,-0.15406,-1.20363,0
negative572,-0.12453,-0.19626,-0.21715,-0.16513,-0.0915,-0.10818,-0.14012,-0.12467,-0.21439,-0.18816,-0.24143,-0.13765,2.42466,-0.20684,-0.16467,4.11972,-0.47044,-0.92396,-0.10241,-0.17695,-0.22045,-0.24832,0.49485,1.37232,1.6076,4.6674,0.89379,-0.1838,-0.17764,-0.21124,-1.79985,-0.24955,0.93324,-0.19169,-0.05628,-0.11703,-0.75649,-0.02018,-0.40137,-0.28071,-0.21525,-0.7519,-0.30461,-0.19193,-0.2232,-0.9708,0.04012,-0.23907,-0.24428,1.29008,-0.71132,-1.58435,0.10092,-0.2726,-0.10657,0.03379,-0.30285,-0.52599,-0.93526,1.50942,-2.5165,-1.35559,0.20375,-0.26272,0.85672,-0.202,0.73019,-0.27646,-0.15406,-0.57979,0
negative573,-0.12018,-0.19379,-0.21457,-0.16183,-0.08533,-0.10337,-0.13806,-0.12242,-0.20692,-0.1858,-0.23447,-0.12964,-0.19517,-0.19811,-0.01615,-0.51986,0.09666,1.55429,0.51883,-0.46637,4.62801,-0.24405,-0.22299,-0.24365,0.07258,-0.22454,0.82039,-0.1838,-0.17439,-0.19637,-0.75574,-0.24009,-0.00569,-0.19169,-1.01935,-0.11228,0.39949,0.89451,0.84767,-0.28071,-0.21525,0.66048,-0.30461,-0.18668,-0.2232,1.51751,0.3939,-0.23907,-0.24428,-0.59064,-1.38402,-0.92175,-0.2632,-0.27059,-0.10657,-0.04187,-0.80195,-0.82097,-0.26531,-0.4128,-0.66543,0.21833,-0.62927,-0.25034,3.14525,-0.202,0.73019,-0.25865,-0.14692,-0.48433,0
negative574,-0.13278,-0.20094,-0.22203,-0.1714,-0.1032,-0.11732,-0.14403,-0.12895,-0.22857,-0.19264,3.70476,-0.15285,-0.23276,-0.22341,-0.4093,-0.51986,-0.16825,-0.92396,0.22863,-0.49475,-0.23499,3.39196,0.41678,1.12636,-0.10094,-0.22454,0.27632,-0.1838,-0.18379,-0.23946,1.51271,-0.2675,0.06335,-0.19169,-0.16959,-0.12605,-0.75649,0.67032,1.48079,-0.28071,-0.21525,-0.13311,-0.30461,-0.20188,-0.2232,-1.0107,1.23621,4.68535,-0.24428,-0.59064,1.30135,-0.57042,-0.44831,-0.27644,-0.10657,0.95945,1.69735,0.3168,-0.49979,1.61616,1.47223,-1.272,0.08456,-0.2862,-0.79237,-0.202,-1.36951,-0.31026,-0.16761,-0.41273,0
negative575,-0.12453,-0.19626,-0.21715,-0.16513,-0.0915,-0.10818,-0.14012,-0.12467,-0.21439,-0.18816,-0.24143,-0.13765,-0.20814,-0.20684,-0.16467,-0.51986,-0.00342,0.38189,-0.61402,-0.17695,4.44426,-0.24832,0.39471,0.22002,-0.79504,-0.22454,0.3061,-0.1838,-0.17764,-0.21124,1.69768,-0.24955,0.38553,-0.19169,0.90678,-0.11703,-0.75649,1.40267,2.57507,-0.28071,5.1565,0.62874,-0.30461,-0.19193,-0.2232,-0.09721,-0.18349,-0.23907,-0.24428,1.29008,-0.87975,-0.47142,0.30588,-0.2726,-0.10657,-2.5482,-1.2854,-0.27315,0.22599,-1.16656,-1.45945,0.37949,-0.40783,-0.26272,0.05573,-0.202,0.73019,-0.27646,-0.15406,-1.60951,0
negative576,-0.13671,3.88553,-0.22436,-0.17438,-0.10878,-0.12167,-0.14589,-0.13098,-0.23533,-0.19477,-0.26091,-0.16009,-0.24449,-0.2313,0.35516,-0.51986,0.15226,0.0349,0.57974,-0.25198,3.99123,-0.26029,-0.56344,0.10457,-0.79504,-0.22454,0.77889,4.71135,-0.18672,-0.25291,0.88772,3.20807,0.38553,-0.19169,1.38832,-0.13034,-0.75649,2.88481,4.12531,-0.28071,-0.21525,-0.88821,-0.30461,-0.20662,-0.2232,1.09251,0.44918,4.68535,-0.24428,-0.59064,-0.13857,0.33974,0.13024,-0.27826,-0.10657,-0.95743,1.38134,1.24388,-0.55956,-0.60275,1.84408,-1.31923,1.83412,-0.2974,1.19046,-0.202,0.73019,-0.32637,-0.17406,0.26425,0
negative577,-0.12453,-0.19626,-0.21715,-0.16513,-0.0915,-0.10818,-0.14012,-0.12467,-0.21439,-0.18816,-0.24143,-0.13765,-0.20814,-0.20684,-0.68451,-0.51986,0.46361,0.52767,0.92081,-0.17695,-0.22045,-0.24832,0.1942,0.2402,0.80672,4.6674,1.33045,-0.1838,-0.17764,-0.21124,-0.78556,-0.24955,1.48095,-0.19169,-0.05628,-0.11703,-0.75649,1.40267,2.20302,-0.28071,-0.21525,-0.13344,-0.30461,-0.19193,4.27512,0.34509,1.10007,4.68535,-0.24428,-0.59064,-0.25025,0.95126,-0.50887,-0.2726,-0.10657,-0.83737,0.03875,0.02183,-0.93526,0.69873,-1.36652,-0.9409,-0.28954,-0.26272,0.45622,-0.202,0.73019,-0.27646,-0.15406,0.57256,0
negative578,-0.12453,-0.19626,-0.21715,-0.16513,-0.0915,-0.10818,-0.14012,-0.12467,-0.21439,-0.18816,-0.24143,-0.13765,-0.20814,-0.20684,-0.16467,0.91735,-0.70395,1.40235,-0.35822,-0.62717,-0.22045,-0.24832,-0.07467,-1.1993,-0.79504,-0.22454,-0.9666,-0.1838,-0.17764,-0.21124,-1.1346,-0.24955,-0.70989,-0.19169,-1.01935,-0.11703,1.21372,-0.37589,0.71479,4.20706,-0.21525,1.11061,-0.30461,-0.19193,-0.2232,0.10055,0.24931,-0.23907,3.73903,1.29008,0.51904,-1.19072,0.58965,-0.2726,-0.10657,-1.80345,0.89985,-0.27315,-0.35463,1.93587,-0.38274,-0.82669,-1.76444,-0.26272,0.45622,-0.202,-1.36951,-0.27646,-0.15406,1.01228,0
negative579,-0.12453,-0.19626,-0.21715,-0.16513,-0.0915,-0.10818,-0.14012,-0.12467,-0.21439,-0.18816,-0.24143,-0.13765,-0.20814,-0.20684,0.875,-0.51986,0.46361,1.10258,0.92081,-1.5276,-0.22045,-0.24832,1.67827,-2.74803,0.80672,-0.22454,-0.9666,-0.1838,-0.17764,-0.21124,-0.23875,-0.24955,0.38553,-0.19169,-0.05628,-0.11703,-0.75649,1.75839,-0.40137,-0.28071,-0.21525,1.04219,-0.30461,-0.19193,-0.2232,-0.18935,0.9717,-0.23907,-0.24428,1.29008,0.77756,0.17812,-0.60932,-0.2726,-0.10657,0.8738,-0.50636,-0.98953,1.38724,0.98361,-1.23705,0.58616,-0.54624,-0.26272,-0.74525,-0.202,0.73019,-0.27646,-0.15406,-0.56563,0
negative580,-0.12453,-0.19626,-0.21715,-0.16513,-0.0915,-0.10818,-0.14012,-0.12467,-0.21439,-0.18816,-0.24143,-0.13765,-0.20814,-0.20684,0.875,-0.51986,0.93063,0.61596,0.15339,-1.07738,-0.22045,-0.24832,0.99452,1.98655,0.80672,-0.22454,-0.18589,-0.1838,-0.17764,-0.21124,-0.75678,-0.24955,0.38553,-0.19169,-1.01935,-0.11703,0.43903,0.69125,1.45891,-0.28071,-0.21525,-0.83461,-0.30461,-0.19193,-0.2232,-0.46774,0.48744,-0.23907,-0.24428,1.29008,1.30145,0.24184,1.19408,-0.2726,-0.10657,1.39058,-0.14589,-0.65241,0.80661,0.45908,-0.97556,-1.00308,0.8371,-0.26272,-0.74525,-0.202,-1.36951,-0.27646,-0.15406,-0.87698,0
negative581,-0.12453,-0.19626,-0.21715,-0.16513,-0.0915,-0.10818,-0.14012,-0.12467,-0.21439,-0.18816,-0.24143,-0.13765,2.42466,-0.20684,-0.16467,-0.51986,-0.93746,1.10258,-0.61402,0.72349,-0.22045,-0.24832,0.43574,-1.00406,-0.79504,-0.22454,1.49092,-0.1838,-0.17764,-0.21124,0.05339,-0.24955,0.38553,5.3648,-1.01935,-0.11703,-0.75649,1.40267,0.71479,-0.28071,-0.21525,-0.22867,-0.30461,-0.19193,-0.2232,-0.81282,0.32256,-0.23907,-0.24428,1.29008,1.28404,-0.53472,-1.57853,-0.2726,-0.10657,1.27829,-1.22709,-0.61027,0.22599,-0.29814,1.0063,-0.52856,-0.38564,-0.26272,0.45622,-0.202,-1.36951,-0.27646,-0.15406,-0.61805,0
negative582,-0.14425,-0.20744,-0.22883,-0.18011,-0.11946,-0.13001,-0.14945,-0.13489,-0.24827,-0.19886,-0.27295,-0.17397,-0.26697,-0.24643,0.09525,-0.51986,-0.35368,1.05741,0.02549,0.83604,-0.25519,-0.26769,-0.45082,1.92282,-0.21662,-0.22454,0.51605,-0.1838,-0.19234,-0.27867,0.08557,-0.29244,-0.29911,3.82133,0.42525,-0.13857,3.4628,0.51339,0.80781,-0.28071,-0.21525,0.34282,-0.30461,-0.21571,-0.2232,1.3694,-2.78114,-0.23907,-0.24428,-0.59064,-0.80677,1.37227,1.93242,-0.28176,-0.10657,0.87665,-0.20279,1.87597,0.19543,-1.16077,-0.50213,0.96297,-0.56539,2.91497,-0.84538,-0.202,-1.36951,-0.35722,-0.18643,2.21864,0
negative583,-0.13278,-0.20094,-0.22203,-0.1714,-0.1032,-0.11732,-0.14403,-0.12895,-0.22857,-0.19264,-0.25462,-0.15285,-0.23276,-0.22341,0.50806,-0.51986,1.48006,1.49064,1.5829,-0.0975,-0.23499,-0.25643,-0.24028,-1.54732,1.28725,-0.22454,-0.33839,-0.1838,-0.18379,-0.23946,0.8091,-0.2675,-0.41992,-0.19169,0.68018,-0.12605,-0.75649,-0.58513,-0.8172,-0.28071,-0.21525,-0.24922,-0.30461,-0.20188,-0.2232,1.68258,-0.8447,-0.23907,-0.24428,-0.59064,2.2611,-1.36807,1.25679,-0.27644,-0.10657,-0.66287,0.81222,-0.44171,0.5163,-0.79284,-0.39493,2.05005,-0.56704,3.23776,-0.439,4.22872,-1.36951,-0.31026,-0.16761,0.16642,0
negative584,-0.12018,-0.19379,-0.21457,-0.16183,-0.08533,-0.10337,-0.13806,-0.12242,-0.20692,-0.1858,-0.23447,-0.12964,-0.19517,-0.19811,-0.01615,-0.51986,-1.40448,-0.92396,-1.12564,0.98076,-0.21279,-0.24405,0.28586,1.96708,0.9402,-0.22454,4.84503,-0.1838,-0.17439,-0.19637,-1.65089,-0.24009,1.75481,-0.19169,-1.01935,-0.11228,-0.75649,0.13227,-0.34822,-0.28071,-0.21525,0.39716,3.49647,-0.18668,-0.2232,-1.36957,0.92346,-0.23907,-0.24428,-0.59064,0.69619,-0.18216,-1.06214,-0.27059,-0.10657,1.09524,0.20024,-0.65241,-1.51588,-0.1684,-1.5584,0.36986,-0.77003,3.65914,-0.71665,-0.202,-1.36951,3.49218,-0.14692,-0.48433,0
negative585,-0.12453,-0.19626,-0.21715,-0.16513,-0.0915,-0.10818,-0.14012,-0.12467,-0.21439,-0.18816,-0.24143,-0.13765,-0.20814,-0.20684,-1.72418,-0.51986,1.86467,-0.92396,2.45565,0.72349,-0.22045,-0.24832,-0.79707,-0.75721,-0.79504,-0.22454,1.07819,-0.1838,-0.17764,-0.21124,-0.99161,-0.24955,2.02867,-0.19169,-0.05628,-0.11703,0.34433,-0.02018,1.08685,-0.28071,-0.21525,-0.44768,-0.30461,-0.19193,-0.2232,0.39368,0.43542,-0.23907,3.73903,-0.59064,0.94431,0.36256,0.43359,-0.2726,-0.10657,1.9029,-0.06699,0.61178,-0.93526,0.85808,-0.40261,0.96134,1.49285,-0.26272,-0.74525,-0.202,-1.36951,-0.27646,-0.15406,-1.38715,0
negative586,-0.12453,-0.19626,-0.21715,-0.16513,-0.0915,-0.10818,-0.14012,-0.12467,-0.21439,-0.18816,-0.24143,-0.13765,-0.20814,-0.20684,0.35516,-0.51986,1.16414,-0.92396,1.68823,-0.17695,-0.22045,-0.24832,-0.20385,0.46461,0.00584,-0.22454,0.23091,-0.1838,-0.17764,-0.21124,1.01677,-0.24955,-0.16218,-0.19169,1.86985,-0.11703,0.32163,-1.44303,-0.77343,-0.28071,-0.21525,-0.33222,-0.30461,4.59684,-0.2232,0.89332,-0.72889,-0.23907,-0.24428,1.29008,-1.81172,1.77994,1.45031,-0.2726,-0.10657,-0.83316,-0.75401,0.14824,-0.35463,0.17998,-0.35499,1.30774,-1.2945,-0.26272,-0.34476,-0.202,-1.36951,-0.27646,-0.15406,2.71165,0
negative587,-0.12453,8.8148,-0.21715,-0.16513,-0.0915,-0.10818,-0.14012,-0.12467,-0.21439,-0.18816,-0.24143,-0.13765,-0.20814,-0.20684,-0.16467,2.1914,2.09818,-0.92396,2.71145,1.62393,-0.22045,-0.24832,0.06815,1.37417,-0.79504,-0.22454,0.66399,-0.1838,-0.17764,-0.21124,0.55612,-0.24955,0.93324,-0.19169,-1.01935,-0.11703,0.30217,-0.7316,0.34274,-0.28071,-0.21525,-1.09582,-0.30461,-0.19193,-0.2232,0.11375,0.31042,4.68535,-0.24428,-0.59064,2.19819,0.84896,-0.08242,-0.2726,-0.10657,1.36674,0.14955,-0.27315,-1.51588,2.10346,1.7772,-1.84873,0.13372,-0.26272,-0.74525,-0.202,0.73019,-0.27646,-0.15406,-0.27551,0
negative588,-0.12453,-0.19626,4.48779,-0.16513,-0.0915,-0.10818,-0.14012,-0.12467,-0.21439,-0.18816,-0.24143,-0.13765,-0.20814,-0.20684,0.35516,-0.51986,0.69712,-0.92396,0.665,-1.5276,-0.22045,-0.24832,-0.0886,1.74917,-0.79504,-0.22454,-0.9666,-0.1838,5.74403,-0.21124,0.53714,-0.24955,0.38553,-0.19169,-0.05628,-0.11703,-0.75649,-0.7316,0.34274,1.96317,-0.21525,-0.43767,-0.30461,-0.19193,-0.2232,0.82723,0.5989,-0.23907,-0.24428,1.29008,-1.21213,0.26443,0.92209,-0.2726,-0.10657,0.86872,-0.88951,-0.35743,-1.51588,1.19147,0.7782,0.00316,-1.42995,-0.26272,-0.74525,-0.202,0.73019,-0.27646,-0.15406,-0.19786,0
negative589,-0.12453,-0.19626,-0.21715,-0.16513,-0.0915,-0.10818,-0.14012,-0.12467,-0.21439,-0.18816,-0.24143,-0.13765,-0.20814,-0.20684,-0.68451,-0.51986,-1.40448,0.52767,-1.12564,2.07414,-0.22045,-0.24832,-0.79628,-0.6508,-0.79504,-0.22454,0.30431,-0.1838,-0.17764,-0.21124,0.44082,-0.24955,-0.70989,-0.19169,-0.05628,-0.11703,0.35366,-1.79874,-0.77343,-0.28071,-0.21525,-1.60285,3.20408,-0.19193,-0.2232,-0.15239,-0.87203,-0.23907,-0.24428,-0.59064,0.06205,0.02622,-0.60454,3.41445,-0.10657,1.92616,-0.71294,-0.39957,0.22599,-2.14941,1.16272,1.84837,0.34021,-0.26272,-0.74525,-0.202,0.73019,3.33793,-0.15406,3.63392,0
negative590,-0.12453,-0.19626,-0.21715,-0.16513,-0.0915,-0.10818,-0.14012,-0.12467,-0.21439,-0.18816,3.99133,-0.13765,-0.20814,-0.20684,0.875,-0.51986,1.16414,-0.26076,1.17662,-0.17695,-0.22045,-0.24832,0.56822,-2.62893,-0.79504,-0.22454,1.19146,-0.1838,-0.17764,-0.21124,1.18274,-0.24955,0.93324,-0.19169,-1.01935,-0.11703,-0.75649,-0.37589,-0.02932,-0.28071,-0.21525,0.47481,-0.30461,-0.19193,-0.2232,-0.70618,0.85427,-0.23907,-0.24428,1.29008,1.12228,-0.50169,-1.25075,-0.2726,-0.10657,0.92847,0.65742,-0.73669,1.38724,-0.88409,1.35194,-0.7959,-0.5964,3.50456,-0.34476,-0.202,-1.36951,-0.27646,-0.15406,0.03999,0
negative591,-0.12453,-0.19626,-0.21715,-0.16513,-0.0915,-0.10818,-0.14012,8.10183,-0.21439,-0.18816,-0.24143,-0.13765,-0.20814,-0.20684,-1.20435,2.44588,1.63116,0.52767,2.19984,2.52436,-0.22045,-0.24832,-0.9104,-0.27566,-0.79504,-0.22454,0.22261,-0.1838,-0.17764,-0.21124,1.78982,-0.24955,0.38553,-0.19169,-0.05628,-0.11703,0.30451,-1.08732,-0.02932,-0.28071,-0.21525,-1.27422,-0.30461,-0.19193,-0.2232,0.22989,-0.75506,-0.23907,-0.24428,1.29008,-2.29003,-0.08857,-0.35532,-0.2726,-0.10657,0.0772,1.27969,-0.27315,-0.35463,-0.03044,0.94603,-0.48577,0.11098,-0.26272,-0.34476,-0.202,0.73019,-0.27646,-0.15406,0.06083,0
negative592,-0.12453,-0.19626,-0.21715,-0.16513,-0.0915,-0.10818,-0.14012,-0.12467,-0.21439,-0.18816,-0.24143,-0.13765,-0.20814,-0.20684,-0.68451,-0.51986,0.69712,-0.92396,0.4092,-0.17695,-0.22045,-0.24832,-1.88723,1.39735,-0.79504,-0.22454,-0.9666,-0.1838,-0.17764,-0.21124,3.10793,-0.24955,-0.16218,-0.19169,-0.05628,-0.11703,2.26169,2.46981,3.69124,-0.28071,-0.21525,-0.19962,-0.30461,-0.19193,-0.2232,0.11734,-1.45167,-0.23907,-0.24428,3.1708,0.76043,-1.35184,2.06655,-0.2726,-0.10657,-1.26903,0.19667,0.3168,-0.35463,0.48352,0.94721,0.52514,-0.89037,-0.26272,-0.74525,-0.202,0.73019,-0.27646,-0.15406,-0.23617,0
negative593,-0.14425,-0.20744,-0.22883,-0.18011,-0.11946,-0.13001,-0.14945,-0.13489,-0.24827,-0.19886,-0.27295,-0.17397,-0.26697,-0.24643,0.48512,-0.51986,-0.70395,-0.92396,-0.35822,-0.51461,-0.25519,-0.26769,-0.08314,0.24326,0.9402,-0.22454,-0.25506,-0.1838,-0.19234,-0.27867,-0.82084,-0.29244,-0.29911,-0.19169,-0.29705,-0.13857,0.41125,-0.02018,-0.86644,-0.28071,-0.21525,-0.21513,-0.30461,-0.21571,2.95208,-0.22297,-0.55228,-0.23907,-0.24428,-0.59064,0.62233,0.18668,0.7396,-0.28176,-0.10657,1.58476,-0.3342,0.78034,0.19543,0.27127,-1.73827,0.15032,0.08981,-0.31883,-0.84538,-0.202,0.73019,2.74536,-0.18643,-1.17073,0
negative594,-0.12453,-0.19626,-0.21715,-0.16513,-0.0915,-0.10818,-0.14012,-0.12467,-0.21439,-0.18816,-0.24143,7.1771,-0.20814,-0.20684,1.91467,-0.51986,-0.93746,-0.92396,-0.61402,-1.07738,-0.22045,-0.24832,3.13227,-2.46582,0.00584,-0.22454,-0.9666,-0.1838,-0.17764,-0.21124,0.51549,-0.24955,-2.35302,-0.19169,-1.01935,-0.11703,-0.75649,1.04696,-0.77343,-0.28071,-0.21525,1.85232,-0.30461,-0.19193,-0.2232,3.48771,0.92327,-0.23907,-0.24428,-0.59064,0.19013,0.25587,-1.41633,-0.2726,-0.10657,-0.19671,0.32681,-1.79018,1.96786,0.82726,0.1552,0.97049,0.24922,-0.26272,-0.74525,-0.202,-1.36951,-0.27646,-0.15406,0.09959,0
negative595,-0.11566,-0.19123,-0.21189,-0.1584,-0.07893,-0.09837,-0.13592,-0.12008,-0.19915,-0.18334,-0.22725,-0.12131,2.66206,-0.18904,0.15523,-0.51986,0.48157,-0.92396,0.94049,0.23864,-0.20483,-0.23961,0.91886,-1.53486,-0.79504,-0.22454,0.40961,-0.1838,-0.17102,-0.18092,0.36032,-0.23026,-0.4571,-0.19169,0.09188,-0.10735,0.30849,-0.5127,-0.71619,-0.28071,-0.21525,0.79162,-0.30461,-0.18124,-0.2232,0.73272,-0.81637,-0.23907,-0.24428,4.11116,-0.168,1.28158,-0.1623,-0.26849,-0.10657,0.44894,0.10589,-1.0738,1.1937,-0.25308,-0.79016,0.74114,1.17441,-0.23748,-0.68364,-0.202,0.73019,-0.24014,-0.1395,0.114,0
negative596,-0.12453,4.30927,-0.21715,-0.16513,-0.0915,-0.10818,-0.14012,-0.12467,-0.21439,-0.18816,-0.24143,-0.13765,-0.20814,-0.20684,-0.16467,-0.51986,0.46361,-0.92396,-0.61402,0.27327,-0.22045,-0.24832,-0.3032,0.64982,-0.79504,-0.22454,0.62704,-0.1838,-0.17764,-0.21124,2.07489,3.58977,1.48095,-0.19169,-0.05628,-0.11703,0.24046,1.75839,2.94713,-0.28071,-0.21525,-0.47836,-0.30461,-0.19193,-0.2232,0.27914,0.10061,-0.23907,-0.24428,1.29008,0.6247,-0.58426,0.49902,-0.2726,-0.10657,1.96957,-0.39283,-0.02031,0.80661,1.36994,2.5614,-1.21043,0.54919,-0.26272,0.05573,-0.202,-1.36951,-0.27646,-0.15406,1.47443,0
negative597,-0.12453,-0.19626,-0.21715,5.86665,-0.0915,-0.10818,-0.14012,-0.12467,-0.21439,-0.18816,-0.24143,-0.13765,-0.20814,-0.20684,0.35516,-0.51986,-0.00342,-0.92396,0.4092,-0.17695,-0.22045,-0.24832,0.96724,0.07746,-0.79504,-0.22454,-0.15985,-0.1838,-0.17764,-0.21124,-0.15084,-0.24955,-1.2576,-0.19169,-0.05628,-0.11703,-0.75649,-0.7316,-0.40137,1.96317,-0.21525,-0.2468,-0.30461,-0.19193,-0.2232,-0.34088,0.14655,-0.23907,-0.24428,1.29008,1.13125,-0.34896,-0.88707,3.41445,-0.10657,0.25755,0.08382,-0.86311,-0.35463,0.38896,-1.99673,-0.54519,0.4922,-0.26272,-0.74525,-0.202,-1.36951,-0.27646,-0.15406,-0.17034,0
negative598,-0.12018,-0.19379,-0.21457,-0.16183,11.60209,-0.10337,-0.13806,-0.12242,-0.20692,-0.1858,-0.23447,-0.12964,-0.19517,-0.19811,-0.01615,1.32688,0.34685,0.05543,0.79291,-0.46637,-0.21279,-0.24405,-1.34358,0.67023,-0.79504,-0.22454,-0.22609,-0.1838,-0.17439,-0.19637,-1.4372,-0.24009,1.75481,-0.19169,0.01251,-0.11228,0.33656,-1.77333,-0.74685,-0.28071,-0.21525,0.50672,-0.30461,-0.18668,-0.2232,-0.19907,-0.35361,-0.23907,4.07097,1.49905,0.27951,-0.02485,1.29464,-0.27059,-0.10657,0.50845,1.25081,-0.65241,-0.26531,-0.74646,-0.67253,-0.49621,-0.67414,-0.25034,-0.28755,-0.202,0.73019,-0.25865,-0.14692,0.80445,0
negative599,-0.12453,-0.19626,-0.21715,-0.16513,-0.0915,-0.10818,-0.14012,-0.12467,-0.21439,-0.18816,-0.24143,-0.13765,-0.20814,-0.20684,-0.16467,-0.51986,-1.17097,0.08828,-0.86983,-0.62717,-0.22045,-0.24832,0.54361,0.33323,0.00584,-0.22454,1.84636,-0.1838,-0.17764,-0.21124,0.82275,-0.24955,0.93324,-0.19169,-1.01935,-0.11703,-0.75649,-0.02018,0.71479,-0.28071,-0.21525,2.09543,3.20408,-0.19193,-0.2232,-1.77679,1.34218,-0.23907,-0.24428,-0.59064,-0.65013,-0.01459,-1.59219,-0.2726,-0.10657,-1.67176,-1.26283,-0.56813,-0.93526,-0.28659,0.46293,0.08399,-0.45202,3.50456,-1.14575,-0.202,0.73019,-0.27646,-0.15406,-1.70381,0
negative600,-0.12018,-0.19379,-0.21457,-0.16183,-0.08533,-0.10337,-0.13806,-0.12242,-0.20692,4.28854,-0.23447,-0.12964,-0.19517,-0.19811,1.65475,-0.51986,-1.15429,1.00197,-0.85156,-2.87826,-0.21279,-0.24405,2.12278,-0.88706,0.9402,-0.22454,-0.9666,-0.1838,-0.17439,-0.19637,-0.5018,-0.24009,-0.00569,-0.19169,-1.01935,-0.11228,-0.75649,0.13227,0.05041,4.20706,-0.21525,1.21765,-0.30461,-0.18668,-0.2232,0.2876,1.48162,-0.23907,-0.24428,-0.59064,-0.68438,-0.62827,0.1139,-0.27059,-0.10657,-0.44898,-0.61332,-1.57948,-0.26531,0.61712,1.42852,0.02698,-0.24199,-0.25034,2.28705,-0.202,0.73019,-0.25865,-0.14692,-0.7493,0
negative601,-0.12453,4.30927,-0.21715,-0.16513,-0.0915,-0.10818,-0.14012,-0.12467,-0.21439,-0.18816,-0.24143,-0.13765,-0.20814,-0.20684,-0.68451,-0.51986,0.93063,-0.92396,1.43242,1.17371,-0.22045,3.65197,0.12532,-0.74719,-0.79504,-0.22454,1.60647,-0.1838,-0.17764,-0.21124,0.52698,-0.24955,0.93324,-0.19169,-0.05628,-0.11703,-0.75649,-1.44303,-0.40137,-0.28071,-0.21525,-1.40625,-0.30461,-0.19193,-0.2232,0.03079,0.86572,-0.23907,-0.24428,-0.59064,-0.19242,-0.39987,-0.3872,3.41445,-0.10657,-1.05682,1.31389,-0.02031,-1.51588,1.04675,1.13151,-1.08774,-0.6692,-0.26272,0.45622,-0.202,-1.36951,-0.27646,-0.15406,2.55267,0
negative602,-0.14425,-0.20744,-0.22883,-0.18011,-0.11946,-0.13001,-0.14945,-0.13489,-0.24827,-0.19886,-0.27295,-0.17397,-0.26697,3.1754,0.48512,2.21332,0.17172,1.08615,0.4092,-1.18994,-0.25519,-0.26769,0.89849,-0.33848,0.36179,-0.22454,-0.41862,-0.1838,-0.19234,-0.27867,-0.27787,-0.29244,0.93324,-0.19169,-1.01935,-0.13857,0.38762,-1.08732,-0.30836,-0.28071,-0.21525,-0.67577,-0.30461,-0.21571,-0.2232,0.04376,1.42089,-0.23907,-0.24428,-0.59064,-0.15953,-0.40408,-0.20795,-0.28176,6.91262,0.72262,1.08082,1.24388,-0.66023,2.15402,0.23126,-0.55117,1.89477,-0.31883,0.3561,-0.202,0.73019,-0.35722,-0.18643,-0.56608,0
negative603,-0.12453,-0.19626,-0.21715,-0.16513,-0.0915,-0.10818,-0.14012,-0.12467,-0.21439,-0.18816,-0.24143,-0.13765,-0.20814,-0.20684,0.875,0.9969,-0.47044,0.49893,-0.10241,0.27327,-0.22045,-0.24832,-0.34844,-0.19916,0.00584,-0.22454,0.24963,-0.1838,-0.17764,-0.21124,-0.58731,-0.24955,-0.16218,-0.19169,0.90678,-0.11703,-0.75649,-0.37589,0.71479,-0.28071,-0.21525,-0.82909,-0.30461,-0.19193,-0.2232,0.24693,-0.19107,-0.23907,-0.24428,1.29008,-0.33299,-0.76352,-0.6465,3.41445,-0.10657,-0.59799,0.97332,-0.35743,0.22599,-0.49918,-0.49462,-0.46874,-1.03936,3.50456,-0.74525,-0.202,0.73019,3.33793,-0.15406,1.84295,0
negative604,-0.12453,-0.19626,-0.21715,-0.16513,-0.0915,-0.10818,-0.14012,-0.12467,-0.21439,-0.18816,-0.24143,-0.13765,-0.20814,-0.20684,0.35516,-0.51986,-0.47044,0.44554,-0.10241,-1.07738,-0.22045,-0.24832,-0.15913,1.6739,0.00584,4.6674,-0.25083,-0.1838,-0.17764,-0.21124,-0.9924,3.58977,0.38553,-0.19169,-0.05628,-0.11703,0.38372,-0.37589,-0.77343,-0.28071,-0.21525,0.05482,-0.30461,-0.19193,-0.2232,-1.5579,0.59422,-0.23907,-0.24428,-0.59064,-0.31177,0.11308,0.55164,3.41445,-0.10657,-0.61193,-1.06775,-0.23101,-1.51588,0.37554,-1.55134,-0.61712,-1.56186,-0.26272,-0.34476,-0.202,0.73019,-0.27646,-0.15406,0.92815,0
negative605,-0.12453,-0.19626,-0.21715,-0.16513,-0.0915,-0.10818,-0.14012,-0.12467,-0.21439,-0.18816,-0.24143,-0.13765,-0.20814,-0.20684,-0.16467,-0.51986,0.69712,0.52767,0.92081,-0.62717,-0.22045,3.65197,-0.04205,-0.41618,-0.79504,-0.22454,-0.9666,-0.1838,-0.17764,-0.21124,0.7447,-0.24955,0.38553,-0.19169,-1.01935,-0.11703,0.28856,-1.44303,-0.77343,4.20706,-0.21525,1.18978,-0.30461,-0.19193,-0.2232,0.45555,0.69199,-0.23907,-0.24428,-0.59064,0.52015,-1.08326,-0.17492,-0.2726,-0.10657,-0.78477,1.24961,-0.52599,0.22599,0.49687,1.48121,-0.66336,0.34418,-0.26272,-0.34476,-0.202,0.73019,-0.27646,-0.15406,0.14996,0
negative606,-0.12453,-0.19626,-0.21715,-0.16513,-0.0915,-0.10818,-0.14012,-0.12467,-0.21439,-0.18816,-0.24143,-0.13765,2.42466,-0.20684,1.91467,-0.51986,-0.47044,0.26486,-0.10241,-1.07738,-0.22045,-0.24832,1.64349,-0.83062,0.80672,-0.22454,1.14426,-0.1838,-0.17764,-0.21124,-1.07613,-0.24955,0.38553,-0.19169,-0.05628,-0.11703,-0.75649,-1.08732,-0.77343,-0.28071,-0.21525,-0.57733,-0.30461,-0.19193,-0.2232,-1.5539,0.85938,-0.23907,-0.24428,-0.59064,0.30854,0.8785,-0.29914,-0.2726,-0.10657,2.51693,-0.34902,-0.65241,-0.35463,0.39624,-0.27465,1.06515,-1.57994,-0.26272,-0.74525,-0.202,0.73019,-0.27646,-0.15406,0.81036,0
negative607,-0.14425,-0.20744,-0.22883,-0.18011,-0.11946,-0.13001,-0.14945,-0.13489,-0.24827,-0.19886,-0.27295,-0.17397,-0.26697,-0.24643,-0.29463,-0.51986,0.52198,1.79657,0.98476,1.17371,-0.25519,-0.26769,-0.17971,-1.83238,-0.79504,-0.22454,0.52435,-0.1838,-0.19234,-0.27867,-0.12123,-0.29244,0.11168,-0.19169,-0.29705,-0.13857,0.30117,0.24661,-0.86644,-0.28071,-0.21525,0.00254,-0.30461,-0.21571,-0.2232,-0.84722,-0.40232,-0.23907,-0.24428,-0.59064,-0.64518,0.16322,-0.56491,-0.28176,-0.10657,0.38273,1.73506,1.11746,0.62326,-1.15992,0.818,-0.99951,0.75878,2.91497,-0.54501,-0.202,0.73019,-0.35722,-0.18643,1.45607,0
negative608,-0.12453,-0.19626,-0.21715,-0.16513,-0.0915,-0.10818,-0.14012,-0.12467,-0.21439,-0.18816,-0.24143,-0.13765,-0.20814,-0.20684,0.875,1.38452,0.93063,0.49893,-0.35822,-1.5276,-0.22045,-0.24832,0.66853,-0.89938,-0.79504,-0.22454,-0.9666,-0.1838,-0.17764,-0.21124,-1.2216,-0.24955,0.93324,-0.19169,-1.01935,-0.11703,-0.75649,0.69125,-0.40137,-0.28071,-0.21525,-1.0078,-0.30461,4.59684,-0.2232,0.0122,1.42036,-0.23907,-0.24428,-0.59064,-0.25705,0.09069,-0.95079,-0.2726,-0.10657,0.41923,-1.31221,-0.52599,-0.93526,0.93667,-0.17404,0.32886,1.31999,-0.26272,2.05819,-0.202,0.73019,-0.27646,-0.15406,-1.30852,0
negative609,-0.12453,-0.19626,-0.21715,-0.16513,-0.0915,-0.10818,-0.14012,-0.12467,-0.21439,-0.18816,-0.24143,-0.13765,-0.20814,-0.20684,-0.68451,-0.51986,0.69712,0.66319,1.17662,0.27327,-0.22045,-0.24832,0.34219,0.20506,0.00584,4.6674,-0.22869,-0.1838,-0.17764,-0.21124,0.47577,-0.24955,-0.70989,-0.19169,-0.05628,-0.11703,0.37966,-0.02018,0.71479,-0.28071,-0.21525,-0.65342,-0.30461,-0.19193,-0.2232,0.3293,-0.5754,-0.23907,-0.24428,-0.59064,1.51391,0.1063,-0.24516,-0.2726,-0.10657,1.03085,-1.05641,-0.18887,0.22599,-0.53285,0.17894,-0.33482,0.48743,-0.26272,-0.74525,5.03431,0.73019,-0.27646,-0.15406,-0.71744,0
negative610,-0.11566,-0.19123,-0.21189,-0.1584,-0.07893,-0.09837,-0.13592,8.76556,-0.19915,-0.18334,-0.22725,-0.12131,-0.18169,-0.18904,1.95466,1.38736,-1.40448,-0.92396,-1.12564,-0.80033,-0.20483,-0.23961,-1.56359,0.4713,3.93742,5.7545,-0.9666,-0.1838,-0.17102,4.70834,0.52235,-0.23026,-1.72105,-0.19169,-1.01935,-0.10735,1.52737,0.71861,0.5717,-0.28071,-0.21525,-1.45508,-0.30461,-0.18124,-0.2232,0.86734,-0.66263,-0.23907,-0.24428,-0.59064,-0.0364,-1.54548,1.35633,-0.26849,-0.10657,0.16293,0.19366,-1.20022,1.1937,0.72177,-1.26065,0.26239,0.21344,-0.23748,-0.22153,-0.202,-1.36951,-0.24014,6.90337,0.43516,0
negative611,-0.12453,-0.19626,-0.21715,5.86665,-0.0915,-0.10818,-0.14012,-0.12467,-0.21439,-0.18816,-0.24143,-0.13765,-0.20814,-0.20684,-0.16467,2.2815,2.09818,-0.92396,2.71145,1.17371,-0.22045,-0.24832,-0.59264,0.57192,-0.79504,-0.22454,0.71835,-0.1838,5.74403,-0.21124,1.24834,-0.24955,0.93324,-0.19169,-1.01935,-0.11703,0.30497,-0.7316,0.34274,-0.28071,-0.21525,-1.04555,-0.30461,-0.19193,-0.2232,-0.46147,0.40267,4.68535,-0.24428,-0.59064,0.62476,-0.43172,0.01555,-0.2726,-0.10657,0.24458,0.06988,-0.27315,-0.35463,2.30863,0.988,-2.38765,-0.39957,-0.26272,-0.74525,5.03431,0.73019,-0.27646,-0.15406,-0.70291,0
negative612,-0.12453,-0.19626,-0.21715,5.86665,-0.0915,-0.10818,-0.14012,-0.12467,-0.21439,-0.18816,-0.24143,-0.13765,-0.20814,-0.20684,-0.16467,-0.51986,0.23009,-0.92396,0.665,0.72349,-0.22045,-0.24832,-1.83131,-0.23607,-0.79504,-0.22454,0.21984,-0.1838,-0.17764,-0.21124,0.89416,3.58977,-0.16218,-0.19169,0.90678,-0.11703,0.29413,-1.79874,-0.77343,-0.28071,-0.21525,-0.65616,-0.30461,-0.19193,-0.2232,0.01716,-0.61808,-0.23907,-0.24428,-0.59064,-1.04634,-1.05637,1.06912,-0.2726,-0.10657,-0.30373,2.08167,0.10611,-0.35463,0.96816,0.13808,-1.67555,0.73683,-0.26272,-0.34476,-0.202,-1.36951,-0.27646,-0.15406,0.58856,0
negative613,6.67382,-0.20744,-0.22883,-0.18011,-0.11946,-0.13001,-0.14945,-0.13489,5.60925,-0.19886,-0.27295,-0.17397,-0.26697,-0.24643,3.99402,-0.51986,-1.40448,1.55018,-1.12564,-1.5276,-0.25519,-0.26769,3.2883,-0.89669,1.51861,-0.22454,-0.38217,-0.1838,-0.19234,3.60692,0.01313,-0.29244,-1.94224,3.82133,-1.01935,-0.13857,-0.75649,0.51339,-0.86644,4.20706,-0.21525,0.46769,-0.30461,3.89495,-0.2232,0.295,0.95217,-0.23907,-0.24428,-0.59064,0.47944,1.29443,-0.78053,-0.28176,-0.10657,-1.22163,-1.16751,-0.61027,2.33457,0.07466,0.95485,1.31777,0.13443,-0.31883,0.05573,-0.202,-1.36951,-0.35722,-0.18643,-1.26612,0
negative614,-0.12453,-0.19626,-0.21715,-0.16513,-0.0915,-0.10818,-0.14012,-0.12467,-0.21439,-0.18816,-0.24143,-0.13765,-0.20814,-0.20684,1.91467,-0.51986,-0.93746,-0.92396,-0.61402,-1.07738,-0.22045,-0.24832,0.27831,-0.02966,4.81111,-0.22454,0.04668,-0.1838,-0.17764,-0.21124,-2.03619,-0.24955,-0.70989,-0.19169,-1.01935,-0.11703,0.49313,0.33553,-0.77343,-0.28071,-0.21525,-1.50503,-0.30461,-0.19193,-0.2232,0.92297,1.0832,-0.23907,-0.24428,-0.59064,1.30073,-0.74489,0.96842,-0.2726,-0.10657,-2.00399,-1.47215,-0.44171,0.80661,1.06917,-1.89376,0.84807,-2.224,-0.26272,0.05573,-0.202,0.73019,-0.27646,9.62658,-0.56563,0
negative615,-0.12453,-0.19626,-0.21715,-0.16513,-0.0915,-0.10818,-0.14012,-0.12467,-0.21439,-0.18816,-0.24143,-0.13765,-0.20814,-0.20684,-0.68451,-0.51986,0.69712,-0.92396,1.17662,-0.62717,-0.22045,-0.24832,0.096,-0.11383,-0.79504,-0.22454,0.40945,-0.1838,-0.17764,-0.21124,-2.35585,-0.24955,2.57638,-0.19169,-1.01935,-0.11703,0.32817,-1.44303,-0.40137,-0.28071,-0.21525,0.17397,-0.30461,-0.19193,-0.2232,-0.12588,1.78966,-0.23907,-0.24428,-0.59064,-0.38728,1.06641,0.50912,-0.2726,-0.10657,-1.05591,-0.64909,0.02183,-1.51588,1.11829,-0.77822,1.22955,-0.1219,-0.26272,0.45622,-0.202,-1.36951,-0.27646,3.10616,0.43528,0
negative616,-0.12453,-0.19626,-0.21715,-0.16513,-0.0915,-0.10818,-0.14012,-0.12467,-0.21439,-0.18816,-0.24143,-0.13765,2.42466,-0.20684,1.91467,3.21827,0.23009,1.10258,0.665,-0.17695,-0.22045,-0.24832,0.18784,1.15625,0.00584,-0.22454,0.53232,-0.1838,-0.17764,4.31533,-0.19468,-0.24955,0.38553,-0.19169,-0.05628,-0.11703,-0.75649,-0.37589,-0.77343,-0.28071,-0.21525,-1.4564,-0.30461,-0.19193,-0.2232,-1.48243,0.04185,-0.23907,-0.24428,1.29008,-1.3687,-0.31052,-0.75872,-0.2726,-0.10657,0.43141,-0.39646,-0.61027,-1.51588,0.3058,-1.89324,-0.2102,-1.51562,-0.26272,0.45622,-0.202,-1.36951,-0.27646,-0.15406,-0.56563,0
negative617,-0.12453,-0.19626,-0.21715,-0.16513,-0.0915,-0.10818,-0.14012,-0.12467,3.19751,-0.18816,-0.24143,-0.13765,-0.20814,-0.20684,0.35516,-0.51986,-0.00342,0.66319,-0.10241,-0.62717,-0.22045,-0.24832,0.54747,1.4599,1.6076,-0.22454,2.03076,-0.1838,-0.17764,-0.21124,-0.27092,-0.24955,0.93324,-0.19169,-1.01935,-0.11703,-0.75649,-1.08732,-0.77343,-0.28071,-0.21525,0.42759,-0.30461,-0.19193,-0.2232,-1.26096,1.14246,-0.23907,-0.24428,-0.59064,-0.44248,0.2682,-0.97891,-0.2726,-0.10657,-1.09413,-0.13414,-0.52599,-0.35463,0.81984,-0.87233,-1.13212,-0.95895,-0.26272,2.05819,-0.202,0.73019,-0.27646,-0.15406,-1.70381,0
negative618,-0.12453,-0.19626,-0.21715,-0.16513,-0.0915,-0.10818,-0.14012,-0.12467,-0.21439,-0.18816,-0.24143,-0.13765,-0.20814,-0.20684,-1.20435,-0.51986,-1.40448,-0.92396,-1.12564,1.62393,4.44426,-0.24832,-2.61787,1.21402,0.00584,-0.22454,1.26909,-0.1838,-0.17764,-0.21124,0.54609,-0.24955,-0.16218,-0.19169,0.90678,-0.11703,1.29022,-1.44303,-0.40137,-0.28071,-0.21525,-0.7789,-0.30461,-0.19193,-0.2232,-0.05999,-1.14401,-0.23907,-0.24428,1.29008,0.90531,0.34678,1.78421,-0.2726,-0.10657,-0.07963,0.21911,0.44322,1.38724,0.60695,0.66021,-0.58242,0.9436,-0.26272,0.05573,-0.202,0.73019,-0.27646,-0.15406,0.81036,0
negative619,-0.13278,-0.20094,-0.22203,-0.1714,-0.1032,-0.11732,-0.14403,-0.12895,-0.22857,3.84048,-0.25462,-0.15285,-0.23276,-0.22341,0.96674,-0.51986,1.27402,0.37163,-0.4485,-1.28925,-0.23499,-0.25643,0.5146,-0.11771,1.28725,-0.22454,-0.26401,-0.1838,-0.18379,-0.23946,0.0355,-0.2675,1.0299,-0.19169,-0.16959,-0.12605,-0.75649,0.98419,2.13736,-0.28071,-0.21525,-1.31836,-0.30461,-0.20188,-0.2232,0.46329,1.45086,-0.23907,-0.24428,-0.59064,0.70912,0.95845,0.23816,-0.27644,-0.10657,0.24484,0.05061,0.5275,-1.51588,1.91277,0.45194,-0.5626,0.00665,-0.2862,-0.439,-0.202,0.73019,-0.31026,2.88204,0.30475,0
negative620,-0.12453,-0.19626,-0.21715,-0.16513,-0.0915,-0.10818,-0.14012,-0.12467,-0.21439,-0.18816,-0.24143,-0.13765,-0.20814,-0.20684,0.35516,-0.51986,-0.47044,0.44554,-0.61402,-1.5276,-0.22045,-0.24832,1.58649,0.20661,1.6076,-0.22454,-0.9666,-0.1838,-0.17764,-0.21124,-1.18599,-0.24955,-0.16218,-0.19169,-1.01935,-0.11703,-0.75649,0.33553,-0.77343,-0.28071,-0.21525,-0.66053,-0.30461,-0.19193,-0.2232,-0.39411,1.68397,-0.23907,-0.24428,-0.59064,-0.72502,-0.81659,-0.81789,-0.2726,-0.10657,0.6002,-0.71608,-0.52599,0.22599,1.17498,-1.19055,0.05234,-0.93627,-0.26272,3.25967,-0.202,0.73019,-0.27646,-0.15406,-1.58999,0
negative621,-0.12453,-0.19626,-0.21715,-0.16513,-0.0915,-0.10818,-0.14012,-0.12467,-0.21439,-0.18816,-0.24143,-0.13765,-0.20814,-0.20684,0.35516,1.00461,1.16414,0.4168,1.68823,-0.17695,-0.22045,-0.24832,0.22427,-1.68954,-0.79504,-0.22454,-0.35531,-0.1838,-0.17764,-0.21124,-0.62334,3.58977,0.38553,5.3648,-0.05628,-0.11703,-0.75649,-0.02018,-0.02932,4.20706,-0.21525,0.59314,3.20408,-0.19193,-0.2232,-0.52448,0.53868,-0.23907,-0.24428,-0.59064,-0.18525,0.49217,-0.84002,-0.2726,-0.10657,-0.28183,3.10055,-0.69455,0.80661,0.03585,1.36939,-2.14671,0.67025,-0.26272,-0.34476,-0.202,0.73019,-0.27646,-0.15406,1.17817,0
negative622,-0.12453,-0.19626,-0.21715,-0.16513,-0.0915,-0.10818,-0.14012,-0.12467,-0.21439,-0.18816,-0.24143,-0.13765,-0.20814,-0.20684,0.875,-0.51986,0.23009,0.17657,0.665,-0.62717,-0.22045,-0.24832,-0.74979,-0.96364,-0.79504,-0.22454,0.24653,-0.1838,-0.17764,-0.21124,-0.65333,-0.24955,-0.70989,-0.19169,1.86985,-0.11703,-0.75649,-1.79874,-0.77343,-0.28071,-0.21525,-0.36444,-0.30461,-0.19193,-0.2232,0.26006,-0.78424,4.68535,-0.24428,-0.59064,-0.85543,0.75147,-0.12897,-0.2726,-0.10657,-1.71241,0.29921,-0.06245,-1.51588,-1.04163,0.8712,-0.13734,-0.39173,-0.26272,0.05573,-0.202,-1.36951,3.33793,-0.15406,-0.62768,0
negative623,-0.12453,-0.19626,-0.21715,-0.16513,-0.0915,8.68434,-0.14012,-0.12467,-0.21439,-0.18816,-0.24143,-0.13765,-0.20814,-0.20684,-0.68451,1.15114,1.63116,-0.92396,-0.61402,-0.62717,-0.22045,-0.24832,0.03803,-0.51062,-0.79504,-0.22454,-0.9666,-0.1838,-0.17764,-0.21124,0.31253,-0.24955,-0.16218,-0.19169,-0.05628,-0.11703,-0.75649,0.69125,0.34274,4.20706,-0.21525,2.94635,-0.30461,-0.19193,-0.2232,1.86063,0.85225,-0.23907,-0.24428,3.1708,-0.05947,-0.20029,-1.69052,-0.2726,-0.10657,-0.34071,-1.15233,-0.73669,0.22599,0.43411,-0.01041,0.37343,1.52376,-0.26272,-0.74525,-0.202,0.73019,-0.27646,-0.15406,1.13634,0
negative624,-0.12453,-0.19626,4.48779,-0.16513,-0.0915,-0.10818,-0.14012,-0.12467,-0.21439,-0.18816,-0.24143,-0.13765,-0.20814,-0.20684,-0.68451,-0.51986,-0.70395,0.52767,-0.86983,-0.62717,-0.22045,-0.24832,-0.29206,0.82246,-0.79504,-0.22454,-0.34457,-0.1838,-0.17764,-0.21124,-0.39057,-0.24955,0.93324,-0.19169,-0.05628,-0.11703,-0.75649,2.1141,3.31919,-0.28071,-0.21525,-0.50172,-0.30461,-0.19193,-0.2232,0.30981,1.03795,-0.23907,3.73903,1.29008,-0.01634,0.20444,-0.58303,-0.2726,-0.10657,0.55896,0.93291,-0.14673,-0.93526,1.24989,0.64702,-0.71277,0.66511,-0.26272,0.85672,-0.202,0.73019,-0.27646,-0.15406,-0.92525,0
negative625,-0.10602,-0.18576,-0.20618,-0.15107,-0.06525,-0.08769,-0.13135,-0.11509,-0.18259,-0.17811,-0.21183,-0.10355,-0.15292,-0.16968,-0.82628,-0.51986,-1.40448,-0.92396,-1.12564,1.41928,-0.18784,-0.23014,-0.255,0.15189,-0.79504,-0.22454,-0.16294,-0.1838,-0.16384,-0.14795,-1.30274,-0.20929,-0.11239,-0.19169,0.29392,-0.09682,-0.75649,0.27086,-0.13079,-0.28071,-0.21525,-0.57144,-0.30461,-0.16961,-0.2232,-0.17176,0.41572,-0.23907,-0.24428,-0.59064,-0.4381,-0.13877,-0.62693,-0.26401,-0.10657,-0.37245,1.07875,-1.95874,1.73561,-0.23991,0.26783,-0.32036,-1.64042,-0.21004,-0.59962,-0.202,0.73019,-0.20065,-0.12366,1.35317,0
negative626,-0.12453,-0.19626,-0.21715,-0.16513,-0.0915,-0.10818,-0.14012,-0.12467,-0.21439,-0.18816,-0.24143,-0.13765,-0.20814,-0.20684,-1.20435,-0.51986,-0.00342,-0.92396,0.4092,0.27327,-0.22045,3.65197,0.09435,-0.88446,0.00584,-0.22454,0.26834,-0.1838,-0.17764,-0.21124,0.69059,-0.24955,0.38553,-0.19169,-1.01935,-0.11703,0.30405,-1.08732,-0.77343,-0.28071,-0.21525,0.5345,-0.30461,-0.19193,-0.2232,0.03556,0.36145,-0.23907,-0.24428,-0.59064,-0.18935,-1.58639,0.45017,-0.2726,-0.10657,1.13926,-0.11484,-0.56813,0.22599,-0.12432,0.56242,-0.18193,1.74033,-0.26272,0.85672,-0.202,0.73019,-0.27646,-0.15406,0.78536,0
negative627,-0.12453,-0.19626,-0.21715,-0.16513,-0.0915,-0.10818,-0.14012,-0.12467,-0.21439,-0.18816,-0.24143,-0.13765,-0.20814,-0.20684,0.875,1.44134,0.46361,0.44554,0.92081,0.27327,-0.22045,-0.24832,0.89228,-1.23949,-0.79504,-0.22454,0.60605,-0.1838,-0.17764,-0.21124,0.36114,-0.24955,0.38553,-0.19169,-1.01935,-0.11703,0.40375,-1.08732,-0.77343,-0.28071,-0.21525,0.57337,-0.30461,-0.19193,-0.2232,1.42183,-0.34338,4.68535,-0.24428,-0.59064,1.2214,0.10905,-0.50312,-0.2726,-0.10657,-1.24291,-1.08369,-0.86311,0.22599,-0.56059,-1.26867,0.07746,-2.44461,-0.26272,0.05573,-0.202,0.73019,-0.27646,-0.15406,-1.70381,0
negative628,-0.12453,-0.19626,4.48779,-0.16513,-0.0915,-0.10818,-0.14012,-0.12467,-0.21439,-0.18816,-0.24143,-0.13765,-0.20814,-0.20684,-1.72418,-0.51986,-1.40448,-0.92396,-1.12564,2.97458,-0.22045,-0.24832,-1.70855,0.25908,-0.79504,4.6674,-0.29656,-0.1838,-0.17764,-0.21124,0.89924,-0.24955,-1.80531,-0.19169,3.79599,-0.11703,-0.75649,-0.37589,-0.02932,-0.28071,-0.21525,-1.87158,-0.30461,-0.19193,-0.2232,-0.0739,-1.98117,-0.23907,-0.24428,-0.59064,0.1808,3.00493,0.32663,-0.2726,-0.10657,0.97197,0.6021,0.10611,0.22599,-1.62128,0.39032,1.24021,-0.15355,-0.26272,-0.74525,-0.202,-1.36951,-0.27646,-0.15406,0.03999,0
negative629,-0.14787,-0.2095,-0.23097,-0.18285,-0.12459,-0.13402,-0.15117,-0.13676,5.45472,-0.20083,-0.27874,-0.18063,-0.27776,-0.25369,1.4691,-0.51986,0.43025,-0.92396,0.88427,-0.30558,-0.26157,-0.27124,-0.73359,-1.05505,-0.24707,-0.22454,-0.9666,-0.1838,-0.19503,-0.29104,0.75676,-0.30031,-1.57058,-0.19169,1.73227,-0.14252,-0.75649,0.13227,-0.87973,-0.28071,1.57533,2.0597,-0.30461,-0.22007,-0.2232,0.1013,-1.33216,-0.23907,-0.24428,-0.59064,-0.16355,-1.81371,-0.33941,-0.28344,-0.10657,-2.70569,-1.328,0.7382,2.54849,-1.27566,0.09191,1.11646,0.91808,-0.32913,-0.28755,-0.202,0.73019,-0.37204,-0.19237,0.04561,0
positive1,-0.12453,-0.19626,-0.21715,-0.16513,-0.0915,-0.10818,-0.14012,-0.12467,-0.21439,-0.18816,-0.24143,-0.13765,2.42466,-0.20684,0.35516,-0.51986,-1.40448,-0.92396,-1.12564,-1.07738,-0.22045,3.65197,0.38459,-0.47162,0.80672,-0.22454,-0.9666,-0.1838,-0.17764,-0.21124,0.13973,-0.24955,-0.70989,-0.19169,0.90678,-0.11703,-0.75649,0.33553,-0.02932,-0.28071,-0.21525,-0.58833,-0.30461,-0.19193,4.27512,-0.30794,0.65263,-0.23907,-0.24428,-0.59064,0.68003,0.8775,-0.44916,-0.2726,-0.10657,0.76512,-0.25838,-0.61027,-0.93526,0.38372,-1.40849,-0.98517,0.96505,-0.26272,-0.34476,-0.202,0.73019,-0.27646,-0.15406,-0.61326,1
positive2,-0.13671,3.88553,-0.22436,-0.17438,-0.10878,-0.12167,-0.14589,-0.13098,-0.23533,-0.19477,-0.26091,-0.16009,-0.24449,-0.2313,0.78836,-0.51986,-0.8207,2.00805,-0.48612,-0.25198,-0.24192,-0.26029,0.78515,-1.58849,-0.79504,-0.22454,0.16402,-0.1838,-0.18672,-0.25291,-0.44673,-0.27606,-0.07089,-0.19169,-0.2168,-0.13034,-0.75649,0.51339,0.71479,-0.28071,-0.21525,-0.12328,-0.30461,-0.20662,-0.2232,-1.34192,0.57654,-0.23907,-0.24428,-0.59064,0.28606,0.13693,0.2586,-0.27826,-0.10657,-1.27603,-1.31308,-0.18887,0.87492,0.6929,0.66811,1.32945,-0.42609,-0.2974,-0.47826,-0.202,0.73019,-0.32637,-0.17406,0.95529,1
positive3,-0.15821,10.33014,-0.23709,-0.19071,-0.13925,-0.14547,-0.15606,-0.14211,-0.27226,-0.20644,-0.29527,-0.19968,-0.30861,-0.27445,2.62945,-0.51986,-0.38287,-0.92396,-0.00649,-0.90855,-0.27979,-0.2814,2.87531,-1.10576,-0.32179,-0.22454,-0.9666,-0.1838,-0.20274,-0.3264,1.73833,-0.32281,-2.0107,-0.19169,-1.01935,-0.15381,-0.75649,1.18035,-0.91295,1.21521,-0.21525,-0.23983,-0.30461,-0.23254,-0.2232,1.3668,0.64493,-0.23907,-0.24428,-0.59064,-0.5123,0.8387,-1.14585,-0.28824,-0.10657,-0.17985,0.16936,0.02183,-0.10219,0.52476,1.17496,2.52342,0.30827,-0.35856,-0.89544,-0.202,-1.36951,-0.41439,-0.20935,0.82511,1
positive4,-0.12453,-0.19626,-0.21715,-0.16513,-0.0915,-0.10818,-0.14012,-0.12467,-0.21439,-0.18816,-0.24143,-0.13765,-0.20814,3.77947,-1.20435,-0.51986,-1.40448,1.40235,-1.12564,1.62393,-0.22045,-0.24832,0.83181,-0.79286,0.00584,-0.22454,0.6871,-0.1838,-0.17764,-0.21124,-0.70799,-0.24955,-1.2576,-0.19169,-0.05628,-0.11703,-0.75649,-0.02018,-0.02932,-0.28071,5.1565,-0.47392,-0.30461,-0.19193,-0.2232,-0.32588,0.4284,-0.23907,-0.24428,-0.59064,-0.40617,0.51991,-1.32502,-0.2726,-0.10657,-0.20919,0.86188,-0.90525,1.96786,-1.02619,-0.90683,0.13423,-1.97483,-0.26272,1.6577,-0.202,0.73019,-0.27646,-0.15406,-0.56563,1
positive5,-0.12872,-0.19864,-0.21963,-0.16832,-0.09745,-0.11283,-0.1421,-0.12685,-0.2216,-0.19043,-0.24813,6.92134,-0.22066,-0.21526,-0.78198,-0.51986,-0.09098,0.8336,0.31327,1.76462,-0.22784,-0.25244,-0.33011,1.25335,-0.79504,-0.22454,0.14709,-0.1838,-0.18076,-0.22558,1.55707,-0.25868,-0.81259,-0.19169,-1.01935,-0.12161,0.29259,-1.15401,-0.09908,4.20706,-0.21525,0.03712,-0.30461,-0.19699,-0.2232,0.30189,0.11061,-0.23907,-0.24428,-0.59064,0.74632,0.07002,-1.04071,-0.27455,-0.10657,1.22923,0.16904,-0.27315,-0.43205,-1.12444,0.84026,0.08315,0.83447,3.36487,-0.77029,-0.202,0.73019,-0.29364,-0.16094,0.55135,1
positive6,-0.13278,-0.20094,-0.22203,-0.1714,-0.1032,-0.11732,-0.14403,-0.12895,-0.22857,-0.19264,-0.25462,-0.15285,-0.23276,-0.22341,-0.86798,-0.51986,-0.37429,-0.92396,0.00292,0.69701,4.12844,-0.25643,-0.84578,1.7197,-0.79504,-0.22454,0.9016,-0.1838,-0.18379,-0.23946,-1.07573,3.32385,1.0299,-0.19169,-0.16959,-0.12605,0.33566,0.35646,1.15251,-0.28071,-0.21525,-0.47376,-0.30461,-0.20188,-0.2232,0.08816,0.09871,4.68535,-0.24428,-0.59064,-0.74135,-1.03339,0.05862,-0.27644,-0.10657,-1.47732,0.73897,0.65392,-0.49979,-0.28416,-0.04053,-0.8282,0.20761,-0.2862,-0.79237,-0.202,0.73019,-0.31026,-0.16761,-1.01684,1
positive7,-0.14425,-0.20744,-0.22883,-0.18011,-0.11946,-0.13001,-0.14945,-0.13489,-0.24827,-0.19886,-0.27295,-0.17397,-0.26697,3.1754,-0.68451,-0.51986,-0.17855,0.93421,-0.74193,-0.85228,-0.25519,-0.26769,0.16703,0.0378,-0.79504,-0.22454,-0.40316,-0.1838,-0.19234,-0.27867,-0.21528,-0.29244,0.52246,-0.19169,-1.01935,-0.13857,0.34027,-0.55375,-0.30836,-0.28071,-0.21525,1.00484,-0.30461,-0.21571,-0.2232,-1.30273,0.16835,-0.23907,-0.24428,0.66317,-0.29927,0.73783,-0.15444,-0.28176,-0.10657,0.65121,-0.32149,0.9489,-1.08805,-0.55495,-0.23147,-0.4445,0.60766,-0.31883,1.55758,-0.202,0.73019,-0.35722,-0.18643,0.5016,1
positive8,-0.12453,-0.19626,-0.21715,-0.16513,-0.0915,-0.10818,-0.14012,-0.12467,-0.21439,-0.18816,-0.24143,-0.13765,-0.20814,-0.20684,-0.16467,-0.51986,-0.00342,0.85619,0.4092,0.72349,-0.22045,-0.24832,0.08474,0.09541,0.00584,-0.22454,1.11236,-0.1838,-0.17764,-0.21124,0.11966,-0.24955,-0.16218,-0.19169,-1.01935,-0.11703,-0.75649,-0.37589,-0.02932,-0.28071,-0.21525,-0.14758,-0.30461,-0.19193,-0.2232,1.8759,0.48186,-0.23907,-0.24428,-0.59064,-0.2982,0.09465,-1.78857,-0.2726,-0.10657,0.93551,-1.02392,-0.77883,-0.93526,-0.33248,0.61928,2.71431,-0.04341,3.50456,-0.74525,5.03431,-1.36951,-0.27646,-0.15406,-0.92525,1
positive9,-0.12453,-0.19626,-0.21715,-0.16513,-0.0915,-0.10818,-0.14012,-0.12467,-0.21439,-0.18816,-0.24143,-0.13765,-0.20814,-0.20684,-0.16467,-0.51986,-0.70395,-0.92396,-0.86983,-0.62717,-0.22045,-0.24832,1.08119,1.19356,-0.79504,-0.22454,1.11611,-0.1838,-0.17764,-0.21124,-1.23236,-0.24955,0.93324,-0.19169,-1.01935,-0.11703,-0.75649,0.69125,0.34274,-0.28071,-0.21525,1.24479,3.20408,-0.19193,-0.2232,-1.25023,0.72834,-0.23907,-0.24428,-0.59064,-0.82143,0.04882,-1.42603,-0.2726,-0.10657,-0.35007,-1.31683,-0.77883,-0.93526,-0.15649,-1.79938,0.44423,0.16824,3.50456,1.6577,-0.202,0.73019,-0.27646,-0.15406,-1.70381,1
positive10,-0.14425,-0.20744,-0.22883,-0.18011,-0.11946,-0.13001,-0.14945,-0.13489,-0.24827,-0.19886,-0.27295,-0.17397,-0.26697,-0.24643,0.48512,0.91086,-0.00342,-0.00616,-0.93378,-0.17695,-0.25519,-0.26769,-0.81573,-0.43645,0.9402,-0.22454,0.75464,-0.1838,-0.19234,-0.27867,0.37822,-0.29244,0.93324,-0.19169,1.14755,-0.13857,-0.75649,1.31375,-0.30836,-0.28071,-0.21525,-0.71729,-0.30461,-0.21571,-0.2232,0.14234,-0.07242,-0.23907,-0.24428,0.66317,1.35939,-0.72488,-0.24183,-0.28176,-0.10657,0.53111,-1.5186,1.91811,-1.08805,-0.82968,-1.00574,1.08045,-0.41272,-0.31883,-0.24464,-0.202,0.73019,-0.35722,-0.18643,-0.66957,1
positive11,-0.15821,-0.21536,-0.23709,-0.19071,-0.13925,-0.14547,-0.15606,-0.14211,-0.27226,-0.20644,-0.29527,-0.19968,-0.30861,-0.27445,0.03027,-0.51986,-1.11259,-0.92396,-0.96576,-0.62717,-0.27979,-0.2814,-0.42652,0.17733,-0.79504,-0.22454,-0.51823,-0.1838,-0.20274,-0.3264,0.66798,-0.32281,0.04321,-0.19169,0.7864,-0.15381,0.30945,0.29107,0.01719,1.96317,-0.21525,1.62139,-0.30461,-0.23254,-0.2232,-0.30793,-0.54905,-0.23907,-0.24428,0.39921,1.03147,-0.12988,-0.14304,-0.28824,-0.10657,0.08662,-0.65626,2.21309,0.60466,-0.69097,-0.36463,-0.29202,0.34703,-0.35856,-0.14452,-0.202,-1.36951,-0.41439,-0.20935,-1.08733,1
positive12,-0.12453,-0.19626,-0.21715,5.86665,-0.0915,-0.10818,-0.14012,-0.12467,-0.21439,-0.18816,-0.24143,-0.13765,-0.20814,-0.20684,-0.68451,-0.51986,0.93063,1.40235,1.43242,1.17371,-0.22045,-0.24832,-0.90949,0.29145,0.00584,-0.22454,0.16467,-0.1838,-0.17764,-0.21124,0.45842,-0.24955,-0.16218,-0.19169,1.86985,-0.11703,0.26232,2.1141,3.31919,-0.28071,-0.21525,-0.43184,-0.30461,-0.19193,-0.2232,-0.0007,-0.61915,-0.23907,-0.24428,-0.59064,1.38788,-0.2553,0.98399,-0.2726,10.10316,-0.35877,2.65625,0.35894,-0.35463,0.00541,0.96118,-1.96233,0.89954,-0.26272,-0.74525,-0.202,0.73019,-0.27646,-0.15406,-1.07975,1
positive13,-0.12453,-0.19626,-0.21715,5.86665,-0.0915,-0.10818,-0.14012,-0.12467,-0.21439,-0.18816,-0.24143,-0.13765,-0.20814,-0.20684,-1.20435,-0.51986,0.93063,-0.92396,0.15339,1.17371,-0.22045,-0.24832,-1.07612,-0.52484,0.00584,-0.22454,0.33263,-0.1838,-0.17764,-0.21124,-0.24287,3.58977,0.38553,-0.19169,-0.05628,-0.11703,0.3195,-1.79874,-0.77343,-0.28071,-0.21525,-1.3809,-0.30461,-0.19193,-0.2232,0.35943,-0.88989,-0.23907,3.73903,-0.59064,0.4028,-1.11727,1.62185,-0.2726,-0.10657,-1.44982,1.26587,0.10611,-0.35463,1.03385,0.96387,-2.06357,1.11532,-0.26272,-0.34476,-0.202,0.73019,-0.27646,-0.15406,-0.51772,1
positive14,-0.14425,-0.20744,-0.22883,-0.18011,-0.11946,-0.13001,-0.14945,-0.13489,-0.24827,-0.19886,-0.27295,-0.17397,-0.26697,-0.24643,-0.29463,-0.51986,1.39765,0.38805,1.94403,0.83604,-0.25519,-0.26769,-0.31752,-0.33098,0.36179,-0.22454,0.82918,-0.1838,-0.19234,-0.27867,-0.13469,-0.29244,-0.70989,-0.19169,-1.01935,-0.13857,0.38374,-0.02018,-0.86644,1.96317,-0.21525,-0.07378,-0.30461,-0.21571,-0.2232,0.25946,0.26879,-0.23907,-0.24428,-0.59064,0.13312,0.19076,-0.93861,-0.28176,-0.10657,0.81024,1.87183,0.7382,0.62326,-1.0903,-0.22162,-0.64889,-0.60552,-0.31883,0.05573,-0.202,-1.36951,-0.35722,-0.18643,-0.31348,1
positive15,-0.12453,-0.19626,-0.21715,-0.16513,-0.0915,-0.10818,-0.14012,-0.12467,-0.21439,-0.18816,-0.24143,-0.13765,-0.20814,-0.20684,0.35516,-0.51986,1.63116,-0.92396,-0.86983,-0.17695,-0.22045,-0.24832,-0.88175,0.22159,-0.79504,-0.22454,1.64504,-0.1838,-0.17764,-0.21124,-0.91743,3.58977,2.02867,-0.19169,0.90678,-0.11703,-0.75649,0.69125,-0.40137,-0.28071,-0.21525,-0.87389,-0.30461,-0.19193,-0.2232,0.33094,-0.12972,-0.23907,-0.24428,-0.59064,0.44449,-0.71628,0.18609,-0.2726,-0.10657,-3.18473,-0.61186,0.23252,-0.35463,0.54509,-0.2898,0.152,-0.93263,-0.26272,-0.34476,-0.202,0.73019,6.95233,-0.15406,-0.70291,1
positive16,-0.13278,-0.20094,-0.22203,-0.1714,-0.1032,-0.11732,-0.14403,-0.12895,-0.22857,-0.19264,-0.25462,-0.15285,-0.23276,-0.22341,0.96674,-0.51986,-0.58032,-0.92396,-0.4485,-1.6865,-0.23499,-0.25643,0.47223,-0.43008,0.59315,-0.22454,-0.31365,5.061,-0.18379,-0.23946,-1.2719,-0.2675,-0.41992,-0.19169,-0.16959,-0.12605,-0.75649,0.67032,-0.48892,-0.28071,-0.21525,0.82447,-0.30461,-0.20188,3.6325,-0.45376,0.83223,-0.23907,-0.24428,0.97662,-0.74182,0.33249,-0.773,-0.27644,-0.10657,-0.43328,-1.3112,-0.02031,-0.49979,0.75205,-0.96408,1.38367,0.76954,-0.2862,1.32788,-0.202,0.73019,-0.31026,-0.16761,-0.69953,1
positive17,-0.11095,-0.18856,-0.2091,6.64994,-0.07225,-0.09315,-0.13369,-0.11764,-0.19106,-0.18079,-0.21972,-0.11264,2.80257,-0.17958,1.65475,-0.51986,-1.40448,0.11908,-1.12564,-0.62717,-0.19653,-0.23498,2.12365,0.6498,0.24611,-0.22454,-0.04104,-0.1838,-0.16751,-0.16481,-0.33179,-0.22001,-1.66838,-0.19169,-1.01935,-0.1022,-0.75649,-0.82053,-0.68042,-0.28071,-0.21525,0.68244,-0.30461,-0.17555,-0.2232,-1.5227,0.10455,-0.23907,-0.24428,-0.59064,-2.01594,-0.87277,-1.39492,-0.2663,-0.10657,-0.69038,-1.31113,-2.21158,-0.03793,0.54627,-0.01117,1.395,-1.91859,-0.22407,-0.14452,-0.202,0.73019,3.85674,-0.13176,-0.28108,1
positive18,-0.12453,-0.19626,-0.21715,-0.16513,-0.0915,-0.10818,-0.14012,-0.12467,3.19751,-0.18816,-0.24143,-0.13765,-0.20814,-0.20684,-0.16467,-0.51986,1.16414,-0.92396,1.68823,1.17371,-0.22045,-0.24832,0.5801,-1.18039,0.80672,-0.22454,-0.9666,-0.1838,-0.17764,-0.21124,-0.32279,-0.24955,-1.2576,-0.19169,0.90678,-0.11703,-0.75649,-0.37589,-0.40137,-0.28071,-0.21525,0.49978,-0.30461,-0.19193,-0.2232,2.86858,-0.79121,-0.23907,-0.24428,-0.59064,-1.17446,0.66544,-0.70018,-0.2726,-0.10657,-0.37324,0.12163,-0.94739,1.96786,-1.23255,0.07617,0.2578,-2.55892,-0.26272,-0.74525,-0.202,0.73019,-0.27646,-0.15406,1.39478,1
positive19,-0.14425,-0.20744,-0.22883,-0.18011,-0.11946,-0.13001,-0.14945,-0.13489,2.68049,-0.19886,-0.27295,-0.17397,-0.26697,-0.24643,2.04463,-0.51986,-1.40448,1.02045,-1.12564,-0.51461,-0.25519,-0.26769,0.52742,-1.70261,0.36179,-0.22454,-0.39144,-0.1838,4.89079,-0.27867,0.93821,-0.29244,-1.53146,7.83435,-0.29705,-0.13857,-0.75649,-0.55375,-0.30836,1.96317,-0.21525,1.05583,-0.30461,-0.21571,-0.2232,-0.3761,0.29889,-0.23907,-0.24428,-0.59064,0.15951,0.06855,-0.97392,-0.28176,-0.10657,-0.06765,-0.81021,-0.02031,0.62326,-0.33314,0.70475,1.64945,-0.92115,-0.31883,-0.54501,-0.202,0.73019,-0.35722,2.61212,0.4263,1
positive20,-0.15139,-0.2115,-0.23306,-0.18553,-0.12959,-0.13792,-0.15284,-0.13859,-0.26055,-0.20274,-0.28438,-0.18713,1.86139,-0.26077,0.59145,1.73438,0.66527,1.22166,-0.6024,-1.34342,-0.26778,-0.2747,0.86646,0.47673,-0.27447,-0.22454,2.64921,-0.1838,-0.19766,-0.3031,-1.76708,2.8268,2.87513,-0.19169,-1.01935,-0.14637,-0.75649,-0.2142,-0.89181,-0.28071,-0.21525,-0.17067,-0.30461,-0.22432,5.45889,0.20451,1.25368,-0.23907,-0.24428,1.62197,-0.40394,-0.21736,-0.98051,-0.28507,-0.10657,0.00228,-0.1272,2.17095,-1.51588,0.76612,-1.51135,0.05189,0.24651,2.73679,-0.87268,-0.202,-1.36951,-0.38649,-0.19816,-1.70381,1
positive21,-0.14425,-0.20744,-0.22883,-0.18011,-0.11946,-0.13001,-0.14945,-0.13489,-0.24827,-0.19886,-0.27295,-0.17397,-0.26697,-0.24643,-0.29463,0.93318,-0.00342,0.27307,0.4092,-0.51461,-0.25519,-0.26769,0.36653,0.38271,0.36179,-0.22454,-0.9666,-0.1838,-0.19234,-0.27867,-0.05414,-0.29244,0.11168,-0.19169,1.14755,-0.13857,-0.75649,1.31375,-0.86644,-0.28071,5.1565,-0.09115,-0.30461,-0.21571,-0.2232,-0.06193,0.50109,-0.23907,-0.24428,-0.59064,0.87218,-0.20838,-0.50168,2.88319,-0.10657,0.17233,1.80849,1.32815,-0.66023,-0.12646,0.17594,-1.43808,0.82653,-0.31883,-0.24464,3.39796,0.73019,-0.35722,-0.18643,0.27016,1
positive22,-0.12453,-0.19626,-0.21715,-0.16513,-0.0915,-0.10818,-0.14012,-0.12467,-0.21439,-0.18816,-0.24143,-0.13765,-0.20814,-0.20684,-1.20435,-0.51986,-0.93746,0.08828,-0.61402,1.17371,-0.22045,-0.24832,-0.29876,-0.64715,-0.79504,-0.22454,1.3407,-0.1838,-0.17764,-0.21124,0.2124,-0.24955,0.38553,-0.19169,-0.05628,-0.11703,-0.75649,0.69125,1.83096,-0.28071,-0.21525,-0.04055,-0.30461,-0.19193,-0.2232,1.44939,0.82905,-0.23907,-0.24428,-0.59064,0.56721,0.04387,-0.90453,-0.2726,-0.10657,-0.29258,-0.3148,0.06397,-0.93526,0.40201,0.01399,0.47891,1.90861,-0.26272,1.25721,-0.202,0.73019,-0.27646,-0.15406,-0.67185,1
positive23,-0.12872,-0.19864,4.32577,-0.16832,-0.09745,-0.11283,-0.1421,-0.12685,-0.2216,-0.19043,-0.24813,-0.14537,-0.22066,-0.21526,-0.78198,-0.51986,-1.40448,-0.92396,-1.12564,1.34254,-0.22784,-0.25244,-1.19844,0.06044,0.69231,-0.22454,0.24719,-0.1838,-0.18076,-0.22558,-0.09582,-0.25868,-1.32606,-0.19169,1.68928,-0.12161,0.41431,1.51383,1.99374,-0.28071,-0.21525,-1.6034,-0.30461,-0.19699,-0.2232,0.01997,-0.8052,2.22314,-0.24428,-0.59064,0.46837,0.01385,1.15043,-0.27455,-0.10657,-0.69958,0.56812,0.40108,-0.43205,1.44419,-1.44249,1.05186,0.641,-0.27466,-0.77029,-0.202,0.73019,-0.29364,-0.16094,2.21,1
positive24,-0.15821,-0.21536,-0.23709,-0.19071,-0.13925,-0.14547,-0.15606,-0.14211,-0.27226,-0.20644,-0.29527,-0.19968,-0.30861,-0.27445,0.68006,-0.51986,-1.40448,2.30166,-1.12564,-0.34578,-0.27979,-0.2814,1.7735,-0.21593,0.15146,-0.22454,0.6705,-0.1838,-0.20274,-0.3264,-1.26248,-0.32281,-0.29911,-0.19169,-1.01935,-0.15381,0.52873,0.73571,-0.21535,-0.28071,-0.21525,0.85757,-0.30461,-0.23254,2.34727,0.7889,0.70267,-0.23907,-0.24428,-0.59064,-0.73078,-0.86002,-0.62641,-0.28824,-0.10657,-1.51495,-1.70238,1.37029,1.3115,-0.69336,-0.71373,0.01153,-1.73926,-0.35856,-0.64513,-0.202,0.73019,-0.41439,-0.20935,-0.61394,1
positive25,-0.12453,-0.19626,-0.21715,-0.16513,-0.0915,-0.10818,-0.14012,-0.12467,-0.21439,-0.18816,3.99133,-0.13765,2.42466,-0.20684,0.35516,-0.51986,-0.23693,0.52767,0.15339,0.72349,-0.22045,-0.24832,1.04123,0.45589,0.00584,-0.22454,1.37211,-0.1838,-0.17764,-0.21124,0.17909,-0.24955,0.38553,-0.19169,-1.01935,-0.11703,-0.75649,0.33553,-0.40137,-0.28071,-0.21525,-0.18222,-0.30461,-0.19193,-0.2232,-0.6403,0.98601,-0.23907,-0.24428,-0.59064,-0.44369,-0.40494,-1.37688,-0.2726,-0.10657,1.21931,-0.59482,-0.73669,0.22599,-0.71222,0.4424,0.88532,-0.78553,-0.26272,2.05819,-0.202,0.73019,-0.27646,-0.15406,-0.3443,1
positive26,-0.13671,-0.20317,-0.22436,-0.17438,-0.10878,-0.12167,-0.14589,-0.13098,-0.23533,-0.19477,-0.26091,-0.16009,2.14473,-0.2313,0.78836,-0.51986,0.15226,-0.92396,-0.91246,-1.00235,-0.24192,-0.26029,-0.02969,0.36774,-0.79504,-0.22454,-0.9666,-0.1838,-0.18672,-0.25291,0.56647,-0.27606,0.38553,-0.19169,-0.2168,-0.13034,0.31266,1.40267,-0.52539,-0.28071,-0.21525,0.31083,-0.30461,-0.20662,-0.2232,-1.82499,-0.29771,-0.23907,-0.24428,2.30277,0.6089,-1.0153,-0.03268,-0.27826,-0.10657,-0.87289,0.29636,0.35894,-1.03772,0.03127,-0.92958,-1.02898,0.59905,-0.2974,0.18923,-0.202,-1.36951,-0.32637,-0.17406,0.30807,1
positive27,-0.12453,-0.19626,-0.21715,-0.16513,-0.0915,-0.10818,-0.14012,-0.12467,-0.21439,-0.18816,-0.24143,-0.13765,-0.20814,-0.20684,0.35516,1.77456,0.93063,0.26486,-0.35822,-0.62717,-0.22045,-0.24832,0.0266,0.42381,4.81111,-0.22454,-0.04658,-0.1838,-0.17764,-0.21124,-0.12067,-0.24955,0.93324,-0.19169,-1.01935,-0.11703,-0.75649,0.69125,-0.40137,-0.28071,-0.21525,-1.77396,-0.30461,-0.19193,-0.2232,0.3527,0.44588,-0.23907,-0.24428,-0.59064,-0.89085,0.30097,1.23879,-0.2726,-0.10657,0.24425,-1.07678,-0.61027,-1.51588,0.95601,0.51926,1.92743,-0.52749,-0.26272,0.45622,-0.202,-1.36951,-0.27646,-0.15406,-0.67185,1
positive28,-0.14425,-0.20744,-0.22883,-0.18011,-0.11946,-0.13001,-0.14945,-0.13489,-0.24827,-0.19886,-0.27295,-0.17397,-0.26697,-0.24643,0.875,-0.51986,0.17172,-0.92396,-0.93378,-1.86527,-0.25519,3.0803,0.983,0.01697,0.36179,-0.22454,-0.32244,-0.1838,-0.19234,-0.27867,-0.34269,-0.29244,0.93324,-0.19169,-0.29705,-0.13857,-0.75649,1.31375,0.52877,1.96317,-0.21525,-0.88754,-0.30461,-0.21571,2.95208,-0.30312,2.09859,-0.23907,-0.24428,-0.59064,-1.14461,-1.20349,0.3763,-0.28176,-0.10657,-0.43954,0.70714,1.49671,-1.08805,1.91028,-0.77444,-0.67413,0.24731,-0.31883,-0.54501,-0.202,0.73019,-0.35722,-0.18643,0.83388,1
positive29,-0.14425,-0.20744,-0.22883,-0.18011,-0.11946,-0.13001,-0.14945,-0.13489,-0.24827,-0.19886,-0.27295,-0.17397,-0.26697,6.59723,-1.07439,3.92327,0.69712,-0.92396,1.17662,0.49838,-0.25519,-0.26769,1.35143,1.44397,0.9402,-0.22454,3.48737,-0.1838,-0.19234,-0.27867,-2.94655,-0.29244,1.34403,-0.19169,-1.01935,-0.13857,-0.75649,-0.55375,-0.86644,-0.28071,-0.21525,0.94758,-0.30461,-0.21571,2.95208,0.32538,1.50977,-0.23907,-0.24428,-0.59064,0.14359,0.51079,-1.51188,-0.28176,-0.10657,-0.21387,-0.65145,1.32815,-1.51588,1.32465,-2.61126,1.23621,0.21897,2.91497,0.95684,-0.202,0.73019,-0.35722,-0.18643,-1.61845,1
positive30,-0.12453,-0.19626,-0.21715,-0.16513,-0.0915,-0.10818,-0.14012,-0.12467,-0.21439,-0.18816,-0.24143,-0.13765,-0.20814,-0.20684,-0.16467,0.91613,-1.40448,0.52767,-1.12564,1.62393,-0.22045,-0.24832,-1.3962,1.05554,0.80672,-0.22454,0.18485,-0.1838,-0.17764,-0.21124,0.13804,-0.24955,-0.16218,-0.19169,-0.05628,-0.11703,2.3753,0.69125,1.83096,-0.28071,-0.21525,-1.18862,-0.30461,-0.19193,-0.2232,0.30372,-2.20037,-0.23907,-0.24428,-0.59064,1.52697,1.20702,1.71098,-0.2726,-0.10657,0.12182,-0.8181,0.10611,0.80661,-0.91251,1.28386,0.16245,0.31393,-0.26272,-0.74525,-0.202,0.73019,3.33793,-0.15406,0.90192,1
positive31,-0.15139,-0.2115,-0.23306,-0.18553,-0.12959,-0.13792,-0.15284,-0.13859,-0.26055,-0.20274,-0.28438,-0.18713,-0.28828,-0.26077,0.59145,-0.51986,1.14291,1.05125,1.66497,0.19141,-0.26778,-0.2747,0.48412,1.58222,-0.27447,-0.22454,0.00746,3.68079,-0.19766,-0.3031,0.52333,-0.30799,-0.85927,3.42003,0.29392,-0.14637,-0.75649,-1.42686,-0.63814,-0.28071,-0.21525,-0.4701,-0.30461,-0.22432,-0.2232,-0.83302,0.03103,4.68535,-0.24428,-0.59064,0.64928,-0.21816,-0.95787,2.72539,-0.10657,-0.5617,0.27111,1.66527,-0.74172,-0.76621,-0.23324,-1.11467,0.81956,-0.33917,-0.59962,-0.202,0.73019,-0.38649,-0.19816,1.08345,1
positive32,-0.15139,-0.2115,3.60851,-0.18553,-0.12959,-0.13792,-0.15284,-0.13859,-0.26055,-0.20274,3.17165,-0.18713,-0.28828,-0.26077,-0.82628,-0.51986,0.34685,1.92181,0.79291,1.41928,-0.26778,-0.2747,-0.79696,0.0654,0.24611,-0.22454,-0.05097,-0.1838,-0.19766,-0.3031,0.32776,-0.30799,-0.85927,-0.19169,0.29392,-0.14637,0.33202,0.75592,-0.13079,-0.28071,-0.21525,-1.09956,1.97604,-0.22432,-0.2232,-0.6704,-0.252,-0.23907,-0.24428,-0.59064,0.76572,0.74983,-0.21586,-0.28507,-0.10657,-1.32513,0.9394,1.91811,-0.35463,-0.64949,1.00271,-0.49262,-1.25826,-0.33917,-0.87268,-0.202,0.73019,-0.38649,-0.19816,0.95002,1
positive33,-0.12453,-0.19626,-0.21715,-0.16513,-0.0915,-0.10818,-0.14012,-0.12467,-0.21439,-0.18816,-0.24143,-0.13765,-0.20814,-0.20684,0.875,-0.51986,0.93063,1.40235,1.43242,-1.07738,-0.22045,-0.24832,-0.0899,0.77033,-0.79504,-0.22454,-0.31951,-0.1838,-0.17764,-0.21124,0.83968,-0.24955,-0.16218,-0.19169,-1.01935,-0.11703,0.31614,-0.02018,-0.77343,-0.28071,-0.21525,0.86473,-0.30461,4.59684,-0.2232,-1.25219,0.26935,4.68535,-0.24428,-0.59064,2.07215,1.05197,-0.20383,-0.2726,-0.10657,0.63382,-0.1669,-0.69455,0.80661,-0.2236,-0.15778,-1.21005,0.72831,-0.26272,0.45622,-0.202,-1.36951,-0.27646,-0.15406,0.88785,1
positive34,-0.12453,-0.19626,-0.21715,-0.16513,-0.0915,-0.10818,-0.14012,-0.12467,-0.21439,-0.18816,-0.24143,-0.13765,-0.20814,-0.20684,-1.20435,-0.51986,-0.23693,-0.92396,0.15339,1.62393,-0.22045,-0.24832,-1.58971,1.80993,-0.79504,-0.22454,2.04004,-0.1838,-0.17764,-0.21124,0.71211,3.58977,1.48095,-0.19169,-1.01935,-0.11703,1.33598,3.18124,4.43535,-0.28071,-0.21525,-0.22385,-0.30461,-0.19193,-0.2232,-0.33365,-1.18839,-0.23907,-0.24428,-0.59064,0.65028,-1.10369,1.79442,-0.2726,-0.10657,1.31231,1.05255,0.27466,0.22599,0.1994,1.19814,0.05984,-0.48212,-0.26272,1.6577,-0.202,0.73019,-0.27646,-0.15406,0.7017,1
positive35,-0.12872,-0.19864,-0.21963,-0.16832,-0.09745,-0.11283,-0.1421,-0.12685,-0.2216,-0.19043,-0.24813,-0.14537,-0.22066,-0.21526,-0.78198,2.68981,1.66035,-0.11704,2.23182,1.34254,-0.22784,-0.25244,-0.88463,0.07939,-0.05136,-0.22454,0.32042,-0.1838,-0.18076,-0.22558,-0.80966,-0.25868,1.24133,-0.19169,-0.11648,-0.12161,0.35906,-1.82097,-0.79668,-0.28071,5.1565,-0.54467,-0.30461,-0.19699,-0.2232,1.30328,0.02745,-0.23907,-0.24428,-0.59064,-1.64364,-0.60294,-0.25149,-0.27455,-0.10657,0.82803,-0.35789,0.3168,0.65178,-0.67445,-0.58123,1.07957,0.49865,-0.27466,-0.01936,-0.202,-1.36951,-0.29364,-0.16094,-0.55298,1
positive36,-0.12453,-0.19626,4.48779,-0.16513,-0.0915,-0.10818,-0.14012,-0.12467,-0.21439,-0.18816,-0.24143,-0.13765,-0.20814,-0.20684,-0.68451,1.07808,1.39765,0.66319,-0.10241,-0.17695,-0.22045,-0.24832,-0.21761,-0.44574,-0.79504,-0.22454,-0.32586,-0.1838,-0.17764,-0.21124,0.28677,-0.24955,0.93324,5.3648,0.90678,-0.11703,-0.75649,0.33553,1.45891,-0.28071,5.1565,0.54405,-0.30461,-0.19193,-0.2232,-0.39831,0.12033,-0.23907,-0.24428,3.1708,-1.62476,0.6639,-0.6817,-0.2726,-0.10657,1.11518,0.47153,-0.06245,-1.51588,1.15015,1.29593,0.65509,0.46512,-0.26272,-0.34476,-0.202,0.73019,-0.27646,-0.15406,1.17817,1
positive37,-0.12453,-0.19626,-0.21715,-0.16513,-0.0915,-0.10818,-0.14012,-0.12467,-0.21439,-0.18816,-0.24143,-0.13765,-0.20814,-0.20684,0.35516,-0.51986,0.23009,1.75961,0.15339,-1.97782,-0.22045,-0.24832,0.33787,0.75948,-0.79504,-0.22454,-0.9666,-0.1838,-0.17764,-0.21124,-0.88272,-0.24955,-0.16218,-0.19169,-0.05628,-0.11703,-0.75649,-0.02018,-0.40137,-0.28071,5.1565,0.98946,-0.30461,-0.19193,-0.2232,-1.58969,0.95659,-0.23907,-0.24428,-0.59064,0.95873,-0.86155,-0.93448,-0.2726,-0.10657,-0.41324,0.08924,-0.69455,-0.35463,0.81444,1.98333,0.62251,-0.38822,-0.26272,2.05819,-0.202,0.73019,-0.27646,-0.15406,2.17908,1
positive38,-0.13671,-0.20317,-0.22436,-0.17438,-0.10878,-0.12167,-0.14589,-0.13098,-0.23533,-0.19477,-0.26091,-0.16009,-0.24449,-0.2313,0.78836,1.34555,-1.20989,1.41467,-0.91246,-1.75271,-0.24192,-0.26029,2.56625,-0.20733,-0.14432,-0.22454,-0.2186,-0.1838,-0.18672,-0.25291,-1.76435,-0.27606,0.84196,-0.19169,-1.01935,-0.13034,-0.75649,1.10625,-0.52539,1.96317,-0.21525,0.91402,-0.30461,-0.20662,3.37545,-0.67114,2.17498,-0.23907,-0.24428,-0.59064,-0.92061,-0.81637,-0.79935,-0.27826,-0.10657,0.15057,0.1201,-0.02031,0.39676,1.50032,-1.41962,-0.63768,-0.95516,-0.2974,0.85672,-0.202,-1.36951,-0.32637,-0.17406,0.16434,1
positive39,-0.12872,-0.19864,-0.21963,-0.16832,-0.09745,-0.11283,-0.1421,-0.12685,-0.2216,-0.19043,-0.24813,-0.14537,-0.22066,-0.21526,-1.26933,-0.51986,1.22251,1.96288,0.31327,1.76462,-0.22784,-0.25244,-2.36211,0.8257,-0.79504,-0.22454,0.66008,-0.1838,-0.18076,-0.22558,0.45009,-0.25868,0.72785,-0.19169,2.59216,-0.12161,0.25745,0.51339,1.64493,-0.28071,-0.21525,-0.48012,-0.30461,-0.19699,-0.2232,-0.00386,-1.61872,-0.23907,-0.24428,1.1191,-0.64353,0.28295,1.01689,3.28748,-0.10657,1.46288,-0.07179,1.03318,0.10986,-1.58378,-0.08306,-0.69018,-0.20959,-0.27466,-0.77029,-0.202,0.73019,-0.29364,-0.16094,-0.51407,1
positive40,-0.11566,-0.19123,-0.21189,-0.1584,-0.07893,-0.09837,-0.13592,-0.12008,-0.19915,-0.18334,-0.22725,-0.12131,-0.18169,-0.18904,-1.0444,-0.51986,-1.40448,0.21353,-1.12564,0.75812,-0.20483,-0.23961,-0.88437,0.04782,0.15146,-0.22454,0.4656,-0.1838,-0.17102,-0.18092,-0.15228,-0.23026,-0.4571,-0.19169,2.31435,-0.10735,-0.75649,1.12905,-0.71619,-0.28071,-0.21525,-0.86003,-0.30461,-0.18124,-0.2232,0.26542,-0.02667,-0.23907,-0.24428,-0.59064,-1.54502,0.5547,0.30114,-0.26849,-0.10657,-0.55173,0.60514,-0.48385,-0.83849,-0.28034,-1.12237,-0.32898,-0.79347,-0.23748,-0.22153,-0.202,0.73019,-0.24014,-0.1395,0.4997,1
positive41,-0.13278,-0.20094,-0.22203,-0.1714,-0.1032,-0.11732,-0.14403,-0.12895,-0.22857,-0.19264,-0.25462,-0.15285,-0.23276,-0.22341,-0.86798,1.37072,1.27402,0.37163,0.00292,0.29975,-0.23499,-0.25643,-0.08662,0.02711,1.98134,-0.22454,0.54957,-0.1838,-0.18379,-0.23946,-1.26597,-0.2675,0.54662,-0.19169,-0.16959,-0.12605,-0.75649,-0.27127,-0.16063,-0.28071,-0.21525,-0.52452,-0.30461,-0.20188,-0.2232,-0.00984,0.38121,-0.23907,-0.24428,-0.59064,0.59267,-0.53213,-0.04332,-0.27644,-0.10657,-0.02369,-0.67129,0.27466,0.5163,0.54085,-0.46655,0.22612,-0.92553,-0.2862,-0.439,4.22872,0.73019,-0.31026,-0.16761,0.37321,1
positive42,-0.12453,-0.19626,-0.21715,-0.16513,-0.0915,-0.10818,-0.14012,-0.12467,-0.21439,-0.18816,-0.24143,-0.13765,-0.20814,-0.20684,0.875,1.40278,0.46361,-0.07187,0.92081,-0.17695,-0.22045,-0.24832,-0.87561,1.11161,0.80672,-0.22454,1.34607,-0.1838,-0.17764,-0.21124,-0.33712,-0.24955,0.93324,5.3648,-0.05628,-0.11703,0.39784,-1.08732,-0.77343,-0.28071,-0.21525,-0.48367,-0.30461,-0.19193,-0.2232,0.33335,-0.21013,-0.23907,-0.24428,1.29008,-0.63519,-1.50333,0.16276,-0.2726,-0.10657,-0.62617,-0.4571,-0.06245,-1.51588,-0.35363,-1.26735,-0.82259,-0.26167,-0.26272,-0.34476,-0.202,0.73019,-0.27646,-0.15406,-0.92525,1
positive43,-0.14425,-0.20744,-0.22883,-0.18011,-0.11946,-0.13001,-0.14945,-0.13489,-0.24827,-0.19886,-0.27295,-0.17397,-0.26697,-0.24643,1.65475,0.97011,1.04738,0.93421,-0.35822,-1.18994,-0.25519,-0.26769,1.44527,-1.89404,0.36179,-0.22454,-0.36915,-0.1838,-0.19234,-0.27867,1.02575,-0.29244,0.11168,3.82133,-0.29705,-0.13857,-0.75649,0.24661,0.52877,-0.28071,5.1565,1.55188,-0.30461,-0.21571,-0.2232,-0.63603,0.02486,-0.23907,-0.24428,0.66317,0.68882,1.69102,-0.32086,-0.28176,-0.10657,0.02981,-0.33865,0.14824,1.05109,-0.17207,0.09934,0.81972,0.73416,-0.31883,-0.24464,-0.202,0.73019,-0.35722,-0.18643,-0.78956,1
positive44,-0.13671,-0.20317,-0.22436,-0.17438,-0.10878,-0.12167,-0.14589,-0.13098,-0.23533,-0.19477,-0.26091,-0.16009,-0.24449,7.00373,-0.94443,-0.51986,-1.20989,0.73094,-0.91246,-1.00235,-0.24192,-0.26029,0.27111,-1.47234,-0.14432,-0.22454,-0.9666,-0.1838,-0.18672,-0.25291,-0.53242,-0.27606,-0.52732,-0.19169,-1.01935,-0.13034,2.42772,1.6991,0.40475,-0.28071,-0.21525,1.66648,-0.30461,-0.20662,-0.2232,-0.14811,-0.1711,-0.23907,2.99216,-0.59064,0.46229,3.00462,0.76536,-0.27826,-0.10657,-1.01591,0.45013,0.78034,0.87492,0.04907,-0.34053,-0.41578,0.38682,-0.2974,-0.47826,-0.202,0.73019,-0.32637,-0.17406,1.44408,1
positive45,-0.12453,-0.19626,4.48779,-0.16513,-0.0915,-0.10818,-0.14012,-0.12467,-0.21439,-0.18816,-0.24143,-0.13765,-0.20814,-0.20684,-1.72418,-0.51986,-1.40448,-0.92396,-1.12564,2.52436,-0.22045,3.65197,-0.82958,-0.4903,-0.79504,-0.22454,-0.9666,-0.1838,-0.17764,-0.21124,0.87282,-0.24955,-1.80531,-0.19169,2.83292,-0.11703,-0.75649,-0.37589,0.34274,-0.28071,-0.21525,-1.37377,-0.30461,-0.19193,-0.2232,-0.13205,-0.98891,-0.23907,-0.24428,-0.59064,-1.34806,1.71266,-0.11483,3.41445,-0.10657,0.79042,-0.72806,-0.31529,1.96786,-1.68179,0.74009,1.00753,-0.14013,-0.26272,-0.74525,5.03431,0.73019,-0.27646,-0.15406,1.05418,1
positive46,-0.12453,-0.19626,-0.21715,-0.16513,-0.0915,-0.10818,-0.14012,-0.12467,-0.21439,-0.18816,3.99133,7.1771,2.42466,-0.20684,0.875,-0.51986,-0.93746,-0.92396,-0.61402,0.27327,-0.22045,-0.24832,1.45577,0.43864,0.00584,-0.22454,-0.23211,-0.1838,-0.17764,-0.21124,-1.15558,-0.24955,-0.70989,-0.19169,-0.05628,-0.11703,0.41263,-0.37589,-0.77343,-0.28071,-0.21525,-0.40814,-0.30461,-0.19193,-0.2232,-0.55072,-1.07596,-0.23907,-0.24428,-0.59064,1.35847,1.59693,0.11892,-0.2726,-0.10657,-0.28316,-0.50622,-0.65241,1.38724,-0.55437,-0.61602,0.12611,-1.04536,-0.26272,0.05573,-0.202,0.73019,3.33793,-0.15406,-0.12838,1
positive47,-0.10602,-0.18576,-0.20618,-0.15107,-0.06525,-0.08769,-0.13135,-0.11509,-0.18259,-0.17811,-0.21183,-0.10355,-0.15292,-0.16968,-1.53515,-0.51986,-1.40448,-0.92396,-1.12564,1.41928,-0.18784,-0.23014,-0.37435,1.06629,-0.79504,-0.22454,1.64927,-0.1838,-0.16384,-0.14795,-1.8294,-0.20929,2.12825,-0.19169,-1.01935,-0.09682,0.31115,-0.69927,0.37656,-0.28071,-0.21525,0.02302,4.76349,-0.16961,-0.2232,0.39505,0.67191,-0.23907,-0.24428,-0.59064,-0.9212,-0.02019,0.35988,-0.26401,-0.10657,0.85965,1.41012,-1.32664,-1.51588,-0.39513,-1.83329,-0.05328,-0.68068,-0.21004,2.67714,-0.202,0.73019,-0.20065,-0.12366,-0.64213,1
positive48,-0.12453,-0.19626,-0.21715,-0.16513,-0.0915,-0.10818,-0.14012,-0.12467,-0.21439,-0.18816,-0.24143,-0.13765,-0.20814,-0.20684,0.875,-0.51986,1.86467,-0.01643,2.45565,-1.07738,-0.22045,-0.24832,1.17354,0.01912,1.6076,-0.22454,-0.9666,-0.1838,-0.17764,-0.21124,-1.19548,-0.24955,-0.70989,-0.19169,-0.05628,-0.11703,0.41439,-0.7316,-0.77343,-0.28071,-0.21525,0.78085,-0.30461,-0.19193,-0.2232,0.20822,0.1171,-0.23907,-0.24428,-0.59064,0.83293,1.23023,-0.28233,-0.2726,-0.10657,-0.40101,-0.57107,-0.86311,1.96786,-1.61813,-0.81665,1.27891,-0.35317,-0.26272,3.25967,-0.202,0.73019,-0.27646,-0.15406,-0.24059,1
positive49,-0.14425,-0.20744,-0.22883,-0.18011,-0.11946,-0.13001,-0.14945,-0.13489,-0.24827,-0.19886,-0.27295,-0.17397,-0.26697,3.1754,-0.29463,0.7688,0.87225,-0.92396,0.02549,-0.51461,-0.25519,-0.26769,-0.98935,-1.66252,-0.79504,-0.22454,-0.44987,-0.1838,-0.19234,-0.27867,-0.77603,3.00321,0.52246,-0.19169,-0.29705,-0.13857,1.37436,0.51339,-0.5874,-0.28071,-0.21525,0.25882,-0.30461,-0.21571,-0.2232,0.31987,-0.26524,-0.23907,-0.24428,0.66317,1.78023,-1.3425,0.6784,-0.28176,-0.10657,0.19284,-0.50522,1.62313,0.62326,1.12899,0.41557,0.64072,-0.01044,-0.31883,-0.24464,-0.202,-1.36951,-0.35722,-0.18643,0.1375,1
positive50,-0.12453,-0.19626,-0.21715,-0.16513,-0.0915,-0.10818,-0.14012,-0.12467,-0.21439,-0.18816,-0.24143,-0.13765,-0.20814,-0.20684,1.91467,-0.51986,-0.47044,0.44554,-0.35822,-1.5276,-0.22045,-0.24832,1.87866,-1.39807,0.80672,-0.22454,-0.9666,-0.1838,-0.17764,-0.21124,0.34433,-0.24955,-0.16218,-0.19169,-1.01935,-0.11703,-0.75649,0.69125,-0.40137,-0.28071,-0.21525,0.22701,-0.30461,-0.19193,-0.2232,1.32021,1.11015,-0.23907,-0.24428,-0.59064,1.79966,0.91139,-0.91215,-0.2726,-0.10657,0.05723,-0.80647,-0.94739,1.38724,0.61377,-0.43547,-0.32182,1.7231,-0.26272,-0.74525,-0.202,0.73019,-0.27646,3.10616,-1.62595,1
positive51,-0.12453,-0.19626,-0.21715,-0.16513,-0.0915,-0.10818,-0.14012,-0.12467,-0.21439,-0.18816,-0.24143,-0.13765,-0.20814,-0.20684,0.875,-0.51986,0.46361,0.66319,0.92081,-1.97782,-0.22045,-0.24832,-0.20812,-0.24621,0.00584,-0.22454,-0.9666,-0.1838,-0.17764,-0.21124,0.76205,-0.24955,-1.2576,-0.19169,-1.01935,-0.11703,0.29944,-0.7316,-0.02932,-0.28071,-0.21525,1.32317,-0.30461,-0.19193,-0.2232,-0.87059,-0.76405,-0.23907,-0.24428,-0.59064,2.97347,-0.82693,0.11212,-0.2726,-0.10657,0.52871,-1.80513,-1.03167,0.80661,-0.76546,0.69667,-0.44578,2.30898,-0.26272,-0.74525,-0.202,0.73019,-0.27646,-0.15406,0.73501,1
positive52,-0.12453,-0.19626,-0.21715,-0.16513,-0.0915,-0.10818,-0.14012,8.10183,-0.21439,-0.18816,-0.24143,-0.13765,-0.20814,-0.20684,-1.20435,0.96119,-1.40448,-0.92396,-1.12564,2.52436,-0.22045,-0.24832,-0.73171,0.07794,-0.79504,-0.22454,-0.37273,-0.1838,-0.17764,-0.21124,0.61979,-0.24955,-0.70989,-0.19169,0.90678,-0.11703,-0.75649,-0.02018,-0.77343,-0.28071,-0.21525,-1.00368,-0.30461,-0.19193,-0.2232,-0.01974,-0.39164,-0.23907,-0.24428,-0.59064,0.4845,-1.07244,-1.04409,3.41445,-0.10657,2.6789,0.98099,-0.77883,0.22599,-1.61948,0.77315,0.32101,0.53176,-0.26272,0.05573,-0.202,0.73019,-0.27646,-0.15406,-0.44719,1
positive53,-0.14425,-0.20744,-0.22883,-0.18011,-0.11946,-0.13001,-0.14945,-0.13489,-0.24827,-0.19886,-0.27295,-0.17397,-0.26697,-0.24643,-0.29463,-0.51986,0.69712,-0.92396,-0.55007,0.49838,-0.25519,-0.26769,-0.28373,0.82734,-0.21662,-0.22454,0.04359,-0.1838,-0.19234,-0.27867,0.7944,-0.29244,0.52246,-0.19169,-0.29705,-0.13857,1.30925,0.78018,-0.86644,-0.28071,-0.21525,0.56161,4.76349,-0.21571,-0.2232,-0.15998,-1.2768,-0.23907,-0.24428,0.66317,-0.07085,0.06293,0.93904,-0.28176,-0.10657,0.17074,-1.37587,1.07532,-0.66023,-1.17764,0.30615,-0.07601,-0.81893,-0.31883,0.3561,-0.202,0.73019,-0.35722,-0.18643,0.77451,1
positive54,-0.15821,-0.21536,-0.23709,-0.19071,-0.13925,-0.14547,-0.15606,-0.14211,-0.27226,-0.20644,-0.29527,-0.19968,-0.30861,-0.27445,0.03027,-0.51986,-1.40448,-0.92396,-1.12564,1.34254,-0.27979,-0.2814,-0.24698,0.31909,-0.32179,-0.22454,0.69035,-0.1838,-0.20274,-0.3264,-0.96446,-0.32281,-0.64143,-0.19169,-0.41744,-0.15381,1.50994,-0.15357,-0.44788,1.96317,-0.21525,-0.28689,3.84202,-0.23254,-0.2232,-0.59561,-0.3885,-0.23907,-0.24428,-0.59064,-1.51418,-0.17897,0.44839,2.58836,-0.10657,0.47423,-0.21394,2.17095,0.95808,-0.35268,-1.20693,0.40928,-0.97497,-0.35856,-0.89544,-0.202,-1.36951,-0.41439,-0.20935,0.60938,1
positive55,-0.14425,-0.20744,-0.22883,-0.18011,-0.11946,-0.13001,-0.14945,-0.13489,-0.24827,-0.19886,-0.27295,-0.17397,-0.26697,-0.24643,1.65475,-0.51986,0.17172,-0.92396,0.60105,-1.5276,-0.25519,-0.26769,1.28396,-0.71521,-0.21662,-0.22454,-0.41683,-0.1838,-0.19234,-0.27867,-0.0455,-0.29244,-1.12067,-0.19169,0.42525,-0.13857,-0.75649,0.78018,-0.02932,-0.28071,-0.21525,0.61378,-0.30461,-0.21571,-0.2232,0.39889,0.70938,-0.23907,-0.24428,-0.59064,-0.00032,-1.92899,-0.23456,-0.28176,-0.10657,1.65292,-0.57429,0.44322,0.62326,0.60438,0.59864,0.49647,-0.96291,-0.31883,-0.84538,-0.202,0.73019,2.74536,-0.18643,1.67191,1
positive56,-0.14425,-0.20744,-0.22883,-0.18011,-0.11946,-0.13001,-0.14945,-0.13489,-0.24827,-0.19886,-0.27295,-0.17397,-0.26697,-0.24643,-0.29463,-0.51986,0.17172,-0.92396,0.60105,0.16072,-0.25519,-0.26769,0.22331,-1.44424,-0.21662,-0.22454,-0.417,-0.1838,-0.19234,3.60692,-1.11447,-0.29244,-0.70989,-0.19169,0.42525,-0.13857,-0.75649,-0.55375,-0.86644,1.96317,-0.21525,0.4658,-0.30461,-0.21571,-0.2232,-0.63091,-0.38216,-0.23907,-0.24428,0.66317,0.09749,-1.2582,-0.09102,-0.28176,-0.10657,-0.64813,0.58195,0.65392,-0.66023,-0.88772,0.12488,-0.82834,-0.0397,-0.31883,0.3561,-0.202,0.73019,2.74536,-0.18643,-0.32947,1
positive57,-0.12453,-0.19626,-0.21715,-0.16513,-0.0915,-0.10818,-0.14012,-0.12467,-0.21439,-0.18816,-0.24143,-0.13765,-0.20814,3.77947,0.35516,-0.51986,-0.70395,0.38189,-0.35822,-1.07738,-0.22045,-0.24832,0.2079,-0.78374,0.80672,-0.22454,-0.17303,-0.1838,-0.17764,-0.21124,-1.01682,-0.24955,-0.16218,-0.19169,-1.01935,-0.11703,0.3613,1.75839,0.71479,-0.28071,-0.21525,-0.42417,-0.30461,-0.19193,4.27512,-0.13832,0.45872,-0.23907,-0.24428,-0.59064,0.62805,-1.12265,-0.20917,-0.2726,-0.10657,-0.65116,0.21907,-0.44171,-0.35463,0.42076,0.22131,-0.93418,-0.7142,-0.26272,0.85672,-0.202,0.73019,-0.27646,-0.15406,-0.56563,1
positive58,-0.12453,-0.19626,-0.21715,-0.16513,-0.0915,-0.10818,7.38216,-0.12467,-0.21439,-0.18816,-0.24143,-0.13765,-0.20814,-0.20684,0.35516,0.95429,1.39765,-0.92396,1.94403,-0.17695,-0.22045,-0.24832,-0.95018,-1.20671,-0.79504,-0.22454,-0.37549,-0.1838,-0.17764,-0.21124,1.4068,-0.24955,-0.70989,-0.19169,0.90678,-0.11703,0.28118,-1.08732,-0.77343,-0.28071,-0.21525,0.92605,-0.30461,-0.19193,-0.2232,1.01652,-1.19102,-0.23907,-0.24428,1.29008,0.1111,-0.82344,0.07369,-0.2726,-0.10657,-0.22223,0.06501,-0.18887,0.80661,0.02153,0.92032,0.8679,-1.05604,-0.26272,-0.34476,-0.202,0.73019,-0.27646,-0.15406,-0.05508,1
positive59,-0.12018,-0.19379,-0.21457,-0.16183,-0.08533,-0.10337,-0.13806,-0.12242,-0.20692,-0.1858,4.15806,-0.12964,-0.19517,-0.19811,-0.57312,-0.51986,0.84723,0.33878,1.34106,0.98076,-0.21279,-0.24405,-1.02887,-1.02818,0.07258,-0.22454,-0.9666,-0.1838,-0.17439,-0.19637,0.20706,-0.24009,-1.17936,-0.19169,-1.01935,-0.11228,2.17599,-1.01109,-0.34822,-0.28071,-0.21525,0.96314,-0.30461,-0.18668,-0.2232,0.78646,-1.82513,-0.23907,-0.24428,-0.59064,1.26461,1.08406,1.09696,-0.27059,-0.10657,0.99375,0.2542,-0.86311,2.23584,-2.47753,0.78871,0.57092,1.45479,-0.25034,0.99975,-0.202,0.73019,-0.25865,-0.14692,0.28238,1
positive60,-0.13278,-0.20094,4.17903,-0.1714,-0.1032,-0.11732,-0.14403,-0.12895,-0.22857,-0.19264,-0.25462,-0.15285,-0.23276,-0.22341,-1.32666,2.45684,-1.40448,1.49064,-1.12564,2.28601,-0.23499,-0.25643,-0.53637,0.53195,0.59315,-0.22454,0.227,-0.1838,-0.18379,-0.23946,0.22595,-0.2675,0.06335,-0.19169,-0.16959,-0.12605,1.40003,-0.27127,0.82422,-0.28071,-0.21525,-0.5098,-0.30461,-0.20188,-0.2232,-0.12687,-1.63182,-0.23907,-0.24428,-0.59064,0.6477,1.83934,0.46419,-0.27644,-0.10657,0.36711,1.15219,0.82248,0.00826,0.90647,-0.50975,0.47397,0.6952,-0.2862,-0.439,-0.202,0.73019,-0.31026,-0.16761,-0.06813,1
positive61,-0.12453,-0.19626,-0.21715,-0.16513,-0.0915,-0.10818,-0.14012,-0.12467,-0.21439,-0.18816,-0.24143,-0.13765,-0.20814,-0.20684,-1.20435,-0.51986,-0.47044,-0.92396,-0.86983,-0.62717,-0.22045,3.65197,0.14487,1.06894,-0.79504,-0.22454,-0.9666,-0.1838,-0.17764,-0.21124,2.25996,-0.24955,1.48095,-0.19169,-1.01935,-0.11703,-0.75649,-2.15446,-1.14549,-0.28071,-0.21525,-0.88861,-0.30461,-0.19193,-0.2232,0.50973,1.27,4.68535,-0.24428,-0.59064,-0.84973,-0.52255,0.29162,-0.2726,-0.10657,1.71202,2.02898,-0.27315,-0.93526,2.21234,0.84542,-0.51707,0.91854,-0.26272,0.05573,-0.202,0.73019,-0.27646,-0.15406,0.7455,1
positive62,-0.11095,-0.18856,-0.2091,-0.15482,-0.07225,-0.09315,-0.13369,-0.11764,-0.19106,-0.18079,-0.21972,-0.11264,-0.16763,-0.17958,1.65475,-0.51986,-1.40448,-0.92396,-1.12564,-1.18994,-0.19653,-0.23498,2.08553,0.91331,1.28725,6.50188,0.10999,-0.1838,-0.16751,-0.16481,-0.80757,-0.22001,-0.29911,-0.19169,-1.01935,-0.1022,-0.75649,0.51339,-0.68042,-0.28071,5.1565,-0.06014,-0.30461,5.2269,-0.2232,-0.824,1.42884,-0.23907,-0.24428,-0.59064,-0.97462,0.02334,-0.5648,-0.2663,-0.10657,0.73532,0.75745,-1.95874,-0.77691,1.25864,-1.96468,-0.93538,-1.67446,-0.22407,-0.64513,-0.202,0.73019,-0.22085,-0.13176,-0.28108,1
positive63,-0.12453,-0.19626,-0.21715,-0.16513,-0.0915,-0.10818,-0.14012,-0.12467,-0.21439,-0.18816,-0.24143,-0.13765,-0.20814,-0.20684,0.875,-0.51986,-0.00342,-0.92396,0.4092,-0.17695,-0.22045,-0.24832,0.2541,-2.35187,-0.79504,-0.22454,-0.23325,-0.1838,-0.17764,4.31533,-0.79602,-0.24955,-0.70989,-0.19169,-0.05628,-0.11703,0.32134,1.04696,-0.77343,-0.28071,-0.21525,0.9766,-0.30461,-0.19193,-0.2232,1.51395,-0.96911,-0.23907,-0.24428,-0.59064,0.74912,-0.93355,-0.21729,-0.2726,-0.10657,0.60906,0.12688,-1.03167,0.22599,-1.31271,-0.69151,-0.1203,-0.47134,3.50456,-0.34476,-0.202,0.73019,-0.27646,-0.15406,0.43528,1
positive64,-0.11566,-0.19123,-0.21189,-0.1584,-0.07893,-0.09837,-0.13592,-0.12008,-0.19915,-0.18334,-0.22725,-0.12131,-0.18169,-0.18904,0.75504,-0.51986,1.55931,0.49688,2.12113,-0.80033,-0.20483,-0.23961,-0.69394,0.64601,0.15146,-0.22454,-0.25669,-0.1838,-0.17102,-0.18092,1.8742,-0.23026,0.17487,-0.19169,0.09188,-0.10735,0.31325,-1.74402,-0.71619,-0.28071,-0.21525,0.00144,-0.30461,-0.18124,-0.2232,1.09083,-0.58528,-0.23907,-0.24428,1.76026,-0.70034,-1.32516,0.50927,-0.26849,-0.10657,-1.17461,0.66249,-0.94739,-0.83849,0.54354,1.26828,-0.52728,0.59696,-0.23748,-0.68364,-0.202,-1.36951,-0.24014,-0.1395,0.4997,1
positive65,-0.12453,-0.19626,-0.21715,-0.16513,-0.0915,-0.10818,-0.14012,-0.12467,-0.21439,-0.18816,-0.24143,-0.13765,-0.20814,-0.20684,-0.68451,1.23718,1.39765,0.44554,-0.86983,-0.17695,-0.22045,-0.24832,-0.94108,1.39738,-0.79504,-0.22454,-0.26206,-0.1838,-0.17764,-0.21124,0.27268,-0.24955,1.48095,-0.19169,0.90678,-0.11703,-0.75649,0.69125,1.83096,-0.28071,-0.21525,-0.39621,-0.30461,-0.19193,-0.2232,0.54658,-0.27017,-0.23907,-0.24428,-0.59064,0.68513,-0.03232,-0.3245,-0.2726,-0.10657,1.56577,1.14247,0.23252,-0.35463,0.47392,-2.05681,-0.29759,0.24967,-0.26272,0.45622,-0.202,-1.36951,-0.27646,-0.15406,0.43528,1
positive66,-0.14425,-0.20744,-0.22883,-0.18011,-0.11946,-0.13001,-0.14945,-0.13489,-0.24827,-0.19886,-0.27295,-0.17397,-0.26697,-0.24643,-0.68451,0.83171,1.39765,-0.92396,1.17662,0.16072,-0.25519,-0.26769,-0.72699,-0.06746,0.9402,-0.22454,-0.42464,-0.1838,-0.19234,3.60692,-0.84214,-0.29244,0.93324,-0.19169,0.42525,-0.13857,0.33913,-1.3541,-0.86644,-0.28071,-0.21525,-0.53196,-0.30461,-0.21571,-0.2232,-0.83159,-1.01963,-0.23907,-0.24428,-0.59064,-1.81594,-1.39431,1.61537,2.88319,-0.10657,0.37476,-0.41945,1.37029,-0.2324,-0.37701,-0.99304,-0.89858,0.80155,-0.31883,-0.54501,-0.202,0.73019,-0.35722,-0.18643,-0.19029,1
positive67,-0.12453,-0.19626,-0.21715,-0.16513,-0.0915,-0.10818,-0.14012,-0.12467,-0.21439,-0.18816,-0.24143,-0.13765,-0.20814,-0.20684,0.35516,-0.51986,0.23009,-0.92396,0.15339,-0.62717,-0.22045,-0.24832,0.91393,-0.26155,0.80672,-0.22454,-0.1452,-0.1838,-0.17764,-0.21124,1.56497,3.58977,-0.70989,-0.19169,-1.01935,-0.11703,-0.75649,0.69125,-0.02932,4.20706,-0.21525,1.12988,-0.30461,-0.19193,-0.2232,-0.85022,1.03689,-0.23907,-0.24428,-0.59064,-1.00581,-0.16781,-1.24884,-0.2726,-0.10657,-1.73727,-0.86292,-0.86311,-0.35463,0.86955,2.31736,0.62744,-0.16238,-0.26272,-0.74525,5.03431,0.73019,-0.27646,-0.15406,0.53797,1
positive68,-0.14425,-0.20744,-0.22883,-0.18011,-0.11946,-0.13001,-0.14945,-0.13489,-0.24827,-0.19886,-0.27295,-0.17397,-0.26697,-0.24643,-1.07439,2.30383,1.22251,2.78212,-0.55007,0.83604,-0.25519,-0.26769,-0.63126,0.50959,-0.79504,-0.22454,-0.4004,-0.1838,-0.19234,-0.27867,0.46727,-0.29244,0.52246,-0.19169,0.42525,-0.13857,0.3427,-0.82053,0.24972,-0.28071,5.1565,-0.71648,-0.30461,-0.21571,-0.2232,-0.49847,-0.2606,-0.23907,-0.24428,-0.59064,0.08896,-0.17452,0.58772,-0.28176,-0.10657,0.09796,-0.52215,1.83383,-0.66023,0.07303,0.9953,-0.86171,-1.31056,-0.31883,0.65647,-0.202,0.73019,-0.35722,-0.18643,1.24045,1
positive69,-0.14425,-0.20744,3.80987,-0.18011,-0.11946,-0.13001,-0.14945,-0.13489,-0.24827,-0.19886,-0.27295,-0.17397,-0.26697,-0.24643,0.48512,0.72456,-0.35368,-0.92396,0.02549,0.49838,-0.25519,-0.26769,-1.04873,0.72204,-0.21662,-0.22454,-0.46761,-0.1838,-0.19234,-0.27867,-0.28531,-0.29244,-1.12067,-0.19169,-0.29705,-0.13857,1.45713,2.38088,2.20302,-0.28071,-0.21525,-1.52585,-0.30461,3.89495,-0.2232,0.10928,-0.62405,-0.23907,-0.24428,-0.59064,-0.75429,0.10662,0.75983,-0.28176,-0.10657,-0.47389,0.12801,1.41243,0.19543,1.31374,1.00231,0.28754,0.40769,-0.31883,0.05573,-0.202,-1.36951,-0.35722,-0.18643,1.31466,1
positive70,-0.14425,-0.20744,-0.22883,-0.18011,-0.11946,-0.13001,-0.14945,-0.13489,-0.24827,-0.19886,-0.27295,-0.17397,-0.26697,-0.24643,1.65475,-0.51986,0.17172,-0.92396,0.60105,-1.5276,-0.25519,-0.26769,1.5802,-1.05318,-0.21662,3.13867,0.53167,-0.1838,-0.19234,-0.27867,-0.68572,-0.29244,-0.29911,-0.19169,-1.01935,-0.13857,-0.75649,-0.02018,-0.86644,-0.28071,-0.21525,2.73626,-0.30461,-0.21571,-0.2232,1.8368,0.30904,-0.23907,-0.24428,0.66317,-0.10718,-0.17084,-0.67538,-0.28176,-0.10657,1.2647,-1.56058,-0.06245,0.62326,-0.15036,-0.51231,0.04682,0.27022,-0.31883,0.65647,-0.202,0.73019,-0.35722,-0.18643,-0.7695,1
positive71,-0.14425,-0.20744,-0.22883,-0.18011,-0.11946,-0.13001,-0.14945,-0.13489,-0.24827,-0.19886,-0.27295,-0.17397,-0.26697,-0.24643,-0.68451,1.97222,-0.70395,1.05741,-0.74193,1.51137,-0.25519,-0.26769,-0.80225,-0.37154,0.36179,-0.22454,0.03268,-0.1838,-0.19234,-0.27867,0.2259,-0.29244,0.52246,-0.19169,-1.01935,-0.13857,1.47696,-0.55375,0.52877,-0.28071,-0.21525,-1.01848,-0.30461,-0.21571,-0.2232,-0.56387,-1.63444,-0.23907,-0.24428,-0.59064,-0.16995,-1.54144,1.59607,-0.28176,-0.10657,0.76287,2.05143,1.1596,-0.2324,0.77811,0.51353,-1.20519,-1.16141,-0.31883,-0.84538,-0.202,0.73019,-0.35722,-0.18643,0.5638,1
positive72,-0.14425,-0.20744,-0.22883,-0.18011,-0.11946,-0.13001,-0.14945,-0.13489,-0.24827,-0.19886,3.36042,-0.17397,-0.26697,-0.24643,-1.07439,-0.51986,1.92305,-0.92396,2.5196,1.51137,-0.25519,-0.26769,-0.58319,-0.27838,-0.79504,-0.22454,0.08444,-0.1838,-0.19234,-0.27867,0.20416,-0.29244,-0.70989,-0.19169,3.31446,-0.13857,-0.75649,0.51339,0.80781,-0.28071,-0.21525,-1.43751,-0.30461,-0.21571,-0.2232,-0.12549,-0.77238,-0.23907,-0.24428,-0.59064,1.91521,2.61549,0.74562,-0.28176,-0.10657,-0.63423,2.09067,2.00239,-0.66023,-0.48836,0.74179,-0.33857,0.03285,-0.31883,-0.84538,-0.202,0.73019,-0.35722,-0.18643,-0.75277,1
positive73,-0.13671,-0.20317,-0.22436,-0.17438,-0.10878,-0.12167,-0.14589,-0.13098,-0.23533,-0.19477,-0.26091,-0.16009,-0.24449,-0.2313,-1.37762,-0.51986,-1.40448,-0.92396,-1.12564,1.62393,8.22439,-0.26029,-1.06545,0.47831,-0.79504,-0.22454,1.84474,-0.1838,-0.18672,-0.25291,0.66316,-0.27606,0.38553,-0.19169,1.38832,-0.13034,0.3084,-1.26517,-0.21535,-0.28071,-0.21525,-0.4864,-0.30461,-0.20662,-0.2232,-0.42066,-1.1753,-0.23907,-0.24428,0.85606,-0.64271,1.58254,0.58188,-0.27826,-0.10657,-1.25425,0.03725,1.87597,-1.51588,-0.14602,-0.92435,-1.27728,0.72446,-0.2974,0.85672,-0.202,0.73019,-0.32637,-0.17406,-0.77916,1
positive74,-0.12872,-0.19864,-0.21963,-0.16832,10.78295,-0.11283,-0.1421,-0.12685,-0.2216,-0.19043,-0.24813,-0.14537,2.32287,-0.21526,-0.78198,1.07848,-0.74773,0.57695,-0.40618,0.0763,-0.22784,-0.25244,0.65284,0.30791,0.69231,4.25974,-0.9666,-0.1838,-0.18076,-0.22558,0.2896,-0.25868,-0.29911,-0.19169,0.7864,-0.12161,0.3292,-0.82053,-0.79668,-0.28071,-0.21525,-0.36296,-0.30461,-0.19699,-0.2232,0.05849,-0.13858,-0.23907,-0.24428,-0.59064,0.90469,1.7867,-0.00276,-0.27455,-0.10657,-0.26726,-1.67731,0.3168,-0.43205,-0.0686,0.36176,-0.41039,0.59197,-0.27466,-0.39482,-0.202,0.73019,-0.29364,-0.16094,0.72587,1
positive75,-0.12453,-0.19626,-0.21715,-0.16513,-0.0915,-0.10818,-0.14012,-0.12467,-0.21439,-0.18816,-0.24143,-0.13765,-0.20814,-0.20684,-0.68451,0.98716,-0.00342,0.02874,-0.61402,-0.17695,-0.22045,-0.24832,-1.21297,-0.28721,-0.79504,-0.22454,-0.9666,-0.1838,-0.17764,-0.21124,0.19687,-0.24955,0.93324,-0.19169,-1.01935,-0.11703,2.21147,1.40267,2.57507,-0.28071,5.1565,1.46906,-0.30461,-0.19193,-0.2232,-0.1948,-1.2916,-0.23907,-0.24428,-0.59064,-0.1284,-0.70439,1.25606,-0.2726,-0.10657,-0.625,-0.87768,0.10611,0.22599,0.3121,1.71922,-1.68948,0.16974,-0.26272,-0.74525,-0.202,-1.36951,-0.27646,-0.15406,-0.56563,1
positive76,-0.12453,-0.19626,-0.21715,-0.16513,-0.0915,-0.10818,-0.14012,-0.12467,-0.21439,-0.18816,3.99133,-0.13765,-0.20814,-0.20684,0.35516,-0.51986,-0.70395,-0.92396,-0.35822,-0.17695,4.44426,-0.24832,-0.92472,3.39194,-0.79504,-0.22454,0.28722,5.93513,-0.17764,-0.21124,-0.06777,-0.24955,0.38553,-0.19169,-0.05628,-0.11703,0.25507,0.69125,-0.40137,-0.28071,-0.21525,1.53937,-0.30461,-0.19193,4.27512,-0.59171,-1.25635,-0.23907,-0.24428,1.29008,0.13347,-0.30226,-0.14714,-0.2726,-0.10657,1.17947,0.08312,-0.48385,0.22599,-0.55249,-0.89299,0.23001,0.95907,3.50456,0.45622,-0.202,-1.36951,-0.27646,-0.15406,0.43528,1
positive77,-0.14425,-0.20744,-0.22883,-0.18011,-0.11946,-0.13001,-0.14945,-0.13489,-0.24827,-0.19886,-0.27295,-0.17397,-0.26697,-0.24643,0.09525,-0.51986,-0.52882,0.93421,-0.55007,-0.51461,-0.25519,3.0803,0.37775,-0.61119,0.9402,-0.22454,0.16988,-0.1838,-0.19234,-0.27867,0.48242,-0.29244,0.52246,-0.19169,0.42525,-0.13857,-0.75649,-0.55375,-0.5874,-0.28071,5.1565,-0.69892,2.22944,-0.21571,-0.2232,-0.46158,0.18435,-0.23907,-0.24428,-0.59064,0.38332,-0.35628,1.11641,-0.28176,-0.10657,1.85013,-0.43208,0.90676,-1.08805,-0.16774,0.49709,0.818,-0.6164,-0.31883,-0.84538,-0.202,-1.36951,-0.35722,-0.18643,-0.08705,1
positive78,-0.12453,-0.19626,-0.21715,-0.16513,-0.0915,-0.10818,-0.14012,-0.12467,-0.21439,-0.18816,-0.24143,-0.13765,-0.20814,-0.20684,-1.20435,0.98716,0.46361,0.67551,0.665,1.17371,-0.22045,-0.24832,-0.5453,2.17156,-0.79504,-0.22454,-0.9666,-0.1838,-0.17764,-0.21124,1.22228,-0.24955,0.38553,-0.19169,0.90678,-0.11703,1.36987,1.04696,2.20302,-0.28071,-0.21525,-0.44757,-0.30461,-0.19193,-0.2232,0.11807,-1.33839,-0.23907,-0.24428,-0.59064,-0.30698,1.4685,0.87423,-0.2726,-0.10657,1.24468,1.11823,0.23252,1.96786,-0.9425,0.8748,-1.31617,1.63275,-0.26272,-0.34476,-0.202,0.73019,-0.27646,-0.15406,0.14996,1
positive79,-0.12872,-0.19864,-0.21963,5.65893,-0.09745,-0.11283,-0.1421,-0.12685,-0.2216,-0.19043,-0.24813,-0.14537,-0.22066,-0.21526,-0.29463,-0.51986,-0.09098,-0.92396,-0.646,0.49838,-0.22784,-0.25244,-0.40724,1.10864,-0.79504,-0.22454,0.61598,-0.1838,-0.18076,-0.22558,1.80091,3.45046,1.24133,-0.19169,-1.01935,-0.12161,0.27106,2.1808,3.38895,-0.28071,-0.21525,-0.92685,-0.30461,-0.19699,-0.2232,0.09009,0.44959,-0.23907,-0.24428,-0.59064,0.63856,-0.63347,0.23423,-0.27455,-0.10657,0.92348,2.72831,0.27466,-0.43205,1.53656,1.157,-0.63961,-0.71027,-0.27466,-0.77029,-0.202,0.73019,-0.29364,-0.16094,-0.411,1
positive80,-0.12872,-0.19864,-0.21963,-0.16832,-0.09745,-0.11283,-0.1421,-0.12685,-0.2216,-0.19043,-0.24813,-0.14537,-0.22066,-0.21526,0.19271,-0.51986,-1.40448,-0.92396,-1.12564,0.49838,-0.22784,-0.25244,-0.09089,0.96748,-0.05136,-0.22454,0.89493,-0.1838,-0.18076,-0.22558,-0.58563,-0.25868,0.72785,-0.19169,-0.11648,-0.12161,-0.75649,-0.48705,-0.09908,1.96317,-0.21525,-0.61283,-0.30461,-0.19699,-0.2232,1.91602,1.25459,-0.23907,-0.24428,-0.59064,1.53112,-1.17414,-0.37234,-0.27455,-0.10657,-0.54063,-0.19013,-0.02031,-0.97397,-0.11176,0.34928,-1.20916,-0.53406,-0.27466,-0.77029,-0.202,0.73019,-0.29364,-0.16094,-0.21919,1
positive81,-0.14425,-0.20744,-0.22883,-0.18011,-0.11946,-0.13001,-0.14945,-0.13489,-0.24827,-0.19886,-0.27295,-0.17397,-0.26697,-0.24643,-1.46426,-0.51986,0.17172,-0.92396,0.60105,1.17371,-0.25519,-0.26769,-0.85024,0.10453,0.36179,-0.22454,0.81502,-0.1838,-0.19234,-0.27867,-1.43572,-0.29244,0.93324,-0.19169,0.42525,-0.13857,0.37115,-1.08732,-0.5874,-0.28071,-0.21525,-0.51454,-0.30461,-0.21571,-0.2232,0.3296,0.26394,-0.23907,-0.24428,-0.59064,-0.70284,1.08233,0.34907,-0.28176,-0.10657,-1.33712,0.01696,2.00239,0.19543,0.38066,-1.90913,0.12438,-0.70962,-0.31883,-0.54501,-0.202,0.73019,-0.35722,-0.18643,-1.31114,1
positive82,-0.15484,-0.21345,-0.2351,-0.18815,-0.13448,-0.14174,-0.15447,-0.14037,-0.26647,-0.20461,-0.28988,-0.19347,-0.29856,-0.26769,-0.88792,-0.51986,-1.40448,1.39619,-1.12564,1.23243,3.4473,-0.27809,-1.68769,0.00314,-0.29925,-0.22454,-0.17352,-0.1838,-0.20023,-0.31488,2.12623,-0.31548,-1.63862,-0.19169,-0.39126,-0.15014,2.33953,-0.99452,-0.90284,-0.28071,2.47062,0.07888,1.86743,-0.22848,-0.2232,-0.43118,-1.29029,-0.23907,-0.24428,-0.59064,1.57679,-0.09769,0.19536,-0.28667,-0.10657,-0.00263,-0.11268,2.25523,1.44002,-1.07449,0.24103,-0.02898,1.02391,-0.34898,-0.62337,-0.202,-1.36951,-0.4006,-0.20382,-0.96721,1
positive83,-0.12453,-0.19626,-0.21715,-0.16513,-0.0915,-0.10818,-0.14012,-0.12467,-0.21439,-0.18816,-0.24143,-0.13765,-0.20814,3.77947,-0.68451,-0.51986,-1.17097,1.10258,-0.86983,-1.07738,-0.22045,-0.24832,1.52818,1.22737,0.80672,-0.22454,0.62997,-0.1838,-0.17764,-0.21124,-0.9794,-0.24955,0.93324,-0.19169,-1.01935,-0.11703,-0.75649,-0.37589,-0.40137,-0.28071,5.1565,0.53572,-0.30461,-0.19193,-0.2232,0.30577,2.22868,-0.23907,-0.24428,1.29008,0.44019,0.07049,-1.08863,-0.2726,-0.10657,-1.73,-0.37545,-0.56813,-0.35463,1.16493,-0.17194,-0.48632,-0.78202,-0.26272,3.25967,-0.202,0.73019,-0.27646,-0.15406,-0.24059,1
positive84,-0.12018,-0.19379,-0.21457,-0.16183,-0.08533,-0.10337,-0.13806,-0.12242,-0.20692,-0.1858,-0.23447,-0.12964,-0.19517,-0.19811,-1.13008,-0.51986,-0.40372,-0.92396,-0.57748,0.016,-0.21279,-0.24405,-0.14826,0.70338,-0.79504,-0.22454,0.33654,-0.1838,-0.17439,-0.19637,0.32114,-0.24009,1.75481,-0.19169,1.04437,-0.11228,0.26294,1.27563,2.4422,-0.28071,-0.21525,0.82122,-0.30461,-0.18668,-0.2232,0.46898,-0.87276,-0.23907,-0.24428,-0.59064,0.20245,1.62877,1.98705,-0.27059,-0.10657,-0.06487,3.192,-0.06245,-0.26531,0.05849,0.63069,0.13104,-0.93458,-0.25034,-0.71665,-0.202,0.73019,-0.25865,-0.14692,-0.30887,1
positive85,-0.12453,-0.19626,-0.21715,-0.16513,-0.0915,-0.10818,-0.14012,-0.12467,-0.21439,-0.18816,-0.24143,-0.13765,-0.20814,-0.20684,-0.68451,1.13003,-0.70395,0.66319,-0.35822,0.72349,-0.22045,-0.24832,-0.40237,1.2086,0.80672,-0.22454,1.01829,-0.1838,-0.17764,-0.21124,-1.87464,3.58977,1.48095,-0.19169,-1.01935,-0.11703,1.37273,-0.02018,1.08685,-0.28071,-0.21525,-0.9433,-0.30461,-0.19193,-0.2232,1.0598,-0.59811,-0.23907,-0.24428,-0.59064,0.12624,0.92564,0.81919,-0.2726,-0.10657,0.39866,0.39474,0.3168,-0.93526,0.7636,-1.14346,-0.55519,0.58802,-0.26272,-0.74525,-0.202,-1.36951,3.33793,-0.15406,1.01228,1
positive86,8.84975,-0.18856,-0.2091,-0.15482,-0.07225,-0.09315,-0.13369,-0.11764,-0.19106,-0.18079,-0.21972,-0.11264,-0.16763,-0.17958,-0.29463,-0.51986,1.22251,-0.92396,1.75218,1.62393,-0.19653,-0.23498,-0.45753,0.94822,0.24611,-0.22454,-0.25718,-0.1838,-0.16751,-0.16481,0.03042,-0.22001,-0.98375,-0.19169,0.18448,-0.1022,0.37421,-1.26517,-0.21535,-0.28071,-0.21525,-0.84766,-0.30461,-0.17555,-0.2232,0.39608,-0.04569,-0.23907,-0.24428,-0.59064,0.94512,-0.57727,0.09357,-0.2663,-0.10657,0.31115,0.3946,-1.32664,0.70105,0.18802,0.77229,-0.33881,0.38881,-0.22407,-0.64513,-0.202,-1.36951,3.85674,-0.13176,2.17697,1
positive87,-0.14425,-0.20744,-0.22883,-0.18011,-0.11946,-0.13001,-0.14945,-0.13489,-0.24827,-0.19886,-0.27295,-0.17397,-0.26697,-0.24643,-0.29463,0.82238,-0.87908,0.93421,-0.55007,0.16072,3.74897,3.0803,-0.25148,-0.36724,-0.21662,-0.22454,0.64804,-0.1838,4.89079,-0.27867,1.25371,-0.29244,0.93324,-0.19169,-0.29705,-0.13857,-0.75649,-0.55375,0.52877,-0.28071,-0.21525,-1.32913,-0.30461,-0.21571,-0.2232,0.76858,0.67986,-0.23907,-0.24428,-0.59064,0.64979,-0.29315,0.09775,-0.28176,-0.10657,0.05987,0.67888,1.41243,-1.51588,1.03934,0.25665,0.3282,-0.09238,-0.31883,-0.84538,-0.202,0.73019,-0.35722,-0.18643,0.34178,1
positive88,-0.14425,-0.20744,-0.22883,-0.18011,-0.11946,-0.13001,-0.14945,-0.13489,-0.24827,-0.19886,-0.27295,-0.17397,-0.26697,-0.24643,-1.46426,-0.51986,-0.35368,1.05741,-0.74193,0.49838,3.74897,3.0803,-0.11727,1.59648,-0.21662,-0.22454,5.02112,4.13545,-0.19234,-0.27867,-0.1697,6.29886,2.16559,-0.19169,-1.01935,-0.13857,-0.75649,-0.28696,0.80781,-0.28071,-0.21525,0.04197,-0.30461,-0.21571,-0.2232,2.07143,1.83333,-0.23907,-0.24428,1.91698,0.50109,0.40015,-0.67229,-0.28176,-0.10657,0.24939,-0.79373,2.50806,-1.51588,2.26121,-0.11698,0.55966,-0.00256,-0.31883,2.15832,-0.202,0.73019,-0.35722,-0.18643,-0.85017,1
positive89,-0.14425,-0.20744,-0.22883,-0.18011,-0.11946,-0.13001,-0.14945,-0.13489,-0.24827,-0.19886,3.36042,-0.17397,-0.26697,-0.24643,0.875,-0.51986,0.69712,0.91368,1.17662,-0.85228,3.74897,3.0803,0.4265,0.24632,0.36179,-0.22454,0.26362,-0.1838,-0.19234,-0.27867,1.28361,-0.29244,0.11168,-0.19169,0.42525,-0.13857,-0.75649,-0.82053,-0.02932,-0.28071,-0.21525,0.37866,2.22944,-0.21571,-0.2232,0.04271,0.64668,-0.23907,-0.24428,1.91698,0.49682,0.48648,-0.42045,2.88319,-0.10657,0.16618,-1.13743,1.11746,0.19543,-0.36103,-1.3518,0.87164,-0.66925,-0.31883,-0.54501,-0.202,0.73019,-0.35722,-0.18643,0.00347,1
positive90,-0.12453,-0.19626,-0.21715,-0.16513,-0.0915,-0.10818,-0.14012,-0.12467,6.60941,-0.18816,-0.24143,-0.13765,-0.20814,-0.20684,2.43451,-0.51986,-1.40448,-0.92396,-1.12564,-0.62717,-0.22045,-0.24832,1.15314,-0.76188,0.00584,-0.22454,-0.9666,-0.1838,-0.17764,-0.21124,0.09221,-0.24955,-2.35302,-0.19169,-1.01935,-0.11703,0.44181,0.33553,-0.77343,-0.28071,-0.21525,3.00868,-0.30461,-0.19193,-0.2232,5.55316,-0.66638,-0.23907,-0.24428,-0.59064,-1.30349,0.43811,-0.62817,-0.2726,-0.10657,-1.39141,-0.75743,-1.9166,2.54849,-2.14791,0.17166,0.78739,0.77929,-0.26272,3.66017,-0.202,0.73019,-0.27646,3.10616,-0.56563,1
positive91,-0.14425,-0.20744,-0.22883,-0.18011,-0.11946,-0.13001,-0.14945,-0.13489,-0.24827,-0.19886,3.36042,-0.17397,-0.26697,-0.24643,-1.07439,1.1069,-0.17855,-0.92396,-0.74193,0.83604,-0.25519,-0.26769,-0.18612,-0.08001,-0.79504,-0.22454,0.99046,4.13545,-0.19234,-0.27867,0.84025,3.00321,0.52246,-0.19169,-1.01935,-0.13857,0.43281,-1.08732,-0.02932,-0.28071,-0.21525,0.25018,2.22944,-0.21571,-0.2232,0.97325,0.41475,-0.23907,-0.24428,3.1708,0.59652,-0.02432,-0.88821,-0.28176,-0.10657,0.60402,-0.61453,1.66527,0.19543,1.17623,-0.46125,2.29886,0.19227,-0.31883,3.05943,-0.202,0.73019,-0.35722,-0.18643,-1.22133,1
positive92,-0.13671,-0.20317,-0.22436,-0.17438,-0.10878,-0.12167,-0.14589,-0.13098,-0.23533,-0.19477,-0.26091,-0.16009,-0.24449,-0.2313,0.35516,-0.51986,1.5144,0.40448,1.21925,-0.62717,-0.24192,-0.26029,0.46198,0.65883,0.50639,-0.22454,1.25217,-0.1838,-0.18672,-0.25291,-1.37673,-0.27606,0.84196,-0.19169,0.58576,-0.13034,-0.75649,-0.37589,0.0947,-0.28071,-0.21525,-0.56611,-0.30461,-0.20662,-0.2232,-0.62967,0.53389,-0.23907,-0.24428,0.85606,1.76694,0.36504,-0.19148,-0.27826,-0.10657,1.20523,-1.26919,0.99104,-1.03772,0.35046,-1.01494,-2.8909,0.11871,3.12135,-0.812,-0.202,-1.36951,-0.32637,-0.17406,-0.48446,1
positive93,-0.13671,3.88553,-0.22436,-0.17438,-0.10878,-0.12167,-0.14589,7.33445,-0.23533,-0.19477,-0.26091,-0.16009,-0.24449,-0.2313,-0.51123,0.89462,-0.04233,-0.92396,0.36656,-0.25198,-0.24192,3.27916,1.0751,-0.36546,-0.79504,-0.22454,0.16793,-0.1838,-0.18672,-0.25291,0.37368,3.20807,0.38553,-0.19169,-0.2168,-0.13034,-0.75649,0.21696,-0.83544,-0.28071,-0.21525,-0.68821,-0.30461,-0.20662,-0.2232,-0.38006,2.1051,4.68535,-0.24428,-0.59064,0.13073,-1.00905,-0.33814,-0.27826,-0.10657,-1.87955,-1.01014,0.40108,-0.55956,2.18107,0.05557,0.6487,-0.39335,-0.2974,-0.14452,-0.202,-1.36951,-0.32637,-0.17406,-0.11238,1
positive94,-0.12453,4.30927,-0.21715,-0.16513,-0.0915,-0.10818,-0.14012,-0.12467,3.19751,-0.18816,-0.24143,-0.13765,-0.20814,-0.20684,2.43451,-0.51986,-0.93746,0.61596,-0.61402,-2.42804,-0.22045,-0.24832,1.93754,0.19638,2.40848,-0.22454,-0.9666,5.93513,5.74403,-0.21124,1.5504,-0.24955,-1.2576,5.3648,-1.01935,-0.11703,-0.75649,-0.02018,-0.77343,-0.28071,5.1565,0.30415,-0.30461,-0.19193,-0.2232,-0.92982,1.18242,-0.23907,-0.24428,-0.59064,-0.99492,0.35629,-0.76214,-0.2726,-0.10657,-2.04117,-1.34763,-1.0738,-0.35463,0.97694,-0.20828,1.20269,0.2914,-0.26272,1.25721,-0.202,0.73019,-0.27646,-0.15406,-0.24059,1
positive95,-0.14425,-0.20744,3.80987,-0.18011,-0.11946,-0.13001,-0.14945,-0.13489,-0.24827,-0.19886,-0.27295,-0.17397,-0.26697,-0.24643,-1.07439,-0.51986,0.52198,-0.92396,-0.93378,1.17371,-0.25519,-0.26769,-1.04279,0.05216,-0.79504,-0.22454,1.31824,-0.1838,-0.19234,-0.27867,-0.07223,-0.29244,0.93324,-0.19169,0.42525,-0.13857,0.3434,-0.82053,-0.5874,-0.28071,-0.21525,-0.27546,2.22944,-0.21571,-0.2232,-1.69703,-0.27052,-0.23907,2.63255,0.66317,-1.48665,0.47674,0.35927,-0.28176,-0.10657,-0.9632,1.45682,1.83383,-0.2324,0.51361,-0.88936,-0.83378,0.23194,-0.31883,0.95684,-0.202,0.73019,-0.35722,-0.18643,0.06744,1
positive96,-0.12453,-0.19626,-0.21715,-0.16513,-0.0915,-0.10818,-0.14012,-0.12467,-0.21439,-0.18816,-0.24143,7.1771,-0.20814,-0.20684,-1.20435,-0.51986,-1.17097,-0.92396,-0.86983,0.27327,-0.22045,-0.24832,0.7806,0.07009,-0.79504,-0.22454,-0.29868,-0.1838,-0.17764,-0.21124,0.29572,-0.24955,-0.16218,-0.19169,-1.01935,-0.11703,-0.75649,-1.08732,-0.40137,-0.28071,-0.21525,0.55756,-0.30461,-0.19193,-0.2232,-1.11552,1.11004,-0.23907,-0.24428,-0.59064,0.33497,0.14152,-1.45227,-0.2726,-0.10657,-1.63453,0.13595,-0.65241,0.22599,0.42743,1.72932,-1.49093,-0.418,-0.26272,0.45622,-0.202,-1.36951,-0.27646,-0.15406,-0.47625,1
positive97,-0.14425,-0.20744,-0.22883,-0.18011,-0.11946,-0.13001,-0.14945,-0.13489,-0.24827,-0.19886,3.36042,6.10497,1.99302,-0.24643,0.48512,1.24368,-0.17855,1.79657,0.02549,-0.17695,-0.25519,-0.26769,1.55164,-0.65668,-0.21662,-0.22454,-0.9666,-0.1838,-0.19234,-0.27867,-0.54183,-0.29244,0.11168,-0.19169,-0.29705,-0.13857,-0.75649,0.78018,-0.30836,-0.28071,-0.21525,-0.21861,-0.30461,-0.21571,-0.2232,-0.32947,0.76809,-0.23907,-0.24428,-0.59064,0.52994,-0.48081,-0.92773,-0.28176,-0.10657,1.22139,-0.54954,0.61178,1.05109,-0.23258,-0.55845,0.9535,0.0372,-0.31883,-0.84538,-0.202,-1.36951,-0.35722,-0.18643,-1.04458,1
positive98,-0.14425,-0.20744,-0.22883,-0.18011,-0.11946,7.41745,-0.14945,-0.13489,-0.24827,-0.19886,-0.27295,-0.17397,-0.26697,-0.24643,0.09525,-0.51986,-0.70395,0.97528,-0.74193,-0.85228,-0.25519,-0.26769,0.67512,0.22004,-0.21662,-0.22454,-0.37826,-0.1838,-0.19234,-0.27867,0.2701,-0.29244,-0.29911,-0.19169,-0.29705,-0.13857,-0.75649,0.24661,-0.86644,4.20706,-0.21525,1.66647,-0.30461,-0.21571,-0.2232,-1.30338,1.40701,-0.23907,-0.24428,-0.59064,0.79363,-1.69147,-1.02088,-0.28176,-0.10657,0.45601,-0.36533,0.7382,0.19543,0.17431,-0.88144,-0.28975,-0.8101,-0.31883,1.25721,-0.202,0.73019,-0.35722,-0.18643,-0.53585,1
positive99,-0.12453,-0.19626,-0.21715,-0.16513,-0.0915,-0.10818,-0.14012,-0.12467,-0.21439,-0.18816,-0.24143,-0.13765,-0.20814,-0.20684,0.35516,-0.51986,-0.47044,-0.32441,-0.35822,-1.07738,-0.22045,-0.24832,0.38164,0.1127,0.00584,-0.22454,0.40554,-0.1838,-0.17764,-0.21124,1.00009,-0.24955,0.93324,5.3648,-1.01935,-0.11703,0.36956,-0.37589,0.71479,-0.28071,-0.21525,0.43673,-0.30461,-0.19193,-0.2232,-1.38581,1.0274,-0.23907,-0.24428,-0.59064,-1.00029,-0.86062,-0.30365,-0.2726,-0.10657,0.33799,1.30223,-0.23101,-0.93526,-0.28269,-0.89935,-1.41276,-1.3237,-0.26272,2.85918,-0.202,0.73019,-0.27646,-0.15406,-0.47625,1
positive100,-0.12453,-0.19626,-0.21715,-0.16513,-0.0915,-0.10818,-0.14012,-0.12467,-0.21439,-0.18816,-0.24143,-0.13765,-0.20814,-0.20684,-0.16467,1.51237,-0.23693,0.26486,0.15339,-0.62717,-0.22045,-0.24832,0.17783,0.34291,0.00584,-0.22454,-0.15171,-0.1838,-0.17764,-0.21124,-1.7984,-0.24955,1.48095,5.3648,0.90678,-0.11703,-0.75649,1.75839,-0.40137,-0.28071,-0.21525,1.27848,-0.30461,-0.19193,-0.2232,0.94382,0.78014,-0.23907,-0.24428,-0.59064,-0.37404,-0.13195,-0.45038,-0.2726,-0.10657,0.3189,-0.83482,-0.27315,1.38724,-0.47061,-2.31705,1.40613,-1.88261,-0.26272,-0.74525,-0.202,0.73019,-0.27646,-0.15406,-1.70381,1
positive101,-0.12453,4.30927,-0.21715,-0.16513,-0.0915,-0.10818,-0.14012,-0.12467,3.19751,-0.18816,-0.24143,-0.13765,-0.20814,-0.20684,2.43451,-0.51986,-1.40448,-0.92396,-1.12564,-0.62717,-0.22045,-0.24832,1.07192,-0.69601,-0.79504,-0.22454,-0.36654,-0.1838,-0.17764,-0.21124,0.71066,-0.24955,-1.80531,-0.19169,-0.05628,-0.11703,1.37038,-0.7316,-0.40137,-0.28071,-0.21525,1.5924,-0.30461,4.59684,-0.2232,2.40522,-1.20501,-0.23907,-0.24428,-0.59064,0.91402,2.88325,1.31311,-0.2726,-0.10657,-0.60644,-0.16173,-1.0738,1.96786,-0.31404,0.89277,1.54997,0.02299,-0.26272,-0.74525,-0.202,-1.36951,-0.27646,-0.15406,0.31865,1
positive102,-0.14425,-0.20744,-0.22883,-0.18011,-0.11946,-0.13001,-0.14945,-0.13489,-0.24827,3.50218,-0.27295,6.10497,-0.26697,3.1754,-1.07439,-0.51986,-1.05421,0.93421,-0.74193,1.51137,-0.25519,-0.26769,0.00145,0.07782,-0.21662,-0.22454,0.54127,-0.1838,4.89079,-0.27867,0.85557,-0.29244,-0.29911,-0.19169,-1.01935,7.3076,0.39298,1.31375,1.36589,-0.28071,-0.21525,-1.23668,-0.30461,-0.21571,-0.2232,-0.13163,0.63371,-0.23907,-0.24428,-0.59064,-0.3961,0.3988,-0.3807,-0.28176,-0.10657,0.09631,1.22168,1.32815,-0.2324,1.13506,-0.11613,-0.03754,-0.05343,-0.31883,-0.84538,-0.202,-1.36951,-0.35722,-0.18643,0.64451,1
positive103,-0.14425,-0.20744,-0.22883,-0.18011,-0.11946,-0.13001,-0.14945,-0.13489,-0.24827,-0.19886,-0.27295,-0.17397,-0.26697,-0.24643,0.09525,-0.51986,-0.52882,-0.92396,-0.16636,0.16072,-0.25519,-0.26769,0.66813,0.13433,-0.21662,-0.22454,0.92195,-0.1838,4.89079,-0.27867,-0.10096,3.00321,0.93324,-0.19169,-0.29705,-0.13857,-0.75649,0.51339,0.80781,-0.28071,-0.21525,-1.03812,-0.30461,-0.21571,2.95208,0.09364,1.43094,-0.23907,-0.24428,-0.59064,-0.45453,0.32999,-0.06845,-0.28176,-0.10657,1.02237,0.34099,1.41243,-0.66023,1.62373,0.05998,-0.66853,-0.07429,-0.31883,-0.84538,-0.202,0.73019,-0.35722,2.61212,-0.57435,1
positive104,-0.14425,-0.20744,-0.22883,-0.18011,-0.11946,-0.13001,-0.14945,-0.13489,2.68049,-0.19886,-0.27295,-0.17397,-0.26697,-0.24643,0.875,0.99366,1.57278,1.05741,-0.74193,-0.85228,-0.25519,-0.26769,0.21138,-1.91096,-0.79504,-0.22454,-0.35971,-0.1838,-0.19234,-0.27867,1.16252,-0.29244,0.52246,3.82133,-1.01935,-0.13857,0.37916,-0.28696,-0.86644,-0.28071,-0.21525,1.96991,-0.30461,-0.21571,-0.2232,2.20984,-0.18103,-0.23907,-0.24428,0.66317,0.88913,-0.09223,-0.04084,-0.28176,-0.10657,-0.57407,-1.48997,0.35894,0.62326,-0.41964,-0.24279,0.96306,1.67107,-0.31883,-0.24464,-0.202,0.73019,-0.35722,-0.18643,-0.42378,1
positive105,-0.12453,-0.19626,-0.21715,-0.16513,-0.0915,-0.10818,-0.14012,-0.12467,-0.21439,-0.18816,-0.24143,-0.13765,-0.20814,-0.20684,-1.20435,-0.51986,-1.40448,-0.92396,-1.12564,1.62393,-0.22045,-0.24832,-1.36824,0.26539,0.00584,-0.22454,-0.36459,-0.1838,-0.17764,-0.21124,0.25194,-0.24955,-0.70989,-0.19169,1.86985,-0.11703,-0.75649,1.40267,1.45891,-0.28071,-0.21525,-1.06607,-0.30461,-0.19193,-0.2232,0.08479,-0.15595,-0.23907,-0.24428,-0.59064,-0.72957,-0.59131,-0.5572,-0.2726,-0.10657,0.41973,3.27588,-0.23101,0.22599,-1.27237,0.11073,-0.81591,-0.34062,-0.26272,-0.74525,-0.202,-1.36951,-0.27646,-0.15406,0.11379,1
positive106,-0.12872,-0.19864,-0.21963,-0.16832,-0.09745,-0.11283,-0.1421,-0.12685,-0.2216,-0.19043,-0.24813,-0.14537,-0.22066,-0.21526,0.19271,1.0866,-0.74773,1.29558,-0.88582,-0.76786,-0.22784,-0.25244,-0.03031,0.94392,0.69231,-0.22454,-0.9666,-0.1838,-0.18076,-0.22558,-0.38513,-0.25868,0.72785,-0.19169,-0.11648,-0.12161,-0.75649,-0.82053,-0.44788,4.20706,5.1565,-0.25977,-0.30461,-0.19699,-0.2232,0.56514,0.20922,-0.23907,-0.24428,-0.59064,0.33517,-0.17791,0.08229,-0.27455,-0.10657,0.27636,0.5865,-0.52599,-0.43205,0.5234,0.69866,-0.17304,0.14445,-0.27466,-0.39482,-0.202,-1.36951,-0.29364,-0.16094,1.05295,1
positive107,-0.12453,-0.19626,-0.21715,-0.16513,-0.0915,8.68434,-0.14012,-0.12467,-0.21439,-0.18816,-0.24143,-0.13765,2.42466,-0.20684,0.35516,-0.51986,-0.00342,-0.92396,0.4092,-0.17695,-0.22045,-0.24832,-0.14185,0.29613,-0.79504,-0.22454,0.30431,-0.1838,-0.17764,-0.21124,-0.01704,-0.24955,-0.16218,-0.19169,-1.01935,-0.11703,1.28059,-1.08732,-0.77343,-0.28071,-0.21525,1.77006,-0.30461,-0.19193,-0.2232,0.96486,-0.84993,-0.23907,3.73903,-0.59064,-1.107,-0.34874,0.39146,-0.2726,-0.10657,0.83782,-0.69388,-0.31529,-0.35463,-0.39667,0.05931,0.37659,0.07645,3.50456,-0.74525,-0.202,-1.36951,-0.27646,-0.15406,0.46657,1
positive108,-0.13671,-0.20317,-0.22436,-0.17438,-0.10878,-0.12167,-0.14589,-0.13098,-0.23533,-0.19477,-0.26091,-0.16009,-0.24449,-0.2313,0.35516,-0.51986,0.54144,0.77611,0.15339,-0.62717,-0.24192,-0.26029,0.82859,-0.66921,-0.79504,-0.22454,-0.40804,-0.1838,-0.18672,-0.25291,-0.53227,-0.27606,-0.07089,-0.19169,0.58576,-0.13034,-0.75649,1.99553,-0.52539,-0.28071,-0.21525,-0.6068,-0.30461,-0.20662,-0.2232,1.36581,0.88673,2.22314,-0.24428,-0.59064,-1.22625,0.87471,-0.14218,3.06769,-0.10657,0.11029,0.95198,0.56964,-0.55956,0.26404,0.0788,-0.08394,-0.14628,-0.2974,-0.812,-0.202,-1.36951,-0.32637,-0.17406,-0.91774,1
positive109,-0.14425,-0.20744,-0.22883,-0.18011,-0.11946,-0.13001,-0.14945,-0.13489,-0.24827,-0.19886,-0.27295,-0.17397,-0.26697,-0.24643,1.26488,-0.51986,1.57278,-0.92396,1.17662,-1.86527,-0.25519,-0.26769,1.18869,-1.2448,-0.79504,-0.22454,-0.9666,-0.1838,-0.19234,3.60692,1.51184,-0.29244,-0.29911,-0.19169,-0.29705,-0.13857,-0.75649,-0.82053,-0.5874,-0.28071,-0.21525,0.88261,-0.30461,3.89495,-0.2232,1.56864,1.20749,-0.23907,-0.24428,-0.59064,-1.14635,-0.65669,-0.32901,-0.28176,-0.10657,0.84815,-0.70021,0.48536,0.62326,1.14114,0.11592,1.08387,0.05855,-0.31883,-0.84538,-0.202,0.73019,-0.35722,-0.18643,-0.47305,1
positive110,-0.12453,-0.19626,-0.21715,-0.16513,-0.0915,-0.10818,-0.14012,-0.12467,-0.21439,-0.18816,-0.24143,-0.13765,-0.20814,-0.20684,0.35516,-0.51986,0.93063,-0.92396,1.43242,-0.62717,-0.22045,-0.24832,-1.69434,-0.14736,0.80672,-0.22454,-0.31463,-0.1838,-0.17764,-0.21124,0.32099,-0.24955,-0.70989,-0.19169,-1.01935,-0.11703,2.46061,0.33553,-0.77343,-0.28071,-0.21525,-0.15045,3.20408,-0.19193,-0.2232,-0.22758,-1.74531,-0.23907,-0.24428,-0.59064,2.30593,-0.40944,2.76437,-0.2726,-0.10657,-0.8177,-0.76475,-0.31529,1.38724,-0.3531,0.66913,0.2796,0.64822,-0.26272,-0.34476,-0.202,0.73019,3.33793,-0.15406,1.36753,1
positive111,-0.12872,-0.19864,-0.21963,-0.16832,-0.09745,-0.11283,-0.1421,-0.12685,-0.2216,-0.19043,-0.24813,-0.14537,-0.22066,-0.21526,0.68006,-0.51986,-0.74773,0.52562,-0.40618,-0.34578,-0.22784,-0.25244,0.1215,-0.12476,-0.79504,-0.22454,-0.40495,-0.1838,-0.18076,-0.22558,0.32622,-0.25868,-0.81259,-0.19169,1.68928,-0.12161,-0.75649,-1.48749,-0.79668,-0.28071,-0.21525,0.23976,-0.30461,-0.19699,-0.2232,-0.31989,-0.33566,-0.23907,-0.24428,-0.59064,1.1871,0.76469,-0.25076,-0.27455,-0.10657,0.31818,1.20391,-0.06245,1.1937,-0.60035,0.35275,-0.64228,-0.36474,-0.27466,-0.39482,-0.202,0.73019,-0.29364,-0.16094,1.64165,1
positive112,-0.14425,-0.20744,-0.22883,-0.18011,-0.11946,-0.13001,-0.14945,-0.13489,-0.24827,-0.19886,-0.27295,-0.17397,-0.26697,-0.24643,1.26488,-0.51986,1.74791,-0.92396,2.32774,-0.17695,-0.25519,-0.26769,1.91898,-0.90604,0.36179,3.13867,0.67977,-0.1838,-0.19234,-0.27867,-0.23826,-0.29244,-1.12067,-0.19169,-1.01935,-0.13857,-0.75649,-0.02018,-0.86644,-0.28071,-0.21525,0.99009,-0.30461,-0.21571,-0.2232,2.57532,-0.43725,-0.23907,-0.24428,-0.59064,0.89424,-0.26197,-0.98488,-0.28176,-0.10657,1.16662,-0.31858,-0.44171,2.7624,-1.2088,0.1406,0.66918,-1.21405,-0.31883,-0.54501,-0.202,0.73019,-0.35722,-0.18643,-0.16391,1
positive113,-0.12453,-0.19626,-0.21715,-0.16513,-0.0915,-0.10818,-0.14012,-0.12467,-0.21439,-0.18816,-0.24143,-0.13765,-0.20814,-0.20684,0.35516,-0.51986,1.63116,-0.92396,2.19984,0.72349,-0.22045,-0.24832,0.40562,3.01237,-0.79504,-0.22454,4.10826,-0.1838,-0.17764,-0.21124,-0.78127,-0.24955,1.48095,-0.19169,-1.01935,-0.11703,-0.75649,-0.37589,-0.77343,-0.28071,-0.21525,1.18968,3.20408,-0.19193,-0.2232,-1.15738,0.3302,-0.23907,-0.24428,1.29008,-0.46927,-0.19314,-1.17702,-0.2726,-0.10657,-1.15771,-0.97736,-0.65241,-0.35463,-0.13842,-1.20177,0.22706,-1.22004,-0.26272,1.25721,-0.202,0.73019,-0.27646,-0.15406,-1.70381,1
positive114,-0.14425,-0.20744,-0.22883,-0.18011,-0.11946,-0.13001,-0.14945,-0.13489,-0.24827,-0.19886,-0.27295,-0.17397,-0.26697,3.1754,-0.29463,0.92222,1.22251,-0.92396,1.75218,0.49838,-0.25519,-0.26769,-0.8249,0.20726,0.9402,-0.22454,0.19006,-0.1838,-0.19234,-0.27867,-0.23221,-0.29244,0.11168,-0.19169,-1.01935,-0.13857,1.50145,-0.55375,-0.5874,-0.28071,-0.21525,-1.0254,-0.30461,-0.21571,-0.2232,-0.29004,-0.0428,-0.23907,-0.24428,-0.59064,-0.83514,-0.71489,0.16243,-0.28176,-0.10657,-1.70635,0.59915,1.41243,0.62326,0.77322,-1.67419,-0.84649,-0.79406,-0.31883,1.25721,-0.202,0.73019,2.74536,-0.18643,0.11161,1
positive115,-0.14425,-0.20744,-0.22883,-0.18011,-0.11946,-0.13001,-0.14945,-0.13489,-0.24827,-0.19886,-0.27295,-0.17397,-0.26697,-0.24643,0.48512,-0.51986,0.17172,1.79657,0.60105,-0.51461,-0.25519,-0.26769,-0.71041,-0.20878,-0.79504,3.13867,-0.44125,-0.1838,-0.19234,-0.27867,0.36334,-0.29244,-0.29911,3.82133,1.86985,-0.13857,-0.75649,-0.55375,-0.5874,4.20706,-0.21525,0.30717,-0.30461,-0.21571,2.95208,0.5816,0.01115,-0.23907,-0.24428,-0.59064,0.23612,-1.61417,0.28584,-0.28176,-0.10657,-0.47164,-1.11511,1.24388,-0.66023,-0.27043,0.18716,0.07487,-0.2299,-0.31883,-0.84538,-0.202,0.73019,-0.35722,-0.18643,-0.55371,1
positive116,-0.14425,-0.20744,-0.22883,-0.18011,-0.11946,-0.13001,-0.14945,6.92671,-0.24827,-0.19886,-0.27295,-0.17397,-0.26697,-0.24643,0.48512,0.64988,-0.00342,-0.92396,0.4092,0.49838,-0.25519,-0.26769,-0.84739,-0.44208,-0.79504,-0.22454,-0.02867,-0.1838,-0.19234,-0.27867,1.19192,-0.29244,-0.29911,-0.19169,-1.01935,-0.13857,2.37599,0.51339,-0.02932,-0.28071,-0.21525,0.37351,-0.30461,-0.21571,-0.2232,-2.0905,-0.55773,-0.23907,2.63255,-0.59064,0.14011,-2.59316,0.89314,-0.28176,-0.10657,-0.27981,-0.85665,1.07532,0.19543,0.77614,0.25533,-0.87474,-1.21423,-0.31883,-0.54501,-0.202,0.73019,-0.35722,-0.18643,-1.37065,1
positive117,-0.10602,-0.18576,-0.20618,6.98582,-0.06525,-0.08769,-0.13135,-0.11509,-0.18259,-0.17811,-0.21183,-0.10355,-0.15292,-0.16968,1.30032,-0.51986,1.77976,-0.08213,2.36262,-1.03646,-0.18784,-0.23014,2.19403,0.70131,2.67543,-0.22454,-0.9666,-0.1838,-0.16384,-0.14795,1.26386,-0.20929,-1.60614,-0.19169,-1.01935,-0.09682,-0.75649,-1.18433,-0.63814,-0.28071,-0.21525,-0.10838,-0.30461,-0.16961,-0.2232,-0.68794,1.17166,-0.23907,-0.24428,2.54389,0.68542,-0.71944,-1.32364,-0.26401,-0.10657,0.04353,-0.76006,-2.38013,1.73561,1.52879,2.17408,3.04661,0.24593,-0.21004,-0.05349,-0.202,-1.36951,-0.20065,-0.12366,-0.26717,1
positive118,-0.13278,-0.20094,-0.22203,-0.1714,10.4317,-0.11732,-0.14403,-0.12895,2.96297,-0.19264,-0.25462,-0.15285,-0.23276,-0.22341,0.50806,1.50303,-1.40448,1.22577,-1.12564,0.29975,-0.23499,-0.25643,1.3195,0.23607,-0.10094,-0.22454,-0.15546,-0.1838,-0.18379,-0.23946,-0.73446,-0.2675,-0.9032,-0.19169,-0.16959,-0.12605,-0.75649,0.98419,-0.8172,-0.28071,-0.21525,1.46895,-0.30461,-0.20188,-0.2232,2.74386,0.31353,-0.23907,-0.24428,-0.59064,-1.32664,0.08807,-1.48853,-0.27644,-0.10657,0.09495,-0.19958,-0.77883,3.05653,-1.19505,-0.3672,0.03854,-1.7286,-0.2862,2.74139,-0.202,-1.36951,-0.31026,-0.16761,-0.79996,1
positive119,-0.15821,-0.21536,-0.23709,-0.19071,-0.13925,-0.14547,-0.15606,-0.14211,-0.27226,-0.20644,-0.29527,-0.19968,-0.30861,-0.27445,1.32986,-0.51986,-1.40448,0.91368,-1.12564,0.49838,-0.27979,-0.2814,0.23464,-0.07135,0.6247,-0.22454,-0.41618,-0.1838,-0.20274,-0.3264,0.42924,-0.32281,-1.66838,-0.19169,1.99024,-0.15381,-0.75649,0.73571,-0.68042,-0.28071,-0.21525,-0.44167,-0.30461,-0.23254,-0.2232,1.42007,-0.38313,-0.23907,-0.24428,-0.59064,0.72993,-0.07872,-0.02149,-0.28824,-0.10657,-0.92966,-0.18541,2.17095,2.37177,-2.01453,0.25216,0.86451,0.06614,-0.35856,-0.89544,-0.202,0.73019,-0.41439,-0.20935,-1.13817,1
positive120,-0.14425,-0.20744,-0.22883,-0.18011,-0.11946,-0.13001,-0.14945,-0.13489,-0.24827,-0.19886,-0.27295,-0.17397,-0.26697,-0.24643,-1.07439,-0.51986,-0.17855,1.05741,0.21734,2.1867,-0.25519,-0.26769,-1.03562,-0.39482,1.51861,-0.22454,0.68059,-0.1838,-0.19234,-0.27867,1.07021,-0.29244,-0.29911,-0.19169,-0.29705,-0.13857,2.60675,1.84731,3.04014,-0.28071,-0.21525,-1.02651,-0.30461,-0.21571,-0.2232,-0.13685,-2.34919,-0.23907,-0.24428,-0.59064,0.06098,0.49408,2.01641,-0.28176,-0.10657,-0.65132,0.48404,1.91811,0.19543,0.60067,0.4402,0.7208,0.66071,2.91497,-0.84538,-0.202,-1.36951,-0.35722,-0.18643,1.76868,1
positive121,-0.14425,-0.20744,3.80987,-0.18011,-0.11946,-0.13001,-0.14945,-0.13489,-0.24827,-0.19886,-0.27295,-0.17397,-0.26697,-0.24643,-1.46426,-0.51986,-0.70395,-0.92396,-0.35822,2.52436,-0.25519,-0.26769,-1.22754,0.57448,0.36179,-0.22454,0.68189,-0.1838,-0.19234,-0.27867,0.12326,-0.29244,-0.70989,-0.19169,0.42525,-0.13857,0.35089,0.51339,-0.86644,-0.28071,5.1565,-0.64024,-0.30461,-0.21571,-0.2232,-0.29075,-1.21411,-0.23907,-0.24428,-0.59064,0.54517,0.60643,-0.25342,-0.28176,-0.10657,1.19496,1.1197,1.32815,1.90674,-0.25716,-0.69643,0.0263,-0.4039,2.91497,-0.54501,-0.202,0.73019,-0.35722,-0.18643,-0.0995,1
positive122,-0.12453,-0.19626,-0.21715,-0.16513,-0.0915,-0.10818,-0.14012,-0.12467,-0.21439,-0.18816,-0.24143,-0.13765,-0.20814,-0.20684,-0.16467,-0.51986,-0.47044,0.66319,-0.35822,-0.62717,-0.22045,3.65197,1.22941,0.45961,0.80672,-0.22454,-0.9666,-0.1838,5.74403,-0.21124,2.85937,-0.24955,-0.16218,-0.19169,-1.01935,-0.11703,-0.75649,2.1141,3.31919,-0.28071,-0.21525,-0.6988,-0.30461,-0.19193,-0.2232,0.10594,2.13952,4.68535,-0.24428,-0.59064,-1.83823,-0.7807,-0.7697,-0.2726,-0.10657,0.5523,-0.04703,-0.61027,1.38724,1.97621,0.72566,-1.09181,0.86695,-0.26272,-0.74525,-0.202,0.73019,-0.27646,-0.15406,0.74891,1
positive123,-0.14425,-0.20744,-0.22883,-0.18011,-0.11946,-0.13001,-0.14945,-0.13489,-0.24827,-0.19886,-0.27295,-0.17397,-0.26697,-0.24643,-1.46426,1.22176,-0.00342,2.41253,-0.35822,-0.51461,-0.25519,-0.26769,0.26142,1.51089,-0.79504,-0.22454,1.12864,-0.1838,-0.19234,-0.27867,-0.38403,-0.29244,1.75481,-0.19169,-1.01935,-0.13857,-0.75649,-0.82053,-0.86644,-0.28071,-0.21525,-0.2746,-0.30461,-0.21571,-0.2232,-0.28248,1.86319,-0.23907,-0.24428,-0.59064,0.91758,-0.20194,-1.29031,-0.28176,-0.10657,1.24628,-0.64998,1.74955,-1.08805,1.15818,0.01996,0.4936,1.22724,-0.31883,0.95684,-0.202,0.73019,-0.35722,-0.18643,-1.70381,1
positive124,-0.14425,-0.20744,-0.22883,-0.18011,-0.11946,-0.13001,-0.14945,-0.13489,-0.24827,-0.19886,-0.27295,-0.17397,-0.26697,-0.24643,1.26488,-0.51986,-1.40448,0.66935,-1.12564,0.16072,-0.25519,-0.26769,-3.01325,1.10766,1.51861,-0.22454,-0.9666,-0.1838,-0.19234,-0.27867,0.57393,-0.29244,-2.35302,-0.19169,-1.01935,-0.13857,4.698,-0.55375,-0.86644,-0.28071,-0.21525,-0.0665,-0.30461,-0.21571,-0.2232,0.37239,-2.31971,-0.23907,-0.24428,-0.59064,-0.96892,-1.60755,1.73433,-0.28176,-0.10657,0.96041,-1.16183,1.07532,2.33457,-1.97659,1.15701,1.97054,0.13517,-0.31883,-0.84538,3.39796,-1.36951,-0.35722,-0.18643,0.13661,1
positive125,-0.12872,-0.19864,-0.21963,-0.16832,-0.09745,-0.11283,-0.1421,-0.12685,-0.2216,-0.19043,-0.24813,-0.14537,-0.22066,-0.21526,-0.78198,1.69217,0.78468,-0.92396,-0.646,-0.34578,-0.22784,-0.25244,-0.1862,0.76752,-0.79504,-0.22454,1.69452,5.46445,-0.18076,-0.22558,-0.97539,-0.25868,2.78177,-0.19169,-1.01935,-0.12161,0.42278,-0.48705,-0.09908,-0.28071,-0.21525,1.03783,2.95346,-0.19699,-0.2232,0.1433,0.3105,-0.23907,-0.24428,1.1191,0.02569,-0.33113,-0.23484,-0.27455,-0.10657,-0.30232,-1.4946,0.48536,-1.51588,0.77198,-1.49584,1.88963,-0.12874,-0.27466,-0.77029,-0.202,0.73019,-0.29364,-0.16094,-0.63676,1
positive126,-0.12453,-0.19626,-0.21715,-0.16513,-0.0915,-0.10818,-0.14012,-0.12467,-0.21439,-0.18816,-0.24143,-0.13765,-0.20814,-0.20684,-0.68451,-0.51986,-1.17097,-0.92396,-0.86983,0.72349,-0.22045,-0.24832,-0.63408,0.235,-0.79504,-0.22454,0.44721,-0.1838,-0.17764,-0.21124,-0.73405,-0.24955,0.93324,-0.19169,-0.05628,-0.11703,0.3746,1.40267,2.57507,-0.28071,-0.21525,-0.45659,-0.30461,-0.19193,-0.2232,-2.29833,-0.59797,-0.23907,-0.24428,-0.59064,-1.29683,1.30518,0.30407,-0.2726,-0.10657,1.31432,-0.76995,0.06397,-0.35463,0.39406,0.34704,-2.02411,-0.58605,3.50456,-0.34476,-0.202,0.73019,-0.27646,-0.15406,2.17908,1
positive127,-0.11095,-0.18856,-0.2091,-0.15482,-0.07225,-0.09315,-0.13369,-0.11764,-0.19106,-0.18079,-0.21972,-0.11264,-0.16763,-0.17958,-0.29463,-0.51986,-1.40448,-0.92396,-1.12564,-0.06439,-0.19653,8.56525,-1.60588,0.35438,-0.79504,-0.22454,-0.9666,-0.1838,-0.16751,-0.16481,3.25547,-0.22001,-0.29911,-0.19169,1.38832,-0.1022,0.28357,-2.15446,-1.14549,-0.28071,-0.21525,-0.36684,-0.30461,-0.17555,-0.2232,0.16256,0.19614,-0.23907,-0.24428,-0.59064,-1.85784,-1.55146,1.42492,-0.2663,-0.10657,0.16213,3.37726,-1.11594,-0.03793,0.86224,1.29392,-1.09322,0.9363,-0.22407,-0.64513,-0.202,0.73019,-0.22085,-0.13176,0.17333,1
positive128,-0.14787,-0.2095,-0.23097,-0.18285,-0.12459,-0.13402,-0.15117,-0.13676,-0.25449,-0.20083,-0.27874,-0.18063,-0.27776,-0.25369,0.35516,-0.51986,0.26345,1.34486,-0.39476,-0.30558,-0.26157,-0.27124,-0.25608,-0.42242,-0.24707,-0.22454,0.51117,-0.1838,-0.19503,-0.29104,0.22083,-0.30031,0.77675,-0.19169,0.35646,-0.14252,0.31134,1.14859,-0.87973,-0.28071,-0.21525,0.57452,-0.30461,-0.22007,-0.2232,0.03713,-0.2453,-0.23907,-0.24428,-0.59064,0.8929,-0.61656,-0.01341,-0.28344,-0.10657,0.63775,1.31422,1.74955,0.10986,-0.13693,0.13589,0.74766,1.00008,-0.32913,-0.57361,-0.202,0.73019,-0.37204,-0.19237,-0.06176,1
positive129,-0.14425,-0.20744,-0.22883,-0.18011,-0.11946,7.41745,-0.14945,-0.13489,-0.24827,-0.19886,3.36042,-0.17397,1.99302,-0.24643,0.875,-0.51986,0.52198,0.97528,0.02549,-0.85228,-0.25519,-0.26769,1.32023,0.24594,0.9402,-0.22454,-0.9666,-0.1838,-0.19234,-0.27867,-0.0982,-0.29244,-0.70989,-0.19169,-1.01935,-0.13857,0.36027,-0.82053,-0.86644,-0.28071,-0.21525,1.52399,-0.30461,-0.21571,-0.2232,1.09533,-0.23799,-0.23907,-0.24428,1.91698,-1.28804,0.43675,-0.83869,-0.28176,-0.10657,-0.10886,-0.29759,0.3168,1.90674,0.05644,0.04094,0.38588,0.87187,-0.31883,-0.54501,-0.202,0.73019,-0.35722,-0.18643,-0.85017,1
positive130,-0.12453,-0.19626,4.48779,-0.16513,-0.0915,-0.10818,-0.14012,-0.12467,-0.21439,-0.18816,-0.24143,-0.13765,-0.20814,-0.20684,-0.68451,-0.51986,1.16414,1.75961,-0.10241,0.72349,-0.22045,-0.24832,-0.58668,-1.10604,0.00584,-0.22454,1.06093,-0.1838,-0.17764,-0.21124,-0.45303,-0.24955,0.93324,-0.19169,0.90678,-0.11703,-0.75649,-0.02018,1.08685,-0.28071,-0.21525,-1.33191,-0.30461,-0.19193,-0.2232,-0.39504,-0.01698,-0.23907,3.73903,-0.59064,-2.60515,1.07564,-0.19997,-0.2726,-0.10657,-2.16011,2.99194,0.02183,-0.93526,1.17483,-1.02377,-1.90949,-0.89229,-0.26272,-0.74525,-0.202,0.73019,3.33793,-0.15406,-0.18814,1
positive131,-0.14425,-0.20744,-0.22883,-0.18011,-0.11946,-0.13001,-0.14945,-0.13489,-0.24827,-0.19886,-0.27295,-0.17397,-0.26697,-0.24643,0.875,-0.51986,1.57278,-0.92396,-0.74193,-0.85228,-0.25519,-0.26769,1.17236,0.20688,1.51861,-0.22454,-0.29412,-0.1838,-0.19234,3.60692,-0.62367,-0.29244,0.11168,-0.19169,-1.01935,-0.13857,0.43569,-0.28696,-0.86644,-0.28071,-0.21525,0.39428,2.22944,-0.21571,-0.2232,1.12168,0.39627,-0.23907,-0.24428,-0.59064,0.77865,-1.88613,-0.50779,-0.28176,-0.10657,-1.18005,-1.06623,0.69606,0.62326,0.60809,-0.53107,0.92932,0.29255,-0.31883,-0.84538,-0.202,0.73019,-0.35722,-0.18643,-0.74191,1
positive132,-0.15139,-0.2115,-0.23306,-0.18553,-0.12959,-0.13792,-0.15284,-0.13859,-0.26055,-0.20274,-0.28438,-0.18713,-0.28828,2.99403,-0.82628,0.73349,0.66527,-0.92396,-0.42798,0.49838,-0.26778,2.90987,0.2064,-0.94006,0.76668,-0.22454,-0.46403,-0.1838,-0.19766,-0.3031,-0.10453,-0.30799,-0.11239,-0.19169,1.6072,-0.14637,-0.75649,0.51339,1.13759,-0.28071,-0.21525,-1.08409,-0.30461,-0.22432,2.61784,-0.21278,-0.15052,-0.23907,-0.24428,-0.59064,-1.03112,1.31726,-0.00374,5.73586,-0.10657,0.2504,0.40512,2.63448,-0.74172,0.63984,-0.02422,0.56901,0.00086,-0.33917,-0.87268,-0.202,0.73019,-0.38649,-0.19816,1.99194,1
positive133,-0.13671,-0.20317,-0.22436,-0.17438,-0.10878,-0.12167,-0.14589,-0.13098,-0.23533,-0.19477,-0.26091,-0.16009,-0.24449,-0.2313,1.22156,-0.51986,-1.0153,-0.92396,-0.69929,-0.25198,-0.24192,-0.26029,-0.11843,-0.44781,-0.79504,-0.22454,0.13098,-0.1838,-0.18672,-0.25291,-1.18857,-0.27606,-0.07089,-0.19169,-1.01935,-0.13034,4.20713,0.80982,-0.21535,-0.28071,-0.21525,0.83403,-0.30461,-0.20662,-0.2232,-1.01296,-2.56856,-0.23907,-0.24428,-0.59064,0.77726,1.21757,3.02599,-0.27826,-0.10657,1.00215,-0.53076,0.99104,0.39676,-0.58413,-1.02224,0.70582,0.07197,-0.2974,0.52297,-0.202,0.73019,2.95364,-0.17406,0.78394,1
positive134,-0.14425,-0.20744,-0.22883,-0.18011,-0.11946,-0.13001,-0.14945,-0.13489,-0.24827,-0.19886,-0.27295,-0.17397,-0.26697,-0.24643,-0.68451,-0.51986,0.69712,1.1806,0.21734,0.49838,-0.25519,-0.26769,0.25179,0.38554,0.36179,-0.22454,-0.36313,-0.1838,-0.19234,-0.27867,-0.04844,-0.29244,0.11168,-0.19169,-1.01935,-0.13857,0.39072,0.51339,-0.5874,4.20706,5.1565,0.24197,2.22944,-0.21571,-0.2232,0.11865,-0.51537,-0.23907,-0.24428,-0.59064,-0.27106,-1.00585,0.41421,-0.28176,-0.10657,-0.66055,0.37377,0.27466,1.05109,-1.66653,-0.16354,0.03854,-0.81454,-0.31883,-0.24464,-0.202,-1.36951,-0.35722,-0.18643,-1.35973,1
positive135,-0.13671,-0.20317,-0.22436,-0.17438,-0.10878,-0.12167,-0.14589,-0.13098,-0.23533,-0.19477,-0.26091,-0.16009,2.14473,-0.2313,1.22156,-0.51986,0.15226,1.80478,0.57974,-1.00235,-0.24192,-0.26029,0.75333,0.00482,0.50639,-0.22454,0.7911,-0.1838,-0.18672,-0.25291,0.13528,3.20807,-0.07089,-0.19169,-0.2168,-0.13034,-0.75649,0.51339,0.40475,-0.28071,-0.21525,-1.19163,-0.30461,-0.20662,3.37545,-0.62651,0.98384,-0.23907,-0.24428,0.85606,0.65427,-1.03459,-0.50457,-0.27826,-0.10657,-0.09102,-0.39739,0.56964,-1.51588,0.46088,-1.50621,-0.8603,0.21539,-0.2974,0.18923,-0.202,-1.36951,-0.32637,-0.17406,-0.55465,1
positive136,-0.13671,-0.20317,-0.22436,-0.17438,-0.10878,-0.12167,-0.14589,-0.13098,-0.23533,-0.19477,-0.26091,-0.16009,-0.24449,-0.2313,-0.94443,0.83212,-0.04233,-0.92396,0.36656,1.24874,-0.24192,-0.26029,0.51369,0.14501,-0.79504,-0.22454,1.20188,-0.1838,-0.18672,-0.25291,1.50204,-0.27606,1.29838,-0.19169,1.38832,-0.13034,0.31807,1.6991,2.88512,-0.28071,-0.21525,-1.36628,-0.30461,-0.20662,3.37545,0.04984,-0.7982,-0.23907,-0.24428,0.85606,-0.04741,2.37335,0.7925,-0.27826,-0.10657,-0.10101,0.89494,1.66527,-0.55956,0.98891,-0.91386,-1.04554,0.10037,-0.2974,-0.47826,-0.202,-1.36951,-0.32637,-0.17406,-1.39236,1
positive137,-0.14787,-0.2095,-0.23097,-0.18285,-0.12459,-0.13402,-0.15117,-0.13676,-0.25449,-0.20083,-0.27874,-0.18063,-0.27776,-0.25369,-1.50139,-0.51986,0.76383,-0.92396,-0.39476,0.65917,-0.26157,-0.27124,-1.18469,-0.74324,-0.79504,-0.22454,0.53688,-0.1838,-0.19503,-0.29104,-0.77739,-0.30031,1.5592,-0.19169,-0.33145,-0.14252,2.22773,0.13227,-0.61398,-0.28071,-0.21525,0.72591,-0.30461,-0.22007,-0.2232,-0.68168,-1.16699,-0.23907,-0.24428,-0.59064,-0.48737,1.32533,1.90577,-0.28344,-0.10657,1.10412,-0.72791,2.38165,-0.29657,-0.5132,-0.47916,-0.00819,-0.05426,2.8228,0.57065,-0.202,0.73019,-0.37204,-0.19237,-0.82699,1
positive138,-0.12453,-0.19626,-0.21715,-0.16513,-0.0915,-0.10818,-0.14012,-0.12467,-0.21439,-0.18816,-0.24143,-0.13765,-0.20814,-0.20684,-1.72418,-0.51986,-0.23693,-0.92396,0.15339,0.72349,-0.22045,-0.24832,-2.08342,-1.3236,-0.79504,-0.22454,1.34428,-0.1838,-0.17764,-0.21124,-0.53265,-0.24955,1.48095,-0.19169,1.86985,-0.11703,0.24617,2.46981,3.69124,-0.28071,-0.21525,-0.66241,-0.30461,-0.19193,-0.2232,0.75953,-0.57305,-0.23907,-0.24428,3.1708,-1.06674,1.07096,1.36666,-0.2726,-0.10657,-1.6723,1.04372,1.07532,-1.51588,0.31338,-0.33892,-1.02044,-0.70579,-0.26272,-0.74525,-0.202,-1.36951,-0.27646,-0.15406,0.03999,1
positive139,-0.13278,-0.20094,-0.22203,-0.1714,-0.1032,-0.11732,-0.14403,-0.12895,-0.22857,-0.19264,-0.25462,-0.15285,-0.23276,-0.22341,-0.4093,-0.51986,1.27402,0.37163,-0.4485,-0.49475,-0.23499,-0.25643,-1.39911,0.39363,-0.10094,-0.22454,-0.40398,-0.1838,-0.18379,-0.23946,0.66166,-0.2675,1.0299,-0.19169,2.37971,-0.12605,-0.75649,1.29805,2.46565,-0.28071,-0.21525,-0.40208,-0.30461,-0.20188,-0.2232,-1.25992,-1.17431,-0.23907,3.20792,-0.59064,-1.87462,0.10326,0.89067,-0.27644,-0.10657,0.00688,1.06649,0.90676,0.00826,-1.07007,-0.11386,-0.81521,1.57163,-0.2862,-0.79237,-0.202,0.73019,-0.31026,-0.16761,2.00192,1
positive140,-0.12453,-0.19626,-0.21715,-0.16513,-0.0915,-0.10818,-0.14012,-0.12467,-0.21439,-0.18816,-0.24143,-0.13765,-0.20814,-0.20684,-0.16467,-0.51986,-0.70395,-0.92396,-0.35822,-0.17695,4.44426,-0.24832,-0.54053,0.13029,-0.79504,-0.22454,0.23026,-0.1838,-0.17764,-0.21124,1.01435,3.58977,-0.16218,-0.19169,-1.01935,-0.11703,3.13321,-1.79874,-0.77343,-0.28071,-0.21525,0.65662,-0.30461,-0.19193,-0.2232,-0.94824,-2.5656,-0.23907,-0.24428,-0.59064,-0.15328,1.97323,2.61368,-0.2726,-0.10657,-0.13548,1.59528,0.48536,-0.93526,-0.2602,1.81963,-1.24444,-0.53115,3.50456,0.45622,-0.202,-1.36951,-0.27646,-0.15406,0.30682,1
positive141,-0.12453,-0.19626,-0.21715,-0.16513,-0.0915,-0.10818,-0.14012,-0.12467,-0.21439,-0.18816,-0.24143,-0.13765,-0.20814,-0.20684,-0.16467,-0.51986,0.23009,-0.92396,0.665,0.27327,-0.22045,-0.24832,0.08417,-1.32872,0.00584,-0.22454,-0.34246,-0.1838,-0.17764,-0.21124,0.87832,-0.24955,-0.70989,-0.19169,0.90678,-0.11703,-0.75649,-1.08732,-0.40137,-0.28071,-0.21525,-0.67237,-0.30461,-0.19193,-0.2232,-1.31259,0.4785,-0.23907,-0.24428,-0.59064,0.27579,-0.26475,-0.1263,-0.2726,-0.10657,-1.19922,-1.08289,-0.35743,0.80661,1.14746,-0.33578,0.70049,-0.21458,-0.26272,-0.74525,-0.202,0.73019,-0.27646,-0.15406,-1.35137,1
positive142,-0.14425,-0.20744,-0.22883,-0.18011,-0.11946,-0.13001,-0.14945,-0.13489,-0.24827,-0.19886,-0.27295,-0.17397,-0.26697,-0.24643,-0.68451,-0.51986,-0.35368,-0.92396,-0.35822,-0.85228,-0.25519,-0.26769,-0.36283,-1.05302,-0.79504,-0.22454,-0.9666,4.13545,-0.19234,-0.27867,-1.25966,-0.29244,0.11168,-0.19169,-0.29705,-0.13857,0.29254,0.51339,-0.30836,-0.28071,-0.21525,1.79402,-0.30461,-0.21571,-0.2232,-0.59071,-0.12968,-0.23907,-0.24428,1.91698,1.42437,-0.3204,-0.42267,-0.28176,-0.10657,-0.55051,-0.61269,1.1596,0.19543,0.02438,0.87096,-0.60569,0.2682,-0.31883,-0.54501,-0.202,0.73019,-0.35722,-0.18643,-0.0995,1
positive143,-0.14787,-0.2095,-0.23097,-0.18285,-0.12459,-0.13402,-0.15117,-0.13676,-0.25449,-0.20083,-0.27874,-0.18063,-0.27776,-0.25369,-1.13008,-0.51986,0.43025,1.10874,0.70155,0.65917,-0.26157,-0.27124,-1.67099,-0.86371,-0.79504,-0.22454,-0.07359,-0.1838,-0.19503,-0.29104,-0.39001,-0.30031,0.38553,-0.19169,-1.01935,-0.14252,3.25237,-1.90038,-0.87973,-0.28071,-0.21525,-0.52964,-0.30461,-0.22007,-0.2232,0.21169,-1.55738,-0.23907,-0.24428,0.58481,1.15622,-0.31227,2.01917,-0.28344,-0.10657,-0.37469,-0.0669,2.25523,-0.70301,-0.3463,0.37583,-0.02432,-0.42048,-0.32913,-0.57361,-0.202,0.73019,-0.37204,-0.19237,-1.08463,1
positive144,-0.12453,-0.19626,-0.21715,-0.16513,-0.0915,-0.10818,-0.14012,-0.12467,-0.21439,-0.18816,-0.24143,-0.13765,-0.20814,-0.20684,0.35516,1.41983,0.93063,-0.92396,0.4092,-0.62717,-0.22045,-0.24832,1.17974,1.0426,0.80672,4.6674,1.3669,-0.1838,-0.17764,-0.21124,1.42978,-0.24955,2.02867,-0.19169,-1.01935,-0.11703,-0.75649,-0.7316,-0.40137,-0.28071,2.47062,1.23108,-0.30461,-0.19193,4.27512,-0.44243,0.54291,-0.23907,-0.24428,1.29008,1.36154,-1.67304,-0.24117,-0.2726,-0.10657,-0.61657,-0.73417,-0.77883,-0.35463,0.82006,-1.21469,0.24836,-0.85283,-0.26272,2.05819,-0.202,0.73019,-0.27646,-0.15406,-0.65027,1
positive145,15.21824,-0.19864,-0.21963,-0.16832,-0.09745,-0.11283,-0.1421,-0.12685,-0.2216,-0.19043,-0.24813,-0.14537,-0.22066,-0.21526,-0.29463,-0.51986,-1.40448,0.14372,-1.12564,1.34254,-0.22784,-0.25244,0.71952,-0.08774,-0.79504,-0.22454,-0.9666,-0.1838,-0.18076,-0.22558,0.92867,-0.25868,-1.32606,-0.19169,-1.01935,-0.12161,-0.75649,0.51339,1.64493,-0.28071,-0.21525,-1.12033,-0.30461,-0.19699,-0.2232,-0.05732,1.47929,-0.23907,-0.24428,-0.59064,-0.35885,0.18631,-1.85042,-0.27455,-0.10657,-0.26456,-0.37033,-0.90525,2.27753,-1.08802,0.41005,1.77085,-0.82214,-0.27466,-0.77029,-0.202,0.73019,-0.29364,-0.16094,0.52144,1
positive146,-0.15484,-0.21345,-0.2351,-0.18815,-0.13448,-0.14174,-0.15447,-0.14037,-0.26647,-0.20461,-0.28988,-0.19347,1.80169,-0.26769,0.80719,-0.51986,-0.49074,1.40235,-0.12466,0.05795,-0.27385,-0.27809,0.0948,0.24476,0.19653,-0.22454,0.53379,-0.1838,-0.20023,-0.31488,-0.78452,-0.31548,0.1474,-0.19169,0.23682,-0.15014,0.39469,2.25329,-0.66019,-0.28071,-0.21525,-0.42373,-0.30461,-0.22848,2.47579,0.90958,-0.28625,-0.23907,-0.24428,-0.59064,-1.25646,0.23721,-0.18252,-0.28667,-0.10657,-0.46874,-0.67889,2.17095,1.07053,-1.235,-0.46517,-0.16333,0.11896,-0.34898,-0.10098,-0.202,-1.36951,2.48269,-0.20382,-0.04575,1
positive147,-0.12453,-0.19626,-0.21715,-0.16513,-0.0915,-0.10818,-0.14012,-0.12467,-0.21439,-0.18816,-0.24143,-0.13765,-0.20814,-0.20684,-0.68451,2.50961,-1.40448,0.66319,-1.12564,1.17371,-0.22045,-0.24832,1.32096,0.95033,-0.79504,-0.22454,1.46293,-0.1838,-0.17764,-0.21124,-1.25631,-0.24955,0.38553,5.3648,-1.01935,-0.11703,-0.75649,0.69125,0.34274,-0.28071,-0.21525,0.80491,3.20408,-0.19193,-0.2232,-0.17954,1.07509,-0.23907,-0.24428,-0.59064,0.70696,-0.03025,-1.59561,-0.2726,-0.10657,0.15269,-1.65609,-1.0738,0.22599,-1.08325,-1.35898,0.61033,-2.58277,-0.26272,-1.14575,-0.202,0.73019,-0.27646,-0.15406,-1.70381,1
positive148,-0.12453,-0.19626,-0.21715,-0.16513,-0.0915,-0.10818,-0.14012,-0.12467,-0.21439,-0.18816,-0.24143,-0.13765,-0.20814,-0.20684,-0.16467,-0.51986,0.69712,-0.92396,1.17662,-0.17695,-0.22045,-0.24832,0.22728,1.34237,0.00584,-0.22454,3.30574,-0.1838,-0.17764,-0.21124,-1.04367,-0.24955,2.02867,-0.19169,-0.05628,-0.11703,-0.75649,-0.37589,0.34274,-0.28071,-0.21525,-0.15658,-0.30461,-0.19193,-0.2232,2.02493,1.06098,-0.23907,-0.24428,-0.59064,0.87161,0.28576,-0.32313,-0.2726,-0.10657,0.88216,-1.15429,0.19038,-1.51588,0.67496,-0.80143,1.22682,-0.14945,-0.26272,1.25721,-0.202,-1.36951,3.33793,-0.15406,-0.56563,1
positive149,-0.12453,-0.19626,-0.21715,-0.16513,-0.0915,-0.10818,-0.14012,-0.12467,-0.21439,-0.18816,-0.24143,-0.13765,-0.20814,-0.20684,-0.68451,-0.51986,1.39765,-0.92396,0.4092,-1.07738,4.44426,-0.24832,-0.1194,1.73281,-0.79504,-0.22454,-0.28501,-0.1838,-0.17764,-0.21124,-0.92807,-0.24955,0.93324,-0.19169,-1.01935,-0.11703,0.31199,-0.7316,-0.77343,-0.28071,-0.21525,1.99484,-0.30461,-0.19193,-0.2232,-0.22402,0.52586,2.22314,-0.24428,1.29008,0.79569,0.05727,-0.63716,-0.2726,-0.10657,-1.65015,-0.01464,-0.27315,-0.93526,0.36234,0.67464,-0.01472,1.00944,-0.26272,-0.34476,-0.202,0.73019,-0.27646,-0.15406,1.17817,1
positive150,-0.14425,-0.20744,3.80987,-0.18011,-0.11946,-0.13001,-0.14945,-0.13489,-0.24827,-0.19886,-0.27295,-0.17397,-0.26697,-0.24643,-1.85414,0.67342,-0.87908,-0.92396,-0.55007,2.1867,-0.25519,-0.26769,-1.58743,0.66046,-0.79504,-0.22454,1.42614,-0.1838,-0.19234,-0.27867,0.69809,-0.29244,0.93324,-0.19169,-0.29705,-0.13857,1.40432,-0.55375,0.52877,-0.28071,-0.21525,-1.12466,2.22944,-0.21571,-0.2232,-0.35996,-0.50393,-0.23907,2.63255,-0.59064,-0.97473,0.30207,0.37823,-0.28176,-0.10657,-0.29712,0.8035,2.17095,-0.66023,1.10762,0.09934,-1.19909,0.47836,-0.31883,-0.54501,-0.202,-1.36951,-0.35722,-0.18643,0.06761,1
positive151,-0.12872,-0.19864,-0.21963,-0.16832,-0.09745,-0.11283,-0.1421,-0.12685,-0.2216,-0.19043,-0.24813,-0.14537,4.8664,-0.21526,2.62945,-0.51986,1.0036,1.96288,0.55309,-2.45618,-0.22784,-0.25244,2.11982,-1.71336,2.92333,-0.22454,-0.23651,-0.1838,-0.18076,-0.22558,-0.93595,-0.25868,0.21437,-0.19169,-1.01935,-0.12161,-0.75649,-0.48705,-0.79668,-0.28071,-0.21525,-0.78187,-0.30461,-0.19699,-0.2232,0.2185,0.38325,-0.23907,-0.24428,1.1191,2.03715,0.86003,0.22201,-0.27455,-0.10657,0.16552,1.21048,-0.86311,-0.97397,0.74646,0.38984,-0.98452,1.33764,-0.27466,-0.39482,-0.202,0.73019,-0.29364,-0.16094,-0.53592,1
positive152,-0.14053,-0.20534,-0.22663,-0.17728,-0.11419,-0.1259,-0.1477,-0.13296,-0.24189,-0.19685,-0.26701,-0.16713,-0.25589,-0.23897,0.62876,-0.51986,0.25467,0.41064,0.48998,-1.45652,-0.24865,-0.26404,-0.26588,0.42656,0.42984,-0.22454,-0.9666,-0.1838,-0.18957,-0.26597,-0.55095,-0.28436,0.2414,-0.19169,-0.25904,-0.13451,0.38261,2.05793,0.02943,-0.28071,-0.21525,-0.65597,-0.30461,-0.21123,-0.2232,-0.08065,1.42828,-0.23907,-0.24428,-0.59064,-0.96582,-0.64609,0.40488,-0.28003,-0.10657,0.56464,-0.225,1.07532,-0.61269,0.77442,-0.83548,-0.49015,1.63186,-0.30826,-0.82957,-0.202,-1.36951,-0.34201,2.6949,-0.45337,1
positive153,-0.14425,-0.20744,-0.22883,-0.18011,-0.11946,-0.13001,-0.14945,-0.13489,-0.24827,-0.19886,-0.27295,-0.17397,-0.26697,-0.24643,0.48512,0.7826,-0.35368,0.93421,-0.35822,-0.51461,-0.25519,-0.26769,0.02892,0.23748,-0.21662,-0.22454,-0.44434,-0.1838,-0.19234,-0.27867,0.27148,-0.29244,-0.29911,-0.19169,-0.29705,-0.13857,0.32407,0.24661,-0.30836,4.20706,-0.21525,1.14297,-0.30461,-0.21571,-0.2232,-0.57824,-0.4588,-0.23907,-0.24428,1.91698,-0.95144,-0.63461,0.16681,-0.28176,-0.10657,-0.45111,-1.07952,0.86462,0.62326,-0.73323,-0.66422,1.66989,0.7266,-0.31883,-0.84538,-0.202,0.73019,-0.35722,-0.18643,-0.1765,1
positive154,-0.1615,-0.21723,-0.23905,-0.19321,-0.14393,-0.14911,-0.15762,-0.14382,-0.27792,-0.20823,-0.30054,-0.20575,-0.31844,-0.28107,0.2512,-0.51986,0.2768,1.70417,-0.05125,-0.17695,-0.28559,2.69426,0.25007,-0.65753,0.56297,-0.22454,-0.51139,-0.1838,-0.2052,-0.33766,0.49515,-0.32997,0.27599,-0.19169,0.71417,6.46787,-0.75649,1.90067,0.64038,-0.28071,-0.21525,-0.15262,-0.30461,-0.23651,-0.2232,-0.36625,0.15755,-0.23907,-0.24428,-0.59064,0.15201,1.47777,0.94088,-0.28977,-0.10657,-0.60081,0.40868,2.46593,0.1776,-0.37682,0.15422,0.25783,0.73645,-0.36794,-0.90545,-0.202,0.73019,-0.42788,-0.21476,-0.41971,1
positive155,-0.14425,-0.20744,-0.22883,-0.18011,-0.11946,-0.13001,-0.14945,-0.13489,-0.24827,3.50218,-0.27295,-0.17397,-0.26697,-0.24643,0.48512,-0.51986,0.52198,0.58927,0.4092,-0.17695,-0.25519,-0.26769,0.3283,0.18388,-0.21662,-0.22454,1.10048,-0.1838,-0.19234,-0.27867,1.9262,-0.29244,0.52246,-0.19169,-0.29705,-0.13857,-0.75649,1.31375,0.24972,-0.28071,-0.21525,0.5628,-0.30461,-0.21571,-0.2232,-0.89956,1.09489,-0.23907,-0.24428,0.66317,0.71447,-0.35833,-0.8211,-0.28176,-0.10657,0.72053,1.27351,1.28602,-0.2324,0.26115,-0.00273,-1.35533,0.95373,2.91497,-0.24464,-0.202,0.73019,-0.35722,-0.18643,0.41559,1
positive156,-0.12872,-0.19864,4.32577,-0.16832,-0.09745,-0.11283,-0.1421,-0.12685,-0.2216,-0.19043,-0.24813,-0.14537,-0.22066,-0.21526,-0.78198,1.11298,0.34685,-0.92396,0.79291,1.34254,-0.22784,-0.25244,-0.30805,1.31452,-0.05136,-0.22454,-0.9666,-0.1838,-0.18076,4.1475,-0.60115,-0.25868,-0.81259,-0.19169,1.68928,-0.12161,-0.75649,-0.15357,-0.79668,-0.28071,-0.21525,-0.50266,-0.30461,-0.19699,3.92909,-0.64373,-0.7624,-0.23907,-0.24428,1.1191,0.36735,0.35477,-0.58876,3.28748,-0.10657,0.20285,0.70307,-0.23101,1.73561,-0.89308,-0.82977,0.51914,0.11991,-0.27466,-0.39482,-0.202,0.73019,-0.29364,-0.16094,2.13512,1
positive157,-0.1615,-0.21723,-0.23905,-0.19321,-0.14393,-0.14911,-0.15762,-0.14382,-0.27792,-0.20823,-0.30054,5.38098,-0.31844,-0.28107,0.2512,-0.51986,1.81797,-0.92396,2.40448,0.36331,-0.28559,2.69426,-0.25285,-1.87823,0.1103,-0.22454,-0.12437,-0.1838,-0.2052,-0.33766,0.02481,-0.32997,-0.70989,-0.19169,1.86985,-0.15741,-0.75649,-0.02018,-0.92225,-0.28071,-0.21525,0.29466,-0.30461,-0.23651,-0.2232,-1.40904,-0.78217,-0.23907,2.00716,-0.59064,0.81916,-0.54118,-0.14433,-0.28977,-0.10657,-0.83186,-0.90221,2.67662,1.53239,-0.62517,0.26013,-0.45105,0.48348,2.50937,-0.66516,-0.202,0.73019,-0.42788,-0.21476,-0.02805,1
positive158,-0.14425,-0.20744,-0.22883,4.99754,-0.11946,-0.13001,-0.14945,-0.13489,-0.24827,-0.19886,-0.27295,-0.17397,-0.26697,-0.24643,-0.29463,0.95307,1.39765,1.05741,-0.93378,-0.51461,-0.25519,-0.26769,0.67876,0.61322,0.36179,-0.22454,-0.37598,-0.1838,-0.19234,-0.27867,0.53379,3.00321,1.34403,-0.19169,-1.01935,-0.13857,0.37715,0.24661,0.80781,-0.28071,-0.21525,-0.69359,-0.30461,-0.21571,-0.2232,0.67374,0.92854,-0.23907,-0.24428,-0.59064,-0.38759,-0.52544,-0.15055,-0.28176,-0.10657,-0.744,0.01882,1.41243,0.19543,1.79302,-0.79836,0.47483,-1.13463,-0.31883,-0.24464,-0.202,0.73019,-0.35722,-0.18643,-1.00613,1
positive159,-0.11095,-0.18856,-0.2091,-0.15482,-0.07225,-0.09315,-0.13369,-0.11764,-0.19106,-0.18079,-0.21972,-0.11264,2.80257,-0.17958,0.35516,-0.51986,-0.52882,-0.92396,-0.16636,-1.18994,-0.19653,-0.23498,0.85212,-0.78978,-0.79504,-0.22454,-0.12991,-0.1838,-0.16751,-0.16481,-1.71704,-0.22001,1.75481,-0.19169,-1.01935,-0.1022,0.34539,1.40267,-0.68042,4.20706,-0.21525,-0.16484,-0.30461,-0.17555,5.77456,0.04236,0.7604,-0.23907,-0.24428,2.0961,0.45101,-1.19658,0.65552,-0.2663,-0.10657,-0.30145,1.29307,-1.2845,-0.03793,1.04737,-1.7129,-0.90499,-0.01234,-0.22407,-0.14452,-0.202,0.73019,-0.22085,-0.13176,-0.73061,1
positive160,-0.12453,-0.19626,-0.21715,-0.16513,-0.0915,-0.10818,-0.14012,-0.12467,-0.21439,-0.18816,-0.24143,-0.13765,-0.20814,-0.20684,0.35516,0.95023,0.46361,-0.92396,0.92081,0.27327,-0.22045,-0.24832,-0.51484,-0.16891,-0.79504,-0.22454,0.21252,-0.1838,-0.17764,-0.21124,0.06506,-0.24955,0.38553,-0.19169,0.90678,-0.11703,0.29358,-0.7316,-0.40137,-0.28071,-0.21525,0.81106,-0.30461,-0.19193,-0.2232,-0.59605,-1.236,-0.23907,-0.24428,-0.59064,0.42961,1.32499,0.59267,-0.2726,-0.10657,-0.01827,2.60089,-0.18887,0.22599,0.36497,-0.04267,-1.04024,-0.01181,-0.26272,0.05573,-0.202,-1.36951,-0.27646,-0.15406,-0.17034,1
positive161,-0.14787,-0.2095,-0.23097,-0.18285,-0.12459,-0.13402,-0.15117,-0.13676,-0.25449,-0.20083,-0.27874,-0.18063,-0.27776,-0.25369,-0.38746,0.87798,-0.57051,0.17863,-0.94292,0.016,-0.26157,-0.27124,-0.04984,0.51719,-0.79504,-0.22454,0.15426,-0.1838,-0.19503,-0.29104,0.20745,-0.30031,1.5592,-0.19169,-0.33145,-0.14252,-0.75649,0.89451,-0.61398,-0.28071,-0.21525,-0.22357,-0.30461,-0.22007,-0.2232,-0.8194,0.70684,-0.23907,-0.24428,0.58481,0.99823,-0.69915,-1.12319,-0.28344,-0.10657,-0.8011,-0.77399,1.70741,-0.29657,0.11112,0.30385,-1.42621,-0.05343,-0.32913,0.57065,-0.202,0.73019,-0.37204,-0.19237,-1.14178,1
positive162,-0.14425,-0.20744,-0.22883,-0.18011,-0.11946,-0.13001,-0.14945,-0.13489,-0.24827,-0.19886,-0.27295,-0.17397,-0.26697,-0.24643,-1.07439,0.75054,-0.70395,-0.92396,-0.35822,0.83604,-0.25519,3.0803,-0.1808,-1.53381,0.36179,-0.22454,1.58076,-0.1838,-0.19234,-0.27867,-0.42849,-0.29244,1.75481,-0.19169,-1.01935,-0.13857,1.4267,-0.28696,0.80781,-0.28071,-0.21525,-0.81861,-0.30461,-0.21571,-0.2232,0.55249,0.19402,-0.23907,-0.24428,-0.59064,1.11182,-0.32743,1.3432,-0.28176,6.91262,-0.6964,0.45917,1.91811,-0.66023,1.52003,-1.55629,-0.28695,-0.18466,-0.31883,-0.54501,-0.202,0.73019,-0.35722,-0.18643,-0.11146,1
positive163,-0.14425,3.66008,-0.22883,-0.18011,-0.11946,-0.13001,-0.14945,-0.13489,-0.24827,3.50218,-0.27295,-0.17397,-0.26697,-0.24643,0.875,-0.51986,0.34685,1.34486,-0.74193,-0.85228,-0.25519,-0.26769,1.3183,0.77196,-0.21662,-0.22454,-0.43555,4.13545,-0.19234,-0.27867,0.17494,-0.29244,-0.70989,-0.19169,-1.01935,-0.13857,-0.75649,0.24661,-0.86644,-0.28071,-0.21525,-0.58863,-0.30461,-0.21571,-0.2232,-0.8949,1.69376,-0.23907,-0.24428,0.66317,-0.95288,0.15903,-0.99728,-0.28176,-0.10657,0.0861,-0.00525,0.56964,-0.66023,1.03468,0.96532,0.76878,0.65089,-0.31883,0.05573,-0.202,-1.36951,-0.35722,-0.18643,0.32491,1
positive164,-0.14425,-0.20744,-0.22883,-0.18011,-0.11946,-0.13001,-0.14945,-0.13489,-0.24827,-0.19886,-0.27295,-0.17397,-0.26697,-0.24643,0.48512,-0.51986,-0.00342,-0.92396,-0.35822,-1.18994,-0.25519,-0.26769,-0.05425,-0.81534,1.51861,3.13867,-0.45768,-0.1838,-0.19234,-0.27867,-0.51073,-0.29244,0.11168,-0.19169,1.14755,-0.13857,-0.75649,0.24661,-0.86644,-0.28071,-0.21525,-0.27537,-0.30461,-0.21571,-0.2232,0.33165,-0.42548,-0.23907,-0.24428,-0.59064,2.49687,0.18626,1.53771,-0.28176,-0.10657,-0.67441,-0.41218,1.07532,-0.66023,-0.03225,0.63668,0.06503,0.14633,-0.31883,-0.54501,-0.202,0.73019,-0.35722,-0.18643,1.02854,1
positive165,-0.12453,-0.19626,-0.21715,-0.16513,-0.0915,-0.10818,-0.14012,-0.12467,-0.21439,-0.18816,-0.24143,-0.13765,-0.20814,-0.20684,0.35516,-0.51986,1.16414,0.85619,1.68823,-0.62717,-0.22045,-0.24832,1.10904,0.63804,1.6076,4.6674,1.29708,-0.1838,-0.17764,-0.21124,-0.41832,-0.24955,-0.16218,-0.19169,-1.01935,-0.11703,-0.75649,0.69125,1.08685,-0.28071,-0.21525,-0.43373,-0.30461,-0.19193,-0.2232,-0.41862,1.03448,4.68535,-0.24428,-0.59064,1.50117,-0.36528,-0.19516,-0.2726,-0.10657,-1.21244,-0.26776,-0.90525,-0.93526,0.50782,1.42369,-1.03853,1.75184,-0.26272,-0.34476,5.03431,0.73019,-0.27646,-0.15406,-0.90996,1
positive166,-0.12872,-0.19864,-0.21963,-0.16832,-0.09745,-0.11283,-0.1421,-0.12685,-0.2216,-0.19043,-0.24813,-0.14537,2.32287,-0.21526,2.1421,-0.51986,-1.40448,0.67961,-1.12564,-0.76786,-0.22784,-0.25244,1.02017,-2.29103,1.43598,-0.22454,0.43923,-0.1838,-0.18076,-0.22558,-1.01698,-0.25868,-0.29911,-0.19169,-0.11648,-0.12161,0.39698,1.18035,-0.44788,-0.28071,-0.21525,0.42546,-0.30461,-0.19699,3.92909,1.73006,-0.56186,-0.23907,-0.24428,-0.59064,1.97865,0.62149,0.19664,-0.27455,-0.10657,-0.2885,0.46693,-0.61027,-0.43205,-0.80415,-0.06954,0.88536,0.10196,3.36487,-0.39482,-0.202,-1.36951,-0.29364,-0.16094,0.30158,1
positive167,-0.12453,-0.19626,-0.21715,-0.16513,-0.0915,-0.10818,-0.14012,-0.12467,-0.21439,-0.18816,3.99133,-0.13765,-0.20814,-0.20684,-0.68451,-0.51986,0.23009,0.66319,-0.35822,-1.07738,-0.22045,-0.24832,-0.12565,-0.77855,0.00584,-0.22454,-0.9666,-0.1838,-0.17764,-0.21124,0.11863,-0.24955,1.48095,-0.19169,0.90678,-0.11703,-0.75649,-1.44303,-0.40137,-0.28071,-0.21525,-0.88746,-0.30461,-0.19193,-0.2232,-0.01233,0.43822,-0.23907,-0.24428,-0.59064,-0.01006,-0.87811,1.0426,-0.2726,-0.10657,-0.97038,-0.82333,-0.06245,-0.93526,0.27019,-0.68456,-0.00921,-1.33474,-0.26272,-0.74525,-0.202,0.73019,-0.27646,-0.15406,0.2513,1
positive168,-0.14425,-0.20744,-0.22883,-0.18011,-0.11946,-0.13001,-0.14945,-0.13489,-0.24827,-0.19886,-0.27295,-0.17397,-0.26697,3.1754,0.875,-0.51986,-0.87908,-0.92396,-0.55007,-1.18994,-0.25519,-0.26769,0.33328,1.23896,-0.79504,-0.22454,-0.42009,-0.1838,-0.19234,3.60692,0.05786,-0.29244,-1.53146,-0.19169,0.42525,-0.13857,0.30392,0.24661,-0.86644,-0.28071,-0.21525,2.1943,-0.30461,-0.21571,-0.2232,1.44708,-0.66681,-0.23907,-0.24428,1.91698,-1.26333,0.53704,-0.37422,-0.28176,-0.10657,0.93699,-1.20687,0.86462,-0.2324,-0.76141,0.13151,0.80206,2.01456,2.91497,-0.54501,-0.202,0.73019,-0.35722,-0.18643,-0.31348,1
positive169,-0.12872,-0.19864,-0.21963,-0.16832,-0.09745,-0.11283,-0.1421,-0.12685,-0.2216,-0.19043,-0.24813,-0.14537,-0.22066,-0.21526,-0.29463,-0.51986,0.12793,-0.92396,0.07345,0.49838,-0.22784,-0.25244,0.10973,-0.2886,-0.05136,-0.22454,0.3271,-0.1838,-0.18076,4.1475,-0.81242,-0.25868,0.21437,-0.19169,-0.11648,-0.12161,-0.75649,-1.15401,-0.79668,-0.28071,-0.21525,-0.7043,-0.30461,-0.19699,-0.2232,-0.55306,0.331,-0.23907,-0.24428,1.1191,0.23116,0.32983,-0.89893,-0.27455,-0.10657,0.69543,-0.80522,-0.02031,-0.43205,0.21527,-1.0579,0.59631,-0.29715,-0.27466,-0.77029,-0.202,0.73019,3.19819,-0.16094,-0.33204,1
positive170,-0.12453,-0.19626,-0.21715,-0.16513,-0.0915,-0.10818,-0.14012,-0.12467,-0.21439,-0.18816,-0.24143,7.1771,-0.20814,-0.20684,-0.16467,-0.51986,-0.70395,-0.92396,-0.35822,1.17371,-0.22045,-0.24832,0.52889,-0.50211,0.80672,4.6674,0.52777,-0.1838,-0.17764,-0.21124,-1.09669,-0.24955,-0.70989,-0.19169,-1.01935,-0.11703,0.41809,0.33553,-0.77343,-0.28071,-0.21525,-0.05436,3.20408,-0.19193,-0.2232,-0.24444,-1.10568,-0.23907,-0.24428,-0.59064,0.32683,0.12686,0.18944,-0.2726,-0.10657,-0.28171,0.16731,-1.11594,1.38724,-1.14571,-0.43435,-0.04642,-0.75456,-0.26272,-0.34476,-0.202,0.73019,3.33793,-0.15406,-0.65368,1
positive171,-0.12872,-0.19864,-0.21963,-0.16832,-0.09745,-0.11283,-0.1421,-0.12685,-0.2216,-0.19043,-0.24813,-0.14537,-0.22066,-0.21526,-0.29463,-0.51986,1.22251,1.29558,-0.646,-0.76786,-0.22784,-0.25244,0.74768,-0.86877,1.43598,-0.22454,-0.36378,-0.1838,-0.18076,-0.22558,1.84639,-0.25868,0.21437,-0.19169,-1.01935,-0.12161,0.36641,0.17991,0.94733,-0.28071,-0.21525,0.02665,-0.30461,-0.19699,-0.2232,-0.16853,-0.4415,-0.23907,-0.24428,-0.59064,1.21531,0.01625,-0.07331,-0.27455,-0.10657,0.86612,0.09305,-0.39957,-0.43205,-0.31184,0.90098,0.1434,1.04131,-0.27466,-0.77029,-0.202,-1.36951,-0.29364,-0.16094,-1.17663,1
positive172,-0.14425,-0.20744,-0.22883,-0.18011,-0.11946,-0.13001,-0.14945,-0.13489,-0.24827,-0.19886,-0.27295,-0.17397,-0.26697,-0.24643,-0.68451,1.15966,1.04738,0.97528,0.02549,0.83604,-0.25519,-0.26769,-0.44897,0.83766,-0.21662,-0.22454,1.05377,-0.1838,-0.19234,-0.27867,-1.63045,6.29886,0.93324,-0.19169,1.14755,-0.13857,-0.75649,-0.28696,-0.02932,-0.28071,-0.21525,-0.62652,-0.30461,-0.21571,-0.2232,0.2174,-0.43627,-0.23907,-0.24428,0.66317,0.272,1.07693,-0.21414,-0.28176,-0.10657,-1.02413,-0.58043,1.96025,-0.2324,0.10435,-1.19483,0.20123,-1.51868,-0.31883,-0.84538,-0.202,0.73019,2.74536,-0.18643,-0.0995,1
positive173,-0.11566,-0.19123,-0.21189,-0.1584,-0.07893,-0.09837,-0.13592,-0.12008,-0.19915,-0.18334,-0.22725,-0.12131,-0.18169,-0.18904,-1.64421,-0.51986,-0.86561,1.00197,-0.53531,0.75812,-0.20483,-0.23961,-0.99311,-0.38831,-0.79504,-0.22454,1.27104,-0.1838,-0.17102,-0.18092,-0.24792,-0.23026,2.0708,-0.19169,0.09188,-0.10735,-0.75649,1.12905,2.28888,-0.28071,-0.21525,-0.37925,-0.30461,-0.18124,-0.2232,0.67621,1.05814,-0.23907,-0.24428,1.76026,-0.71941,0.14136,-0.80845,-0.26849,-0.10657,0.17353,-0.48207,-0.44171,-0.16109,-0.13827,-1.66665,1.49569,0.89675,-0.23748,2.089,-0.202,0.73019,-0.24014,-0.1395,0.9974,1
positive174,-0.12453,-0.19626,-0.21715,-0.16513,-0.0915,-0.10818,-0.14012,-0.12467,-0.21439,-0.18816,-0.24143,-0.13765,-0.20814,-0.20684,-1.20435,-0.51986,2.09818,-0.92396,2.71145,0.72349,-0.22045,-0.24832,-0.31422,-1.43601,-0.79504,-0.22454,-0.42285,-0.1838,-0.17764,-0.21124,0.80722,-0.24955,-0.16218,-0.19169,-0.05628,-0.11703,2.14882,-0.02018,1.08685,-0.28071,-0.21525,0.74733,3.20408,-0.19193,-0.2232,-0.68397,-1.77545,-0.23907,-0.24428,-0.59064,1.62802,1.89482,1.6486,-0.2726,-0.10657,1.70733,-0.50571,0.06397,0.22599,-0.78623,0.28571,-0.20642,1.18965,-0.26272,-0.74525,-0.202,-1.36951,-0.27646,-0.15406,0.40291,1
positive175,-0.14787,-0.2095,-0.23097,-0.18285,-0.12459,-0.13402,-0.15117,-0.13676,-0.25449,-0.20083,-0.27874,-0.18063,-0.27776,-0.25369,-0.01615,0.90193,-0.40372,1.20729,-0.94292,0.016,-0.26157,-0.27124,-0.00266,-0.18763,-0.24707,-0.22454,1.31368,-0.1838,-0.19503,-0.29104,-0.74417,-0.30031,1.5592,-0.19169,-0.33145,-0.14252,0.36199,0.89451,-0.34822,-0.28071,-0.21525,-1.29028,-0.30461,-0.22007,-0.2232,0.20485,0.03428,-0.23907,-0.24428,0.58481,-0.44743,-0.10291,0.05935,-0.28344,-0.10657,1.28933,0.76389,2.33951,-1.51588,1.06907,0.47146,-0.44452,0.68796,-0.32913,-0.57361,-0.202,0.73019,2.65198,-0.19237,-0.33973,1
positive176,-0.13278,-0.20094,-0.22203,-0.1714,-0.1032,-0.11732,-0.14403,-0.12895,-0.22857,-0.19264,-0.25462,-0.15285,-0.23276,-0.22341,-1.32666,-0.51986,0.24383,-0.92396,0.68005,1.88876,-0.23499,-0.25643,-0.17822,-0.53012,-0.79504,-0.22454,1.68996,-0.1838,-0.18379,-0.23946,-1.7139,-0.2675,1.0299,-0.19169,-1.01935,-0.12605,1.38987,-0.899,-0.8172,1.96317,-0.21525,-0.06016,2.73625,-0.20188,-0.2232,-0.20231,-0.25182,-0.23907,-0.24428,0.97662,0.08129,0.53536,0.47537,-0.27644,-0.10657,0.84322,-1.27295,0.48536,-1.00784,-0.73712,-0.94282,0.33807,-0.75017,-0.2862,2.03464,-0.202,-1.36951,-0.31026,-0.16761,0.18362,1
positive177,-0.12453,-0.19626,-0.21715,-0.16513,-0.0915,-0.10818,-0.14012,-0.12467,-0.21439,-0.18816,-0.24143,-0.13765,-0.20814,-0.20684,-1.72418,-0.51986,-1.17097,-0.92396,-0.86983,-0.17695,-0.22045,-0.24832,-0.95211,-0.70009,-0.79504,-0.22454,-0.9666,-0.1838,-0.17764,-0.21124,-0.86422,-0.24955,0.38553,-0.19169,0.90678,-0.11703,2.15938,2.82553,4.0633,-0.28071,-0.21525,0.61981,-0.30461,-0.19193,-0.2232,-0.0226,-1.57282,-0.23907,7.72233,-0.59064,-0.22732,3.79293,2.24412,-0.2726,-0.10657,0.21354,1.82337,0.61178,0.22599,0.18598,1.74211,-1.13604,-0.62262,-0.26272,-0.34476,-0.202,-1.36951,-0.27646,-0.15406,-1.01078,1
positive178,-0.13671,-0.20317,4.0453,-0.17438,-0.10878,-0.12167,-0.14589,-0.13098,-0.23533,-0.19477,-0.26091,-0.16009,-0.24449,-0.2313,-0.51123,-0.51986,-0.8207,-0.92396,-0.48612,0.87356,8.22439,-0.26029,-0.61445,1.54266,-0.79504,-0.22454,0.02292,-0.1838,-0.18672,3.85489,1.21659,-0.27606,-0.52732,-0.19169,0.58576,-0.13034,0.2972,0.51339,1.64493,-0.28071,-0.21525,-0.62422,-0.30461,-0.20662,-0.2232,-1.04053,-0.60917,-0.23907,-0.24428,0.85606,-1.19664,-0.53385,0.09651,-0.27826,-0.10657,0.49528,0.21923,1.03318,-0.55956,-0.26043,0.40386,-1.01742,0.35941,-0.2974,-0.812,-0.202,-1.36951,-0.32637,-0.17406,3.16688,1
positive179,-0.12453,-0.19626,-0.21715,-0.16513,-0.0915,-0.10818,-0.14012,-0.12467,-0.21439,-0.18816,-0.24143,-0.13765,-0.20814,-0.20684,0.35516,-0.51986,-0.47044,0.66319,-0.10241,0.72349,-0.22045,-0.24832,-0.1901,-2.07325,0.00584,-0.22454,0.16972,-0.1838,-0.17764,-0.21124,-0.05459,-0.24955,-0.16218,-0.19169,-0.05628,-0.11703,1.32797,1.04696,-0.02932,-0.28071,-0.21525,-0.23878,-0.30461,-0.19193,-0.2232,0.60619,-1.20581,-0.23907,-0.24428,-0.59064,0.71936,1.02934,1.03417,-0.2726,-0.10657,-0.27216,-0.69231,-0.18887,-0.35463,-0.8088,0.72658,1.37406,-0.66805,-0.26272,-0.74525,-0.202,0.73019,-0.27646,-0.15406,1.78621,1
positive180,-0.14425,-0.20744,-0.22883,-0.18011,-0.11946,-0.13001,-0.14945,-0.13489,-0.24827,-0.19886,-0.27295,-0.17397,-0.26697,-0.24643,-0.68451,-0.51986,1.22251,1.17239,-0.35822,0.16072,-0.25519,-0.26769,-1.15786,0.23531,-0.79504,-0.22454,0.64071,-0.1838,-0.19234,-0.27867,-0.77215,-0.29244,1.34403,-0.19169,0.42525,-0.13857,0.34895,0.78018,1.92398,-0.28071,-0.21525,-0.54343,-0.30461,-0.21571,-0.2232,-0.24766,-0.21687,-0.23907,-0.24428,-0.59064,-0.69243,0.27465,0.20337,-0.28176,-0.10657,-0.0094,-0.78926,2.21309,-0.66023,0.13365,-0.36263,-1.30233,0.17927,-0.31883,-0.54501,-0.202,0.73019,-0.35722,-0.18643,0.63559,1
positive181,-0.14425,-0.20744,-0.22883,-0.18011,-0.11946,-0.13001,-0.14945,-0.13489,-0.24827,-0.19886,-0.27295,-0.17397,-0.26697,-0.24643,0.48512,-0.51986,-0.87908,-0.92396,-0.55007,0.16072,-0.25519,-0.26769,-0.0109,-1.51353,0.36179,-0.22454,0.13033,-0.1838,-0.19234,-0.27867,0.78001,-0.29244,-0.70989,-0.19169,-0.29705,-0.13857,0.38202,-0.02018,-0.5874,-0.28071,-0.21525,0.97862,-0.30461,-0.21571,-0.2232,2.60408,-0.74145,-0.23907,-0.24428,-0.59064,-0.24728,-2.00469,0.26204,-0.28176,-0.10657,0.21493,-1.34194,0.56964,1.05109,-0.8974,-0.12745,1.54108,-0.56759,-0.31883,0.05573,-0.202,-1.36951,-0.35722,-0.18643,1.49363,1
positive182,-0.14425,-0.20744,3.80987,-0.18011,-0.11946,-0.13001,-0.14945,-0.13489,-0.24827,-0.19886,-0.27295,-0.17397,-0.26697,-0.24643,-0.29463,-0.51986,-1.40448,1.55018,-1.12564,1.17371,-0.25519,-0.26769,0.47156,-0.15485,1.51861,-0.22454,1.26095,-0.1838,-0.19234,-0.27867,-1.12343,-0.29244,-0.29911,-0.19169,-0.29705,-0.13857,-0.75649,0.51339,-0.5874,-0.28071,2.47062,-0.94452,-0.30461,-0.21571,-0.2232,-0.16003,0.01599,-0.23907,-0.24428,-0.59064,0.65726,0.21775,-0.75175,-0.28176,-0.10657,0.60325,1.68819,1.11746,-0.2324,1.4067,-1.14907,-0.53175,-1.22336,-0.31883,-0.84538,-0.202,0.73019,-0.35722,-0.18643,-1.40735,1
positive183,-0.14787,-0.2095,-0.23097,-0.18285,-0.12459,-0.13402,-0.15117,-0.13676,-0.25449,-0.20083,-0.27874,-0.18063,-0.27776,-0.25369,-1.50139,0.77611,-0.57051,1.51938,-0.7602,0.98076,-0.26157,-0.27124,-0.98311,-0.93111,-0.79504,-0.22454,0.59222,-0.1838,-0.19503,-0.29104,0.82062,-0.30031,0.38553,-0.19169,2.42018,-0.14252,0.29179,-0.62997,0.44904,-0.28071,-0.21525,-0.2206,-0.30461,-0.22007,-0.2232,0.56298,-1.12138,-0.23907,2.48114,0.58481,0.47754,2.36446,0.66035,-0.28344,-0.10657,-0.25478,0.17714,3.1823,-0.70301,-0.67758,-0.08481,0.35268,0.12487,-0.32913,1.14278,-0.202,0.73019,-0.37204,-0.19237,-0.29567,1
positive184,-0.13671,-0.20317,4.0453,-0.17438,-0.10878,-0.12167,-0.14589,-0.13098,-0.23533,-0.19477,-0.26091,-0.16009,-0.24449,-0.2313,-0.94443,0.97823,-1.20989,1.00402,-0.91246,1.24874,-0.24192,-0.26029,-0.05848,0.85073,-0.79504,-0.22454,-0.36589,-0.1838,-0.18672,-0.25291,-0.05373,-0.27606,-0.07089,-0.19169,-0.2168,-0.13034,-0.75649,0.21696,-0.21535,-0.28071,-0.21525,-0.61683,-0.30461,-0.20662,-0.2232,-1.05235,0.30997,-0.23907,-0.24428,-0.59064,-1.69142,-0.09064,-1.06064,-0.27826,-0.10657,-0.38636,-0.6701,0.65392,-1.03772,0.52155,-0.39818,0.51767,-0.21408,-0.2974,0.18923,-0.202,-1.36951,-0.32637,-0.17406,0.65108,1
positive185,-0.13671,-0.20317,-0.22436,-0.17438,-0.10878,-0.12167,-0.14589,-0.13098,-0.23533,-0.19477,-0.26091,-0.16009,-0.24449,-0.2313,-0.94443,-0.51986,1.5144,2.37352,2.07194,1.24874,-0.24192,-0.26029,-0.76413,-0.70788,-0.79504,-0.22454,1.42826,-0.1838,-0.18672,-0.25291,-0.71062,-0.27606,0.84196,-0.19169,1.38832,-0.13034,0.33887,1.10625,2.26503,-0.28071,-0.21525,-1.25461,-0.30461,-0.20662,-0.2232,0.09325,-0.50084,-0.23907,-0.24428,0.85606,1.75432,1.73203,1.06641,-0.27826,-0.10657,0.12714,-0.13228,1.91811,-1.51588,0.11513,-0.81074,-0.16814,0.5452,-0.2974,-0.812,-0.202,-1.36951,-0.32637,-0.17406,-1.1673,1
positive186,-0.12453,-0.19626,-0.21715,-0.16513,-0.0915,-0.10818,-0.14012,-0.12467,-0.21439,-0.18816,-0.24143,-0.13765,-0.20814,-0.20684,-1.72418,-0.51986,-1.40448,-0.92396,-1.12564,2.52436,-0.22045,-0.24832,-1.09567,0.81776,0.00584,-0.22454,-0.36752,-0.1838,-0.17764,-0.21124,0.73158,-0.24955,-0.70989,-0.19169,-0.05628,-0.11703,3.49209,-0.7316,0.34274,-0.28071,-0.21525,0.3063,-0.30461,-0.19193,-0.2232,-0.40044,-3.32265,-0.23907,-0.24428,-0.59064,-0.19728,3.28038,2.65432,-0.2726,-0.10657,-0.87303,0.19237,0.3168,-0.35463,-0.64203,0.25122,1.72366,0.61054,-0.26272,-0.74525,-0.202,0.73019,-0.27646,-0.15406,1.04089,1
positive187,-0.13671,-0.20317,-0.22436,-0.17438,-0.10878,7.85741,-0.14589,-0.13098,-0.23533,-0.19477,-0.26091,-0.16009,-0.24449,-0.2313,-0.51123,1.95234,-1.20989,-0.92396,-0.91246,0.1232,-0.24192,-0.26029,0.64189,2.03259,-0.14432,-0.22454,3.98994,4.71135,-0.18672,-0.25291,-2.1223,-0.27606,1.75481,-0.19169,-1.01935,-0.13034,-0.75649,-0.67232,-0.52539,-0.28071,-0.21525,0.49433,-0.30461,-0.20662,-0.2232,0.07579,1.30592,-0.23907,-0.24428,0.85606,0.23516,-0.36894,-1.13073,-0.27826,-0.10657,0.95591,-1.70491,0.90676,-0.55956,0.91923,-1.14049,0.83608,-0.43641,-0.2974,1.85795,-0.202,0.73019,6.23365,-0.17406,-1.70381,1
positive188,-0.12453,-0.19626,-0.21715,-0.16513,-0.0915,-0.10818,-0.14012,-0.12467,-0.21439,-0.18816,-0.24143,-0.13765,-0.20814,-0.20684,0.35516,-0.51986,-1.40448,-0.92396,-1.12564,0.27327,-0.22045,-0.24832,0.64642,-0.61316,-0.79504,-0.22454,1.07721,-0.1838,-0.17764,-0.21124,-0.26904,-0.24955,0.93324,-0.19169,0.90678,-0.11703,-0.75649,0.33553,-0.40137,1.21521,-0.21525,1.66179,6.71276,-0.19193,-0.2232,0.30586,-0.00578,-0.23907,-0.24428,-0.59064,0.80151,1.06995,-0.36428,-0.2726,-0.10657,0.89165,-0.21891,-0.61027,-0.35463,-0.91168,-0.01677,-0.06102,-0.19561,-0.26272,0.05573,-0.202,0.73019,-0.27646,-0.15406,-0.56563,1
positive189,-0.14425,-0.20744,-0.22883,-0.18011,-0.11946,-0.13001,-0.14945,-0.13489,-0.24827,-0.19886,-0.27295,-0.17397,-0.26697,-0.24643,0.09525,2.99909,-1.22935,1.1806,-0.93378,0.16072,-0.25519,-0.26769,1.2093,-0.46489,-0.21662,-0.22454,-0.9666,-0.1838,-0.19234,-0.27867,-0.54922,-0.29244,-0.29911,-0.19169,-1.01935,-0.13857,-0.75649,0.24661,-0.5874,1.96317,-0.21525,0.86367,-0.30461,-0.21571,-0.2232,-0.11248,0.28295,-0.23907,-0.24428,-0.59064,-1.00357,-0.25999,-1.97932,-0.28176,-0.10657,-0.6328,0.24137,0.02183,1.47892,-0.27769,0.06036,-0.36183,-0.22505,-0.31883,-0.54501,3.39796,0.73019,-0.35722,-0.18643,-1.70381,1
positive190,-0.11095,-0.18856,-0.2091,-0.15482,-0.07225,-0.09315,-0.13369,-0.11764,-0.19106,-0.18079,-0.21972,-0.11264,-0.16763,-0.17958,-0.29463,-0.51986,-0.52882,-0.92396,-0.16636,-0.06439,-0.19653,-0.23498,-1.91973,0.48016,3.36953,6.50188,0.6718,-0.1838,-0.16751,-0.16481,-1.68618,-0.22001,0.38553,-0.19169,0.18448,-0.1022,0.35481,0.51339,-0.68042,-0.28071,-0.21525,-0.81219,-0.30461,-0.17555,-0.2232,1.06005,-0.40168,-0.23907,-0.24428,-0.59064,0.63698,1.62331,0.66474,-0.2663,-0.10657,0.68451,0.87975,-1.0738,0.70105,0.20142,-2.7212,1.20087,-0.4298,-0.22407,-0.14452,-0.202,0.73019,3.85674,-0.13176,0.76043,1
positive191,-0.12453,-0.19626,-0.21715,-0.16513,-0.0915,-0.10818,-0.14012,-0.12467,-0.21439,-0.18816,-0.24143,-0.13765,2.42466,-0.20684,-0.16467,1.21161,0.46361,0.66319,0.92081,0.72349,-0.22045,-0.24832,0.37527,-0.89359,2.40848,-0.22454,-0.27231,-0.1838,-0.17764,-0.21124,0.0046,-0.24955,-0.70989,-0.19169,-1.01935,-0.11703,0.32733,-0.7316,-0.40137,-0.28071,-0.21525,-0.54076,-0.30461,-0.19193,-0.2232,-0.07278,-0.11244,-0.23907,3.73903,-0.59064,1.78411,0.45563,-0.77575,-0.2726,-0.10657,-1.83494,-0.20002,-0.61027,-1.51588,0.26591,-0.12977,1.48019,-0.85188,-0.26272,-0.74525,-0.202,-1.36951,-0.27646,-0.15406,0.81036,1
positive192,-0.12453,-0.19626,-0.21715,-0.16513,-0.0915,-0.10818,-0.14012,-0.12467,-0.21439,-0.18816,-0.24143,-0.13765,-0.20814,-0.20684,0.35516,1.32201,0.23009,1.75961,-0.61402,-0.62717,-0.22045,-0.24832,-0.25478,-0.21077,0.00584,-0.22454,0.51051,-0.1838,-0.17764,-0.21124,-1.25081,-0.24955,1.48095,-0.19169,-1.01935,-0.11703,0.35034,1.04696,1.08685,-0.28071,-0.21525,-0.85062,-0.30461,-0.19193,-0.2232,0.23111,0.10689,4.68535,-0.24428,-0.59064,0.25209,0.46348,1.13882,-0.2726,-0.10657,0.82483,-0.99167,-0.27315,-1.51588,0.61707,-0.22113,0.72426,0.97096,-0.26272,0.05573,-0.202,0.73019,-0.27646,-0.15406,0.66088,1
positive193,-0.14425,-0.20744,-0.22883,-0.18011,-0.11946,-0.13001,-0.14945,-0.13489,-0.24827,-0.19886,-0.27295,-0.17397,-0.26697,-0.24643,1.26488,-0.51986,0.69712,0.06775,-0.74193,-1.5276,-0.25519,-0.26769,0.3672,-0.23506,0.9402,-0.22454,-0.41732,-0.1838,-0.19234,-0.27867,-0.13771,-0.29244,0.93324,-0.19169,0.42525,-0.13857,-0.75649,-0.55375,0.24972,1.96317,-0.21525,-0.21629,-0.30461,-0.21571,-0.2232,-1.17844,0.30868,-0.23907,-0.24428,-0.59064,-1.02733,0.54847,0.42286,-0.28176,-0.10657,0.24937,-0.15712,0.82248,0.19543,-0.28016,0.1559,1.33087,-0.00656,-0.31883,-0.84538,-0.202,0.73019,-0.35722,-0.18643,0.20629,1
positive194,-0.12872,-0.19864,-0.21963,-0.16832,-0.09745,-0.11283,-0.1421,-0.12685,-0.2216,-0.19043,-0.24813,-0.14537,-0.22066,-0.21526,-0.29463,-0.51986,1.87926,0.4168,2.47163,0.92046,4.27869,-0.25244,-0.76115,0.33448,-0.05136,-0.22454,1.61949,-0.1838,-0.18076,-0.22558,0.1233,-0.25868,0.72785,-0.19169,-0.11648,-0.12161,0.32799,1.18035,2.34254,-0.28071,-0.21525,-0.86771,-0.30461,-0.19699,-0.2232,0.06259,-0.35935,2.22314,-0.24428,1.1191,-0.09666,-0.17182,0.18368,-0.27455,-0.10657,-1.13256,-0.77376,0.40108,0.65178,-0.1647,0.25622,-1.25246,0.20343,-0.27466,-0.39482,-0.202,0.73019,-0.29364,-0.16094,0.84252,1
positive195,-0.12453,-0.19626,-0.21715,-0.16513,-0.0915,-0.10818,-0.14012,-0.12467,-0.21439,-0.18816,-0.24143,-0.13765,-0.20814,-0.20684,1.39484,-0.51986,0.23009,-0.92396,0.665,0.27327,-0.22045,-0.24832,1.10904,-0.0975,0.00584,-0.22454,0.23514,-0.1838,-0.17764,-0.21124,1.64375,-0.24955,-0.70989,-0.19169,-0.05628,-0.11703,-0.75649,-1.44303,-0.77343,-0.28071,-0.21525,-0.20452,3.20408,-0.19193,-0.2232,-0.14387,0.25626,-0.23907,-0.24428,-0.59064,-0.15764,-0.92455,-0.54382,-0.2726,-0.10657,-0.49173,-1.20642,-1.03167,-0.35463,0.69791,-0.61137,1.31343,-1.01832,3.50456,0.05573,-0.202,0.73019,-0.27646,-0.15406,1.12206,1
positive196,-0.14053,-0.20534,-0.22663,-0.17728,-0.11419,-0.1259,-0.1477,-0.13296,-0.24189,-0.19685,-0.26701,-0.16713,-0.25589,-0.23897,-1.01283,-0.51986,1.72948,0.84798,0.08608,1.03153,-0.24865,-0.26404,-0.48331,0.25596,-0.1826,-0.22454,2.00407,-0.1838,-0.18957,-0.26597,0.99095,-0.28436,1.1062,-0.19169,0.50128,-0.13451,-0.75649,-1.5928,-0.55803,-0.28071,-0.21525,-0.12767,2.3785,-0.21123,-0.2232,0.29981,0.26074,-0.23907,2.80178,2.0961,-0.09663,0.18463,-0.5322,-0.28003,-0.10657,0.42825,-0.36561,1.83383,-0.61269,0.73405,0.62915,1.38218,0.94106,3.01416,-0.82957,-0.202,0.73019,-0.34201,-0.18033,-0.4112,1
positive197,-0.13671,-0.20317,-0.22436,-0.17438,-0.10878,-0.12167,-0.14589,-0.13098,-0.23533,-0.19477,-0.26091,-0.16009,-0.24449,-0.2313,-0.94443,1.16169,0.54144,-0.92396,0.15339,0.49838,-0.24192,-0.26029,-0.52805,1.17571,-0.79504,-0.22454,-0.29233,-0.1838,-0.18672,-0.25291,-1.37235,-0.27606,0.84196,-0.19169,-1.01935,-0.13034,1.45599,0.21696,-0.83544,-0.28071,-0.21525,1.16695,-0.30461,-0.20662,-0.2232,-2.07103,-0.81499,-0.23907,-0.24428,-0.59064,-0.01735,0.76563,1.07427,-0.27826,-0.10657,-0.31893,0.3336,0.40108,0.39676,-0.42622,-1.80638,-0.77367,0.27784,-0.2974,0.52297,-0.202,0.73019,-0.32637,-0.17406,0.13407,1
positive198,-0.12453,4.30927,-0.21715,-0.16513,-0.0915,-0.10818,-0.14012,-0.12467,-0.21439,-0.18816,-0.24143,-0.13765,-0.20814,-0.20684,-0.68451,-0.51986,-0.47044,-0.92396,-0.10241,0.27327,-0.22045,-0.24832,-0.4517,1.04379,-0.79504,-0.22454,-0.9666,5.93513,5.74403,-0.21124,0.88594,-0.24955,-1.2576,-0.19169,-1.01935,-0.11703,3.94801,-0.37589,0.71479,-0.28071,-0.21525,1.23473,-0.30461,-0.19193,-0.2232,-0.11652,-3.06437,-0.23907,-0.24428,-0.59064,0.41754,4.08186,3.4208,-0.2726,-0.10657,0.32814,1.41642,0.14824,-0.35463,0.03465,0.29962,0.35217,0.81735,-0.26272,-0.74525,-0.202,0.73019,-0.27646,-0.15406,0.01408,1
positive199,-0.12872,-0.19864,-0.21963,-0.16832,-0.09745,-0.11283,-0.1421,-0.12685,-0.2216,-0.19043,-0.24813,-0.14537,-0.22066,-0.21526,-1.75667,2.53233,0.78468,-0.92396,-0.16636,1.34254,-0.22784,-0.25244,-1.64904,-0.42188,-0.79504,-0.22454,-0.35466,-0.1838,-0.18076,-0.22558,-1.44263,3.45046,1.24133,-0.19169,0.7864,-0.12161,1.32954,2.84776,4.08655,-0.28071,-0.21525,-1.41045,-0.30461,-0.19699,-0.2232,1.05537,-1.19789,-0.23907,-0.24428,-0.59064,0.00647,3.04835,1.48141,-0.27455,-0.10657,-0.13804,1.63423,1.1596,-0.97397,1.19019,-1.09097,-0.33408,1.17105,-0.27466,-0.77029,-0.202,0.73019,-0.29364,-0.16094,0.20479,1
positive200,-0.14787,-0.2095,-0.23097,4.86369,-0.12459,-0.13402,-0.15117,-0.13676,2.60011,-0.20083,-0.27874,-0.18063,-0.27776,-0.25369,0.72647,-0.51986,0.26345,-0.92396,0.70155,0.65917,3.64121,-0.27124,0.95535,-0.30903,1.39684,-0.22454,2.54765,-0.1838,-0.19503,3.49617,-0.48985,-0.30031,-0.00569,-0.19169,-1.01935,-0.14252,-0.75649,-0.88405,-0.61398,-0.28071,-0.21525,-0.59144,2.09607,-0.22007,-0.2232,-0.69775,0.40429,-0.23907,-0.24428,-0.59064,-0.05893,-0.04856,-0.90182,-0.28344,-0.10657,1.64168,-1.65052,1.20174,0.92274,0.85761,-1.25509,-0.41419,-0.13535,2.8228,0.28458,-0.202,-1.36951,-0.37204,-0.19237,-1.70381,1
positive201,-0.14425,-0.20744,-0.22883,-0.18011,-0.11946,-0.13001,-0.14945,-0.13489,-0.24827,-0.19886,-0.27295,-0.17397,-0.26697,-0.24643,0.09525,-0.51986,0.17172,0.82744,-0.16636,-0.51461,-0.25519,-0.26769,-0.78972,-0.34183,1.51861,-0.22454,-0.9666,-0.1838,-0.19234,-0.27867,0.05554,-0.29244,-1.12067,-0.19169,1.14755,-0.13857,-0.75649,1.04696,1.08685,-0.28071,-0.21525,-0.67374,-0.30461,-0.21571,-0.2232,-0.78711,0.3746,-0.23907,-0.24428,-0.59064,-0.25726,-1.28768,-0.10518,-0.28176,-0.10657,-0.25504,0.01351,1.62313,-1.08805,0.4653,0.90559,1.87461,1.56736,-0.31883,-0.84538,-0.202,-1.36951,-0.35722,-0.18643,2.21864,1
positive202,-0.12453,-0.19626,-0.21715,-0.16513,-0.0915,-0.10818,-0.14012,-0.12467,-0.21439,-0.18816,-0.24143,-0.13765,2.42466,-0.20684,-0.16467,1.83666,0.46361,0.44554,-0.35822,0.27327,-0.22045,-0.24832,1.40883,0.1768,0.00584,-0.22454,1.86834,-0.1838,-0.17764,-0.21124,-0.45236,-0.24955,1.48095,-0.19169,-1.01935,-0.11703,-0.75649,-0.7316,-0.40137,-0.28071,-0.21525,-0.13859,-0.30461,-0.19193,-0.2232,0.63847,0.93641,-0.23907,-0.24428,1.29008,-1.09661,-0.11637,-1.57338,-0.2726,-0.10657,-0.44541,-0.4655,-0.44171,-0.93526,0.69476,0.26014,0.8614,-0.96826,-0.26272,-0.34476,-0.202,-1.36951,-0.27646,-0.15406,-1.58999,1
positive203,-0.12453,-0.19626,-0.21715,-0.16513,-0.0915,-0.10818,-0.14012,-0.12467,-0.21439,-0.18816,3.99133,-0.13765,-0.20814,-0.20684,-1.20435,-0.51986,-0.70395,0.66319,-0.35822,1.62393,-0.22045,-0.24832,-1.30834,-0.56475,-0.79504,-0.22454,0.16776,-0.1838,-0.17764,-0.21124,0.5031,-0.24955,-0.16218,-0.19169,1.86985,-0.11703,-0.75649,-1.44303,-0.40137,-0.28071,-0.21525,-1.4309,-0.30461,-0.19193,-0.2232,0.23384,-0.36869,-0.23907,-0.24428,-0.59064,0.15422,-0.15335,-0.34678,-0.2726,-0.10657,-0.2551,1.69857,0.14824,-0.35463,-1.0912,0.72428,0.22298,0.53221,-0.26272,-0.74525,-0.202,-1.36951,-0.27646,-0.15406,-0.71698,1
positive204,-0.14425,-0.20744,-0.22883,-0.18011,-0.11946,-0.13001,-0.14945,-0.13489,-0.24827,-0.19886,-0.27295,-0.17397,-0.26697,-0.24643,-0.29463,-0.51986,1.39765,0.69604,1.94403,0.16072,7.75313,-0.26769,-1.01833,0.19214,-0.21662,-0.22454,0.56894,-0.1838,-0.19234,-0.27867,0.78429,-0.29244,0.11168,-0.19169,1.86985,-0.13857,-0.75649,-1.08732,-0.02932,4.20706,-0.21525,-0.69084,-0.30461,-0.21571,-0.2232,-0.02429,0.40587,-0.23907,-0.24428,0.66317,0.62044,-1.71336,0.36019,-0.28176,-0.10657,-0.00183,-0.14395,1.87597,-0.66023,-0.10475,0.73904,-0.64711,-0.87896,-0.31883,-0.84538,-0.202,0.73019,-0.35722,-0.18643,0.23994,1
positive205,-0.12453,-0.19626,-0.21715,-0.16513,-0.0915,-0.10818,-0.14012,-0.12467,-0.21439,-0.18816,-0.24143,-0.13765,-0.20814,-0.20684,-1.20435,-0.51986,0.69712,-0.92396,1.17662,2.07414,-0.22045,-0.24832,-0.31684,0.53556,-0.79504,-0.22454,0.93903,-0.1838,-0.17764,-0.21124,0.08036,-0.24955,0.38553,-0.19169,0.90678,-0.11703,-0.75649,1.40267,1.45891,4.20706,-0.21525,-0.09014,3.20408,-0.19193,-0.2232,-0.27129,-0.53992,-0.23907,-0.24428,-0.59064,-2.24441,0.65223,-0.93054,3.41445,-0.10657,0.45181,1.65617,-0.44171,0.22599,-1.88523,0.05479,-0.51186,-0.64748,-0.26272,0.05573,-0.202,0.73019,-0.27646,-0.15406,1.94741,1
positive206,-0.12453,-0.19626,-0.21715,-0.16513,-0.0915,-0.10818,-0.14012,-0.12467,-0.21439,-0.18816,-0.24143,-0.13765,-0.20814,-0.20684,0.35516,-0.51986,-0.47044,-0.92396,-0.10241,1.17371,-0.22045,-0.24832,0.19147,0.15726,0.80672,-0.22454,0.32726,-0.1838,-0.17764,-0.21124,0.32631,-0.24955,-0.70989,-0.19169,0.90678,-0.11703,-0.75649,0.69125,-0.40137,4.20706,-0.21525,-0.38502,3.20408,-0.19193,-0.2232,-0.03157,-0.8587,-0.23907,-0.24428,-0.59064,-0.13495,0.01299,-0.78474,-0.2726,-0.10657,-0.18329,-0.04726,-0.94739,0.22599,-1.54809,-0.70529,0.87888,-1.19378,-0.26272,-0.74525,-0.202,0.73019,3.33793,-0.15406,2.26685,1
positive207,-0.12453,-0.19626,-0.21715,-0.16513,-0.0915,-0.10818,-0.14012,-0.12467,-0.21439,-0.18816,-0.24143,-0.13765,-0.20814,-0.20684,0.875,-0.51986,-1.17097,-0.92396,-0.86983,-0.62717,-0.22045,3.65197,1.01634,-1.24671,-0.79504,-0.22454,-0.9666,-0.1838,-0.17764,-0.21124,-0.19456,-0.24955,-0.70989,-0.19169,-0.05628,-0.11703,0.25202,-0.02018,0.71479,4.20706,-0.21525,0.36657,-0.30461,-0.19193,4.27512,-0.25757,0.44984,-0.23907,-0.24428,-0.59064,-0.67519,0.31679,0.50503,-0.2726,-0.10657,0.57564,0.26583,-0.65241,0.22599,0.72063,-0.3502,0.95919,0.51329,-0.26272,-0.34476,-0.202,-1.36951,-0.27646,-0.15406,-0.62768,1
positive208,-0.14425,-0.20744,-0.22883,-0.18011,-0.11946,-0.13001,-0.14945,-0.13489,-0.24827,-0.19886,-0.27295,-0.17397,-0.26697,-0.24643,-1.07439,-0.51986,-0.70395,2.41253,-0.35822,1.51137,-0.25519,-0.26769,-1.517,-0.25982,-0.21662,-0.22454,1.16233,-0.1838,-0.19234,-0.27867,-0.73852,-0.29244,0.93324,-0.19169,1.86985,-0.13857,-0.75649,1.58053,2.7611,-0.28071,-0.21525,-1.50294,-0.30461,-0.21571,-0.2232,0.72443,-0.3923,-0.23907,-0.24428,0.66317,-0.37223,0.19508,0.08946,2.88319,-0.10657,2.31006,-0.69851,2.33951,-0.66023,-0.09097,-1.11449,0.26275,-0.10037,-0.31883,-0.24464,-0.202,0.73019,2.74536,-0.18643,-1.08547,1
positive209,-0.14425,-0.20744,-0.22883,-0.18011,-0.11946,-0.13001,-0.14945,-0.13489,2.68049,-0.19886,-0.27295,-0.17397,-0.26697,3.1754,0.875,-0.51986,2.09818,0.11498,2.71145,-1.18994,-0.25519,-0.26769,0.56322,-0.22227,0.9402,-0.22454,-0.9666,-0.1838,-0.19234,-0.27867,0.4237,-0.29244,-1.12067,-0.19169,0.42525,-0.13857,-0.75649,-0.82053,-0.5874,-0.28071,-0.21525,0.40486,-0.30461,-0.21571,-0.2232,1.05961,0.86906,-0.23907,-0.24428,-0.59064,-1.70067,-0.41877,0.00066,-0.28176,-0.10657,-0.50426,-1.34508,0.56964,1.90674,-0.63757,-0.44064,0.3873,-2.30839,-0.31883,1.85795,-0.202,-1.36951,-0.35722,2.61212,0.67658,1
positive210,-0.12453,-0.19626,-0.21715,-0.16513,-0.0915,-0.10818,-0.14012,-0.12467,-0.21439,-0.18816,-0.24143,-0.13765,-0.20814,-0.20684,-1.20435,-0.51986,0.69712,1.40235,1.17662,2.52436,-0.22045,-0.24832,-1.2032,0.32252,-0.79504,-0.22454,0.18876,-0.1838,-0.17764,-0.21124,1.94902,-0.24955,-0.70989,-0.19169,-0.05628,-0.11703,0.28979,0.33553,1.45891,-0.28071,-0.21525,-1.27219,-0.30461,-0.19193,-0.2232,0.05332,-0.78065,-0.23907,-0.24428,1.29008,-2.28012,-0.01871,-0.3898,-0.2726,-0.10657,0.42194,1.07871,-0.44171,0.80661,-1.30206,1.18673,0.17999,-0.22389,-0.26272,-0.74525,-0.202,0.73019,-0.27646,-0.15406,-0.62768,1
positive211,-0.12453,-0.19626,-0.21715,-0.16513,-0.0915,-0.10818,-0.14012,-0.12467,-0.21439,-0.18816,-0.24143,-0.13765,-0.20814,-0.20684,-0.16467,-0.51986,1.16414,0.44554,1.68823,0.72349,-0.22045,-0.24832,-1.09112,-2.2725,0.00584,-0.22454,-0.36801,-0.1838,-0.17764,-0.21124,0.37281,-0.24955,-0.70989,-0.19169,1.86985,-0.11703,0.30988,-0.7316,-0.40137,-0.28071,-0.21525,0.56664,3.20408,-0.19193,-0.2232,-0.26259,-2.06938,-0.23907,-0.24428,-0.59064,-0.65914,0.02645,1.67806,-0.2726,-0.10657,0.30883,0.11586,-0.52599,2.54849,-1.45736,0.58878,0.19145,0.17312,-0.26272,-0.74525,-0.202,0.73019,-0.27646,-0.15406,0.27087,1
positive212,-0.14425,-0.20744,-0.22883,4.99754,-0.11946,-0.13001,-0.14945,-0.13489,-0.24827,-0.19886,-0.27295,-0.17397,-0.26697,-0.24643,0.09525,-0.51986,0.34685,1.05741,-0.16636,-1.18994,-0.25519,-0.26769,0.30556,-0.09968,0.36179,-0.22454,-0.9666,-0.1838,-0.19234,-0.27867,-1.32368,-0.29244,0.11168,-0.19169,1.14755,-0.13857,-0.75649,-0.55375,-0.86644,-0.28071,-0.21525,0.4461,-0.30461,-0.21571,-0.2232,0.00104,1.15152,-0.23907,-0.24428,0.66317,-0.87847,-0.27991,0.28454,-0.28176,-0.10657,0.56981,-0.96364,1.62313,-0.66023,1.00009,-0.39579,-0.74618,0.35013,-0.31883,-0.54501,-0.202,0.73019,-0.35722,-0.18643,-1.40735,1
positive213,-0.11566,-0.19123,-0.21189,-0.1584,-0.07893,-0.09837,-0.13592,-0.12008,-0.19915,-0.18334,-0.22725,-0.12131,-0.18169,-0.18904,0.15523,-0.51986,1.28987,-0.154,0.05501,-0.28084,4.83363,-0.23961,-0.84326,-0.70374,0.15146,-0.22454,0.3878,-0.1838,-0.17102,-0.18092,0.3891,3.91667,0.80685,-0.19169,1.20311,-0.10735,-0.75649,1.12905,2.28888,-0.28071,-0.21525,-1.13238,-0.30461,-0.18124,-0.2232,0.67153,-0.03098,4.68535,-0.24428,-0.59064,-0.65606,1.79027,1.40644,-0.26849,-0.10657,-0.62788,1.57105,-0.77883,-0.16109,-0.38676,1.05373,-0.07829,1.34569,-0.23748,-0.68364,-0.202,0.73019,-0.24014,-0.1395,1.23481,1
positive214,-0.13671,-0.20317,-0.22436,-0.17438,-0.10878,-0.12167,6.68047,-0.13098,-0.23533,-0.19477,-0.26091,-0.16009,2.14473,-0.2313,-0.94443,2.4122,-1.20989,0.73094,-0.91246,1.62393,-0.24192,-0.26029,-0.30967,-0.56203,-0.14432,-0.22454,0.79695,-0.1838,-0.18672,-0.25291,0.87627,-0.27606,0.84196,-0.19169,1.38832,-0.13034,0.36252,2.88481,4.12531,-0.28071,-0.21525,-1.68708,-0.30461,-0.20662,-0.2232,0.15671,-1.42338,4.68535,-0.24428,0.85606,0.80838,1.80225,0.26941,-0.27826,-0.10657,0.42187,-0.42874,1.62313,-0.55956,-0.01835,-0.59562,0.7622,0.97074,-0.2974,-0.47826,-0.202,0.73019,-0.32637,-0.17406,-1.08473,1
positive215,-0.12453,-0.19626,-0.21715,-0.16513,-0.0915,-0.10818,-0.14012,-0.12467,-0.21439,-0.18816,-0.24143,-0.13765,-0.20814,-0.20684,1.39484,-0.51986,0.93063,0.85619,1.43242,-1.5276,4.44426,-0.24832,1.22094,0.97137,0.00584,-0.22454,-0.31398,-0.1838,-0.17764,-0.21124,2.17193,-0.24955,-0.70989,-0.19169,-0.05628,-0.11703,-0.75649,-1.08732,-0.77343,-0.28071,-0.21525,-0.07971,-0.30461,4.59684,-0.2232,-0.36328,0.90455,-0.23907,-0.24428,-0.59064,0.10515,0.716,-0.69718,-0.2726,-0.10657,0.62369,-1.57573,-0.77883,0.22599,0.72446,0.59541,0.08865,0.15288,-0.26272,-0.74525,-0.202,-1.36951,-0.27646,-0.15406,1.48711,1
positive216,-0.12453,-0.19626,-0.21715,5.86665,-0.0915,-0.10818,-0.14012,-0.12467,-0.21439,-0.18816,-0.24143,-0.13765,-0.20814,-0.20684,0.875,-0.51986,-1.40448,0.4168,-1.12564,0.72349,-0.22045,-0.24832,-0.90244,-0.18899,0.80672,-0.22454,0.36144,-0.1838,-0.17764,-0.21124,0.81526,-0.24955,-0.70989,-0.19169,1.86985,-0.11703,-0.75649,-0.7316,0.34274,-0.28071,-0.21525,-2.10214,-0.30461,-0.19193,-0.2232,-0.47887,0.30408,-0.23907,-0.24428,-0.59064,0.32004,-0.51242,0.97861,-0.2726,-0.10657,-0.52095,-0.88057,-0.10459,-1.51588,1.19575,1.12449,1.08266,0.85239,-0.26272,-0.74525,-0.202,-1.36951,-0.27646,-0.15406,3.38729,1
positive217,-0.11095,-0.18856,-0.2091,-0.15482,-0.07225,-0.09315,-0.13369,-0.11764,-0.19106,-0.18079,-0.21972,-0.11264,2.80257,-0.17958,1.00496,-0.51986,1.22251,1.14569,1.43242,-1.18994,-0.19653,-0.23498,2.08263,-1.08733,0.24611,-0.22454,-0.9666,-0.1838,-0.16751,-0.16481,0.84909,-0.22001,-0.29911,-0.19169,-1.01935,-0.1022,-0.75649,-0.37589,0.24972,-0.28071,-0.21525,0.89093,-0.30461,-0.17555,5.77456,0.59534,1.26524,-0.23907,-0.24428,2.0961,0.04493,-0.37146,-1.10879,-0.2663,-0.10657,0.41179,0.49749,-1.79018,-0.03793,1.16144,-2.34861,-0.28836,-0.97586,-0.22407,1.35733,-0.202,0.73019,-0.22085,-0.13176,-0.24961,1
positive218,7.81828,-0.19626,-0.21715,-0.16513,-0.0915,-0.10818,-0.14012,-0.12467,-0.21439,4.12343,-0.24143,-0.13765,-0.20814,-0.20684,0.35516,-0.51986,-1.17097,-0.22997,-0.86983,-0.17695,-0.22045,-0.24832,-1.0427,0.83011,0.00584,-0.22454,0.34663,-0.1838,-0.17764,-0.21124,-0.26233,-0.24955,0.38553,-0.19169,-1.01935,-0.11703,1.47855,-1.44303,-0.40137,-0.28071,-0.21525,-0.51116,-0.30461,-0.19193,-0.2232,0.32873,-0.23013,-0.23907,-0.24428,-0.59064,-0.27459,0.12164,0.91087,-0.2726,-0.10657,-0.55753,-0.0218,0.06397,-0.35463,0.16325,0.51146,0.4747,2.08371,-0.26272,-0.34476,-0.202,0.73019,-0.27646,-0.15406,1.55562,1
positive219,-0.14425,-0.20744,-0.22883,-0.18011,-0.11946,-0.13001,-0.14945,6.92671,-0.24827,-0.19886,-0.27295,-0.17397,-0.26697,-0.24643,-0.29463,0.79802,-1.40448,-0.92396,-1.12564,1.17371,3.74897,-0.26769,0.05246,0.42727,-0.21662,-0.22454,-0.43815,-0.1838,-0.19234,-0.27867,-0.33382,-0.29244,-1.53146,-0.19169,-0.29705,-0.13857,1.47041,0.51339,-0.86644,-0.28071,-0.21525,0.04886,-0.30461,-0.21571,-0.2232,-0.39239,-0.87742,-0.23907,-0.24428,-0.59064,1.25744,-0.50948,-0.12254,-0.28176,-0.10657,1.19508,-1.16704,0.78034,1.05109,-0.13793,-0.40422,0.06182,0.88102,-0.31883,-0.84538,-0.202,0.73019,-0.35722,-0.18643,0.22677,1
positive220,-0.13278,-0.20094,-0.22203,-0.1714,-0.1032,-0.11732,-0.14403,-0.12895,-0.22857,-0.19264,-0.25462,-0.15285,-0.23276,-0.22341,0.96674,-0.51986,1.6861,1.22577,0.00292,-1.28925,-0.23499,-0.25643,1.75328,-0.37385,1.98134,3.9148,-0.33839,-0.1838,-0.18379,-0.23946,1.30215,-0.2675,-0.9032,-0.19169,-1.01935,-0.12605,-0.75649,0.35646,-0.48892,4.20706,-0.21525,0.73728,2.73625,-0.20188,-0.2232,0.5919,1.82238,-0.23907,-0.24428,0.97662,0.49032,0.39373,-1.06956,-0.27644,-0.10657,1.14133,0.24716,-0.31529,0.5163,1.25371,-0.06742,1.84522,0.10489,-0.2862,-0.79237,4.22872,-1.36951,-0.31026,-0.16761,0.8022,1
positive221,-0.11095,-0.18856,-0.2091,-0.15482,-0.07225,-0.09315,-0.13369,-0.11764,-0.19106,-0.18079,-0.21972,-0.11264,2.80257,-0.17958,-0.29463,-0.51986,-0.52882,-0.92396,-0.16636,0.49838,-0.19653,-0.23498,0.35042,1.74921,2.32839,6.50188,-0.21616,-0.1838,-0.16751,-0.16481,-0.18827,-0.22001,-0.98375,-0.19169,0.18448,-0.1022,-0.75649,0.06875,0.71479,-0.28071,-0.21525,-1.11696,-0.30461,-0.17555,-0.2232,-0.63298,-0.02466,-0.23907,-0.24428,-0.59064,0.08832,0.76342,-0.85747,-0.2663,-0.10657,-0.10493,1.68678,-1.32664,-1.51588,1.16453,0.074,-0.21127,0.89069,-0.22407,-0.64513,-0.202,-1.36951,-0.22085,-0.13176,1.24828,1
positive222,-0.14425,-0.20744,-0.22883,-0.18011,-0.11946,-0.13001,-0.14945,-0.13489,-0.24827,-0.19886,-0.27295,-0.17397,-0.26697,-0.24643,-1.46426,-0.51986,2.09818,1.79657,2.71145,0.83604,-0.25519,-0.26769,-0.80593,0.15246,-0.79504,-0.22454,0.19234,-0.1838,-0.19234,-0.27867,0.08129,-0.29244,0.52246,-0.19169,-0.29705,-0.13857,0.35139,0.51339,0.52877,-0.28071,-0.21525,-0.205,-0.30461,-0.21571,-0.2232,0.08521,0.30367,-0.23907,-0.24428,-0.59064,-0.28635,0.02262,-0.22308,-0.28176,-0.10657,-0.1955,-1.49917,1.74955,-0.2324,-0.16206,-1.52654,-0.89929,0.82612,-0.31883,-0.24464,-0.202,-1.36951,-0.35722,-0.18643,-0.27153,1
positive223,-0.12453,-0.19626,-0.21715,-0.16513,-0.0915,-0.10818,-0.14012,-0.12467,-0.21439,-0.18816,-0.24143,-0.13765,-0.20814,-0.20684,-0.68451,-0.51986,-1.40448,1.40235,-1.12564,1.17371,-0.22045,-0.24832,-1.08896,-1.20328,-0.79504,-0.22454,0.81063,-0.1838,-0.17764,-0.21124,-0.92402,-0.24955,-0.70989,-0.19169,-1.01935,-0.11703,1.29946,1.04696,0.34274,-0.28071,-0.21525,-0.23848,-0.30461,-0.19193,-0.2232,0.5673,-0.6123,-0.23907,-0.24428,-0.59064,0.17532,0.65488,0.35751,-0.2726,-0.10657,-0.45441,-0.4198,-0.39957,0.80661,-0.80805,-0.20808,0.17899,0.32851,-0.26272,0.05573,5.03431,0.73019,3.33793,-0.15406,2.6604,1
positive224,-0.12453,-0.19626,-0.21715,-0.16513,-0.0915,-0.10818,-0.14012,-0.12467,-0.21439,-0.18816,-0.24143,-0.13765,-0.20814,-0.20684,-0.16467,-0.51986,0.69712,-0.92396,-0.86983,-1.5276,-0.22045,-0.24832,0.56998,-0.04736,0.80672,-0.22454,0.47097,-0.1838,-0.17764,-0.21124,-1.03436,-0.24955,1.48095,-0.19169,-1.01935,-0.11703,0.31707,0.69125,1.45891,-0.28071,-0.21525,0.58358,-0.30461,-0.19193,-0.2232,0.45316,-0.02499,-0.23907,-0.24428,-0.59064,-0.95844,-0.74315,0.87707,-0.2726,-0.10657,0.96846,-1.21267,-0.31529,-0.93526,0.68224,-0.12328,2.02426,-0.19091,-0.26272,0.85672,-0.202,0.73019,-0.27646,-0.15406,0.48659,1
positive225,-0.12453,-0.19626,-0.21715,-0.16513,-0.0915,-0.10818,-0.14012,-0.12467,-0.21439,-0.18816,-0.24143,-0.13765,-0.20814,-0.20684,-0.68451,-0.51986,0.69712,-0.92396,1.17662,1.17371,-0.22045,-0.24832,-0.51359,0.28688,-0.79504,-0.22454,-0.40772,-0.1838,-0.17764,-0.21124,-0.64451,-0.24955,-0.16218,-0.19169,0.90678,-0.11703,1.21414,1.40267,-0.40137,-0.28071,-0.21525,-0.6054,-0.30461,-0.19193,-0.2232,0.15978,-1.64052,-0.23907,-0.24428,-0.59064,0.14176,1.65685,1.58654,-0.2726,-0.10657,1.31282,1.29336,0.02183,0.22599,-0.56464,-0.34463,-1.00775,0.3523,-0.26272,-0.74525,-0.202,0.73019,-0.27646,-0.15406,1.39478,1
positive226,-0.14425,-0.20744,-0.22883,-0.18011,-0.11946,-0.13001,-0.14945,-0.13489,-0.24827,-0.19886,-0.27295,-0.17397,-0.26697,6.59723,-0.68451,-0.51986,0.34685,-0.92396,-0.16636,-0.85228,-0.25519,-0.26769,0.2466,0.72392,1.51861,-0.22454,-0.9666,-0.1838,-0.19234,-0.27867,-0.07726,-0.29244,-1.12067,-0.19169,-1.01935,-0.13857,1.3989,-0.28696,-0.86644,-0.28071,-0.21525,1.06571,-0.30461,-0.21571,-0.2232,0.26354,0.4471,-0.23907,2.63255,-0.59064,2.00296,0.42753,-0.18436,-0.28176,-0.10657,-0.36439,-1.51355,0.86462,1.05109,1.08928,0.21772,0.38192,0.90618,-0.31883,-0.84538,-0.202,0.73019,-0.35722,-0.18643,-0.78314,1
positive227,-0.14053,-0.20534,-0.22663,-0.17728,-0.11419,-0.1259,-0.1477,-0.13296,-0.24189,-0.19685,-0.26701,-0.16713,2.06603,-0.23897,-0.60243,-0.51986,1.36078,-0.92396,-0.51978,1.03153,-0.24865,-0.26404,0.05628,1.12297,-0.79504,-0.22454,2.54521,-0.1838,-0.18957,-0.26597,-1.95639,6.48755,1.97101,-0.19169,-0.25904,-0.13451,1.40245,-0.75033,-0.85176,-0.28071,-0.21525,0.44448,-0.30461,-0.21123,-0.2232,-1.77656,-0.91484,-0.23907,-0.24428,-0.59064,-0.42927,1.21636,0.6617,-0.28003,-0.10657,1.40858,-0.95672,1.79169,-1.06429,-0.38957,-1.03545,-0.47122,-0.0491,6.33658,1.38368,-0.202,0.73019,2.84559,-0.18033,-0.8891,1
positive228,-0.11095,4.89437,-0.2091,-0.15482,-0.07225,-0.09315,-0.13369,-0.11764,-0.19106,-0.18079,-0.21972,-0.11264,-0.16763,-0.17958,0.35516,-0.51986,0.05496,0.18889,0.47315,0.49838,-0.19653,-0.23498,-0.03439,0.33308,-0.79504,-0.22454,-0.30437,-0.1838,6.51302,-0.16481,0.61831,-0.22001,-0.29911,-0.19169,1.38832,-0.1022,0.28814,-1.70981,-0.68042,-0.28071,-0.21525,-1.13513,-0.30461,-0.17555,-0.2232,0.17898,-0.49494,-0.23907,-0.24428,-0.59064,-0.92335,2.44404,1.76671,-0.2663,-0.10657,-0.58196,-0.87357,-1.03167,-1.51588,0.42676,0.7549,-0.69565,0.52491,-0.22407,-0.14452,-0.202,-1.36951,-0.22085,-0.13176,-0.35865,1
positive229,-0.13671,-0.20317,-0.22436,-0.17438,-0.10878,-0.12167,-0.14589,-0.13098,-0.23533,-0.19477,-0.26091,-0.16009,2.14473,-0.2313,1.22156,-0.51986,-1.0153,0.01231,-0.69929,-1.00235,-0.24192,-0.26029,1.47719,0.22163,1.80782,-0.22454,-0.9666,-0.1838,-0.18672,-0.25291,-1.06101,-0.27606,-0.98375,-0.19169,-0.2168,7.74167,-0.75649,0.80982,-0.83544,-0.28071,-0.21525,-0.31611,-0.30461,-0.20662,-0.2232,-0.44449,0.30645,-0.23907,-0.24428,0.85606,0.95824,0.22109,-1.17334,3.06769,-0.10657,0.19566,-0.70195,-0.02031,0.39676,-0.69854,-0.35896,-0.15066,-0.58732,-0.2974,0.52297,-0.202,0.73019,-0.32637,-0.17406,-0.29567,1
positive230,-0.13671,-0.20317,-0.22436,-0.17438,-0.10878,-0.12167,-0.14589,-0.13098,-0.23533,-0.19477,-0.26091,-0.16009,-0.24449,-0.2313,0.35516,-0.51986,0.15226,0.73094,-0.69929,-2.50308,-0.24192,3.27916,1.80542,-0.79319,1.80782,-0.22454,-0.9666,-0.1838,-0.18672,-0.25291,-0.17273,-0.27606,1.29838,-0.19169,-1.01935,-0.13034,-0.75649,0.80982,0.0947,-0.28071,5.1565,-0.4991,-0.30461,-0.20662,-0.2232,-0.17247,1.7818,-0.23907,-0.24428,-0.59064,-0.44106,0.48793,1.29754,-0.27826,-0.10657,-1.04345,0.36409,-0.06245,-1.51588,2.56763,-0.39275,-0.83045,1.57313,-0.2974,-0.812,-0.202,-1.36951,-0.32637,-0.17406,-0.17284,1
positive231,-0.13278,-0.20094,-0.22203,-0.1714,-0.1032,-0.11732,-0.14403,-0.12895,-0.22857,-0.19264,-0.25462,-0.15285,-0.23276,-0.22341,-1.32666,-0.51986,-1.40448,-0.92396,-1.12564,3.08051,-0.23499,-0.25643,-0.72703,0.48261,-0.10094,-0.22454,0.59596,-0.1838,-0.18379,-0.23946,1.43251,-0.2675,-0.9032,-0.19169,0.68018,-0.12605,0.34481,-0.899,0.16765,-0.28071,-0.21525,-2.0825,-0.30461,-0.20188,-0.2232,-0.1703,-1.32181,-0.23907,-0.24428,-0.59064,1.28198,0.57129,0.2489,3.17249,-0.10657,0.20035,-1.45587,0.69606,-0.49979,0.31245,0.22054,0.96061,0.79581,-0.2862,-0.79237,-0.202,-1.36951,-0.31026,-0.16761,-0.2863,1
positive232,-0.14425,-0.20744,-0.22883,-0.18011,-0.11946,-0.13001,-0.14945,-0.13489,-0.24827,-0.19886,3.36042,-0.17397,-0.26697,-0.24643,0.09525,-0.51986,-0.00342,1.1806,-0.93378,-0.85228,-0.25519,3.0803,0.94698,0.2597,-0.21662,-0.22454,-0.9666,4.13545,-0.19234,-0.27867,1.17067,-0.29244,-0.29911,-0.19169,-1.01935,-0.13857,0.31583,0.51339,-0.02932,-0.28071,-0.21525,-0.10569,-0.30461,-0.21571,-0.2232,0.27265,1.02733,4.68535,-0.24428,1.91698,-0.43827,-0.39263,-0.25009,-0.28176,-0.10657,0.82327,0.95549,0.78034,-0.2324,0.92405,0.34092,-1.20146,0.68143,-0.31883,-0.24464,-0.202,0.73019,-0.35722,-0.18643,0.89083,1
positive233,-0.12453,-0.19626,-0.21715,-0.16513,-0.0915,-0.10818,-0.14012,-0.12467,3.19751,-0.18816,-0.24143,-0.13765,-0.20814,-0.20684,0.35516,-0.51986,-0.47044,-0.92396,-0.10241,-1.07738,4.44426,-0.24832,-0.23602,-0.29276,0.00584,-0.22454,-0.18443,-0.1838,-0.17764,-0.21124,2.51045,-0.24955,-1.2576,-0.19169,-1.01935,-0.11703,0.3556,1.40267,-0.77343,-0.28071,-0.21525,1.64909,-0.30461,-0.19193,-0.2232,1.80318,-0.1863,-0.23907,-0.24428,-0.59064,-0.10554,-1.17869,-0.84767,-0.2726,-0.10657,-0.317,-0.27416,-0.61027,1.38724,-0.18978,1.40624,1.42298,-3.1513,-0.26272,-0.74525,-0.202,0.73019,-0.27646,-0.15406,-1.30852,1
positive234,-0.12453,-0.19626,-0.21715,-0.16513,-0.0915,-0.10818,-0.14012,-0.12467,-0.21439,-0.18816,-0.24143,-0.13765,-0.20814,-0.20684,-1.20435,0.92222,1.39765,0.4168,1.94403,0.72349,-0.22045,-0.24832,-1.52333,-0.19691,-0.79504,-0.22454,-0.9666,-0.1838,-0.17764,-0.21124,-0.7618,-0.24955,-0.16218,-0.19169,-0.05628,-0.11703,2.19284,-0.7316,-0.77343,-0.28071,-0.21525,0.76081,-0.30461,-0.19193,-0.2232,-0.14146,-1.87806,-0.23907,3.73903,1.29008,0.31335,1.62666,1.42798,-0.2726,-0.10657,0.17721,0.75824,-0.06245,0.22599,-0.9653,0.5068,-0.09519,2.18359,-0.26272,-0.34476,-0.202,0.73019,-0.27646,-0.15406,1.75348,1
positive235,-0.11095,-0.18856,-0.2091,-0.15482,-0.07225,-0.09315,-0.13369,-0.11764,-0.19106,-0.18079,-0.21972,-0.11264,-0.16763,-0.17958,-0.29463,-0.51986,-1.11259,-0.92396,-0.80588,-0.06439,-0.19653,4.16513,-1.92747,0.00771,0.24611,6.50188,-0.2352,-0.1838,-0.16751,-0.16481,1.13219,-0.22001,-0.29911,-0.19169,2.59216,-0.1022,-0.75649,0.06875,1.17986,-0.28071,-0.21525,-1.0776,-0.30461,-0.17555,5.77456,0.00149,-0.57244,-0.23907,-0.24428,-0.59064,-2.64572,-4.29708,1.80586,-0.2663,-0.10657,2.67348,0.47236,-1.11594,-1.51588,-0.31252,1.32837,1.62761,1.07369,-0.22407,2.35856,-0.202,0.73019,-0.22085,-0.13176,0.35652,1
positive236,-0.12453,-0.19626,-0.21715,-0.16513,-0.0915,-0.10818,-0.14012,-0.12467,-0.21439,-0.18816,-0.24143,-0.13765,2.42466,-0.20684,0.35516,-0.51986,-0.47044,-0.92396,-0.86983,-1.5276,-0.22045,-0.24832,1.24816,-1.21766,0.80672,-0.22454,-0.1605,-0.1838,-0.17764,-0.21124,2.19231,-0.24955,0.93324,-0.19169,-1.01935,-0.11703,-0.75649,0.33553,1.08685,-0.28071,-0.21525,-0.3779,-0.30461,4.59684,-0.2232,0.01779,0.62936,-0.23907,-0.24428,-0.59064,-0.18287,0.55122,-1.27922,-0.2726,-0.10657,-0.06087,-0.64298,-0.65241,-0.35463,1.83958,0.97987,2.1474,-1.02847,-0.26272,2.05819,-0.202,0.73019,-0.27646,-0.15406,-1.30852,1
positive237,-0.14425,-0.20744,-0.22883,-0.18011,-0.11946,-0.13001,-0.14945,-0.13489,-0.24827,-0.19886,3.36042,-0.17397,-0.26697,-0.24643,-0.29463,1.24368,1.04738,2.08402,0.60105,0.83604,-0.25519,-0.26769,1.05377,0.01836,-0.21662,-0.22454,-0.9666,-0.1838,-0.19234,-0.27867,0.02512,-0.29244,-0.29911,-0.19169,-0.29705,-0.13857,-0.75649,-0.02018,-0.86644,1.96317,-0.21525,0.20978,-0.30461,-0.21571,-0.2232,-0.22451,0.05027,-0.23907,-0.24428,-0.59064,0.43111,-0.25182,-1.28119,-0.28176,-0.10657,1.10289,0.01589,0.23252,0.62326,-0.8686,-0.82702,0.22935,-0.52835,-0.31883,-0.54501,-0.202,-1.36951,-0.35722,-0.18643,-1.11989,1
positive238,-0.12453,-0.19626,4.48779,-0.16513,-0.0915,-0.10818,-0.14012,-0.12467,-0.21439,-0.18816,-0.24143,-0.13765,-0.20814,-0.20684,-0.68451,-0.51986,-0.00342,1.40235,0.4092,0.72349,-0.22045,-0.24832,-0.10383,-0.23959,0.00584,-0.22454,-0.36915,-0.1838,-0.17764,-0.21124,0.73829,-0.24955,-0.16218,-0.19169,-0.05628,-0.11703,-0.75649,-1.08732,-0.02932,-0.28071,-0.21525,-0.93989,-0.30461,-0.19193,-0.2232,0.24986,0.49668,-0.23907,-0.24428,-0.59064,-0.87024,0.42969,-1.02252,-0.2726,-0.10657,0.52828,-0.31258,-0.23101,-1.51588,0.35357,0.04134,4.68601,1.11432,-0.26272,-0.74525,-0.202,0.73019,-0.27646,-0.15406,0.14996,1
positive239,-0.14425,-0.20744,-0.22883,-0.18011,-0.11946,-0.13001,-0.14945,-0.13489,-0.24827,-0.19886,-0.27295,-0.17397,-0.26697,-0.24643,-0.68451,-0.51986,-1.05421,1.05741,-0.74193,1.84903,-0.25519,-0.26769,-1.21653,-0.94927,0.9402,-0.22454,0.55446,-0.1838,-0.19234,-0.27867,0.34463,-0.29244,-0.29911,-0.19169,-0.29705,-0.13857,3.39421,1.58053,1.64493,-0.28071,-0.21525,-0.58448,-0.30461,-0.21571,-0.2232,-0.4037,-2.74056,-0.23907,-0.24428,-0.59064,1.16301,0.33784,2.74923,-0.28176,-0.10657,-0.37589,-0.17889,1.96025,0.62326,-0.24647,-0.36334,0.1256,0.05939,2.91497,-0.84538,-0.202,-1.36951,-0.35722,-0.18643,-0.30771,1
positive240,-0.12453,-0.19626,-0.21715,-0.16513,-0.0915,-0.10818,7.38216,-0.12467,3.19751,-0.18816,-0.24143,-0.13765,-0.20814,-0.20684,-0.68451,1.22988,0.46361,1.10258,0.15339,-0.62717,-0.22045,-0.24832,-0.72075,0.64873,-0.79504,-0.22454,-0.9666,-0.1838,-0.17764,-0.21124,0.02612,-0.24955,2.02867,-0.19169,0.90678,-0.11703,-0.75649,-0.02018,1.08685,-0.28071,-0.21525,0.28062,-0.30461,-0.19193,-0.2232,-0.98743,0.3135,-0.23907,-0.24428,-0.59064,-0.62987,-0.85582,0.67229,-0.2726,-0.10657,1.54922,1.08274,-0.23101,-0.35463,-0.38377,-0.8724,-1.78561,0.30825,-0.26272,-0.34476,-0.202,0.73019,-0.27646,-0.15406,1.07149,1
positive241,-0.12453,-0.19626,-0.21715,-0.16513,-0.0915,-0.10818,-0.14012,-0.12467,-0.21439,-0.18816,-0.24143,-0.13765,-0.20814,-0.20684,-0.16467,0.88042,1.39765,0.32235,0.665,-0.62717,-0.22045,-0.24832,-0.7345,-0.47032,0.00584,-0.22454,-0.9666,5.93513,-0.17764,-0.21124,0.02328,-0.24955,0.93324,5.3648,-1.01935,-0.11703,3.14349,1.75839,2.94713,-0.28071,-0.21525,0.94874,-0.30461,-0.19193,-0.2232,0.398,-2.38294,-0.23907,3.73903,1.29008,-0.4393,0.16525,3.55256,-0.2726,-0.10657,0.23018,1.66399,0.14824,-0.93526,-0.57304,-0.74064,0.37587,2.79013,-0.26272,-0.74525,-0.202,0.73019,-0.27646,-0.15406,-0.05652,1
positive242,-0.14053,-0.20534,-0.22663,-0.17728,-0.11419,-0.1259,-0.1477,-0.13296,-0.24189,-0.19685,-0.26701,-0.16713,4.38794,-0.23897,-0.19203,-0.51986,0.43903,-0.92396,0.89388,1.38697,-0.24865,-0.26404,0.49875,-1.07249,2.26714,-0.22454,0.18143,-0.1838,-0.18957,-0.26597,-0.43442,-0.28436,-1.05581,-0.19169,0.50128,-0.13451,0.35639,1.49628,0.02943,1.96317,-0.21525,-1.36479,-0.30461,-0.21123,-0.2232,0.07266,-1.27724,-0.23907,-0.24428,-0.59064,-0.09886,0.16553,-0.22624,2.97164,-0.10657,0.41383,-0.10104,0.7382,0.7421,-1.22204,-0.48576,1.72603,-0.10948,-0.30826,-0.51339,-0.202,0.73019,-0.34201,-0.18033,0.15099,1
positive243,-0.12453,-0.19626,-0.21715,-0.16513,-0.0915,-0.10818,-0.14012,-0.12467,-0.21439,-0.18816,-0.24143,-0.13765,-0.20814,-0.20684,-0.68451,-0.51986,-0.23693,-0.92396,0.15339,-0.17695,-0.22045,-0.24832,-0.93762,1.09756,-0.79504,-0.22454,-0.9666,-0.1838,-0.17764,-0.21124,-0.70043,-0.24955,-0.16218,-0.19169,-0.05628,-0.11703,0.28763,-0.7316,0.34274,-0.28071,-0.21525,1.23271,-0.30461,-0.19193,4.27512,0.1292,-0.53328,-0.23907,3.73903,1.29008,1.092,-0.83661,-0.44007,-0.2726,-0.10657,0.19772,0.92604,-0.31529,-1.51588,-0.11585,1.09143,0.32102,-0.32549,-0.26272,0.05573,-0.202,-1.36951,-0.27646,-0.15406,-0.86839,1
positive244,-0.14425,-0.20744,-0.22883,-0.18011,-0.11946,-0.13001,-0.14945,-0.13489,-0.24827,-0.19886,-0.27295,-0.17397,-0.26697,6.59723,-0.68451,1.47584,-0.17855,-0.92396,-0.93378,-0.85228,-0.25519,-0.26769,2.09871,0.91454,0.9402,-0.22454,0.63388,-0.1838,-0.19234,-0.27867,-1.69215,-0.29244,0.93324,-0.19169,-1.01935,-0.13857,-0.75649,1.31375,-0.02932,-0.28071,-0.21525,0.9353,2.22944,-0.21571,2.95208,-0.26565,1.87371,-0.23907,-0.24428,0.66317,1.51491,0.35872,-1.25211,-0.28176,-0.10657,0.71217,-1.01036,0.90676,-0.66023,1.49354,-1.72402,-0.06014,-0.21569,-0.31883,0.3561,-0.202,0.73019,-0.35722,-0.18643,-0.85017,1
positive245,-0.14425,-0.20744,-0.22883,-0.18011,9.54803,-0.13001,-0.14945,-0.13489,-0.24827,-0.19886,-0.27295,-0.17397,-0.26697,-0.24643,-0.29463,0.88975,-0.52882,1.79657,-0.16636,-0.51461,-0.25519,-0.26769,-1.43249,-0.34981,-0.79504,-0.22454,0.16402,-0.1838,-0.19234,-0.27867,-1.56786,-0.29244,1.34403,-0.19169,0.42525,-0.13857,0.35859,1.31375,2.48206,-0.28071,5.1565,-0.56944,-0.30461,-0.21571,2.95208,0.50563,0.42957,-0.23907,-0.24428,-0.59064,0.44528,0.0203,0.52888,-0.28176,-0.10657,0.42237,2.52042,1.91811,-0.66023,1.4143,-0.10358,-0.04282,0.891,-0.31883,-0.84538,-0.202,-1.36951,-0.35722,-0.18643,-0.02247,1
positive246,-0.13278,-0.20094,-0.22203,-0.1714,-0.1032,-0.11732,-0.14403,-0.12895,-0.22857,3.84048,-0.25462,-0.15285,-0.23276,-0.22341,0.50806,-0.51986,-0.58032,0.34699,-0.22279,-0.49475,-0.23499,3.39196,1.40205,-0.45245,0.59315,-0.22454,1.96615,-0.1838,-0.18379,-0.23946,0.99717,-0.2675,1.0299,-0.19169,-1.01935,-0.12605,-0.75649,0.67032,-0.8172,-0.28071,5.1565,-1.00751,2.73625,-0.20188,-0.2232,0.43171,1.77196,-0.23907,-0.24428,-0.59064,-1.20997,-0.32117,-0.64687,-0.27644,-0.10657,0.48837,0.50295,0.19038,-1.00784,1.60352,0.04968,-0.64438,0.74762,-0.2862,-0.439,-0.202,0.73019,-0.31026,-0.16761,0.27424,1
positive247,-0.12453,-0.19626,-0.21715,-0.16513,-0.0915,-0.10818,-0.14012,-0.12467,-0.21439,-0.18816,-0.24143,-0.13765,-0.20814,-0.20684,-0.68451,-0.51986,-0.47044,0.52767,-0.10241,0.27327,-0.22045,-0.24832,-2.62515,-0.1478,0.00584,-0.22454,0.18876,-0.1838,-0.17764,-0.21124,-0.08264,-0.24955,0.93324,-0.19169,-0.05628,-0.11703,2.17952,2.46981,3.69124,-0.28071,-0.21525,-0.32818,-0.30461,-0.19193,-0.2232,0.28764,-1.11593,-0.23907,-0.24428,-0.59064,0.64241,-0.08512,2.55553,-0.2726,-0.10657,0.95464,2.83202,0.56964,0.80661,0.65502,0.51789,-2.56684,1.69881,-0.26272,-0.34476,-0.202,0.73019,-0.27646,-0.15406,-1.70381,1
positive248,-0.13671,-0.20317,-0.22436,-0.17438,-0.10878,-0.12167,-0.14589,-0.13098,-0.23533,-0.19477,-0.26091,-0.16009,-0.24449,-0.2313,-0.51123,-0.51986,-0.23693,0.86646,-0.91246,-1.37753,-0.24192,-0.26029,1.15471,-1.1238,0.50639,-0.22454,-0.20217,-0.1838,-0.18672,-0.25291,-0.00155,-0.27606,0.84196,-0.19169,-1.01935,-0.13034,-0.75649,0.21696,-0.21535,-0.28071,2.47062,2.44857,-0.30461,-0.20662,-0.2232,0.20419,0.62423,-0.23907,-0.24428,2.30277,0.93355,-1.21577,-0.01748,-0.27826,-0.10657,0.3718,-0.3145,-0.14673,-0.55956,-0.40853,-0.55693,-0.952,0.23809,-0.2974,-1.14575,-0.202,0.73019,-0.32637,-0.17406,-1.54933,1
positive249,-0.15821,-0.21536,-0.23709,-0.19071,-0.13925,-0.14547,-0.15606,-0.14211,-0.27226,-0.20644,-0.29527,-0.19968,-0.30861,-0.27445,0.35516,-0.51986,0.05496,1.44547,0.47315,0.49838,-0.27979,-0.2814,0.4971,0.0246,-0.79504,-0.22454,1.59443,-0.1838,-0.20274,-0.3264,0.18638,-0.32281,-0.29911,-0.19169,-0.41744,-0.15381,0.34814,-0.59821,-0.91295,-0.28071,2.47062,1.4404,-0.30461,-0.23254,-0.2232,0.69162,-0.47899,-0.23907,-0.24428,1.38906,1.10778,0.53502,-0.94983,-0.28824,-0.10657,0.49594,-0.01375,2.04453,0.25123,-1.33168,-1.08722,-0.6687,-0.8211,2.58063,0.60641,-0.202,0.73019,-0.41439,-0.20935,-1.15808,1
positive250,-0.14425,-0.20744,-0.22883,-0.18011,-0.11946,-0.13001,-0.14945,-0.13489,-0.24827,-0.19886,-0.27295,-0.17397,-0.26697,-0.24643,-1.07439,-0.51986,1.04738,2.41253,1.56032,0.83604,3.74897,-0.26769,-0.36237,-0.02946,1.51861,-0.22454,0.45062,-0.1838,-0.19234,-0.27867,-0.39726,-0.29244,-0.29911,-0.19169,-1.01935,-0.13857,0.38453,1.04696,-0.02932,-0.28071,-0.21525,-0.18169,-0.30461,-0.21571,-0.2232,-0.60731,0.07884,-0.23907,-0.24428,-0.59064,0.80845,-0.59815,0.10163,-0.28176,-0.10657,0.75143,-0.64973,0.9489,0.62326,-0.55158,-0.11945,0.51173,-0.28606,-0.31883,-0.84538,-0.202,-1.36951,-0.35722,-0.18643,-0.83129,1
positive251,-0.13671,-0.20317,-0.22436,-0.17438,-0.10878,-0.12167,-0.14589,-0.13098,-0.23533,-0.19477,-0.26091,-0.16009,-0.24449,-0.2313,-1.37762,-0.51986,1.5144,-0.92396,2.07194,1.24874,-0.24192,-0.26029,-1.57495,1.43752,-0.14432,-0.22454,0.14807,-0.1838,-0.18672,-0.25291,-0.50514,-0.27606,-0.52732,-0.19169,0.58576,-0.13034,1.42909,-0.07946,1.02484,-0.28071,-0.21525,-1.10719,-0.30461,-0.20662,-0.2232,0.55708,-0.68493,-0.23907,-0.24428,-0.59064,0.78021,1.19514,0.87689,-0.27826,-0.10657,0.96424,0.34784,1.28602,0.39676,-0.28905,-0.15791,0.99248,0.50067,-0.2974,-0.812,8.02649,-1.36951,-0.32637,-0.17406,1.20252,1
positive252,-0.12453,-0.19626,-0.21715,-0.16513,-0.0915,-0.10818,-0.14012,-0.12467,-0.21439,-0.18816,-0.24143,-0.13765,-0.20814,-0.20684,-0.68451,2.27257,1.16414,-0.92396,-0.35822,0.27327,-0.22045,-0.24832,0.03774,-1.24051,-0.79504,-0.22454,-0.40674,-0.1838,-0.17764,-0.21124,-1.61514,-0.24955,0.93324,-0.19169,0.90678,-0.11703,-0.75649,-1.79874,-0.77343,-0.28071,-0.21525,-0.38245,-0.30461,-0.19193,-0.2232,-0.68101,0.56209,-0.23907,-0.24428,-0.59064,0.26335,1.79592,-0.13557,-0.2726,-0.10657,-0.06384,3.59373,0.14824,-0.93526,2.37551,-0.10419,-3.93318,0.01022,-0.26272,-0.34476,-0.202,0.73019,-0.27646,-0.15406,-0.62768,1
positive253,-0.14425,-0.20744,-0.22883,-0.18011,-0.11946,-0.13001,-0.14945,-0.13489,2.68049,3.50218,-0.27295,-0.17397,-0.26697,-0.24643,2.04463,-0.51986,0.52198,1.1806,0.98476,-0.85228,-0.25519,3.0803,0.02473,-1.18702,-0.79504,-0.22454,-0.9666,-0.1838,-0.19234,-0.27867,1.54779,-0.29244,-1.53146,3.82133,1.14755,-0.13857,-0.75649,-0.02018,-0.86644,-0.28071,-0.21525,1.7531,-0.30461,-0.21571,-0.2232,1.41638,-0.70978,-0.23907,-0.24428,0.66317,1.04294,-2.50084,0.41383,-0.28176,-0.10657,0.36173,-0.39943,-0.14673,0.19543,-1.51486,-0.25222,0.87166,0.4037,-0.31883,0.3561,-0.202,-1.36951,-0.35722,-0.18643,-0.47583,1
positive254,-0.14425,-0.20744,-0.22883,-0.18011,-0.11946,-0.13001,-0.14945,-0.13489,-0.24827,3.50218,-0.27295,-0.17397,-0.26697,-0.24643,-0.29463,-0.51986,-0.17855,0.65292,-0.93378,-0.51461,-0.25519,-0.26769,0.27821,0.8469,-0.79504,-0.22454,-0.02119,-0.1838,-0.19234,-0.27867,0.63122,3.00321,0.93324,3.82133,-0.29705,-0.13857,-0.75649,-0.02018,1.08685,-0.28071,-0.21525,-0.43552,-0.30461,-0.21571,-0.2232,0.1195,0.87619,-0.23907,-0.24428,0.66317,-0.00379,0.01263,-1.10689,-0.28176,-0.10657,-1.33077,-0.16311,1.41243,-1.08805,0.19602,1.00425,-0.99605,-0.2286,-0.31883,-0.54501,-0.202,0.73019,-0.35722,-0.18643,-0.81353,1
positive255,-0.11095,-0.18856,-0.2091,-0.15482,-0.07225,-0.09315,-0.13369,-0.11764,-0.19106,-0.18079,-0.21972,-0.11264,-0.16763,4.31758,-2.24402,-0.51986,-1.40448,-0.92396,-1.12564,2.74947,-0.19653,-0.23498,-0.88277,0.10432,-0.79504,-0.22454,1.13108,-0.1838,-0.16751,-0.16481,0.72612,-0.22001,-0.29911,-0.19169,-1.01935,-0.1022,1.42836,0.06875,1.17986,-0.28071,-0.21525,-1.26418,-0.30461,-0.17555,-0.2232,-0.34293,-1.12153,-0.23907,-0.24428,-0.59064,-0.54145,1.36801,0.65996,-0.2663,-0.10657,0.04255,1.02881,-0.86311,0.70105,-0.30024,1.10311,1.44558,-0.25219,-0.22407,-0.14452,-0.202,0.73019,-0.22085,-0.13176,3.4468,1
positive256,-0.12453,-0.19626,-0.21715,-0.16513,-0.0915,-0.10818,-0.14012,-0.12467,3.19751,-0.18816,-0.24143,-0.13765,-0.20814,-0.20684,1.39484,-0.51986,1.16414,-0.92396,1.68823,-1.5276,-0.22045,-0.24832,0.83431,1.09278,-0.79504,-0.22454,-0.9666,-0.1838,-0.17764,-0.21124,-1.25734,-0.24955,-0.70989,-0.19169,-1.01935,-0.11703,0.32518,-0.37589,-0.77343,-0.28071,-0.21525,3.29339,-0.30461,-0.19193,-0.2232,1.51468,0.66801,-0.23907,-0.24428,1.29008,0.65624,0.08395,-0.33442,-0.2726,-0.10657,0.74598,-0.91915,-1.2845,0.80661,0.24244,-0.95766,-0.04633,-0.69032,-0.26272,2.85918,-0.202,0.73019,-0.27646,-0.15406,-0.70291,1
positive257,-0.12453,4.30927,-0.21715,-0.16513,-0.0915,-0.10818,-0.14012,-0.12467,-0.21439,-0.18816,-0.24143,-0.13765,2.42466,-0.20684,1.39484,-0.51986,-0.47044,1.75961,-0.86983,-1.97782,-0.22045,-0.24832,1.77119,0.17225,0.80672,4.6674,-0.35857,-0.1838,-0.17764,-0.21124,0.59421,-0.24955,-0.16218,-0.19169,-1.01935,-0.11703,-0.75649,-1.08732,-0.40137,-0.28071,-0.21525,-0.43503,-0.30461,-0.19193,4.27512,0.20083,1.17585,4.68535,-0.24428,-0.59064,-0.50537,1.04168,0.06261,-0.2726,-0.10657,-1.81743,1.88815,-1.03167,-1.51588,1.51182,3.0369,-2.07895,-0.46418,-0.26272,-0.34476,-0.202,0.73019,3.33793,-0.15406,1.89883,1
positive258,-0.11095,-0.18856,-0.2091,-0.15482,-0.07225,-0.09315,-0.13369,-0.11764,-0.19106,-0.18079,-0.21972,-0.11264,-0.16763,-0.17958,1.00496,-0.51986,0.93063,-0.92396,-0.80588,-1.18994,-0.19653,-0.23498,1.72575,-1.33236,0.24611,-0.22454,0.66529,-0.1838,-0.16751,-0.16481,0.56222,-0.22001,-0.29911,-0.19169,-1.01935,-0.1022,-0.75649,-0.37589,-0.21535,-0.28071,-0.21525,0.0058,-0.30461,-0.17555,-0.2232,-0.50557,1.57835,-0.23907,-0.24428,-0.59064,-0.88252,-1.25041,-0.71499,-0.2663,-0.10657,1.12282,2.19876,-1.36878,-1.51588,2.75903,0.73776,-3.61681,1.40631,-0.22407,0.3561,-0.202,-1.36951,7.93432,-0.13176,-0.28108,1
positive259,-0.11095,-0.18856,-0.2091,-0.15482,-0.07225,-0.09315,-0.13369,-0.11764,-0.19106,-0.18079,4.55547,-0.11264,2.80257,-0.17958,1.00496,-0.51986,-0.23693,-0.92396,0.15339,-1.75271,-0.19653,-0.23498,2.14694,0.45736,0.24611,-0.22454,-0.9666,-0.1838,-0.16751,-0.16481,-1.05835,-0.22001,-0.98375,-0.19169,-1.01935,-0.1022,-0.75649,0.51339,-0.68042,-0.28071,-0.21525,1.37791,-0.30461,-0.17555,-0.2232,-0.0157,0.62713,-0.23907,-0.24428,-0.59064,-1.01323,-0.31087,-1.42852,-0.2663,-0.10657,0.23577,-0.71077,-2.08516,0.70105,-0.28346,0.13258,0.89116,-2.21313,-0.22407,2.35856,-0.202,0.73019,-0.22085,-0.13176,-1.70381,1
positive260,-0.12453,-0.19626,-0.21715,-0.16513,-0.0915,-0.10818,-0.14012,-0.12467,-0.21439,-0.18816,-0.24143,-0.13765,-0.20814,-0.20684,-1.20435,-0.51986,-1.17097,-0.92396,-0.86983,1.17371,-0.22045,-0.24832,-0.92858,0.90062,-0.79504,-0.22454,0.83048,-0.1838,-0.17764,-0.21124,-0.80031,-0.24955,0.93324,-0.19169,2.83292,-0.11703,1.25487,-1.44303,-0.40137,-0.28071,-0.21525,-0.87031,-0.30461,-0.19193,4.27512,-0.33722,-2.57446,-0.23907,-0.24428,1.29008,0.30362,3.81793,2.4985,-0.2726,-0.10657,-1.31832,0.17336,1.1596,0.22599,-1.07613,-1.53265,-1.14481,-0.67772,-0.26272,-0.34476,-0.202,0.73019,-0.27646,-0.15406,-1.56653,1
positive261,-0.12453,-0.19626,-0.21715,-0.16513,-0.0915,-0.10818,-0.14012,-0.12467,-0.21439,-0.18816,-0.24143,-0.13765,-0.20814,-0.20684,0.35516,-0.51986,0.69712,0.85619,1.17662,-0.62717,-0.22045,-0.24832,-0.50495,-0.79826,-0.79504,-0.22454,-0.9666,-0.1838,-0.17764,-0.21124,0.96048,-0.24955,-1.80531,-0.19169,0.90678,-0.11703,-0.75649,-0.37589,-0.40137,-0.28071,-0.21525,1.17628,-0.30461,-0.19193,-0.2232,-0.328,-0.86947,-0.23907,-0.24428,1.29008,-1.63919,0.00888,-1.38534,-0.2726,-0.10657,-0.14177,0.08669,-0.73669,0.22599,-1.88126,-0.42832,0.78415,-1.2386,-0.26272,-0.34476,-0.202,0.73019,-0.27646,-0.15406,1.88527,1
positive262,-0.14425,-0.20744,-0.22883,-0.18011,-0.11946,-0.13001,-0.14945,-0.13489,-0.24827,-0.19886,-0.27295,-0.17397,-0.26697,-0.24643,-0.68451,-0.51986,-0.70395,-0.92396,-0.74193,1.17371,-0.25519,-0.26769,0.94024,0.61274,-0.79504,3.13867,0.71395,-0.1838,-0.19234,-0.27867,0.59059,3.00321,0.11168,-0.19169,0.42525,-0.13857,-0.75649,0.24661,-0.30836,-0.28071,-0.21525,-0.26981,2.22944,-0.21571,-0.2232,-0.03299,-0.14062,-0.23907,-0.24428,-0.59064,-1.00647,0.83829,-1.1034,-0.28176,-0.10657,-0.9138,-0.26556,1.03318,0.19543,-0.91607,0.41533,0.71194,-0.38507,-0.31883,0.65647,-0.202,0.73019,2.74536,-0.18643,-1.13124,1
positive263,-0.14787,-0.2095,-0.23097,-0.18285,-0.12459,-0.13402,-0.15117,-0.13676,-0.25449,-0.20083,-0.27874,-0.18063,-0.27776,-0.25369,-0.38746,-0.51986,0.43025,1.10874,-0.39476,0.33759,-0.26157,-0.27124,-0.43128,1.52483,-0.79504,-0.22454,1.48001,-0.1838,-0.19503,-0.29104,-1.10188,2.91189,1.16798,-0.19169,0.35646,-0.14252,-0.75649,0.89451,-0.87973,-0.28071,-0.21525,0.12564,-0.30461,-0.22007,-0.2232,-0.42898,0.39444,-0.23907,-0.24428,-0.59064,-1.22134,-0.44158,-0.45391,-0.28344,-0.10657,-0.97315,-0.87191,1.96025,-1.51588,-0.70608,-0.95331,0.21158,-1.51921,-0.32913,-0.85968,-0.202,0.73019,2.65198,-0.19237,-0.89082,1
positive264,-0.12453,-0.19626,-0.21715,5.86665,-0.0915,-0.10818,-0.14012,-0.12467,-0.21439,-0.18816,-0.24143,-0.13765,-0.20814,-0.20684,-0.68451,-0.51986,0.23009,-0.92396,0.4092,0.27327,-0.22045,3.65197,-0.36338,-0.13452,-0.79504,-0.22454,-0.9666,-0.1838,-0.17764,-0.21124,0.74355,-0.24955,0.38553,-0.19169,-1.01935,-0.11703,0.37658,-1.44303,-0.40137,-0.28071,-0.21525,-1.03225,-0.30461,-0.19193,-0.2232,-0.31814,-0.19287,-0.23907,-0.24428,-0.59064,0.41282,-1.14449,1.10932,-0.2726,-0.10657,-0.29738,1.40451,-0.61027,-0.35463,1.62947,0.53455,0.11333,0.78619,-0.26272,-0.74525,-0.202,-1.36951,-0.27646,-0.15406,-0.43476,1
positive265,-0.14425,-0.20744,-0.22883,-0.18011,-0.11946,-0.13001,-0.14945,-0.13489,-0.24827,-0.19886,-0.27295,-0.17397,-0.26697,-0.24643,0.48512,-0.51986,1.04738,-0.92396,-0.74193,-0.17695,-0.25519,-0.26769,-0.66598,0.57374,-0.79504,-0.22454,0.01869,-0.1838,-0.19234,-0.27867,-0.12359,-0.29244,0.52246,-0.19169,-0.29705,-0.13857,1.34652,-0.28696,-0.86644,-0.28071,-0.21525,0.08944,-0.30461,-0.21571,-0.2232,-1.146,-0.72371,-0.23907,-0.24428,-0.59064,-0.97069,-0.19897,1.63148,-0.28176,-0.10657,-0.72747,-0.43999,1.32815,-0.2324,-0.62058,0.1281,0.67357,0.03301,-0.31883,-0.24464,-0.202,0.73019,-0.35722,-0.18643,-0.32963,1
positive266,-0.11095,-0.18856,-0.2091,6.64994,-0.07225,-0.09315,-0.13369,-0.11764,-0.19106,-0.18079,-0.21972,-0.11264,-0.16763,-0.17958,1.00496,-0.51986,-0.8207,0.52973,-0.80588,-0.62717,-0.19653,-0.23498,0.20409,0.68466,1.28725,-0.22454,-0.9666,-0.1838,-0.16751,-0.16481,-0.01583,-0.22001,-0.29911,-0.19169,-1.01935,-0.1022,0.36565,0.95803,0.24972,-0.28071,-0.21525,0.02109,-0.30461,5.2269,-0.2232,0.56383,-1.51399,-0.23907,-0.24428,-0.59064,-0.74182,0.99458,2.65656,-0.2663,-0.10657,-0.88032,-0.60497,-2.1273,0.70105,-1.00699,0.38947,0.52787,1.59353,-0.22407,0.85672,-0.202,-1.36951,-0.22085,-0.13176,1.09842,1
positive267,-0.12453,-0.19626,-0.21715,-0.16513,-0.0915,-0.10818,-0.14012,-0.12467,-0.21439,-0.18816,-0.24143,-0.13765,-0.20814,-0.20684,-1.72418,-0.51986,-1.40448,-0.92396,-1.12564,1.17371,4.44426,-0.24832,-0.49881,0.92144,-0.79504,-0.22454,0.70077,-0.1838,-0.17764,-0.21124,-1.67216,-0.24955,-0.16218,-0.19169,-1.01935,-0.11703,1.58942,0.33553,-0.40137,-0.28071,-0.21525,0.51953,3.20408,-0.19193,-0.2232,-0.4624,-0.52878,-0.23907,-0.24428,-0.59064,1.73819,-0.02743,0.36891,-0.2726,-0.10657,-0.56017,-0.84829,-0.31529,0.80661,-0.37485,-1.49107,-1.18626,-1.62731,-0.26272,-0.74525,-0.202,0.73019,-0.27646,-0.15406,-1.30852,1
positive268,-0.12018,-0.19379,-0.21457,-0.16183,-0.08533,-0.10337,-0.13806,-0.12242,-0.20692,-0.1858,-0.23447,-0.12964,-0.19517,-0.19811,-0.01615,-0.51986,0.84723,1.20319,1.34106,-0.46637,-0.21279,-0.24405,1.05967,2.20039,0.9402,-0.22454,-0.9666,-0.1838,-0.17439,-0.19637,0.22829,-0.24009,-0.59252,5.82784,-1.01935,-0.11228,1.38728,0.13227,0.44904,-0.28071,5.1565,1.5463,-0.30461,-0.18668,4.68406,2.22021,-0.94305,4.68535,-0.24428,1.49905,-0.28381,1.95754,0.20591,-0.27059,-0.10657,1.48777,-0.91709,-0.90525,0.35998,-0.38243,1.60061,1.33961,0.59397,-0.25034,1.85795,-0.202,0.73019,-0.25865,-0.14692,-0.14683,1
positive269,-0.14425,-0.20744,-0.22883,-0.18011,-0.11946,-0.13001,-0.14945,-0.13489,-0.24827,-0.19886,-0.27295,-0.17397,-0.26697,-0.24643,0.09525,0.87514,-0.70395,0.45581,-0.74193,-0.85228,-0.25519,-0.26769,-0.25061,0.24023,1.51861,-0.22454,-0.40723,-0.1838,-0.19234,-0.27867,2.21172,-0.29244,-0.29911,-0.19169,-0.29705,-0.13857,-0.75649,0.24661,0.80781,-0.28071,-0.21525,-0.93642,-0.30461,-0.21571,-0.2232,0.55781,1.1915,2.22314,-0.24428,-0.59064,-0.25275,-0.07526,-0.74231,-0.28176,-0.10657,-0.07615,1.97233,1.41243,-1.08805,0.9732,0.17892,-0.48157,0.56116,-0.31883,-0.24464,-0.202,0.73019,-0.35722,-0.18643,-0.27153,1
positive270,-0.14425,-0.20744,-0.22883,-0.18011,-0.11946,-0.13001,-0.14945,-0.13489,2.68049,-0.19886,-0.27295,-0.17397,-0.26697,-0.24643,0.09525,-0.51986,-0.35368,-0.92396,-0.55007,-0.17695,-0.25519,-0.26769,-1.22717,0.89418,-0.79504,-0.22454,-0.51041,-0.1838,-0.19234,-0.27867,0.32997,-0.29244,0.52246,-0.19169,-1.01935,-0.13857,2.17222,-0.02018,-0.86644,-0.28071,-0.21525,1.31827,-0.30461,-0.21571,-0.2232,-1.70792,-0.63209,-0.23907,-0.24428,-0.59064,-1.63954,-0.36921,1.08116,-0.28176,-0.10657,0.1778,-0.91055,1.37029,0.62326,0.10902,1.132,-0.63723,-0.26591,-0.31883,-0.54501,-0.202,-1.36951,-0.35722,-0.18643,0.09612,1
positive271,-0.12872,-0.19864,-0.21963,-0.16832,-0.09745,-0.11283,-0.1421,-0.12685,-0.2216,-0.19043,-0.24813,-0.14537,-0.22066,-0.21526,0.68006,-0.51986,0.12793,-0.92396,0.55309,-0.34578,4.27869,-0.25244,0.42088,-0.63759,0.69231,-0.22454,1.25884,-0.1838,-0.18076,4.1475,-0.70819,-0.25868,0.21437,-0.19169,-1.01935,-0.12161,1.44507,-0.48705,-0.79668,-0.28071,-0.21525,-0.86506,-0.30461,-0.19699,-0.2232,-1.12301,-0.68837,-0.23907,-0.24428,1.1191,2.33533,0.37569,0.78453,-0.27455,-0.10657,0.46989,0.12454,0.19038,-0.43205,0.20585,-1.33719,-0.60537,0.37755,-0.27466,-0.01936,-0.202,0.73019,3.19819,2.98872,-0.63676,1
positive272,-0.12872,-0.19864,-0.21963,-0.16832,-0.09745,-0.11283,-0.1421,-0.12685,-0.2216,-0.19043,-0.24813,-0.14537,-0.22066,-0.21526,-0.29463,-0.51986,1.44143,-0.92396,1.992,0.49838,-0.22784,-0.25244,-0.64795,-0.42643,-0.05136,-0.22454,0.98233,-0.1838,-0.18076,-0.22558,-1.30184,-0.25868,0.72785,-0.19169,-0.11648,-0.12161,-0.75649,-1.15401,-0.79668,-0.28071,-0.21525,-0.90929,2.95346,-0.19699,-0.2232,-0.32782,0.49771,-0.23907,-0.24428,-0.59064,-0.13554,-0.63142,-0.77738,-0.27455,-0.10657,-1.86555,-0.98378,-0.02031,-0.43205,-0.23303,-0.22368,-0.19707,-0.41448,-0.27466,-0.77029,-0.202,0.73019,3.19819,-0.16094,0.39786,1
positive273,-0.12453,-0.19626,-0.21715,-0.16513,-0.0915,-0.10818,-0.14012,-0.12467,-0.21439,-0.18816,-0.24143,-0.13765,-0.20814,-0.20684,0.875,2.39109,-1.40448,-0.92396,-1.12564,-0.17695,-0.22045,3.65197,0.02154,1.07761,-0.79504,-0.22454,-0.38298,-0.1838,-0.17764,-0.21124,1.58208,-0.24955,-0.16218,-0.19169,-0.05628,-0.11703,0.29463,-1.79874,-0.77343,-0.28071,-0.21525,0.2755,-0.30461,4.59684,-0.2232,-0.23715,-0.28211,-0.23907,-0.24428,-0.59064,1.09801,0.07279,0.33039,-0.2726,-0.10657,-0.80363,1.50345,-0.48385,-0.35463,1.82916,-0.0853,-1.10293,0.97199,-0.26272,-0.34476,-0.202,-1.36951,-0.27646,-0.15406,0.57256,1
positive274,-0.12453,-0.19626,-0.21715,-0.16513,-0.0915,-0.10818,-0.14012,-0.12467,-0.21439,-0.18816,-0.24143,-0.13765,-0.20814,-0.20684,-0.16467,-0.51986,-0.47044,-0.92396,-0.10241,0.72349,-0.22045,-0.24832,0.27257,0.72365,-0.79504,-0.22454,2.10025,-0.1838,-0.17764,-0.21124,0.30213,-0.24955,0.38553,-0.19169,-0.05628,-0.11703,-0.75649,1.04696,-0.40137,-0.28071,-0.21525,1.26281,-0.30461,-0.19193,-0.2232,-1.52744,-0.06249,-0.23907,-0.24428,-0.59064,0.31003,-0.5059,-1.2868,-0.2726,-0.10657,-0.15304,-1.26555,-0.73669,0.22599,-0.9422,-0.04726,-0.40043,-1.51492,3.50456,-0.74525,-0.202,0.73019,3.33793,-0.15406,0.57256,1
positive275,-0.14425,-0.20744,-0.22883,4.99754,-0.11946,-0.13001,-0.14945,-0.13489,-0.24827,-0.19886,-0.27295,6.10497,-0.26697,-0.24643,-0.68451,-0.51986,0.87225,1.17239,-0.93378,0.16072,-0.25519,-0.26769,0.65213,0.03001,0.36179,-0.22454,-0.9666,-0.1838,-0.19234,-0.27867,1.48929,-0.29244,-0.70989,-0.19169,-1.01935,-0.13857,-0.75649,-1.08732,-0.02932,-0.28071,-0.21525,-0.88063,-0.30461,-0.21571,-0.2232,-0.13494,1.20415,-0.23907,-0.24428,0.66317,0.9699,-0.66753,-1.69159,-0.28176,-0.10657,0.24383,-1.16366,0.78034,-0.2324,0.87377,0.8091,1.35121,0.17871,-0.31883,-0.54501,-0.202,0.73019,-0.35722,-0.18643,-0.91096,1
positive276,-0.15821,-0.21536,-0.23709,-0.19071,-0.13925,-0.14547,-0.15606,6.27612,-0.27226,-0.20644,-0.29527,-0.19968,-0.30861,-0.27445,-1.59422,0.57276,-1.40448,-0.92396,-1.12564,0.77977,-0.27979,-0.2814,0.45874,-0.06283,0.15146,-0.22454,-0.52848,-0.1838,-0.20274,-0.3264,-0.21837,-0.32281,-0.64143,-0.19169,0.7864,-0.15381,1.40582,0.06875,-0.91295,1.96317,-0.21525,0.41808,-0.30461,-0.23254,-0.2232,-0.11094,-0.41,-0.23907,-0.24428,0.39921,-0.85313,2.65802,0.32713,-0.28824,-0.10657,-0.32975,0.08298,2.9716,1.3115,-0.01552,-0.54833,0.37738,-0.86028,-0.35856,-0.14452,-0.202,-1.36951,-0.41439,-0.20935,-0.9742,1
positive277,-0.12453,-0.19626,-0.21715,-0.16513,-0.0915,-0.10818,-0.14012,-0.12467,-0.21439,-0.18816,-0.24143,-0.13765,-0.20814,-0.20684,-0.68451,-0.51986,0.23009,-0.92396,-0.86983,0.72349,-0.22045,-0.24832,-1.85211,-0.42138,-0.79504,-0.22454,1.62128,-0.1838,-0.17764,-0.21124,-2.17525,-0.24955,2.02867,-0.19169,0.90678,-0.11703,0.29883,2.46981,3.69124,-0.28071,-0.21525,-1.53543,-0.30461,-0.19193,-0.2232,1.77376,-0.32432,-0.23907,-0.24428,-0.59064,-0.23896,-1.14483,1.44063,-0.2726,-0.10657,0.90572,1.01935,0.82248,-0.93526,1.27816,0.12372,-0.20743,1.0965,-0.26272,-0.34476,-0.202,0.73019,-0.27646,3.10616,-1.30852,1
positive278,-0.12872,-0.19864,-0.21963,-0.16832,-0.09745,-0.11283,7.12511,-0.12685,-0.2216,-0.19043,-0.24813,-0.14537,-0.22066,-0.21526,-1.75667,3.91069,-0.09098,-0.92396,0.31327,2.1867,4.27869,-0.25244,-1.82319,-0.92882,-0.79504,-0.22454,-0.37436,5.46445,-0.18076,-0.22558,-0.02139,-0.25868,0.72785,-0.19169,1.68928,-0.12161,1.32002,1.51383,2.69134,-0.28071,-0.21525,-1.45717,-0.30461,-0.19699,-0.2232,0.13093,-2.00429,-0.23907,3.45451,-0.59064,0.79162,1.3824,1.2144,-0.27455,-0.10657,-1.02083,-1.08764,1.1596,0.10986,-0.24259,-0.32447,0.67091,-0.10473,-0.27466,-0.39482,-0.202,-1.36951,-0.29364,-0.16094,1.80533,1
positive279,-0.12872,-0.19864,-0.21963,-0.16832,-0.09745,-0.11283,-0.1421,-0.12685,-0.2216,-0.19043,-0.24813,-0.14537,-0.22066,-0.21526,-1.26933,-0.51986,1.0036,0.22585,0.07345,1.34254,-0.22784,-0.25244,-0.71415,0.99953,-0.05136,-0.22454,1.12538,-0.1838,-0.18076,-0.22558,0.05558,-0.25868,1.24133,-0.19169,-0.11648,-0.12161,-0.75649,-1.48749,-0.44788,-0.28071,-0.21525,-1.14332,-0.30461,-0.19699,-0.2232,0.65735,0.53045,-0.23907,-0.24428,-0.59064,-1.50455,0.23464,-0.76892,-0.27455,-0.10657,-0.42659,-0.38947,0.40108,-0.43205,-0.01131,-0.6646,-1.56546,-0.30982,-0.27466,-0.77029,-0.202,-1.36951,-0.29364,-0.16094,1.11933,1
positive280,-0.12453,-0.19626,-0.21715,-0.16513,-0.0915,-0.10818,-0.14012,-0.12467,-0.21439,-0.18816,-0.24143,-0.13765,-0.20814,-0.20684,-1.72418,3.67691,0.69712,-0.92396,1.17662,1.17371,-0.22045,-0.24832,-0.46255,0.08899,-0.79504,-0.22454,0.71623,-0.1838,-0.17764,-0.21124,-0.68139,-0.24955,0.93324,-0.19169,0.90678,-0.11703,-0.75649,0.69125,1.08685,-0.28071,-0.21525,-0.45027,-0.30461,-0.19193,-0.2232,0.25479,-0.16974,-0.23907,3.73903,3.1708,-0.53986,0.29954,-0.90365,-0.2726,-0.10657,2.22674,0.20404,0.14824,-1.51588,0.00938,-0.22421,1.32265,1.79755,-0.26272,-0.74525,-0.202,0.73019,-0.27646,-0.15406,0.26758,1
positive281,-0.12453,-0.19626,-0.21715,-0.16513,-0.0915,-0.10818,-0.14012,-0.12467,-0.21439,-0.18816,-0.24143,-0.13765,-0.20814,-0.20684,0.35516,-0.51986,1.39765,0.32235,0.92081,-0.62717,-0.22045,-0.24832,0.06644,0.41028,0.00584,-0.22454,-0.9666,-0.1838,-0.17764,-0.21124,0.26138,-0.24955,-0.70989,-0.19169,1.86985,-0.11703,-0.75649,-1.44303,-0.40137,-0.28071,-0.21525,-1.60536,-0.30461,-0.19193,-0.2232,0.22766,0.63152,-0.23907,-0.24428,-0.59064,-1.68088,1.27317,0.50851,7.1015,-0.10657,0.69465,0.1245,-0.06245,-1.51588,0.07844,0.98591,-1.67857,-0.17188,-0.26272,0.05573,5.03431,0.73019,-0.27646,-0.15406,1.17817,1
positive282,7.81828,-0.19626,-0.21715,-0.16513,-0.0915,-0.10818,-0.14012,-0.12467,-0.21439,-0.18816,-0.24143,-0.13765,-0.20814,-0.20684,-0.16467,-0.51986,-0.47044,-0.92396,-0.10241,0.72349,-0.22045,-0.24832,0.72888,-1.08693,-0.79504,-0.22454,-0.9666,-0.1838,-0.17764,-0.21124,1.21333,-0.24955,-1.2576,-0.19169,-1.01935,-0.11703,0.29723,-1.44303,-0.40137,-0.28071,-0.21525,0.05747,-0.30461,-0.19193,-0.2232,-0.50408,0.21796,-0.23907,-0.24428,-0.59064,-0.44718,-0.39708,-0.76374,-0.2726,-0.10657,1.92996,-0.65276,-0.94739,1.38724,0.48975,1.79773,1.30505,0.20355,-0.26272,-0.74525,-0.202,0.73019,-0.27646,-0.15406,1.75345,1
positive283,-0.12453,-0.19626,-0.21715,-0.16513,-0.0915,-0.10818,-0.14012,-0.12467,-0.21439,-0.18816,-0.24143,-0.13765,-0.20814,-0.20684,-0.68451,-0.51986,-1.40448,0.85619,-1.12564,1.17371,-0.22045,-0.24832,-0.73478,-0.6582,-0.79504,-0.22454,-0.42546,-0.1838,-0.17764,-0.21124,0.82457,-0.24955,-1.2576,-0.19169,-0.05628,-0.11703,3.09935,-1.08732,-0.40137,-0.28071,-0.21525,0.66378,3.20408,-0.19193,-0.2232,-0.68456,-3.15692,-0.23907,-0.24428,-0.59064,0.93822,1.96743,2.26229,-0.2726,-0.10657,0.45623,1.24618,0.06397,1.38724,-2.18218,0.02337,1.15829,0.86445,-0.26272,-0.74525,-0.202,-1.36951,-0.27646,-0.15406,0.68468,1
positive284,-0.13278,-0.20094,-0.22203,-0.1714,-0.1032,8.10734,-0.14403,-0.12895,-0.22857,-0.19264,3.70476,-0.15285,2.23,-0.22341,0.04938,-0.51986,1.6861,0.21764,-0.22279,0.29975,-0.23499,-0.25643,-0.71708,1.3284,-0.79504,-0.22454,0.24898,-0.1838,-0.18379,-0.23946,0.16241,3.32385,0.06335,-0.19169,0.68018,-0.12605,-0.75649,-1.52673,-0.8172,-0.28071,-0.21525,-0.66367,2.73625,-0.20188,-0.2232,0.51326,0.36434,-0.23907,-0.24428,-0.59064,-0.28166,-0.68389,-0.53152,-0.27644,-0.10657,0.88332,-0.01547,0.5275,0.00826,-0.95011,0.0578,0.25939,-0.32047,-0.2862,-0.79237,-0.202,0.73019,-0.31026,-0.16761,0.38002,1
positive285,-0.15139,-0.2115,-0.23306,-0.18553,-0.12959,-0.13792,-0.15284,-0.13859,2.52526,-0.20274,-0.28438,-0.18713,-0.28828,-0.26077,0.23702,-0.51986,0.9837,0.85208,-0.42798,0.19141,-0.26778,-0.2747,-0.3409,-1.15064,0.24611,-0.22454,0.99746,-0.1838,-0.19766,-0.3031,-0.16705,-0.30799,0.63449,-0.19169,0.95056,-0.14637,-0.75649,1.24099,-0.38446,-0.28071,-0.21525,-0.66304,-0.30461,-0.22432,-0.2232,-0.2635,0.36932,-0.23907,-0.24428,0.51566,-0.3115,-0.06061,-0.18602,-0.28507,-0.10657,0.20242,1.56776,2.33951,0.41953,-0.07057,0.6901,-1.40574,0.6934,-0.33917,-0.87268,-0.202,0.73019,-0.38649,-0.19816,0.60377,1
positive286,-0.13671,-0.20317,-0.22436,-0.17438,-0.10878,-0.12167,-0.14589,-0.13098,-0.23533,-0.19477,-0.26091,-0.16009,2.14473,-0.2313,0.35516,-0.51986,1.90359,0.77611,2.49828,-1.00235,-0.24192,-0.26029,-0.17806,1.10781,0.50639,-0.22454,0.17851,-0.1838,-0.18672,-0.25291,0.75846,-0.27606,-0.07089,-0.19169,1.38832,-0.13034,-0.75649,-0.37589,0.40475,-0.28071,2.47062,-0.76163,-0.30461,4.13911,-0.2232,-0.18207,0.36676,-0.23907,-0.24428,2.30277,0.69023,-0.71643,0.08154,-0.27826,-0.10657,-0.46415,0.92448,1.03318,-1.51588,0.47556,0.50841,-0.55234,-0.50307,-0.2974,-0.47826,-0.202,0.73019,-0.32637,-0.17406,1.31143,1
positive287,-0.12453,-0.19626,-0.21715,-0.16513,-0.0915,-0.10818,-0.14012,8.10183,-0.21439,-0.18816,-0.24143,-0.13765,-0.20814,-0.20684,-1.20435,1.03262,-0.47044,-0.92396,-0.10241,1.62393,-0.22045,-0.24832,-0.39731,-0.17283,-0.79504,-0.22454,0.27843,-0.1838,-0.17764,-0.21124,0.16361,-0.24955,0.93324,-0.19169,0.90678,-0.11703,-0.75649,-0.37589,0.71479,-0.28071,-0.21525,-1.2886,-0.30461,-0.19193,-0.2232,0.14133,0.42313,-0.23907,-0.24428,-0.59064,1.64251,1.40832,-0.17232,-0.2726,-0.10657,-0.95991,0.87141,0.02183,0.22599,0.42023,0.00015,-1.05388,-0.04516,-0.26272,-0.34476,-0.202,0.73019,-0.27646,-0.15406,-1.06,1
positive288,-0.13278,-0.20094,-0.22203,-0.1714,-0.1032,-0.11732,-0.14403,-0.12895,-0.22857,-0.19264,-0.25462,-0.15285,-0.23276,-0.22341,-0.86798,0.85606,-0.37429,0.44965,0.00292,1.09426,-0.23499,3.39196,-1.03474,-0.37725,-0.79504,-0.22454,-0.41488,-0.1838,-0.18379,-0.23946,0.14241,-0.2675,0.06335,-0.19169,0.68018,-0.12605,0.32582,-1.21286,-0.16063,-0.28071,-0.21525,-1.02771,-0.30461,-0.20188,-0.2232,-0.23149,-0.69501,-0.23907,-0.24428,-0.59064,0.85288,0.00936,0.90366,-0.27644,-0.10657,-0.33562,-0.73138,0.35894,0.00826,-1.23442,0.30887,-0.64167,-0.02481,-0.2862,-0.79237,-0.202,-1.36951,-0.31026,-0.16761,0.02884,1
positive289,-0.15139,-0.2115,3.60851,-0.18553,-0.12959,-0.13792,-0.15284,-0.13859,-0.26055,-0.20274,-0.28438,-0.18713,-0.28828,-0.26077,-0.47185,-0.51986,-0.13079,2.81907,-0.95122,-0.42252,-0.26778,-0.2747,-0.43247,-0.59474,0.76668,-0.22454,0.92292,-0.1838,-0.19766,-0.3031,-0.33622,-0.30799,0.63449,-0.19169,-0.36272,-0.14637,-0.75649,-0.45673,0.12289,-0.28071,-0.21525,-0.24753,-0.30461,-0.22432,-0.2232,-0.13357,0.49463,-0.23907,-0.24428,0.51566,0.79318,0.35504,-0.02328,-0.28507,-0.10657,0.35679,0.77481,2.38165,-1.1288,1.1823,-0.14989,-1.42216,0.33637,-0.33917,0.49263,-0.202,0.73019,-0.38649,-0.19816,-1.14168,1
positive290,-0.13671,-0.20317,-0.22436,-0.17438,-0.10878,-0.12167,-0.14589,-0.13098,-0.23533,-0.19477,-0.26091,-0.16009,-0.24449,-0.2313,0.78836,-0.51986,-0.43152,2.37352,-0.69929,-1.00235,-0.24192,-0.26029,1.13735,-0.35837,-0.14432,-0.22454,-0.36898,-0.1838,-0.18672,-0.25291,2.1443,-0.27606,-0.07089,-0.19169,-0.2168,-0.13034,-0.75649,0.21696,-0.21535,4.20706,-0.21525,0.65678,2.5462,-0.20662,-0.2232,-0.11307,0.96217,-0.23907,-0.24428,-0.59064,0.30798,-0.73686,-0.7363,-0.27826,-0.10657,-0.09263,-1.03979,-0.23101,0.87492,0.50281,0.21719,-0.43538,-0.45963,-0.2974,-0.14452,-0.202,0.73019,-0.32637,-0.17406,-0.6471,1
positive291,-0.13671,-0.20317,-0.22436,-0.17438,-0.10878,-0.12167,-0.14589,-0.13098,-0.23533,-0.19477,-0.26091,-0.16009,-0.24449,-0.2313,-0.07803,3.11639,1.31981,0.21148,-0.69929,0.1232,3.99123,-0.26029,-0.42331,-0.34884,-0.79504,-0.22454,1.94955,-0.1838,-0.18672,-0.25291,-0.55881,3.20807,2.21124,-0.19169,-1.01935,-0.13034,0.43401,-1.26517,-0.21535,-0.28071,-0.21525,-1.23102,-0.30461,-0.20662,-0.2232,0.08019,0.61812,-0.23907,-0.24428,0.85606,1.69825,-0.46864,-0.14554,-0.27826,-0.10657,1.50685,-0.66411,1.49671,-1.03772,1.07858,-1.24296,0.37055,0.18388,-0.2974,1.85795,-0.202,0.73019,2.95364,-0.17406,-0.82586,1
positive292,-0.11566,-0.19123,-0.21189,-0.1584,-0.07893,-0.09837,-0.13592,-0.12008,-0.19915,-0.18334,-0.22725,-0.12131,-0.18169,-0.18904,-0.44458,-0.51986,0.48157,-0.92396,0.05501,0.75812,-0.20483,-0.23961,0.02865,-1.05749,0.15146,-0.22454,-0.29884,-0.1838,-0.17102,-0.18092,-0.62276,-0.23026,0.17487,-0.19169,-1.01935,-0.10735,0.32795,-0.10227,0.1424,-0.28071,-0.21525,-1.11823,-0.30461,-0.18124,-0.2232,1.5774,0.20466,-0.23907,-0.24428,-0.59064,0.42799,0.18966,0.02586,-0.26849,-0.10657,1.16673,0.92188,-0.86311,0.5163,0.62452,-0.98642,0.57707,-0.47581,-0.23748,-0.68364,-0.202,0.73019,-0.24014,-0.1395,0.31221,1
positive293,-0.14425,-0.20744,-0.22883,-0.18011,-0.11946,-0.13001,-0.14945,-0.13489,-0.24827,7.20322,-0.27295,6.10497,-0.26697,3.1754,-0.29463,-0.51986,-0.17855,1.07178,0.21734,0.49838,-0.25519,-0.26769,0.4966,0.53425,0.36179,-0.22454,0.65585,-0.1838,-0.19234,-0.27867,0.94391,-0.29244,-0.29911,-0.19169,-0.29705,7.3076,-0.75649,-0.82053,-0.86644,-0.28071,-0.21525,-1.02399,-0.30461,-0.21571,-0.2232,0.06427,1.14562,-0.23907,-0.24428,-0.59064,0.43769,0.14721,-0.73978,-0.28176,-0.10657,-0.27593,2.89417,1.28602,-0.66023,0.65416,-0.02803,-1.61853,0.30093,-0.31883,-0.54501,-0.202,0.73019,-0.35722,-0.18643,-0.91366,1
positive294,-0.14425,-0.20744,-0.22883,-0.18011,-0.11946,-0.13001,-0.14945,-0.13489,-0.24827,-0.19886,-0.27295,-0.17397,-0.26697,-0.24643,0.09525,-0.51986,-0.17855,-0.92396,0.21734,-0.17695,-0.25519,-0.26769,0.65657,1.01581,-0.79504,-0.22454,-0.26613,-0.1838,-0.19234,-0.27867,-0.18209,-0.29244,-0.70989,-0.19169,-0.29705,-0.13857,-0.75649,1.04696,-0.86644,-0.28071,-0.21525,1.41477,2.22944,-0.21571,-0.2232,1.01991,0.42329,-0.23907,-0.24428,1.91698,-0.1525,-0.62443,-1.28306,-0.28176,-0.10657,0.63962,-1.29285,0.40108,-0.2324,-1.22752,-0.26221,0.14622,0.02444,2.91497,0.65647,-0.202,0.73019,-0.35722,-0.18643,-0.0995,1
positive295,-0.14425,-0.20744,-0.22883,-0.18011,-0.11946,-0.13001,-0.14945,-0.13489,-0.24827,-0.19886,-0.27295,-0.17397,-0.26697,-0.24643,-0.29463,-0.51986,-1.40448,1.34486,-1.12564,1.84903,-0.25519,-0.26769,-0.66539,-1.14506,-0.79504,-0.22454,0.45323,-0.1838,-0.19234,-0.27867,0.19066,-0.29244,-1.12067,-0.19169,-1.01935,-0.13857,2.25579,0.24661,-0.86644,-0.28071,-0.21525,0.64945,-0.30461,-0.21571,-0.2232,-0.28904,-1.48289,-0.23907,-0.24428,-0.59064,-0.71854,0.50998,0.32379,-0.28176,-0.10657,-0.49335,1.52899,0.78034,0.62326,-1.90949,1.0204,0.27905,0.37475,6.14878,-0.24464,-0.202,-1.36951,-0.35722,-0.18643,-1.11088,1
positive296,-0.12453,-0.19626,-0.21715,-0.16513,-0.0915,-0.10818,-0.14012,-0.12467,3.19751,-0.18816,-0.24143,-0.13765,-0.20814,-0.20684,1.39484,-0.51986,0.23009,0.4168,0.665,-0.62717,4.44426,-0.24832,-0.85572,-0.34567,0.00584,-0.22454,0.34988,-0.1838,-0.17764,-0.21124,1.68069,-0.24955,-0.70989,-0.19169,0.90678,-0.11703,-0.75649,-0.02018,0.71479,-0.28071,-0.21525,0.81514,-0.30461,-0.19193,-0.2232,-0.60681,-0.35943,-0.23907,-0.24428,-0.59064,-0.79565,-1.10139,-0.53096,-0.2726,-0.10657,-0.13712,-0.37863,-0.56813,0.80661,-0.90508,0.41393,-0.26913,0.91719,3.50456,-0.34476,-0.202,0.73019,-0.27646,-0.15406,1.9973,1
positive297,-0.14425,-0.20744,-0.22883,-0.18011,-0.11946,-0.13001,-0.14945,-0.13489,2.68049,-0.19886,-0.27295,-0.17397,-0.26697,-0.24643,0.09525,0.96565,-0.35368,-0.92396,0.02549,0.49838,-0.25519,-0.26769,0.16737,0.20899,-0.21662,-0.22454,2.01139,-0.1838,-0.19234,3.60692,-0.08751,-0.29244,1.34403,-0.19169,-0.29705,-0.13857,-0.75649,-1.3541,-0.86644,-0.28071,-0.21525,-0.68107,-0.30461,-0.21571,-0.2232,0.29818,1.23972,-0.23907,2.63255,0.66317,0.43921,-0.52672,-0.38234,-0.28176,-0.10657,1.69998,-0.0985,1.45457,-0.2324,1.59663,-0.20722,-0.33187,0.00486,-0.31883,0.95684,-0.202,0.73019,2.74536,-0.18643,-0.31544,1
positive298,-0.15484,-0.21345,-0.2351,-0.18815,-0.13448,-0.14174,-0.15447,-0.14037,-0.26647,-0.20461,-0.28988,-0.19347,-0.29856,-0.26769,-0.88792,-0.51986,-0.33845,0.81718,-0.62515,0.64519,-0.27385,-0.27809,-1.05109,-1.14808,-0.79504,-0.22454,0.25028,-0.1838,-0.20023,-0.31488,0.70731,-0.31548,0.5046,-0.19169,0.86491,-0.15014,1.2404,-0.06658,-0.90284,-0.28071,-0.21525,-0.57428,-0.30461,-0.22848,-0.2232,0.29939,-0.88096,2.22314,2.22158,0.4542,1.61794,0.07947,0.65356,-0.28667,-0.10657,-0.07249,1.97517,3.1823,-0.03793,-0.93448,-0.22064,-1.73589,0.1616,-0.34898,-0.62337,-0.202,0.73019,-0.4006,-0.20382,0.6369,1
positive299,-0.12453,-0.19626,-0.21715,5.86665,-0.0915,-0.10818,-0.14012,-0.12467,-0.21439,-0.18816,-0.24143,-0.13765,-0.20814,-0.20684,-1.20435,-0.51986,-1.40448,-0.92396,-1.12564,2.97458,-0.22045,-0.24832,-1.56761,0.4428,-0.79504,-0.22454,2.1193,-0.1838,-0.17764,-0.21124,-0.87807,-0.24955,0.38553,-0.19169,-0.05628,-0.11703,2.27706,-1.79874,-0.77343,-0.28071,-0.21525,-1.25341,3.20408,-0.19193,-0.2232,0.04351,-2.05904,-0.23907,-0.24428,-0.59064,-0.82913,0.552,2.21853,-0.2726,-0.10657,0.34856,-0.86551,0.61178,0.22599,-0.48681,0.33759,-0.1887,0.10362,-0.26272,-0.34476,-0.202,-1.36951,-0.27646,-0.15406,1.31966,1
positive300,-0.14425,-0.20744,-0.22883,-0.18011,-0.11946,-0.13001,-0.14945,-0.13489,-0.24827,-0.19886,-0.27295,-0.17397,-0.26697,-0.24643,-1.46426,-0.51986,1.74791,1.34486,-0.74193,0.16072,3.74897,-0.26769,-1.0159,-0.80951,2.09702,-0.22454,0.16988,-0.1838,-0.19234,-0.27867,0.43462,-0.29244,0.11168,-0.19169,-0.29705,-0.13857,0.40254,0.24661,-0.86644,-0.28071,-0.21525,-0.62747,-0.30461,-0.21571,-0.2232,0.15568,0.3624,-0.23907,-0.24428,0.66317,-0.69585,1.30435,-0.3995,-0.28176,-0.10657,-0.70467,-0.72874,1.70741,-0.66023,1.56828,0.06808,0.60996,0.07951,-0.31883,-0.84538,-0.202,0.73019,-0.35722,-0.18643,0.43117,1
positive301,-0.12453,-0.19626,-0.21715,-0.16513,-0.0915,-0.10818,-0.14012,-0.12467,-0.21439,-0.18816,-0.24143,-0.13765,-0.20814,3.77947,-0.16467,-0.51986,-0.00342,1.20319,0.4092,-0.17695,-0.22045,-0.24832,-3.35601,-1.47513,0.00584,-0.22454,-0.9666,-0.1838,-0.17764,-0.21124,-0.56724,-0.24955,-1.2576,-0.19169,0.90678,-0.11703,2.16538,-0.37589,0.34274,-0.28071,-0.21525,1.12433,-0.30461,-0.19193,-0.2232,-1.25878,-2.33756,-0.23907,-0.24428,-0.59064,0.92343,1.12109,1.86989,-0.2726,-0.10657,0.07609,-1.00043,-0.06245,1.38724,-1.60778,0.03314,0.07942,0.34836,-0.26272,-0.74525,-0.202,0.73019,-0.27646,-0.15406,0.70202,1
positive302,-0.12453,-0.19626,-0.21715,-0.16513,-0.0915,-0.10818,-0.14012,-0.12467,-0.21439,4.12343,-0.24143,-0.13765,-0.20814,-0.20684,-0.16467,-0.51986,0.46361,0.41064,0.92081,0.72349,-0.22045,-0.24832,-0.43204,-0.62488,0.00584,-0.22454,0.31294,-0.1838,-0.17764,-0.21124,0.92808,-0.24955,0.38553,-0.19169,0.90678,-0.11703,0.30253,0.33553,1.45891,-0.28071,-0.21525,-0.54393,-0.30461,-0.19193,-0.2232,0.32839,-0.76938,-0.23907,-0.24428,-0.59064,-0.38268,2.40529,0.73821,-0.2726,-0.10657,1.83107,2.73263,0.10611,-0.35463,0.09382,0.83434,-0.77699,1.24643,-0.26272,-0.74525,-0.202,0.73019,-0.27646,-0.15406,-1.01915,1
positive303,-0.11095,-0.18856,-0.2091,-0.15482,-0.07225,-0.09315,-0.13369,-0.11764,-0.19106,-0.18079,-0.21972,-0.11264,2.80257,-0.17958,0.35516,-0.51986,-1.40448,-0.92396,-1.12564,-0.06439,5.06597,-0.23498,-0.06419,-0.4103,-0.79504,-0.22454,1.61819,-0.1838,-0.16751,-0.16481,-0.93577,-0.22001,0.38553,-0.19169,-1.01935,-0.1022,0.33312,0.51339,-0.21535,-0.28071,-0.21525,0.17103,-0.30461,-0.17555,-0.2232,-0.58109,-0.57291,-0.23907,-0.24428,-0.59064,-0.40289,-0.11282,0.05057,-0.2663,-0.10657,0.66958,-0.40115,-1.15808,-0.77691,0.37886,0.00417,-0.6004,1.28701,-0.22407,-0.64513,-0.202,-1.36951,-0.22085,-0.13176,-0.28108,1
positive304,-0.14053,-0.20534,-0.22663,-0.17728,-0.11419,-0.1259,-0.1477,-0.13296,-0.24189,-0.19685,-0.26701,-0.16713,-0.25589,-0.23897,0.62876,-0.51986,0.07032,-0.92396,0.48998,-0.03477,-0.24865,-0.26404,0.11869,1.42367,0.42984,-0.22454,0.73072,-0.1838,-0.18957,-0.26597,0.12861,-0.28436,-0.19101,-0.19169,-1.01935,-0.13451,1.37534,0.6538,-0.85176,-0.28071,-0.21525,1.1391,-0.30461,-0.21123,-0.2232,1.06325,-0.89393,-0.23907,-0.24428,-0.59064,0.72422,-0.58126,-0.1477,-0.28003,-0.10657,-0.30183,-0.60663,0.56964,2.09689,-0.77189,0.23349,0.18454,0.15277,3.01416,-0.51339,-0.202,-1.36951,2.84559,-0.18033,0.65608,1
positive305,-0.13671,-0.20317,-0.22436,-0.17438,-0.10878,-0.12167,-0.14589,-0.13098,-0.23533,-0.19477,-0.26091,-0.16009,-0.24449,-0.2313,0.78836,-0.51986,0.15226,1.96288,0.57974,0.1232,-0.24192,-0.26029,-0.95406,1.59301,0.50639,-0.22454,3.04046,-0.1838,-0.18672,-0.25291,-1.21531,3.20807,1.75481,-0.19169,-0.2168,-0.13034,0.38891,-1.85803,-0.83544,-0.28071,-0.21525,-1.18974,-0.30461,-0.20662,-0.2232,1.48621,0.10185,-0.23907,-0.24428,-0.59064,0.76067,-1.22854,0.34631,-0.27826,-0.10657,-0.48659,-1.11823,1.24388,-1.03772,-0.09409,-1.25011,0.44703,-0.03608,-0.2974,-0.812,-0.202,0.73019,6.23365,-0.17406,-0.42592,1
positive306,-0.13671,-0.20317,8.31496,-0.17438,-0.10878,-0.12167,-0.14589,-0.13098,-0.23533,3.71793,-0.26091,-0.16009,-0.24449,-0.2313,-0.07803,-0.51986,1.90359,1.41467,2.49828,0.87356,-0.24192,3.27916,-1.61043,0.56219,-0.14432,-0.22454,0.02324,-0.1838,-0.18672,-0.25291,1.33868,-0.27606,-0.52732,-0.19169,0.58576,-0.13034,2.36704,-1.85803,-0.83544,-0.28071,-0.21525,-0.3565,-0.30461,-0.20662,-0.2232,-0.16581,-2.43746,-0.23907,-0.24428,0.85606,-1.26434,-0.49989,2.74899,-0.27826,-0.10657,-0.63439,0.71934,1.03318,-1.03772,-0.3586,0.53132,-0.69865,0.31551,-0.2974,-0.812,-0.202,-1.36951,-0.32637,-0.17406,0.52022,1
positive307,-0.14425,-0.20744,-0.22883,-0.18011,-0.11946,-0.13001,-0.14945,-0.13489,-0.24827,-0.19886,-0.27295,-0.17397,-0.26697,-0.24643,0.48512,-0.51986,-0.17855,-0.92396,-0.55007,-0.51461,-0.25519,-0.26769,0.30191,-0.86774,-0.21662,-0.22454,-0.9666,-0.1838,-0.19234,-0.27867,0.40009,-0.29244,-1.12067,-0.19169,0.42525,-0.13857,-0.75649,1.31375,-0.86644,-0.28071,-0.21525,-0.14355,-0.30461,-0.21571,-0.2232,0.53171,0.30916,-0.23907,-0.24428,0.66317,0.07726,-1.00771,-0.78609,-0.28176,-0.10657,-0.41742,1.06403,0.7382,0.62326,-0.01527,0.05259,-0.98476,-0.2242,-0.31883,-0.84538,-0.202,-1.36951,-0.35722,-0.18643,-1.40735,1
positive308,-0.12453,-0.19626,-0.21715,-0.16513,-0.0915,-0.10818,-0.14012,-0.12467,-0.21439,-0.18816,-0.24143,-0.13765,-0.20814,-0.20684,-0.68451,-0.51986,-0.47044,1.10258,-0.10241,1.62393,-0.22045,-0.24832,-2.36213,0.43291,2.40848,-0.22454,0.22684,-0.1838,5.74403,-0.21124,0.05944,-0.24955,-0.16218,-0.19169,-1.01935,-0.11703,2.46535,0.69125,1.83096,-0.28071,-0.21525,-1.20876,-0.30461,-0.19193,-0.2232,-0.00824,-2.18061,-0.23907,-0.24428,-0.59064,1.34371,0.28134,1.91437,-0.2726,-0.10657,0.09587,1.09334,0.19038,1.38724,2.07654,1.60576,0.15968,1.739,-0.26272,-0.34476,-0.202,0.73019,-0.27646,-0.15406,0.81036,1
positive309,-0.12453,-0.19626,-0.21715,-0.16513,-0.0915,-0.10818,-0.14012,-0.12467,-0.21439,-0.18816,-0.24143,-0.13765,-0.20814,-0.20684,0.875,-0.51986,-1.40448,-0.92396,-1.12564,1.17371,-0.22045,-0.24832,-2.20868,-1.21571,-0.79504,-0.22454,-0.38396,-0.1838,-0.17764,-0.21124,1.21248,-0.24955,-1.80531,-0.19169,2.83292,-0.11703,1.32222,-0.37589,-0.40137,-0.28071,-0.21525,3.5486,-0.30461,-0.19193,-0.2232,5.90452,-3.94528,-0.23907,-0.24428,-0.59064,0.73016,-0.37422,1.31928,-0.2726,-0.10657,0.18415,1.75392,-0.61027,2.54849,-3.52009,0.55658,1.11207,0.10649,3.50456,-0.74525,-0.202,0.73019,-0.27646,-0.15406,2.43713,1
positive310,-0.14053,-0.20534,-0.22663,5.14224,-0.11419,-0.1259,-0.1477,-0.13296,-0.24189,-0.19685,-0.26701,-0.16713,-0.25589,-0.23897,1.03916,-0.51986,0.07032,-0.92396,0.48998,-1.10108,-0.24865,-0.26404,0.83014,-0.63703,-0.79504,-0.22454,-0.9666,-0.1838,-0.18957,-0.26597,0.12823,-0.28436,-0.19101,-0.19169,-0.25904,-0.13451,1.48191,0.6538,-0.2643,-0.28071,-0.21525,2.37648,-0.30461,-0.21123,-0.2232,-0.47045,-0.95837,-0.23907,-0.24428,0.75273,-0.34855,0.00431,0.7036,-0.28003,-0.10657,1.17071,-0.50865,0.61178,-0.16109,0.17425,0.35301,-0.81674,0.18727,-0.30826,-0.82957,-0.202,-1.36951,-0.34201,-0.18033,-1.08916,1
positive311,-0.14425,-0.20744,-0.22883,-0.18011,-0.11946,-0.13001,-0.14945,-0.13489,5.60925,-0.19886,-0.27295,-0.17397,4.253,-0.24643,2.04463,-0.51986,-1.40448,-0.92396,-1.12564,0.16072,-0.25519,-0.26769,0.02239,0.75271,0.36179,-0.22454,2.187,-0.1838,-0.19234,-0.27867,-1.23413,-0.29244,-0.29911,-0.19169,-1.01935,-0.13857,2.6631,0.24661,-0.86644,-0.28071,-0.21525,0.31697,2.22944,-0.21571,-0.2232,1.67053,-1.374,-0.23907,-0.24428,-0.59064,-1.64391,-0.40391,1.26937,-0.28176,-0.10657,0.10762,-0.81214,1.1596,0.62326,-0.89486,-1.15002,0.74206,0.2194,2.91497,-0.24464,-0.202,-1.36951,2.74536,5.41067,0.23994,1
positive312,-0.14787,-0.2095,-0.23097,-0.18285,-0.12459,-0.13402,-0.15117,-0.13676,-0.25449,3.4065,-0.27874,-0.18063,-0.27776,-0.25369,0.72647,-0.51986,1.09742,0.97528,1.06699,-0.62717,-0.26157,-0.27124,0.36967,-0.77751,-0.24707,-0.22454,0.00095,-0.1838,-0.19503,-0.29104,0.57506,2.91189,-0.39691,-0.19169,-0.33145,-0.14252,0.31684,-0.62997,-0.61398,-0.28071,-0.21525,0.15189,-0.30461,-0.22007,-0.2232,0.30107,0.39355,-0.23907,2.48114,-0.59064,0.9585,-0.16527,-0.25913,-0.28344,-0.10657,0.7369,-0.47566,1.45457,0.10986,0.1454,-0.40597,-0.53637,0.34617,-0.32913,0.28458,-0.202,0.73019,-0.37204,-0.19237,-1.49426,1
positive313,-0.11566,-0.19123,-0.21189,-0.1584,-0.07893,-0.09837,-0.13592,-0.12008,-0.19915,-0.18334,-0.22725,-0.12131,-0.18169,-0.18904,1.35485,-0.51986,0.48157,0.33878,-0.24015,-1.31981,-0.20483,-0.23961,-0.52181,0.56975,1.09795,-0.22454,-0.9666,-0.1838,-0.17102,-0.18092,-0.19079,-0.23026,0.17487,-0.19169,-1.01935,-0.10735,1.34342,1.12905,-0.28689,-0.28071,-0.21525,-0.8925,-0.30461,-0.18124,5.17478,0.02763,-0.6201,-0.23907,-0.24428,1.76026,-1.61833,-2.54899,1.37473,-0.26849,-0.10657,0.48976,0.7395,-0.98953,0.5163,0.35327,-0.60165,-0.00727,0.09086,-0.23748,-0.68364,-0.202,-1.36951,-0.24014,-0.1395,1.19716,1
positive314,-0.14425,3.66008,-0.22883,-0.18011,-0.11946,-0.13001,-0.14945,-0.13489,-0.24827,-0.19886,-0.27295,-0.17397,-0.26697,-0.24643,1.65475,-0.51986,-1.40448,1.34486,-1.12564,0.16072,-0.25519,-0.26769,-0.52938,0.57284,-0.21662,-0.22454,-0.41114,-0.1838,-0.19234,-0.27867,1.20712,-0.29244,-1.53146,-0.19169,-1.01935,-0.13857,1.44282,-0.28696,-0.30836,-0.28071,2.47062,1.01611,-0.30461,-0.21571,2.95208,2.93049,-0.87574,-0.23907,-0.24428,-0.59064,-0.93069,0.17068,-0.14133,-0.28176,-0.10657,1.53308,-0.66894,0.10611,0.62326,-0.89627,0.34513,1.56375,-1.6473,2.91497,0.05573,-0.202,-1.36951,-0.35722,-0.18643,-0.77035,1
positive315,-0.12872,-0.19864,-0.21963,-0.16832,-0.09745,-0.11283,-0.1421,-0.12685,-0.2216,-0.19043,-0.24813,-0.14537,-0.22066,-0.21526,-1.75667,-0.51986,-1.18556,-0.92396,-0.88582,-0.34578,-0.22784,-0.25244,-0.41774,-0.56987,-0.05136,-0.22454,0.42344,-0.1838,-0.18076,-0.22558,-1.11325,-0.25868,1.75481,-0.19169,-0.11648,-0.12161,-0.75649,1.51383,0.94733,-0.28071,-0.21525,-0.17856,-0.30461,-0.19699,-0.2232,-0.142,0.83385,-0.23907,-0.24428,-0.59064,-1.50762,-1.29925,1.15503,-0.27455,-0.10657,-0.50819,-0.02227,0.06397,-0.97397,-0.23465,-0.56205,-0.6239,0.00097,-0.27466,0.73156,-0.202,0.73019,-0.29364,-0.16094,-0.87437,1
positive316,-0.12453,-0.19626,-0.21715,-0.16513,-0.0915,-0.10818,-0.14012,-0.12467,-0.21439,-0.18816,-0.24143,-0.13765,-0.20814,-0.20684,-1.20435,-0.51986,0.69712,-0.92396,1.17662,0.27327,4.44426,-0.24832,-0.13355,1.84822,-0.79504,-0.22454,-0.34408,-0.1838,5.74403,-0.21124,1.92646,-0.24955,-0.16218,-0.19169,-0.05628,-0.11703,-0.75649,-1.79874,-0.77343,-0.28071,5.1565,0.24385,-0.30461,-0.19193,-0.2232,-1.11324,0.86797,-0.23907,-0.24428,1.29008,0.49681,0.35117,-1.04449,-0.2726,-0.10657,-1.76362,1.42269,-0.35743,-0.35463,0.43771,0.65824,-0.08816,0.16951,-0.26272,-0.34476,-0.202,0.73019,-0.27646,-0.15406,0.15205,1
positive317,-0.12453,-0.19626,-0.21715,-0.16513,-0.0915,-0.10818,-0.14012,-0.12467,-0.21439,-0.18816,-0.24143,-0.13765,-0.20814,-0.20684,0.35516,-0.51986,0.46361,-0.92396,-0.86983,-0.62717,-0.22045,-0.24832,-1.23536,-0.71784,0.00584,-0.22454,-0.9666,-0.1838,-0.17764,-0.21124,-0.7439,-0.24955,0.38553,-0.19169,-0.05628,-0.11703,0.32793,-0.7316,-0.02932,-0.28071,-0.21525,0.31303,-0.30461,-0.19193,-0.2232,0.36438,-1.30552,-0.23907,-0.24428,-0.59064,0.11112,-0.35513,2.03951,-0.2726,-0.10657,0.17903,0.08089,-0.69455,-0.35463,-1.03781,-0.61478,-0.07045,0.57881,-0.26272,0.45622,-0.202,-1.36951,-0.27646,-0.15406,-0.12697,1
positive318,-0.12872,-0.19864,-0.21963,-0.16832,-0.09745,-0.11283,-0.1421,-0.12685,-0.2216,-0.19043,-0.24813,-0.14537,-0.22066,-0.21526,1.16741,-0.51986,-0.74773,-0.92396,-0.646,-1.61202,-0.22784,-0.25244,0.0788,-2.21404,0.69231,-0.22454,-0.9666,-0.1838,-0.18076,-0.22558,-0.60335,-0.25868,0.21437,-0.19169,-1.01935,-0.12161,0.40905,0.84687,-0.79668,-0.28071,-0.21525,1.63433,-0.30461,-0.19699,-0.2232,1.19734,-0.55272,-0.23907,-0.24428,-0.59064,-1.52366,0.713,1.78679,-0.27455,-0.10657,1.7081,-1.10412,-0.86311,-0.97397,-1.22229,-0.79585,-0.04809,-2.57099,-0.27466,1.48249,-0.202,-1.36951,-0.29364,2.98872,-0.44645,1
positive319,-0.12872,-0.19864,-0.21963,-0.16832,-0.09745,-0.11283,-0.1421,-0.12685,-0.2216,-0.19043,-0.24813,-0.14537,-0.22066,-0.21526,0.19271,-0.51986,-0.52882,1.60356,-0.16636,0.49838,-0.22784,-0.25244,-0.2524,-1.49334,-0.79504,-0.22454,-0.33676,-0.1838,-0.18076,-0.22558,-0.41628,-0.25868,-0.81259,-0.19169,0.7864,-0.12161,-0.75649,0.84687,-0.09908,-0.28071,-0.21525,-0.48926,-0.30461,-0.19699,-0.2232,2.5309,-0.58249,-0.23907,-0.24428,-0.59064,0.19021,0.42171,-0.87942,-0.27455,-0.10657,1.67026,-0.32449,-0.23101,0.10986,-1.11452,0.45597,1.63217,-0.49414,3.36487,-0.77029,-0.202,0.73019,-0.29364,-0.16094,1.71921,1
positive320,-0.12453,-0.19626,-0.21715,-0.16513,-0.0915,-0.10818,-0.14012,-0.12467,-0.21439,-0.18816,-0.24143,-0.13765,-0.20814,-0.20684,-0.16467,-0.51986,-1.40448,0.66319,-1.12564,1.62393,-0.22045,-0.24832,-1.19638,0.21067,-0.79504,-0.22454,0.3839,-0.1838,-0.17764,-0.21124,0.80685,-0.24955,-0.70989,-0.19169,0.90678,-0.11703,-0.75649,1.40267,1.83096,-0.28071,-0.21525,-0.74691,-0.30461,-0.19193,-0.2232,0.64317,-0.35718,-0.23907,-0.24428,-0.59064,0.21362,-1.45003,-0.69704,3.41445,-0.10657,0.94107,-0.18752,-0.61027,1.38724,-1.23195,0.36815,0.19978,-0.52923,-0.26272,-0.74525,-0.202,-1.36951,-0.27646,-0.15406,-1.30852,1
positive321,-0.14053,-0.20534,-0.22663,-0.17728,-0.11419,-0.1259,-0.1477,-0.13296,-0.24189,-0.19685,-0.26701,-0.16713,-0.25589,-0.23897,0.21836,-0.51986,0.99208,-0.92396,-0.92368,-0.03477,-0.24865,3.17569,-0.64655,-1.63888,0.42984,-0.22454,0.09127,-0.1838,-0.18957,-0.26597,-0.09603,-0.28436,0.2414,-0.19169,1.2616,-0.13451,0.29504,0.09215,-0.2643,-0.28071,-0.21525,1.41502,-0.30461,-0.21123,-0.2232,-1.77253,-1.25155,-0.23907,2.80178,-0.59064,0.19219,-0.48555,0.36134,-0.28003,-0.10657,-0.76769,0.45457,0.9489,0.7421,-0.41432,0.47759,-0.08635,-0.95503,-0.30826,-0.51339,-0.202,0.73019,-0.34201,-0.18033,-0.11647,1
positive322,-0.14425,-0.20744,-0.22883,-0.18011,-0.11946,-0.13001,-0.14945,-0.13489,2.68049,-0.19886,-0.27295,6.10497,-0.26697,-0.24643,0.875,-0.51986,-0.70395,2.41253,-0.35822,0.16072,-0.25519,-0.26769,-0.09545,-0.59386,-0.79504,-0.22454,-0.9666,-0.1838,-0.19234,-0.27867,1.74853,-0.29244,-1.53146,-0.19169,-1.01935,-0.13857,0.38245,-0.02018,0.52877,-0.28071,-0.21525,-0.03658,-0.30461,-0.21571,-0.2232,0.45257,0.32566,-0.23907,-0.24428,-0.59064,0.25837,-0.57384,-0.50553,-0.28176,-0.10657,-1.88076,-1.28919,0.3168,1.47892,-0.15958,0.33694,1.0336,-0.73532,-0.31883,-0.84538,-0.202,0.73019,-0.35722,-0.18643,-0.33727,1
positive323,-0.12453,-0.19626,-0.21715,-0.16513,-0.0915,-0.10818,-0.14012,-0.12467,-0.21439,-0.18816,-0.24143,-0.13765,2.42466,-0.20684,0.875,-0.51986,1.16414,-0.92396,1.68823,-0.17695,-0.22045,-0.24832,-0.37236,2.37295,0.80672,-0.22454,-0.41049,-0.1838,-0.17764,4.31533,-0.57721,-0.24955,-1.2576,-0.19169,0.90678,-0.11703,1.31662,-0.7316,-0.77343,-0.28071,-0.21525,0.28025,-0.30461,-0.19193,-0.2232,0.54335,-1.64508,-0.23907,-0.24428,-0.59064,-0.22484,0.73092,1.32395,-0.2726,-0.10657,0.04788,0.43282,-0.14673,-0.93526,-0.41362,-0.20192,1.34845,-0.00079,-0.26272,-0.74525,-0.202,-1.36951,-0.27646,3.10616,0.87425,1
positive324,-0.12453,-0.19626,-0.21715,-0.16513,-0.0915,-0.10818,-0.14012,-0.12467,-0.21439,-0.18816,-0.24143,-0.13765,-0.20814,-0.20684,0.35516,1.48558,0.23009,0.61596,-0.35822,-0.62717,-0.22045,-0.24832,-0.75376,-0.02268,0.80672,-0.22454,0.64153,-0.1838,-0.17764,-0.21124,-0.70726,-0.24955,0.93324,-0.19169,-0.05628,-0.11703,0.39471,1.40267,1.83096,-0.28071,-0.21525,-0.20461,-0.30461,-0.19193,-0.2232,0.76939,-0.35926,-0.23907,-0.24428,-0.59064,-1.40369,-0.30796,-0.0838,-0.2726,-0.10657,-0.42707,-0.67794,-0.18887,-0.93526,0.19062,-1.02141,-0.47365,1.90345,-0.26272,-0.74525,-0.202,0.73019,-0.27646,-0.15406,-0.92525,1
positive325,-0.11095,-0.18856,5.09879,-0.15482,-0.07225,-0.09315,-0.13369,-0.11764,-0.19106,-0.18079,-0.21972,-0.11264,-0.16763,-0.17958,-1.59422,-0.51986,-0.52882,-0.92396,-0.16636,1.62393,-0.19653,-0.23498,-1.14686,0.32852,-0.79504,-0.22454,-0.32911,-0.1838,-0.16751,-0.16481,0.51505,-0.22001,0.38553,-0.19169,1.38832,-0.1022,1.21133,0.51339,1.64493,-0.28071,-0.21525,0.32917,-0.30461,-0.17555,-0.2232,-0.74169,-2.60872,-0.23907,4.93402,2.0961,0.7091,2.7594,1.93164,-0.2663,-0.10657,-0.05,1.20452,-0.69455,0.70105,-1.0233,-0.46152,-1.01541,-0.23928,-0.22407,-0.64513,-0.202,0.73019,-0.22085,-0.13176,-0.94679,1
positive326,-0.14787,-0.2095,-0.23097,-0.18285,-0.12459,-0.13402,-0.15117,-0.13676,-0.25449,-0.20083,-0.27874,-0.18063,-0.27776,-0.25369,0.35516,0.78098,1.76459,1.02045,2.34601,-0.62717,-0.26157,-0.27124,-0.08807,0.94764,0.3009,-0.22454,-0.44499,-0.1838,-0.19503,-0.29104,-0.37474,-0.30031,-0.39691,-0.19169,-1.01935,-0.14252,1.40893,-0.37589,-0.61398,-0.28071,-0.21525,0.81456,-0.30461,3.7865,-0.2232,0.06943,0.49632,-0.23907,-0.24428,1.76026,0.13654,-0.31316,-0.01199,-0.28344,-0.10657,-1.45626,0.20582,1.58099,-0.70301,0.03629,0.71746,0.46885,-0.95376,2.8228,-0.28755,-0.202,0.73019,-0.37204,-0.19237,-1.16129,1
positive327,-0.11566,-0.19123,-0.21189,-0.1584,-0.07893,-0.09837,-0.13592,-0.12008,-0.19915,-0.18334,-0.22725,-0.12131,-0.18169,-0.18904,-1.0444,1.56188,-0.59617,-0.92396,-0.24015,0.75812,-0.20483,-0.23961,-0.22901,0.55358,-0.79504,-0.22454,-0.13186,-0.1838,-0.17102,-0.18092,-0.74232,-0.23026,1.43882,-0.19169,-1.01935,-0.10735,0.37008,1.53949,-0.28689,-0.28071,-0.21525,0.29126,-0.30461,-0.18124,-0.2232,0.59582,0.20147,-0.23907,-0.24428,-0.59064,0.73032,0.44022,-0.21939,-0.26849,-0.10657,0.08966,-0.73857,-0.90525,-1.51588,-0.24642,-1.25127,0.65492,0.07089,-0.23748,-0.68364,-0.202,-1.36951,-0.24014,-0.1395,0.57087,1
positive328,-0.12453,-0.19626,-0.21715,-0.16513,-0.0915,-0.10818,-0.14012,-0.12467,-0.21439,-0.18816,-0.24143,-0.13765,-0.20814,-0.20684,0.35516,-0.51986,1.63116,0.08828,2.19984,1.17371,-0.22045,-0.24832,-0.36787,-0.90696,0.00584,-0.22454,3.52724,-0.1838,-0.17764,-0.21124,-0.55635,-0.24955,0.93324,-0.19169,-1.01935,-0.11703,0.35769,1.04696,0.71479,-0.28071,-0.21525,-0.44314,3.20408,-0.19193,-0.2232,-0.45683,0.52731,-0.23907,-0.24428,-0.59064,-0.83469,-1.34927,0.0405,-0.2726,-0.10657,-0.46277,-0.26731,-0.02031,0.22599,-0.101,-0.49403,0.22012,-0.25718,-0.26272,-0.74525,-0.202,0.73019,-0.27646,-0.15406,0.43528,1
positive329,-0.13671,-0.20317,-0.22436,-0.17438,-0.10878,-0.12167,-0.14589,-0.13098,-0.23533,-0.19477,-0.26091,-0.16009,-0.24449,-0.2313,-0.07803,-0.51986,0.34685,-0.92396,0.79291,0.1232,-0.24192,-0.26029,-0.01125,0.33984,-0.79504,-0.22454,-0.45654,-0.1838,-0.18672,-0.25291,-0.37493,-0.27606,-0.07089,-0.19169,-1.01935,-0.13034,4.17185,-0.37589,-0.21535,-0.28071,-0.21525,0.88852,-0.30461,-0.20662,-0.2232,0.03686,-1.70862,-0.23907,-0.24428,-0.59064,1.33731,1.96733,2.98459,-0.27826,-0.10657,1.95279,-0.49256,1.07532,0.39676,0.01677,-1.41658,0.13555,0.77061,-0.2974,0.18923,-0.202,-1.36951,-0.32637,-0.17406,-0.54315,1
positive330,-0.12453,-0.19626,-0.21715,-0.16513,-0.0915,-0.10818,-0.14012,-0.12467,-0.21439,-0.18816,-0.24143,-0.13765,-0.20814,-0.20684,-0.16467,-0.51986,1.39765,0.52767,-0.86983,-0.62717,-0.22045,-0.24832,-2.73284,-1.06644,-0.79504,-0.22454,-0.9666,-0.1838,-0.17764,-0.21124,0.56815,-0.24955,-0.16218,-0.19169,0.90678,-0.11703,1.18078,-0.37589,-0.02932,-0.28071,-0.21525,0.80654,-0.30461,-0.19193,-0.2232,-0.9648,-1.45583,-0.23907,-0.24428,-0.59064,0.03303,0.25159,1.30744,-0.2726,-0.10657,0.99317,-1.46718,-0.06245,0.22599,-0.42599,1.15807,0.7133,0.7746,-0.26272,-0.34476,-0.202,-1.36951,-0.27646,-0.15406,0.70202,1
positive331,-0.12453,-0.19626,-0.21715,-0.16513,-0.0915,-0.10818,-0.14012,-0.12467,-0.21439,-0.18816,-0.24143,-0.13765,-0.20814,-0.20684,-0.16467,-0.51986,-1.17097,-0.92396,-0.86983,0.27327,-0.22045,-0.24832,0.40784,-0.87781,0.80672,-0.22454,0.56699,-0.1838,-0.17764,-0.21124,0.5826,-0.24955,-0.16218,-0.19169,-1.01935,-0.11703,-0.75649,0.69125,1.08685,-0.28071,-0.21525,0.41754,-0.30461,-0.19193,-0.2232,0.06268,-0.36924,-0.23907,-0.24428,1.29008,-0.9187,-0.34242,-0.69793,-0.2726,-0.10657,-0.99098,-1.45034,-1.0738,-0.35463,-0.82995,-0.34948,1.14338,-1.33937,-0.26272,-0.34476,-0.202,-1.36951,-0.27646,-0.15406,-1.58999,1
positive332,-0.14425,-0.20744,-0.22883,-0.18011,-0.11946,-0.13001,-0.14945,-0.13489,-0.24827,-0.19886,-0.27295,-0.17397,-0.26697,-0.24643,-1.46426,0.66855,-0.52882,-0.92396,-0.16636,1.84903,-0.25519,-0.26769,-1.58283,-1.40181,-0.79504,-0.22454,1.8921,-0.1838,-0.19234,-0.27867,-0.84668,-0.29244,2.16559,-0.19169,-0.29705,-0.13857,3.18445,0.51339,1.64493,-0.28071,-0.21525,-0.51571,-0.30461,-0.21571,-0.2232,-0.0659,-1.26222,-0.23907,2.63255,-0.59064,-0.57783,1.44927,2.2846,-0.28176,-0.10657,0.13337,1.47982,3.05588,-0.66023,0.59617,-1.69417,-0.68098,0.92176,-0.31883,-0.54501,-0.202,0.73019,-0.35722,-0.18643,0.91029,1
positive333,-0.13278,-0.20094,-0.22203,-0.1714,-0.1032,-0.11732,-0.14403,-0.12895,-0.22857,-0.19264,-0.25462,-0.15285,2.23,-0.22341,0.50806,-0.51986,-1.40448,-0.92396,-1.12564,-1.28925,-0.23499,-0.25643,2.83443,-0.17284,4.06362,-0.22454,-0.9666,-0.1838,-0.18379,3.99476,-0.32742,-0.2675,-1.86975,-0.19169,-1.01935,-0.12605,-0.75649,0.98419,-0.8172,-0.28071,1.57533,-0.72537,-0.30461,-0.20188,3.6325,0.27873,1.8128,-0.23907,-0.24428,-0.59064,1.17089,-0.69898,-1.15363,-0.27644,-0.10657,2.0121,-0.25505,-0.56813,0.00826,1.52584,-0.85972,0.84414,0.20844,-0.2862,-0.439,4.22872,0.73019,-0.31026,-0.16761,-1.11549,1
positive334,-0.12453,-0.19626,-0.21715,-0.16513,-0.0915,-0.10818,-0.14012,-0.12467,-0.21439,-0.18816,-0.24143,-0.13765,-0.20814,-0.20684,-0.16467,-0.51986,0.46361,1.75961,0.92081,-0.62717,-0.22045,-0.24832,0.28104,0.00509,0.00584,-0.22454,-0.9666,5.93513,-0.17764,-0.21124,1.91129,-0.24955,-0.70989,-0.19169,-1.01935,-0.11703,-0.75649,-1.44303,-0.40137,-0.28071,2.47062,-0.92373,-0.30461,-0.19193,-0.2232,-0.07617,0.69884,-0.23907,-0.24428,-0.59064,0.73292,-0.68318,-0.13827,-0.2726,-0.10657,0.38047,-0.11775,-0.90525,-0.93526,1.04022,2.07004,-1.16264,1.23342,-0.26272,0.45622,-0.202,-1.36951,-0.27646,-0.15406,0.6573,1
positive335,-0.14425,-0.20744,-0.22883,-0.18011,-0.11946,-0.13001,-0.14945,-0.13489,-0.24827,-0.19886,3.36042,-0.17397,-0.26697,-0.24643,-1.46426,-0.51986,0.87225,2.08402,-0.35822,0.83604,-0.25519,3.0803,-0.04093,0.87769,-0.21662,-0.22454,5.47145,-0.1838,-0.19234,-0.27867,0.74322,-0.29244,2.16559,-0.19169,-1.01935,-0.13857,-0.75649,-0.55375,0.52877,-0.28071,-0.21525,0.40066,-0.30461,-0.21571,-0.2232,1.74968,1.9177,-0.23907,-0.24428,1.91698,-1.64567,-0.22265,-0.81725,-0.28176,-0.10657,0.64542,-0.40978,2.46593,-1.51588,2.47937,0.21582,1.09232,0.06589,-0.31883,-0.84538,-0.202,0.73019,-0.35722,-0.18643,-0.85017,1
positive336,-0.14425,-0.20744,-0.22883,-0.18011,-0.11946,-0.13001,-0.14945,-0.13489,-0.24827,-0.19886,-0.27295,-0.17397,-0.26697,-0.24643,-0.68451,-0.51986,0.34685,0.65292,0.79291,0.49838,3.74897,-0.26769,-1.81566,-0.02493,-0.79504,-0.22454,-0.52262,-0.1838,-0.19234,-0.27867,1.51807,-0.29244,-0.29911,-0.19169,-1.01935,-0.13857,3.31057,-2.15446,-1.14549,-0.28071,-0.21525,-0.25988,-0.30461,-0.21571,-0.2232,0.06759,-1.23438,-0.23907,-0.24428,-0.59064,1.9865,0.00716,1.32361,-0.28176,-0.10657,0.07623,0.41497,1.83383,-0.2324,-0.05526,0.53787,-0.00345,0.15803,-0.31883,-0.84538,-0.202,-1.36951,-0.35722,-0.18643,-1.02451,1
positive337,-0.14425,-0.20744,-0.22883,-0.18011,-0.11946,-0.13001,-0.14945,-0.13489,-0.24827,-0.19886,-0.27295,-0.17397,-0.26697,-0.24643,-0.68451,-0.51986,-0.87908,2.41253,-0.55007,1.84903,-0.25519,-0.26769,-0.53901,0.0518,0.36179,-0.22454,0.42035,-0.1838,-0.19234,-0.27867,0.54141,-0.29244,-0.70989,-0.19169,-1.01935,-0.13857,2.37614,-0.28696,0.80781,-0.28071,-0.21525,-0.31066,2.22944,-0.21571,-0.2232,-1.04454,-1.85055,-0.23907,-0.24428,-0.59064,-0.34356,-1.24096,1.58132,-0.28176,-0.10657,0.05618,-0.94358,1.45457,0.62326,0.66293,0.56283,1.21742,0.63727,-0.31883,-0.84538,-0.202,-1.36951,-0.35722,-0.18643,1.81427,1
positive338,-0.14787,-0.2095,-0.23097,-0.18285,-0.12459,-0.13402,-0.15117,-0.13676,-0.25449,-0.20083,-0.27874,-0.18063,-0.27776,-0.25369,-1.87271,3.08311,0.26345,-0.92396,-0.57748,1.62393,-0.26157,-0.27124,-0.34774,0.42477,-0.79504,-0.22454,2.64547,-0.1838,-0.19503,-0.29104,-1.26435,6.12409,1.5592,-0.19169,-1.01935,-0.14252,-0.75649,1.14859,-0.87973,1.96317,-0.21525,-0.57176,2.09607,-0.22007,-0.2232,0.74164,0.50899,-0.23907,-0.24428,-0.59064,-1.11504,-0.25302,-0.80426,-0.28344,-0.10657,-1.23963,-0.10115,1.91811,-0.29657,0.59532,-1.04889,0.79818,-0.51801,-0.32913,2.00098,-0.202,0.73019,-0.37204,-0.19237,-0.11275,1
positive339,-0.12453,-0.19626,-0.21715,-0.16513,-0.0915,-0.10818,-0.14012,-0.12467,-0.21439,-0.18816,3.99133,-0.13765,-0.20814,-0.20684,-0.16467,-0.51986,-0.70395,-0.92396,-0.35822,-0.17695,-0.22045,-0.24832,0.71229,-2.11423,-0.79504,-0.22454,-0.9666,-0.1838,-0.17764,-0.21124,-0.57074,-0.24955,-1.80531,-0.19169,1.86985,-0.11703,-0.75649,0.33553,-0.40137,-0.28071,-0.21525,0.75175,-0.30461,-0.19193,-0.2232,0.92188,-0.75119,-0.23907,-0.24428,1.29008,-1.24823,-0.28876,-0.52028,-0.2726,-0.10657,-0.74966,2.41472,-0.65241,-0.35463,-1.16836,1.90555,-0.36667,-0.15456,-0.26272,-0.74525,-0.202,0.73019,-0.27646,-0.15406,1.20516,1
positive340,-0.12453,-0.19626,-0.21715,-0.16513,-0.0915,-0.10818,-0.14012,-0.12467,-0.21439,-0.18816,-0.24143,-0.13765,-0.20814,-0.20684,0.875,-0.51986,0.93063,0.44554,1.43242,-0.62717,-0.22045,-0.24832,0.72218,1.44045,0.00584,-0.22454,-0.9666,-0.1838,-0.17764,-0.21124,1.83601,-0.24955,-1.2576,-0.19169,-1.01935,-0.11703,0.30888,-1.08732,-0.40137,-0.28071,-0.21525,-0.24123,-0.30461,4.59684,-0.2232,-0.36844,1.0768,-0.23907,-0.24428,-0.59064,1.05126,-0.99354,0.00929,-0.2726,-0.10657,0.95348,0.25299,-0.90525,1.38724,0.79082,1.0452,1.40451,0.0211,-0.26272,-0.34476,-0.202,-1.36951,-0.27646,-0.15406,1.66467,1
positive341,-0.14425,-0.20744,-0.22883,-0.18011,-0.11946,-0.13001,-0.14945,-0.13489,-0.24827,-0.19886,-0.27295,-0.17397,-0.26697,-0.24643,-1.46426,0.96565,0.52198,-0.92396,-0.74193,0.49838,3.74897,-0.26769,-0.50312,-1.60319,-0.79504,-0.22454,2.01139,4.13545,-0.19234,-0.27867,0.11609,-0.29244,1.34403,-0.19169,-1.01935,-0.13857,0.29154,1.58053,-0.86644,-0.28071,-0.21525,1.65994,-0.30461,-0.21571,-0.2232,0.9592,0.63262,2.22314,-0.24428,1.91698,-0.45158,-0.19697,-0.70954,-0.28176,-0.10657,0.96055,1.16194,2.25523,-1.08805,1.49708,-0.24738,1.05148,0.62064,-0.31883,1.25721,-0.202,0.73019,-0.35722,-0.18643,-1.11989,1
positive342,-0.12453,-0.19626,4.48779,-0.16513,-0.0915,-0.10818,-0.14012,-0.12467,-0.21439,-0.18816,-0.24143,-0.13765,-0.20814,-0.20684,-0.16467,-0.51986,-0.23693,-0.92396,0.15339,-0.17695,-0.22045,-0.24832,-0.15998,-0.87832,0.00584,-0.22454,0.28299,-0.1838,-0.17764,-0.21124,-0.1341,-0.24955,0.93324,-0.19169,0.90678,-0.11703,-0.75649,-0.02018,1.08685,-0.28071,-0.21525,0.38233,-0.30461,-0.19193,-0.2232,-1.66525,0.48346,-0.23907,-0.24428,1.29008,-0.52758,0.86298,0.16491,-0.2726,-0.10657,-0.47894,-0.05938,-0.18887,-1.51588,1.68354,0.54222,0.06191,-0.60085,3.50456,-0.74525,-0.202,-1.36951,-0.27646,-0.15406,0.83056,1
positive343,-0.15139,-0.2115,-0.23306,-0.18553,-0.12959,-0.13792,-0.15284,-0.13859,-0.26055,-0.20274,-0.28438,-0.18713,-0.28828,-0.26077,0.23702,-0.51986,-0.13079,0.21558,-0.77681,-0.42252,-0.26778,-0.2747,-0.33559,0.24636,0.76668,-0.22454,-0.389,3.68079,-0.19766,-0.3031,-0.17213,-0.30799,-0.11239,-0.19169,-0.36272,-0.14637,1.43099,0.75592,-0.38446,-0.28071,-0.21525,-0.23379,-0.30461,-0.22432,-0.2232,0.01469,-0.99677,-0.23907,-0.24428,-0.59064,-0.42902,0.27019,0.97554,-0.28507,-0.10657,-0.26176,0.79164,2.08667,0.03245,-1.04128,1.26489,-0.82694,0.87017,-0.33917,-0.87268,-0.202,0.73019,-0.38649,2.46379,-0.70097,1
positive344,-0.12453,-0.19626,-0.21715,-0.16513,-0.0915,-0.10818,-0.14012,-0.12467,-0.21439,-0.18816,-0.24143,-0.13765,-0.20814,-0.20684,-0.16467,-0.51986,-0.00342,0.66319,0.4092,0.27327,-0.22045,-0.24832,-0.36855,-0.84509,0.00584,-0.22454,1.63088,-0.1838,-0.17764,-0.21124,-2.14973,-0.24955,0.93324,-0.19169,0.90678,-0.11703,-0.75649,-0.7316,-0.77343,-0.28071,-0.21525,-0.27301,3.20408,-0.19193,-0.2232,-2.26759,0.69586,-0.23907,-0.24428,-0.59064,0.39969,0.68213,0.13653,-0.2726,-0.10657,-1.51006,-0.84807,0.06397,-0.93526,0.08129,-1.40167,-0.5099,-2.51842,-0.26272,1.6577,-0.202,-1.36951,-0.27646,-0.15406,-0.24059,1
positive345,-0.13278,-0.20094,-0.22203,-0.1714,-0.1032,-0.11732,-0.14403,-0.12895,-0.22857,3.84048,-0.25462,-0.15285,-0.23276,-0.22341,1.42541,-0.51986,0.65591,1.96288,0.22863,-2.08376,-0.23499,-0.25643,0.88139,1.80234,-0.79504,-0.22454,-0.29607,-0.1838,-0.18379,-0.23946,1.84097,-0.2675,0.54662,-0.19169,-1.01935,-0.12605,-0.75649,1.29805,1.15251,-0.28071,-0.21525,1.15609,-0.30461,-0.20188,-0.2232,-1.67768,0.41395,-0.23907,-0.24428,0.97662,2.11437,-0.33896,-0.18561,-0.27644,-0.10657,0.91239,-0.99791,-0.39957,-0.49979,0.44974,-0.31297,0.21264,1.72976,-0.2862,-0.08562,-0.202,0.73019,-0.31026,-0.16761,-0.94836,1
positive346,-0.12453,-0.19626,-0.21715,-0.16513,-0.0915,-0.10818,-0.14012,-0.12467,-0.21439,-0.18816,-0.24143,-0.13765,-0.20814,-0.20684,0.875,-0.51986,-1.40448,-0.92396,-1.12564,0.72349,-0.22045,-0.24832,-0.28461,-0.63398,1.6076,-0.22454,1.15956,-0.1838,-0.17764,-0.21124,0.11361,-0.24955,-0.70989,-0.19169,-1.01935,-0.11703,0.39456,-0.02018,-0.40137,-0.28071,-0.21525,0.13724,-0.30461,-0.19193,-0.2232,0.42494,-0.3106,-0.23907,-0.24428,-0.59064,-1.79246,0.0812,-0.36247,-0.2726,-0.10657,-0.08659,0.14431,-0.77883,1.96786,-0.28869,-0.64429,0.63359,-1.25581,-0.26272,0.05573,-0.202,-1.36951,-0.27646,-0.15406,0.37977,1
positive347,-0.14787,-0.2095,-0.23097,-0.18285,-0.12459,-0.13402,-0.15117,-0.13676,-0.25449,-0.20083,-0.27874,-0.18063,-0.27776,-0.25369,1.09779,-0.51986,-0.23693,0.43733,-0.21204,-1.59192,-0.26157,-0.27124,0.58394,1.3057,0.3009,-0.22454,-0.39275,-0.1838,-0.19503,-0.29104,0.55043,-0.30031,-0.39691,-0.19169,-1.01935,-0.14252,0.36689,1.40267,0.98055,-0.28071,-0.21525,0.10403,-0.30461,-0.22007,-0.2232,-0.13407,0.56258,-0.23907,-0.24428,0.58481,0.75942,-0.97953,0.20042,-0.28344,-0.10657,-0.99741,-0.76343,0.9489,0.10986,0.0815,1.27026,-0.72086,-1.76078,-0.32913,-0.28755,-0.202,0.73019,-0.37204,-0.19237,-0.82699,1
positive348,-0.14425,-0.20744,-0.22883,-0.18011,-0.11946,-0.13001,-0.14945,-0.13489,-0.24827,7.20322,-0.27295,-0.17397,-0.26697,-0.24643,0.875,-0.51986,1.22251,0.13961,-0.16636,-0.85228,-0.25519,-0.26769,0.5404,-0.40778,0.9402,-0.22454,-0.9666,-0.1838,-0.19234,-0.27867,1.31671,-0.29244,-0.70989,-0.19169,0.42525,-0.13857,-0.75649,-1.62089,-0.5874,-0.28071,-0.21525,-1.59513,-0.30461,-0.21571,-0.2232,0.52769,1.20727,-0.23907,-0.24428,-0.59064,0.38651,0.23595,0.06256,-0.28176,-0.10657,2.44709,-0.80295,1.20174,-1.51588,1.24839,1.10211,-0.29331,0.22717,-0.31883,-0.84538,-0.202,-1.36951,-0.35722,-0.18643,1.60778,1
positive349,-0.12872,-0.19864,-0.21963,-0.16832,-0.09745,-0.11283,-0.1421,-0.12685,-0.2216,-0.19043,-0.24813,-0.14537,-0.22066,-0.21526,-0.78198,-0.51986,1.22251,-0.92396,1.03273,0.0763,-0.22784,-0.25244,-0.29171,0.70732,-0.79504,-0.22454,-0.29119,-0.1838,-0.18076,4.1475,0.97167,-0.25868,0.72785,-0.19169,-0.11648,-0.12161,-0.75649,-0.82053,-0.79668,-0.28071,-0.21525,-1.08008,-0.30461,-0.19699,-0.2232,0.08062,0.45151,-0.23907,-0.24428,-0.59064,0.00383,0.72494,-0.64326,-0.27455,-0.10657,0.16777,2.42838,0.23252,-0.43205,0.81824,-0.3168,-2.24521,-0.23849,-0.27466,-0.77029,-0.202,-1.36951,-0.29364,-0.16094,-0.33204,1
positive350,7.81828,4.30927,-0.21715,-0.16513,-0.0915,-0.10818,-0.14012,-0.12467,-0.21439,-0.18816,-0.24143,-0.13765,-0.20814,-0.20684,0.875,-0.51986,-0.70395,1.75961,-0.35822,-0.17695,-0.22045,-0.24832,0.54997,0.96658,0.00584,-0.22454,-0.38591,-0.1838,-0.17764,-0.21124,-0.35369,-0.24955,-0.16218,-0.19169,-0.05628,-0.11703,1.32295,0.69125,1.83096,-0.28071,-0.21525,-1.02494,-0.30461,-0.19193,4.27512,0.40373,-0.3385,-0.23907,-0.24428,-0.59064,-0.19597,1.67983,1.62124,3.41445,-0.10657,-1.07279,0.27698,-0.18887,0.80661,0.68141,0.26656,0.46628,0.2108,-0.26272,-0.34476,-0.202,-1.36951,-0.27646,-0.15406,0.23669,1
positive351,-0.12453,-0.19626,-0.21715,-0.16513,-0.0915,-0.10818,-0.14012,-0.12467,-0.21439,-0.18816,3.99133,-0.13765,-0.20814,-0.20684,0.35516,-0.51986,-0.47044,0.90957,-0.10241,-0.17695,-0.22045,-0.24832,0.806,-0.36676,-0.79504,-0.22454,-0.9666,-0.1838,-0.17764,-0.21124,-0.24256,-0.24955,-0.70989,-0.19169,-1.01935,-0.11703,-0.75649,1.04696,-0.02932,-0.28071,5.1565,1.27049,-0.30461,-0.19193,-0.2232,1.06918,0.26393,-0.23907,-0.24428,-0.59064,0.11155,1.17024,-0.8397,-0.2726,-0.10657,-0.80251,-0.64407,-1.45306,0.80661,-2.24697,1.28183,-0.49046,0.08948,-0.26272,1.25721,-0.202,0.73019,-0.27646,-0.15406,-0.5581,1
positive352,-0.13671,-0.20317,-0.22436,-0.17438,-0.10878,-0.12167,-0.14589,-0.13098,-0.23533,-0.19477,-0.26091,-0.16009,-0.24449,-0.2313,0.78836,-0.51986,-0.8207,0.57695,-0.48612,-0.62717,-0.24192,-0.26029,1.07791,1.87247,-0.14432,-0.22454,0.83146,-0.1838,-0.18672,-0.25291,0.77091,-0.27606,-0.07089,-0.19169,-0.2168,-0.13034,-0.75649,-0.96875,-0.52539,-0.28071,-0.21525,-0.10414,2.5462,-0.20662,-0.2232,0.20781,1.30935,-0.23907,-0.24428,-0.59064,1.60315,-0.06245,-0.73395,-0.27826,-0.10657,-0.48775,-1.51046,0.35894,-0.0814,0.12656,0.79926,-0.15381,-0.26568,-0.2974,0.52297,-0.202,0.73019,-0.32637,-0.17406,0.92578,1
positive353,-0.12453,-0.19626,-0.21715,-0.16513,-0.0915,-0.10818,-0.14012,-0.12467,-0.21439,-0.18816,-0.24143,-0.13765,-0.20814,-0.20684,-1.20435,-0.51986,0.46361,-0.92396,-0.86983,0.27327,-0.22045,-0.24832,-1.64348,1.81234,-0.79504,-0.22454,-0.9666,-0.1838,-0.17764,-0.21124,0.44215,-0.24955,0.93324,-0.19169,1.86985,-0.11703,1.15311,-1.44303,-0.40137,-0.28071,-0.21525,-0.12522,-0.30461,-0.19193,-0.2232,0.17709,-1.96588,-0.23907,-0.24428,-0.59064,1.67587,1.83358,2.12051,-0.2726,-0.10657,1.00193,4.15645,0.65392,0.22599,0.14091,0.13683,-2.32546,1.47344,-0.26272,0.05573,-0.202,-1.36951,-0.27646,-0.15406,1.04089,1
positive354,-0.12018,-0.19379,-0.21457,-0.16183,-0.08533,-0.10337,-0.13806,-0.12242,-0.20692,-0.1858,-0.23447,-0.12964,2.53702,-0.19811,-0.01615,-0.51986,1.5978,-0.92396,2.1633,0.016,-0.21279,-0.24405,0.94117,-0.99715,0.07258,-0.22454,-0.9666,-0.1838,-0.17439,-0.19637,0.87062,-0.24009,-0.59252,-0.19169,2.07623,-0.11228,-0.75649,0.51339,0.84767,4.20706,-0.21525,-0.61198,-0.30461,-0.18668,-0.2232,0.27263,-0.92447,-0.23907,-0.24428,-0.59064,-0.17446,2.17779,0.93782,-0.27059,-0.10657,2.32092,-0.52894,-0.94739,-0.26531,-1.27271,0.52113,0.45986,-0.50958,-0.25034,-0.71665,5.55794,-1.36951,-0.25865,-0.14692,0.76217,1
positive355,-0.12872,-0.19864,-0.21963,-0.16832,-0.09745,-0.11283,-0.1421,-0.12685,-0.2216,-0.19043,3.8411,-0.14537,-0.22066,-0.21526,0.19271,-0.51986,-0.74773,1.03893,-0.40618,0.0763,-0.22784,-0.25244,0.8638,-0.70176,-0.79504,-0.22454,-0.35629,-0.1838,-0.18076,-0.22558,-0.16946,-0.25868,-0.29911,-0.19169,-0.11648,-0.12161,-0.75649,-1.48749,-0.79668,4.20706,-0.21525,-0.5132,-0.30461,-0.19699,-0.2232,-0.19551,1.16,-0.23907,-0.24428,-0.59064,0.32881,-1.52441,-0.47375,-0.27455,-0.10657,1.44617,0.9467,-0.44171,0.10986,0.78189,2.02831,0.22869,0.61098,-0.27466,-0.77029,-0.202,-1.36951,-0.29364,-0.16094,0.92999,1
positive356,-0.11095,-0.18856,-0.2091,-0.15482,-0.07225,-0.09315,-0.13369,-0.11764,-0.19106,-0.18079,-0.21972,-0.11264,-0.16763,-0.17958,-0.94443,1.62276,1.5144,-0.25255,1.75218,-0.06439,-0.19653,-0.23498,-0.72762,0.01556,-0.79504,-0.22454,0.75187,-0.1838,-0.16751,-0.16481,-2.0834,-0.22001,2.43945,-0.19169,0.18448,-0.1022,-0.75649,-1.26517,-0.21535,-0.28071,-0.21525,-0.84235,-0.30461,-0.17555,-0.2232,1.89381,1.50096,-0.23907,-0.24428,-0.59064,-0.42898,0.28493,-0.40297,-0.2663,-0.10657,-2.07634,-0.46714,-0.69455,-1.51588,0.85362,-2.18943,0.1438,0.27612,-0.22407,2.35856,-0.202,0.73019,-0.22085,-0.13176,-0.38689,1
positive357,-0.12453,-0.19626,-0.21715,-0.16513,-0.0915,-0.10818,-0.14012,-0.12467,-0.21439,-0.18816,-0.24143,-0.13765,-0.20814,-0.20684,0.875,-0.51986,0.69712,0.17657,-0.35822,-1.07738,-0.22045,-0.24832,0.64164,-1.57184,0.00584,-0.22454,-0.9666,-0.1838,-0.17764,-0.21124,0.51501,-0.24955,0.38553,-0.19169,-0.05628,-0.11703,-0.75649,-1.44303,-0.77343,-0.28071,-0.21525,1.49379,-0.30461,-0.19193,-0.2232,-0.43698,0.07826,-0.23907,-0.24428,-0.59064,0.99057,0.50171,-1.35144,-0.2726,-0.10657,0.16301,1.18342,-0.98953,0.80661,-1.44229,0.8186,0.71966,0.08433,-0.26272,0.45622,-0.202,-1.36951,-0.27646,-0.15406,-0.32482,1
positive358,-0.14425,-0.20744,-0.22883,-0.18011,-0.11946,-0.13001,-0.14945,-0.13489,-0.24827,-0.19886,-0.27295,-0.17397,-0.26697,-0.24643,-1.07439,1.7498,0.17172,1.79657,-0.74193,0.49838,-0.25519,-0.26769,-0.78617,-0.26872,-0.79504,-0.22454,-0.05651,-0.1838,-0.19234,-0.27867,-1.03865,3.00321,0.93324,-0.19169,1.14755,-0.13857,1.30509,1.84731,3.04014,-0.28071,-0.21525,-0.8609,-0.30461,-0.21571,-0.2232,0.45008,-0.86338,-0.23907,-0.24428,1.91698,-0.31637,1.29886,1.14546,-0.28176,-0.10657,-0.20554,0.18735,2.5502,-1.51588,0.70533,1.06517,-0.9468,0.54936,-0.31883,-0.84538,-0.202,-1.36951,-0.35722,-0.18643,-1.14664,1
positive359,-0.13671,-0.20317,-0.22436,-0.17438,-0.10878,-0.12167,-0.14589,-0.13098,-0.23533,-0.19477,-0.26091,6.47793,-0.24449,-0.2313,-0.07803,1.17874,-0.04233,-0.92396,0.36656,0.1232,-0.24192,3.27916,0.70222,1.23547,-0.79504,-0.22454,-0.28549,-0.1838,-0.18672,-0.25291,0.10535,-0.27606,-0.07089,-0.19169,-0.2168,-0.13034,-0.75649,-0.37589,-0.52539,-0.28071,-0.21525,1.66117,2.5462,-0.20662,-0.2232,1.70755,0.32628,-0.23907,-0.24428,2.30277,0.011,-0.50139,-1.45855,-0.27826,-0.10657,-0.16305,-1.87403,-0.27315,-0.55956,-0.46383,0.25279,0.36339,-0.03671,-0.2974,2.85918,-0.202,0.73019,-0.32637,-0.17406,0.00719,1
positive360,-0.14425,-0.20744,-0.22883,-0.18011,-0.11946,-0.13001,-0.14945,-0.13489,-0.24827,-0.19886,-0.27295,-0.17397,-0.26697,-0.24643,-1.46426,2.13336,0.34685,2.41253,-0.35822,1.17371,-0.25519,-0.26769,-0.33415,0.82659,-0.79504,-0.22454,8.60894,-0.1838,-0.19234,-0.27867,-2.73373,3.00321,3.39794,-0.19169,-1.01935,-0.13857,-0.75649,-1.62089,-0.86644,-0.28071,-0.21525,-0.02662,-0.30461,-0.21571,-0.2232,2.06903,1.03424,-0.23907,-0.24428,0.66317,0.77893,-0.14351,-0.16843,-0.28176,-0.10657,-1.5793,-0.50594,2.29737,-1.51588,0.68801,-2.75383,2.18581,0.13947,-0.31883,-1.14575,-0.202,0.73019,-0.35722,-0.18643,-1.61845,1
positive361,-0.1615,-0.21723,-0.23905,-0.19321,-0.14393,-0.14911,-0.15762,-0.14382,-0.27792,-0.20823,-0.30054,-0.20575,-0.31844,-0.28107,0.5631,0.79072,-0.84405,0.46813,-0.5117,0.90358,-0.28559,-0.28463,0.04662,-1.22876,0.1103,-0.22454,1.66083,-0.1838,-0.2052,-0.33766,-0.40226,-0.32997,0.27599,2.94893,-0.44151,-0.15741,0.37442,0.62011,-0.92225,-0.28071,2.47062,-0.76495,-0.30461,-0.23651,-0.2232,-0.50917,-0.60252,-0.23907,-0.24428,-0.59064,-0.26504,0.41021,-0.50629,-0.28977,-0.10657,0.24015,-0.3608,2.92946,-0.16109,-0.18618,-0.47434,-0.80061,-1.42638,2.50937,-0.90545,-0.202,0.73019,2.33265,-0.21476,-0.42036,1
positive362,-0.12453,-0.19626,-0.21715,-0.16513,-0.0915,-0.10818,-0.14012,-0.12467,-0.21439,-0.18816,-0.24143,-0.13765,-0.20814,-0.20684,-1.20435,-0.51986,-1.17097,-0.92396,-0.86983,0.27327,-0.22045,-0.24832,-0.47671,0.69646,0.80672,-0.22454,0.60442,-0.1838,-0.17764,-0.21124,-0.89898,-0.24955,0.38553,-0.19169,-1.01935,-0.11703,0.42006,0.69125,-0.40137,-0.28071,-0.21525,0.09184,-0.30461,-0.19193,-0.2232,-1.71713,0.56027,-0.23907,-0.24428,-0.59064,-0.4114,1.11252,-0.15165,-0.2726,-0.10657,-2.63591,-0.55609,-0.23101,-0.35463,1.3293,-0.56257,-0.17211,-0.14722,3.50456,1.25721,-0.202,0.73019,-0.27646,-0.15406,-0.92525,1
positive363,-0.12453,-0.19626,-0.21715,-0.16513,-0.0915,-0.10818,-0.14012,-0.12467,-0.21439,4.12343,-0.24143,-0.13765,-0.20814,-0.20684,-0.68451,-0.51986,0.23009,1.40235,0.665,1.17371,-0.22045,-0.24832,-2.30637,0.55074,-0.79504,-0.22454,0.23937,-0.1838,-0.17764,-0.21124,-0.5338,-0.24955,-0.16218,-0.19169,0.90678,-0.11703,1.37849,-0.37589,0.71479,-0.28071,-0.21525,-0.90935,-0.30461,-0.19193,-0.2232,-0.34129,-1.05703,-0.23907,-0.24428,-0.59064,0.46378,0.92597,1.84848,-0.2726,-0.10657,-0.23344,-0.12788,0.40108,-0.35463,0.01058,-0.50217,-0.33971,1.18155,-0.26272,-0.74525,-0.202,0.73019,-0.27646,-0.15406,2.00294,1
positive364,-0.12453,-0.19626,-0.21715,-0.16513,-0.0915,-0.10818,-0.14012,-0.12467,-0.21439,-0.18816,-0.24143,-0.13765,-0.20814,-0.20684,-1.20435,-0.51986,0.23009,0.4168,-0.10241,0.27327,-0.22045,-0.24832,-1.29339,-1.25449,-0.79504,-0.22454,0.25711,-0.1838,-0.17764,-0.21124,-0.43078,-0.24955,-0.16218,-0.19169,1.86985,-0.11703,-0.75649,-1.08732,-0.02932,-0.28071,-0.21525,-0.36643,-0.30461,-0.19193,-0.2232,0.78889,-0.13807,-0.23907,3.73903,1.29008,-1.88081,-1.03553,0.92497,-0.2726,-0.10657,0.0284,1.32938,0.10611,-0.93526,-0.34328,0.18156,-0.42308,2.03327,-0.26272,-0.74525,-0.202,0.73019,-0.27646,-0.15406,0.72848,1
positive365,-0.12453,-0.19626,-0.21715,-0.16513,-0.0915,-0.10818,-0.14012,-0.12467,-0.21439,-0.18816,-0.24143,-0.13765,-0.20814,-0.20684,-1.72418,-0.51986,2.09818,0.4168,2.71145,1.62393,-0.22045,-0.24832,-1.49588,-1.94305,-0.79504,-0.22454,0.18339,-0.1838,-0.17764,-0.21124,0.84525,-0.24955,0.38553,-0.19169,-0.05628,-0.11703,0.30685,-1.08732,-0.02932,-0.28071,-0.21525,-0.6677,-0.30461,-0.19193,-0.2232,0.07118,0.02547,-0.23907,-0.24428,-0.59064,2.6419,0.95972,-0.25445,-0.2726,-0.10657,-0.68555,0.87731,-0.06245,-0.35463,-1.37922,-0.54565,1.33077,0.01951,-0.26272,-0.34476,5.03431,0.73019,-0.27646,-0.15406,0.06899,1
positive366,-0.14425,-0.20744,-0.22883,-0.18011,-0.11946,-0.13001,-0.14945,-0.13489,-0.24827,-0.19886,-0.27295,-0.17397,1.99302,-0.24643,1.26488,-0.51986,0.34685,-0.09035,0.79291,-0.85228,-0.25519,-0.26769,0.09789,-1.66343,-0.21662,-0.22454,-0.9666,-0.1838,-0.19234,-0.27867,0.23633,-0.29244,-1.12067,3.82133,0.42525,-0.13857,-0.75649,-1.3541,-0.86644,-0.28071,-0.21525,0.08473,-0.30461,-0.21571,-0.2232,-0.5767,-0.02693,-0.23907,-0.24428,-0.59064,0.82464,-0.26038,-1.23982,-0.28176,-0.10657,0.78736,-0.99303,0.56964,0.62326,-2.0551,1.40266,0.76611,0.74675,-0.31883,-0.84538,-0.202,0.73019,-0.35722,-0.18643,0.75414,1
positive367,-0.13671,-0.20317,-0.22436,-0.17438,-0.10878,-0.12167,-0.14589,-0.13098,-0.23533,-0.19477,-0.26091,-0.16009,-0.24449,-0.2313,0.78836,-0.51986,1.31981,-0.92396,0.15339,-1.00235,-0.24192,-0.26029,1.12134,-0.49486,-0.79504,-0.22454,-0.28875,-0.1838,-0.18672,-0.25291,0.04192,-0.27606,0.38553,-0.19169,-1.01935,-0.13034,-0.75649,-0.67232,-0.52539,4.20706,-0.21525,0.95003,-0.30461,-0.20662,-0.2232,1.4708,-0.06109,-0.23907,-0.24428,-0.59064,0.19294,0.65103,0.59096,-0.27826,-0.10657,-0.13292,-0.88469,-0.56813,-0.0814,-0.36042,2.07786,0.34219,0.59867,-0.2974,-0.14452,-0.202,0.73019,-0.32637,-0.17406,-0.52622,1
positive368,-0.14425,-0.20744,3.80987,-0.18011,-0.11946,-0.13001,-0.14945,-0.13489,-0.24827,-0.19886,-0.27295,-0.17397,-0.26697,-0.24643,0.09525,-0.51986,0.87225,-0.92396,0.21734,-0.17695,-0.25519,-0.26769,-1.54162,0.32757,-0.21662,-0.22454,-0.9666,-0.1838,-0.19234,-0.27867,0.67274,-0.29244,-0.70989,-0.19169,-0.29705,-0.13857,2.34146,0.78018,-0.5874,-0.28071,-0.21525,0.53249,-0.30461,-0.21571,-0.2232,0.2102,-1.65965,-0.23907,-0.24428,-0.59064,-0.43743,0.25859,0.86377,-0.28176,-0.10657,-1.13753,-0.16323,1.07532,0.19543,-0.02129,0.17182,0.44353,-0.22498,-0.31883,-0.84538,-0.202,-1.36951,-0.35722,-0.18643,-0.51611,1
positive369,-0.12453,-0.19626,-0.21715,-0.16513,-0.0915,-0.10818,-0.14012,-0.12467,-0.21439,-0.18816,-0.24143,-0.13765,-0.20814,-0.20684,-0.68451,-0.51986,-0.93746,0.49893,-0.61402,1.17371,-0.22045,-0.24832,1.20059,-0.59578,0.00584,-0.22454,-0.9666,-0.1838,-0.17764,-0.21124,-0.95062,-0.24955,-1.2576,-0.19169,-0.05628,-0.11703,-0.75649,0.69125,-0.77343,-0.28071,-0.21525,0.33202,-0.30461,-0.19193,-0.2232,0.15242,0.45176,-0.23907,-0.24428,-0.59064,-0.92887,0.16362,-1.43356,-0.2726,-0.10657,-0.71412,-0.12337,-1.32664,2.54849,-2.5008,-0.15253,0.54839,-1.93679,-0.26272,0.05573,-0.202,0.73019,-0.27646,-0.15406,-0.56563,1
positive370,-0.14787,-0.2095,3.70547,-0.18285,-0.12459,-0.13402,-0.15117,-0.13676,-0.25449,-0.20083,-0.27874,-0.18063,-0.27776,-0.25369,-0.75877,0.78747,-0.9041,2.6158,-0.57748,1.30234,-0.26157,-0.27124,-0.61774,-0.43296,-0.79504,-0.22454,0.60621,-0.1838,-0.19503,-0.29104,-0.21175,2.91189,-0.00569,-0.19169,0.35646,-0.14252,0.37152,0.13227,-0.61398,-0.28071,-0.21525,-1.28738,-0.30461,-0.22007,-0.2232,-0.08027,-0.96303,-0.23907,-0.24428,-0.59064,-1.24448,0.75995,-0.22309,-0.28344,-0.10657,-1.75887,1.16439,2.21309,-0.29657,0.44995,-0.31479,-1.06788,-0.33686,-0.32913,-0.57361,-0.202,0.73019,5.676,-0.19237,-0.35905,1
positive371,-0.11566,-0.19123,-0.21189,-0.1584,-0.07893,-0.09837,-0.13592,-0.12008,-0.19915,-0.18334,-0.22725,-0.12131,2.66206,-0.18904,0.15523,-0.51986,-0.86561,-0.92396,-0.53531,-1.31981,-0.20483,-0.23961,2.01553,0.27786,2.04444,-0.22454,0.05677,-0.1838,-0.17102,4.70834,-2.37928,3.91667,1.43882,-0.19169,-1.01935,-0.10735,-0.75649,1.53949,1.85958,-0.28071,-0.21525,-0.50708,-0.30461,-0.18124,-0.2232,-0.0958,1.67306,-0.23907,-0.24428,-0.59064,1.09786,0.03315,-0.73175,-0.26849,-0.10657,-0.89447,1.2289,-1.11594,-0.83849,0.72221,-2.19589,-0.88018,-0.5748,-0.23748,0.70268,-0.202,-1.36951,-0.24014,-0.1395,-0.39052,1
positive372,-0.12453,-0.19626,-0.21715,-0.16513,-0.0915,-0.10818,-0.14012,-0.12467,-0.21439,-0.18816,-0.24143,-0.13765,-0.20814,-0.20684,1.39484,-0.51986,1.16414,0.4168,1.68823,-0.62717,-0.22045,-0.24832,0.48678,0.06834,0.80672,-0.22454,0.74927,-0.1838,-0.17764,-0.21124,-1.57113,-0.24955,-0.70989,-0.19169,-1.01935,-0.11703,0.41852,-0.02018,-0.77343,-0.28071,-0.21525,-1.06662,-0.30461,-0.19193,-0.2232,-1.49536,0.66683,-0.23907,-0.24428,-0.59064,1.28822,0.20072,0.36004,-0.2726,-0.10657,0.53826,-0.27484,-0.44171,0.80661,-0.17254,-0.86964,-1.05335,0.70047,-0.26272,0.85672,-0.202,0.73019,-0.27646,6.36637,-0.56563,1
positive373,-0.15821,-0.21536,-0.23709,-0.19071,-0.13925,-0.14547,-0.15606,-0.14211,-0.27226,3.15741,3.00708,-0.19968,-0.30861,-0.27445,-0.94443,-0.51986,0.63874,1.44547,0.63303,1.34254,-0.27979,-0.2814,-1.39438,0.27883,0.15146,-0.22454,-0.16001,-0.1838,-0.20274,-0.3264,-0.83815,-0.32281,-0.29911,-0.19169,0.7864,-0.15381,5.12831,1.18035,1.87747,-0.28071,-0.21525,0.17877,-0.30461,-0.23254,-0.2232,-0.32503,-2.76187,-0.23907,-0.24428,-0.59064,-0.69991,1.97431,3.16433,-0.28824,-0.10657,-0.25246,1.27235,4.10937,0.25123,-0.96664,0.25483,-1.34002,-0.37576,-0.35856,-0.89544,-0.202,-1.36951,-0.41439,-0.20935,-0.22397,1
positive374,-0.14053,-0.20534,-0.22663,-0.17728,-0.11419,-0.1259,-0.1477,-0.13296,2.76712,-0.19685,-0.26701,-0.16713,-0.25589,-0.23897,-0.19203,-0.51986,0.07032,-0.92396,-0.31783,-0.03477,-0.24865,-0.26404,-1.32224,-1.5918,-0.79504,-0.22454,0.09111,-0.1838,-0.18957,-0.26597,-0.23518,-0.28436,0.2414,-0.19169,2.02192,-0.13451,0.29694,-0.18867,-0.55803,-0.28071,-0.21525,-0.53131,-0.30461,-0.21123,-0.2232,-0.79261,-1.39705,-0.23907,-0.24428,-0.59064,0.21343,1.25103,0.87893,-0.28003,-0.10657,0.00381,1.00108,1.74955,-0.16109,-0.15153,-0.25315,-2.49568,0.85823,-0.30826,-0.82957,-0.202,0.73019,-0.34201,-0.18033,-1.49034,1
positive375,-0.11095,-0.18856,-0.2091,-0.15482,-0.07225,-0.09315,-0.13369,-0.11764,-0.19106,-0.18079,4.55547,-0.11264,-0.16763,-0.17958,0.35516,-0.51986,0.63874,0.3244,1.11266,-0.62717,-0.19653,-0.23498,1.39953,-0.72373,-0.79504,-0.22454,0.83829,-0.1838,-0.16751,-0.16481,-0.58603,-0.22001,1.07017,-0.19169,-1.01935,-0.1022,-0.75649,0.51339,1.17986,-0.28071,-0.21525,1.1468,-0.30461,-0.17555,-0.2232,-0.79831,0.80114,-0.23907,-0.24428,-0.59064,1.65242,0.02646,-1.47004,-0.2663,-0.10657,2.50649,0.11196,-1.7059,-0.03793,-0.48639,-0.16209,-0.75705,1.20826,-0.22407,0.3561,-0.202,-1.36951,-0.22085,-0.13176,-0.28108,1
positive376,-0.14425,-0.20744,-0.22883,-0.18011,-0.11946,-0.13001,-0.14945,-0.13489,-0.24827,-0.19886,-0.27295,-0.17397,-0.26697,-0.24643,-0.29463,-0.51986,1.92305,2.41253,0.98476,-0.17695,-0.25519,-0.26769,0.35623,0.22301,0.9402,-0.22454,-0.45622,-0.1838,-0.19234,-0.27867,-0.61645,-0.29244,-0.70989,-0.19169,-0.29705,-0.13857,-0.75649,-0.28696,-0.30836,-0.28071,-0.21525,-1.15148,-0.30461,-0.21571,-0.2232,-0.33374,0.55984,4.68535,-0.24428,0.66317,-0.81239,-0.17703,-0.12651,-0.28176,-0.10657,-0.65382,0.50139,0.9489,-0.66023,0.89998,1.42184,0.61712,-1.36557,-0.31883,-0.84538,-0.202,-1.36951,-0.35722,-0.18643,0.60343,1
positive377,-0.12453,-0.19626,-0.21715,-0.16513,-0.0915,-0.10818,-0.14012,-0.12467,3.19751,-0.18816,-0.24143,-0.13765,-0.20814,-0.20684,-0.16467,-0.51986,1.86467,-0.92396,-0.35822,-0.17695,-0.22045,-0.24832,0.31753,1.17228,0.00584,-0.22454,1.22417,-0.1838,-0.17764,-0.21124,-0.32697,-0.24955,2.02867,-0.19169,-1.01935,-0.11703,-0.75649,-0.7316,-0.40137,-0.28071,-0.21525,0.44515,-0.30461,-0.19193,-0.2232,-0.85694,0.52027,-0.23907,-0.24428,3.1708,0.31327,-0.08144,-1.4749,-0.2726,-0.10657,-0.68106,-0.6192,-0.52599,0.22599,0.09892,-1.44116,-0.48608,0.89308,-0.26272,0.45622,-0.202,-1.36951,-0.27646,-0.15406,-0.24059,1
positive378,-0.14425,-0.20744,-0.22883,-0.18011,-0.11946,-0.13001,-0.14945,-0.13489,-0.24827,-0.19886,-0.27295,-0.17397,-0.26697,-0.24643,-0.29463,-0.51986,-1.05421,1.55018,-0.74193,0.49838,-0.25519,-0.26769,-0.43926,-0.44724,0.36179,-0.22454,-0.9666,-0.1838,-0.19234,-0.27867,0.49784,-0.29244,-1.12067,-0.19169,-1.01935,-0.13857,1.40775,0.24661,-0.30836,-0.28071,-0.21525,-0.30575,-0.30461,-0.21571,2.95208,-0.60663,-0.71576,-0.23907,-0.24428,-0.59064,1.54508,0.08345,-0.01703,-0.28176,-0.10657,2.47398,0.2852,0.9489,0.19543,0.13883,-0.39621,1.17888,0.31051,-0.31883,-0.84538,-0.202,0.73019,-0.35722,-0.18643,-0.79431,1
positive379,-0.14425,-0.20744,-0.22883,-0.18011,-0.11946,-0.13001,-0.14945,-0.13489,-0.24827,-0.19886,-0.27295,-0.17397,-0.26697,-0.24643,0.48512,-0.51986,0.69712,1.02045,-0.16636,-0.17695,-0.25519,-0.26769,1.16884,-0.67328,-0.21662,-0.22454,-0.41683,-0.1838,-0.19234,-0.27867,0.19427,-0.29244,-0.29911,-0.19169,-0.29705,-0.13857,0.34428,-0.55375,-0.5874,-0.28071,-0.21525,-0.62429,-0.30461,-0.21571,-0.2232,0.04224,-0.19265,-0.23907,-0.24428,-0.59064,-1.27203,0.57521,-0.39972,-0.28176,-0.10657,-0.01829,1.19025,0.9489,1.05109,-0.79341,-0.76904,-0.95987,0.1122,-0.31883,-0.24464,-0.202,0.73019,-0.35722,-0.18643,0.19399,1
positive380,-0.13278,-0.20094,-0.22203,-0.1714,-0.1032,-0.11732,-0.14403,-0.12895,-0.22857,-0.19264,-0.25462,-0.15285,-0.23276,-0.22341,-0.4093,-0.51986,0.86195,1.00813,1.35719,0.29975,-0.23499,-0.25643,-0.53413,0.90049,1.98134,3.9148,1.1026,-0.1838,-0.18379,-0.23946,-0.99432,-0.2675,0.54662,4.62393,0.68018,-0.12605,0.4109,0.04259,-0.16063,-0.28071,-0.21525,-0.19527,-0.30461,-0.20188,-0.2232,-1.35282,-1.40042,-0.23907,-0.24428,-0.59064,0.56055,-0.43035,2.06611,-0.27644,-0.10657,0.08433,0.79705,0.27466,-0.49979,-0.95368,-1.1188,0.86502,0.30405,-0.2862,-0.79237,-0.202,0.73019,3.07069,-0.16761,0.23578,1
positive381,-0.15139,-0.2115,-0.23306,-0.18553,-0.12959,-0.13792,-0.15284,-0.13859,-0.26055,-0.20274,-0.28438,-0.18713,-0.28828,-0.26077,-1.18072,-0.51986,0.66527,1.01224,0.09526,1.11231,-0.26778,-0.2747,-1.87246,-0.11947,-0.27447,-0.22454,0.64511,-0.1838,-0.19766,-0.3031,0.34969,-0.30799,0.26105,-0.19169,1.6072,-0.14637,0.36057,-0.69927,-0.63814,-0.28071,-0.21525,-0.75255,1.97604,-0.22432,-0.2232,0.55503,-0.86037,-0.23907,-0.24428,-0.59064,0.27628,0.73535,0.40824,-0.28507,-0.10657,-1.09619,0.15425,2.88732,0.03245,-1.04465,-0.29023,-0.31373,-0.74092,-0.33917,-0.87268,-0.202,0.73019,-0.38649,-0.19816,-1.09012,1
positive382,-0.14425,-0.20744,-0.22883,-0.18011,-0.11946,-0.13001,-0.14945,-0.13489,-0.24827,-0.19886,-0.27295,-0.17397,-0.26697,-0.24643,-0.68451,-0.51986,-1.40448,-0.92396,-1.12564,1.51137,-0.25519,-0.26769,-0.55166,-0.51644,-0.21662,-0.22454,-0.9666,-0.1838,-0.19234,-0.27867,0.93434,-0.29244,-2.35302,-0.19169,0.42525,-0.13857,-0.75649,0.51339,-0.86644,-0.28071,-0.21525,-0.71375,-0.30461,-0.21571,-0.2232,0.51663,0.16842,-0.23907,-0.24428,-0.59064,-0.68429,-0.20764,-1.27975,2.88319,-0.10657,-0.37499,0.00224,0.35894,2.7624,-1.96157,0.35413,1.85742,-1.36425,-0.31883,-0.54501,-0.202,0.73019,-0.35722,-0.18643,-1.11989,1
positive383,-0.12453,-0.19626,-0.21715,-0.16513,-0.0915,-0.10818,-0.14012,-0.12467,-0.21439,-0.18816,-0.24143,-0.13765,-0.20814,-0.20684,-0.68451,-0.51986,1.16414,0.52767,0.665,-0.62717,-0.22045,-0.24832,-0.22068,-0.0975,0.00584,-0.22454,-0.9666,-0.1838,-0.17764,-0.21124,-0.1295,-0.24955,0.93324,-0.19169,0.90678,-0.11703,1.26902,-0.37589,0.71479,-0.28071,-0.21525,-0.43832,-0.30461,-0.19193,-0.2232,-0.16554,-0.69506,-0.23907,-0.24428,1.29008,0.61247,1.31082,2.02371,-0.2726,-0.10657,1.56803,3.09129,0.48536,-0.35463,0.88605,-0.17889,-3.21448,1.4282,-0.26272,-0.74525,-0.202,0.73019,-0.27646,-0.15406,-0.32482,1
positive384,-0.12872,-0.19864,-0.21963,-0.16832,-0.09745,-0.11283,-0.1421,-0.12685,-0.2216,-0.19043,-0.24813,-0.14537,-0.22066,-0.21526,-0.78198,-0.51986,1.66035,0.52562,-0.40618,-0.34578,-0.22784,-0.25244,-0.3961,-1.11712,-0.05136,-0.22454,-0.9666,-0.1838,-0.18076,-0.22558,1.43925,-0.25868,0.72785,-0.19169,-1.01935,-0.12161,0.3405,1.18035,2.34254,-0.28071,-0.21525,-0.18349,-0.30461,-0.19699,-0.2232,-0.04589,0.43031,-0.23907,-0.24428,-0.59064,-0.41918,0.13961,-0.44822,-0.27455,-0.10657,-0.75202,-0.97603,0.23252,-0.43205,1.31835,0.45183,0.29078,-0.14878,-0.27466,0.3561,-0.202,-1.36951,-0.29364,-0.16094,0.66844,1
positive385,-0.11095,-0.18856,-0.2091,-0.15482,-0.07225,-0.09315,-0.13369,-0.11764,-0.19106,-0.18079,-0.21972,-0.11264,-0.16763,-0.17958,-0.94443,-0.51986,0.05496,-0.92396,0.47315,-0.06439,5.06597,-0.23498,-0.64589,-0.15204,-0.79504,-0.22454,-0.22251,-0.1838,-0.16751,-0.16481,1.485,-0.22001,0.38553,-0.19169,0.18448,-0.1022,0.26268,1.40267,2.57507,-0.28071,-0.21525,1.30624,-0.30461,-0.17555,-0.2232,0.26723,-0.54301,-0.23907,-0.24428,-0.59064,-0.49947,0.10578,0.21524,-0.2663,-0.10657,1.10751,0.67016,-1.24236,-1.51588,-0.44684,-1.1836,-1.10862,0.37358,-0.22407,-0.64513,-0.202,-1.36951,-0.22085,-0.13176,-1.70381,1
positive386,-0.12453,-0.19626,4.48779,-0.16513,-0.0915,-0.10818,-0.14012,-0.12467,-0.21439,-0.18816,-0.24143,-0.13765,-0.20814,-0.20684,0.35516,-0.51986,0.69712,1.10258,1.17662,1.17371,-0.22045,-0.24832,-0.52757,0.97199,0.00584,-0.22454,-0.34473,-0.1838,-0.17764,-0.21124,-0.2919,-0.24955,-1.80531,-0.19169,3.79599,-0.11703,-0.75649,-0.7316,0.34274,-0.28071,-0.21525,-1.65379,-0.30461,4.59684,-0.2232,0.02674,-1.08772,-0.23907,-0.24428,-0.59064,-0.27368,3.08537,1.00396,-0.2726,-0.10657,0.52845,-0.58578,0.14824,-1.51588,-0.43746,1.13223,1.06808,1.37386,-0.26272,-0.74525,-0.202,-1.36951,-0.27646,-0.15406,-0.62768,1
positive387,-0.14425,-0.20744,-0.22883,-0.18011,-0.11946,-0.13001,-0.14945,-0.13489,-0.24827,-0.19886,-0.27295,-0.17397,-0.26697,-0.24643,-0.29463,-0.51986,0.34685,-0.92396,-0.93378,0.49838,-0.25519,-0.26769,-1.03596,0.27473,-0.79504,-0.22454,0.43907,-0.1838,-0.19234,-0.27867,0.41782,-0.29244,0.52246,-0.19169,0.42525,-0.13857,-0.75649,0.24661,-0.02932,-0.28071,-0.21525,0.7435,-0.30461,-0.21571,-0.2232,0.03943,-0.26732,-0.23907,2.63255,0.66317,0.00169,-0.55616,-1.00731,-0.28176,-0.10657,-0.6718,0.02622,1.20174,0.62326,-1.04025,0.46597,1.32899,-0.58358,2.91497,-0.54501,-0.202,0.73019,-0.35722,-0.18643,-0.85017,1
positive388,-0.13671,-0.20317,-0.22436,-0.17438,-0.10878,-0.12167,-0.14589,-0.13098,-0.23533,-0.19477,-0.26091,-0.16009,-0.24449,-0.2313,0.35516,-0.51986,0.15226,-0.92396,0.57974,-1.37753,-0.24192,-0.26029,1.0239,-0.1297,-0.14432,-0.22454,-0.21584,-0.1838,-0.18672,3.85489,1.4173,-0.27606,-1.44017,-0.19169,-1.01935,-0.13034,-0.75649,-0.37589,-0.52539,-0.28071,-0.21525,1.48073,-0.30461,-0.20662,-0.2232,1.1944,1.08947,-0.23907,-0.24428,-0.59064,1.03948,-0.35251,-1.44695,-0.27826,-0.10657,1.56995,-0.14372,0.02183,-0.0814,0.84543,0.82334,0.14995,3.2451,-0.2974,-0.812,-0.202,-1.36951,-0.32637,-0.17406,-0.75532,1
positive389,-0.1615,-0.21723,-0.23905,-0.19321,-0.14393,-0.14911,-0.15762,-0.14382,-0.27792,3.0848,-0.30054,-0.20575,-0.31844,2.76353,-0.68451,-0.51986,-0.28363,1.7206,-0.97215,0.36331,-0.28559,-0.28463,-0.48723,0.47702,-0.79504,-0.22454,-0.56022,-0.1838,-0.2052,-0.33766,0.44715,-0.32997,-0.70989,-0.19169,1.29201,-0.15741,0.35071,0.19325,-0.25255,-0.28071,-0.21525,-0.73851,-0.30461,-0.23651,-0.2232,-0.29634,-0.5304,-0.23907,-0.24428,-0.59064,0.26238,0.85617,-0.04137,-0.28977,-0.10657,1.49126,0.19906,3.1823,0.1776,-0.46347,0.56051,1.38538,-0.25304,-0.36794,-0.66516,2.54083,0.73019,-0.42788,-0.21476,-0.38601,1
positive390,-0.14425,-0.20744,3.80987,-0.18011,-0.11946,-0.13001,-0.14945,-0.13489,-0.24827,-0.19886,-0.27295,-0.17397,-0.26697,-0.24643,-0.68451,0.72212,-0.87908,-0.92396,-0.55007,1.51137,-0.25519,-0.26769,-1.32227,0.781,-0.21662,-0.22454,-0.46859,-0.1838,-0.19234,-0.27867,-0.10631,-0.29244,-0.70989,-0.19169,-0.29705,-0.13857,2.60321,-1.62089,-0.5874,-0.28071,-0.21525,-1.47346,-0.30461,-0.21571,-0.2232,0.03103,-1.80861,-0.23907,-0.24428,-0.59064,-1.19101,0.2308,1.96602,-0.28176,-0.10657,0.18558,0.70599,1.66527,0.62326,0.72434,0.86471,-0.24398,0.3315,-0.31883,-0.84538,-0.202,-1.36951,-0.35722,-0.18643,1.86929,1
positive391,-0.13671,-0.20317,-0.22436,-0.17438,-0.10878,-0.12167,-0.14589,-0.13098,-0.23533,-0.19477,-0.26091,-0.16009,-0.24449,-0.2313,0.35516,-0.51986,-1.0153,-0.92396,-0.69929,-1.37753,-0.24192,-0.26029,1.25614,0.86066,0.50639,3.61913,-0.18557,-0.1838,-0.18672,3.85489,1.13966,-0.27606,-0.98375,-0.19169,-1.01935,-0.13034,-0.75649,0.51339,-0.83544,-0.28071,-0.21525,0.70777,-0.30461,-0.20662,-0.2232,0.4332,1.18536,-0.23907,-0.24428,-0.59064,0.93764,-0.59332,-1.30031,-0.27826,-0.10657,0.36671,-1.17232,0.10611,-0.0814,1.20824,-0.29171,0.93904,2.51584,-0.2974,2.19169,-0.202,0.73019,-0.32637,-0.17406,-0.75532,1
positive392,-0.12453,-0.19626,-0.21715,-0.16513,-0.0915,-0.10818,-0.14012,-0.12467,-0.21439,-0.18816,-0.24143,-0.13765,-0.20814,-0.20684,-0.68451,-0.51986,-0.00342,0.66319,0.4092,0.27327,-0.22045,-0.24832,-1.65342,0.19466,-0.79504,-0.22454,0.24361,-0.1838,-0.17764,-0.21124,-0.88139,-0.24955,1.48095,-0.19169,1.86985,-0.11703,-0.75649,-1.44303,-0.40137,-0.28071,-0.21525,-0.88482,-0.30461,-0.19193,-0.2232,0.06764,0.6514,-0.23907,-0.24428,-0.59064,1.10149,-0.79448,0.64583,-0.2726,-0.10657,-1.28056,0.24159,0.40108,-0.93526,-0.20418,-0.81199,0.03739,-0.06934,-0.26272,0.05573,-0.202,0.73019,-0.27646,-0.15406,-1.30852,1
positive393,-0.13278,-0.20094,-0.22203,-0.1714,-0.1032,-0.11732,-0.14403,-0.12895,-0.22857,-0.19264,-0.25462,-0.15285,-0.23276,-0.22341,0.04938,-0.51986,-0.37429,-0.92396,0.00292,-0.49475,-0.23499,3.39196,0.59177,-0.88895,0.59315,-0.22454,1.31368,-0.1838,-0.18379,-0.23946,-0.60654,3.32385,1.0299,-0.19169,-0.16959,-0.12605,-0.75649,-0.899,-0.8172,-0.28071,-0.21525,-0.40592,-0.30461,4.2776,-0.2232,-0.85902,0.78841,-0.23907,-0.24428,-0.59064,0.76014,0.6417,-0.32928,-0.27644,-0.10657,0.21874,-1.01978,0.5275,-1.51588,1.68431,-0.73683,-0.81807,-0.19806,-0.2862,-0.08562,-0.202,-1.36951,3.07069,-0.16761,-0.69953,1
positive394,-0.12453,-0.19626,-0.21715,-0.16513,-0.0915,-0.10818,-0.14012,-0.12467,-0.21439,-0.18816,3.99133,-0.13765,-0.20814,-0.20684,0.35516,-0.51986,-0.70395,0.67551,-0.35822,-0.17695,-0.22045,-0.24832,1.18769,-1.94061,-0.79504,-0.22454,-0.9666,-0.1838,-0.17764,-0.21124,-0.02732,-0.24955,-1.2576,-0.19169,-0.05628,-0.11703,-0.75649,1.04696,-0.77343,-0.28071,-0.21525,2.19507,-0.30461,-0.19193,-0.2232,2.37896,-0.27438,-0.23907,-0.24428,1.29008,-0.84173,0.20617,-1.70923,-0.2726,-0.10657,-0.25979,0.35712,-1.41092,0.80661,-2.43879,0.15284,-0.26355,0.06712,-0.26272,2.05819,-0.202,-1.36951,-0.27646,-0.15406,-0.56563,1
positive395,-0.14053,-0.20534,-0.22663,-0.17728,-0.11419,-0.1259,-0.1477,7.12214,-0.24189,-0.19685,-0.26701,-0.16713,-0.25589,-0.23897,-0.19203,0.7132,-1.03578,0.38805,-0.72173,0.6761,-0.24865,-0.26404,-0.93679,-1.19862,-0.79504,-0.22454,0.5167,-0.1838,-0.18957,-0.26597,1.10654,3.10159,1.1062,-0.19169,1.2616,-0.13451,-0.75649,0.93463,2.08553,-0.28071,-0.21525,-1.37412,-0.30461,-0.21123,-0.2232,0.79034,0.41575,-0.23907,-0.24428,-0.59064,0.39214,-0.61596,0.05539,-0.28003,-0.10657,-0.67407,0.24192,1.53885,-1.06429,-0.02265,-0.23625,0.20063,-0.34495,-0.30826,-0.82957,-0.202,0.73019,-0.34201,-0.18033,0.3363,1
positive396,-0.12453,-0.19626,-0.21715,-0.16513,-0.0915,-0.10818,-0.14012,-0.12467,-0.21439,-0.18816,3.99133,-0.13765,-0.20814,-0.20684,-0.68451,1.473,0.23009,0.44554,0.665,0.72349,-0.22045,-0.24832,0.4138,0.27553,0.00584,-0.22454,-0.1675,5.93513,-0.17764,-0.21124,-0.30327,-0.24955,-0.16218,-0.19169,-1.01935,-0.11703,-0.75649,-1.44303,-0.77343,-0.28071,-0.21525,-1.06811,-0.30461,-0.19193,-0.2232,-0.03993,0.94979,-0.23907,-0.24428,-0.59064,-0.77652,-0.39614,-1.31585,-0.2726,-0.10657,-0.8885,0.69926,-0.56813,-0.93526,1.35277,-0.25615,-1.67876,-0.30728,-0.26272,-0.34476,-0.202,0.73019,-0.27646,-0.15406,-0.19786,1
positive397,-0.12453,-0.19626,-0.21715,-0.16513,-0.0915,-0.10818,-0.14012,-0.12467,-0.21439,-0.18816,-0.24143,-0.13765,2.42466,-0.20684,0.875,1.21811,-1.17097,-0.92396,-0.86983,0.27327,-0.22045,-0.24832,-0.17271,0.63337,-0.79504,-0.22454,1.12392,-0.1838,-0.17764,-0.21124,0.51005,-0.24955,0.38553,-0.19169,-1.01935,-0.11703,0.35075,0.69125,0.71479,-0.28071,-0.21525,-0.0416,-0.30461,-0.19193,-0.2232,-2.70091,-0.61465,-0.23907,-0.24428,-0.59064,-0.47398,0.10004,-0.34706,-0.2726,-0.10657,-1.48974,-0.8017,-0.52599,-0.93526,0.77147,0.83958,0.16269,-0.81058,3.50456,-0.34476,-0.202,0.73019,-0.27646,-0.15406,-0.92525,1
positive398,-0.14425,-0.20744,-0.22883,-0.18011,-0.11946,-0.13001,-0.14945,-0.13489,-0.24827,-0.19886,-0.27295,-0.17397,-0.26697,-0.24643,0.09525,-0.51986,-1.40448,-0.92396,-1.12564,1.17371,-0.25519,-0.26769,0.45682,0.4283,-0.21662,-0.22454,-0.9666,-0.1838,-0.19234,-0.27867,0.32311,-0.29244,-2.35302,-0.19169,-0.29705,-0.13857,-0.75649,0.51339,-0.86644,-0.28071,-0.21525,-1.5793,-0.30461,-0.21571,-0.2232,0.74784,0.79421,-0.23907,-0.24428,-0.59064,-0.42692,-0.58186,-1.12046,2.88319,-0.10657,0.69979,-1.40586,0.3168,1.90674,-1.51649,0.5887,1.53026,-0.57292,-0.31883,-0.24464,-0.202,0.73019,-0.35722,-0.18643,1.11724,1
positive399,-0.12453,-0.19626,-0.21715,5.86665,-0.0915,-0.10818,-0.14012,-0.12467,-0.21439,-0.18816,-0.24143,-0.13765,-0.20814,-0.20684,-1.20435,3.07905,1.16414,-0.92396,1.68823,1.17371,-0.22045,-0.24832,-0.31814,-0.59461,0.00584,-0.22454,1.19813,-0.1838,-0.17764,-0.21124,-0.14262,-0.24955,2.02867,-0.19169,-0.05628,-0.11703,-0.75649,1.40267,2.57507,-0.28071,-0.21525,-1.72635,-0.30461,-0.19193,-0.2232,0.4976,0.57548,-0.23907,-0.24428,-0.59064,1.21918,-1.37388,0.70013,-0.2726,-0.10657,2.39818,-0.74094,0.02183,-1.51588,2.6046,-0.22835,0.49156,0.36829,-0.26272,-0.74525,-0.202,-1.36951,-0.27646,-0.15406,0.48659,1
positive400,-0.12453,-0.19626,-0.21715,-0.16513,-0.0915,-0.10818,-0.14012,-0.12467,-0.21439,-0.18816,-0.24143,-0.13765,-0.20814,3.77947,-0.68451,1.04358,-0.00342,0.38189,0.4092,0.27327,-0.22045,-0.24832,-0.91994,0.8236,0.00584,-0.22454,-0.9666,-0.1838,-0.17764,-0.21124,0.06536,-0.24955,-0.70989,-0.19169,2.83292,-0.11703,-0.75649,1.75839,2.94713,-0.28071,-0.21525,-1.1726,-0.30461,-0.19193,-0.2232,0.09099,-0.3684,4.68535,-0.24428,-0.59064,0.79222,1.59902,0.25418,-0.2726,-0.10657,-1.47086,1.80359,0.14824,-0.93526,-0.59036,0.88904,-1.50562,-0.90128,-0.26272,-0.74525,-0.202,-1.36951,-0.27646,-0.15406,-0.70291,1
positive401,-0.11095,-0.18856,-0.2091,-0.15482,-0.07225,-0.09315,-0.13369,-0.11764,-0.19106,-0.18079,-0.21972,-0.11264,-0.16763,-0.17958,-1.59422,-0.51986,0.34685,-0.92396,0.79291,0.49838,-0.19653,-0.23498,0.25827,1.43581,-0.79504,-0.22454,-0.17678,-0.1838,-0.16751,-0.16481,-1.51043,-0.22001,-0.29911,-0.19169,0.18448,-0.1022,-0.75649,0.06875,-0.68042,-0.28071,-0.21525,-0.0631,-0.30461,-0.17555,-0.2232,-0.49231,0.92455,-0.23907,-0.24428,2.0961,-0.91889,0.17899,-1.02872,-0.2663,-0.10657,-0.73227,0.91823,-1.53734,0.70105,-0.04744,0.46237,-1.50119,0.36353,-0.22407,-0.14452,-0.202,-1.36951,-0.22085,-0.13176,1.43891,1
positive402,-0.12453,-0.19626,-0.21715,-0.16513,-0.0915,-0.10818,-0.14012,-0.12467,-0.21439,-0.18816,-0.24143,-0.13765,-0.20814,-0.20684,-0.16467,-0.51986,-1.40448,1.10258,-1.12564,2.07414,-0.22045,-0.24832,-0.21124,1.16198,-0.79504,-0.22454,1.91504,-0.1838,-0.17764,-0.21124,0.3274,-0.24955,0.38553,-0.19169,-0.05628,-0.11703,0.3007,-0.02018,1.08685,-0.28071,-0.21525,-0.65903,-0.30461,-0.19193,-0.2232,-0.64521,-0.52025,-0.23907,-0.24428,-0.59064,2.0633,1.02978,-0.0399,-0.2726,-0.10657,1.0745,-0.99075,-0.14673,1.38724,-1.04118,0.0965,-0.04653,0.76359,-0.26272,0.45622,-0.202,0.73019,-0.27646,-0.15406,-0.07259,1
positive403,-0.12453,-0.19626,-0.21715,-0.16513,-0.0915,-0.10818,-0.14012,-0.12467,-0.21439,-0.18816,-0.24143,-0.13765,-0.20814,-0.20684,-1.20435,-0.51986,-0.70395,-0.92396,-0.35822,0.27327,-0.22045,-0.24832,-0.79576,1.34533,-0.79504,-0.22454,0.37592,-0.1838,-0.17764,-0.21124,-0.65575,-0.24955,0.93324,-0.19169,-0.05628,-0.11703,0.34061,0.69125,-0.77343,-0.28071,-0.21525,0.82501,-0.30461,-0.19193,-0.2232,-0.58909,-0.08222,-0.23907,-0.24428,-0.59064,0.11495,0.93993,-0.01629,-0.2726,-0.10657,0.53094,-0.2438,-0.06245,1.38724,0.25369,0.08246,1.09425,0.52158,-0.26272,-0.34476,-0.202,0.73019,-0.27646,-0.15406,1.4911,1
positive404,-0.12453,-0.19626,-0.21715,-0.16513,-0.0915,-0.10818,-0.14012,-0.12467,-0.21439,-0.18816,3.99133,-0.13765,-0.20814,-0.20684,-1.20435,-0.51986,1.39765,-0.92396,0.665,-0.17695,-0.22045,-0.24832,0.43386,1.3263,-0.79504,-0.22454,-0.27671,-0.1838,-0.17764,-0.21124,1.3669,-0.24955,0.38553,-0.19169,-0.05628,-0.11703,-0.75649,-1.08732,-0.77343,-0.28071,-0.21525,1.41262,-0.30461,-0.19193,-0.2232,-0.37218,0.79804,-0.23907,-0.24428,3.1708,1.67186,0.1595,-1.13089,-0.2726,-0.10657,-0.22089,-1.78209,-0.52599,-0.35463,0.22219,-0.47659,0.62488,-0.02061,-0.26272,0.45622,-0.202,0.73019,-0.27646,-0.15406,0.43528,1
positive405,-0.14053,-0.20534,-0.22663,-0.17728,-0.11419,-0.1259,-0.1477,-0.13296,-0.24189,-0.19685,-0.26701,-0.16713,-0.25589,-0.23897,-0.60243,0.73958,-0.11403,0.69399,0.28803,0.32066,-0.24865,-0.26404,-0.48216,0.55257,-0.79504,-0.22454,-0.46159,-0.1838,-0.18957,-0.26597,1.78638,-0.28436,-0.62341,-0.19169,-0.25904,-0.13451,0.31296,-1.5928,-0.55803,-0.28071,-0.21525,-0.67249,-0.30461,-0.21123,-0.2232,0.08425,-0.11236,-0.23907,-0.24428,2.0961,-0.59053,0.03829,-0.78655,-0.28003,-0.10657,0.57788,1.7652,1.03318,0.2905,-0.79343,1.3605,-1.08961,0.59922,-0.30826,-0.19721,-0.202,0.73019,-0.34201,-0.18033,-0.4745,1
positive406,-0.13671,3.88553,-0.22436,-0.17438,-0.10878,-0.12167,-0.14589,-0.13098,-0.23533,-0.19477,-0.26091,-0.16009,-0.24449,-0.2313,-0.07803,0.72618,0.73603,2.37352,-0.05978,-0.62717,-0.24192,-0.26029,-0.08946,0.31409,-0.79504,-0.22454,0.03252,-0.1838,-0.18672,-0.25291,-0.34506,-0.27606,1.75481,-0.19169,1.38832,-0.13034,-0.75649,-1.5616,-0.52539,-0.28071,-0.21525,-0.53333,-0.30461,-0.20662,-0.2232,0.2325,0.4901,-0.23907,-0.24428,-0.59064,0.28821,0.32899,1.38191,-0.27826,-0.10657,-1.14559,1.40951,1.11746,-1.51588,1.0419,0.94202,-0.87705,-0.92813,-0.2974,-0.14452,-0.202,-1.36951,-0.32637,-0.17406,-0.77587,1
positive407,-0.12453,-0.19626,-0.21715,-0.16513,-0.0915,-0.10818,-0.14012,-0.12467,-0.21439,-0.18816,-0.24143,-0.13765,-0.20814,-0.20684,-1.20435,-0.51986,-0.23693,-0.92396,0.15339,2.07414,-0.22045,-0.24832,-0.93995,1.31881,0.00584,-0.22454,1.00055,-0.1838,-0.17764,-0.21124,-0.869,-0.24955,0.38553,-0.19169,0.90678,-0.11703,1.48566,-1.44303,-0.40137,-0.28071,-0.21525,-1.27348,-0.30461,-0.19193,-0.2232,-0.16366,-2.0617,-0.23907,-0.24428,-0.59064,0.339,-0.34507,2.46212,-0.2726,-0.10657,-1.61251,-0.44426,0.35894,0.22599,-0.95967,-0.28534,0.03795,1.01881,-0.26272,-0.34476,-0.202,0.73019,3.33793,-0.15406,1.19018,1
positive408,-0.12453,-0.19626,-0.21715,-0.16513,-0.0915,-0.10818,-0.14012,-0.12467,-0.21439,-0.18816,-0.24143,-0.13765,-0.20814,-0.20684,-0.16467,-0.51986,-1.40448,0.08828,-1.12564,1.62393,-0.22045,-0.24832,-0.47301,-0.20365,0.80672,-0.22454,1.21034,-0.1838,-0.17764,-0.21124,0.23489,-0.24955,-0.16218,-0.19169,0.90678,-0.11703,0.3629,-0.7316,0.34274,-0.28071,-0.21525,-1.12402,-0.30461,-0.19193,-0.2232,-0.93713,-0.53222,-0.23907,-0.24428,-0.59064,-0.69639,0.16745,0.74438,3.41445,-0.10657,-1.90229,-0.59475,-0.02031,0.22599,-0.92488,-0.08511,-0.50106,-0.22818,-0.26272,-0.74525,-0.202,0.73019,-0.27646,-0.15406,-0.22555,1
positive409,-0.14425,-0.20744,3.80987,-0.18011,-0.11946,-0.13001,-0.14945,-0.13489,-0.24827,-0.19886,-0.27295,-0.17397,-0.26697,-0.24643,0.09525,-0.51986,-1.40448,-0.92396,-1.12564,0.83604,3.74897,-0.26769,0.43588,0.79975,0.36179,-0.22454,-0.46078,-0.1838,-0.19234,3.60692,-1.13532,-0.29244,-1.94224,-0.19169,0.42525,-0.13857,1.443,0.78018,-0.86644,-0.28071,-0.21525,-0.19952,-0.30461,-0.21571,-0.2232,-0.31992,-1.61742,-0.23907,-0.24428,-0.59064,0.73332,0.19439,0.42854,-0.28176,-0.10657,1.83964,-0.60972,0.9489,1.90674,-0.69268,-0.74536,0.48589,1.05961,-0.31883,-0.54501,-0.202,0.73019,-0.35722,-0.18643,-0.14043,1
positive410,-0.12453,-0.19626,-0.21715,-0.16513,-0.0915,-0.10818,-0.14012,-0.12467,-0.21439,-0.18816,-0.24143,-0.13765,-0.20814,-0.20684,-0.68451,-0.51986,-0.47044,0.61596,-0.10241,0.72349,-0.22045,-0.24832,-0.81281,0.29858,-0.79504,-0.22454,0.82755,-0.1838,-0.17764,-0.21124,-0.16572,-0.24955,0.38553,-0.19169,0.90678,-0.11703,-0.75649,-0.37589,0.71479,-0.28071,-0.21525,-1.51984,-0.30461,-0.19193,-0.2232,0.59583,0.46142,-0.23907,-0.24428,-0.59064,1.17838,0.71171,-0.36916,3.41445,-0.10657,1.55458,4.10711,0.23252,-1.51588,-0.5273,1.47681,-1.65848,1.23783,-0.26272,0.05573,-0.202,0.73019,-0.27646,-0.15406,0.03999,1
positive411,-0.12453,-0.19626,-0.21715,-0.16513,-0.0915,-0.10818,-0.14012,-0.12467,-0.21439,-0.18816,-0.24143,-0.13765,-0.20814,-0.20684,-0.68451,-0.51986,-1.40448,-0.92396,-1.12564,1.17371,4.44426,-0.24832,-0.04825,0.75571,-0.79504,-0.22454,1.38448,-0.1838,-0.17764,-0.21124,0.08308,-0.24955,0.38553,-0.19169,-1.01935,-0.11703,0.37525,-0.02018,-0.77343,-0.28071,-0.21525,1.42652,3.20408,-0.19193,-0.2232,-0.95656,-0.22511,-0.23907,-0.24428,1.29008,1.13617,-0.04505,-0.83909,-0.2726,-0.10657,1.25663,-0.76409,-0.65241,0.22599,-1.33596,0.43964,0.38917,1.22473,-0.26272,-0.74525,-0.202,0.73019,-0.27646,-0.15406,-0.0665,1
positive412,-0.12018,-0.19379,-0.21457,-0.16183,-0.08533,-0.10337,-0.13806,-0.12242,-0.20692,-0.1858,-0.23447,-0.12964,-0.19517,-0.19811,0.54082,-0.51986,0.59704,-0.92396,1.06699,-0.46637,-0.21279,3.80347,0.32424,0.34784,0.07258,-0.22454,-0.15318,-0.1838,-0.17439,-0.19637,0.53073,-0.24009,-0.00569,-0.19169,0.01251,-0.11228,-0.75649,-0.24885,-0.34822,-0.28071,-0.21525,-0.86151,-0.30461,-0.18668,4.68406,-0.05716,0.29155,4.68535,-0.24428,1.49905,-0.36895,-0.88743,0.5918,-0.27059,-0.10657,-0.55627,0.05919,-1.11594,-1.51588,-0.48382,-0.25326,0.62626,0.68855,-0.25034,0.99975,-0.202,0.73019,-0.25865,-0.14692,0.71696,1
positive413,-0.12453,-0.19626,-0.21715,-0.16513,-0.0915,-0.10818,-0.14012,-0.12467,3.19751,-0.18816,-0.24143,-0.13765,-0.20814,-0.20684,1.39484,-0.51986,-0.70395,-0.92396,-0.35822,-0.17695,-0.22045,-0.24832,0.05326,2.7427,-0.79504,-0.22454,0.69784,-0.1838,-0.17764,-0.21124,0.29004,7.42908,-0.16218,-0.19169,-0.05628,-0.11703,-0.75649,0.33553,-0.77343,-0.28071,-0.21525,1.8374,-0.30461,-0.19193,-0.2232,-2.67388,-0.40353,-0.23907,-0.24428,-0.59064,0.88734,0.58763,-0.8865,3.41445,-0.10657,-3.46726,1.26895,-0.86311,1.38724,-0.87014,-0.28731,0.42495,0.05965,7.27183,3.25967,-0.202,0.73019,-0.27646,3.10616,0.2059,1
positive414,-0.14425,-0.20744,-0.22883,-0.18011,-0.11946,-0.13001,-0.14945,-0.13489,-0.24827,-0.19886,-0.27295,-0.17397,-0.26697,-0.24643,0.875,-0.51986,0.17172,-0.17453,0.60105,-0.85228,-0.25519,-0.26769,-0.26116,0.99218,1.51861,-0.22454,-0.42106,-0.1838,4.89079,-0.27867,-0.70141,-0.29244,-1.12067,-0.19169,1.14755,-0.13857,0.3901,-1.08732,-0.5874,-0.28071,-0.21525,0.08409,-0.30461,-0.21571,-0.2232,1.73019,-0.06501,-0.23907,-0.24428,-0.59064,-1.22094,-0.60374,0.53948,-0.28176,-0.10657,0.4171,-0.96342,1.32815,0.62326,-0.41047,-0.02798,1.62757,-1.05706,-0.31883,-0.84538,-0.202,0.73019,-0.35722,-0.18643,-0.31348,1
positive415,-0.13671,-0.20317,-0.22436,-0.17438,-0.10878,-0.12167,-0.14589,-0.13098,-0.23533,-0.19477,-0.26091,-0.16009,-0.24449,-0.2313,-1.37762,-0.51986,-1.40448,2.00805,-1.12564,1.99911,-0.24192,-0.26029,-1.33766,-1.51491,-0.79504,-0.22454,0.75741,-0.1838,-0.18672,-0.25291,-0.2521,-0.27606,0.38553,-0.19169,2.19088,-0.13034,-0.75649,0.80982,1.64493,-0.28071,-0.21525,-0.67457,2.5462,-0.20662,-0.2232,-0.12145,-0.51092,-0.23907,-0.24428,-0.59064,-0.47689,1.25642,0.02835,-0.27826,-0.10657,0.50403,1.09534,1.11746,0.39676,-1.52146,-0.65274,-0.46136,-0.58531,-0.2974,-0.47826,-0.202,0.73019,-0.32637,-0.17406,0.89542,1
positive416,-0.15139,-0.2115,-0.23306,-0.18553,-0.12959,-0.13792,-0.15284,-0.13859,-0.26055,-0.20274,3.17165,-0.18713,-0.28828,-0.26077,-0.82628,-0.51986,-0.13079,-0.92396,-0.6024,0.80535,-0.26778,-0.2747,0.64492,0.17889,0.24611,-0.22454,2.04248,-0.1838,-0.19766,-0.3031,-0.6648,-0.30799,1.00793,-0.19169,-1.01935,-0.14637,1.48106,1.24099,-0.89181,-0.28071,-0.21525,0.24319,4.25668,-0.22432,-0.2232,-0.4665,-0.44495,-0.23907,-0.24428,0.51566,0.37896,0.40952,0.73954,-0.28507,-0.10657,0.28888,-0.07168,2.04453,0.03245,-0.46359,-2.19821,-0.9181,0.38226,-0.33917,0.21957,-0.202,0.73019,-0.38649,-0.19816,-1.41313,1
positive417,-0.12872,-0.19864,-0.21963,-0.16832,-0.09745,-0.11283,-0.1421,-0.12685,-0.2216,-0.19043,-0.24813,-0.14537,-0.22066,-0.21526,0.19271,-0.51986,1.0036,-0.92396,1.51236,0.49838,-0.22784,-0.25244,-0.08882,0.32926,-0.79504,-0.22454,0.42149,-0.1838,-0.18076,-0.22558,0.08555,-0.25868,-0.81259,-0.19169,-0.11648,-0.12161,-0.75649,-0.15357,-0.79668,-0.28071,5.1565,0.35268,-0.30461,-0.19699,-0.2232,-1.80451,0.08568,-0.23907,-0.24428,-0.59064,-0.4767,-0.53703,-0.95442,-0.27455,-0.10657,-0.92757,-1.10245,-0.56813,0.65178,-0.38115,0.46955,-0.29271,-0.61342,3.36487,0.3561,-0.202,-1.36951,-0.29364,-0.16094,0.99805,1
positive418,-0.15821,-0.21536,-0.23709,-0.19071,-0.13925,-0.14547,-0.15606,-0.14211,-0.27226,-0.20644,-0.29527,-0.19968,1.74547,-0.27445,0.68006,0.59184,1.07657,0.82539,0.63303,-0.62717,-0.27979,-0.2814,0.28549,0.82785,0.15146,-0.22454,-0.07522,-0.1838,-0.20274,-0.3264,0.06391,-0.32281,0.04321,-0.19169,-1.01935,-0.15381,1.42082,-0.15357,-0.68042,-0.28071,-0.21525,-0.32229,-0.30461,-0.23254,-0.2232,-0.60004,-0.29119,2.22314,-0.24428,-0.59064,0.59,-1.50057,1.19611,-0.28824,-0.10657,-1.86253,0.26166,2.08667,-1.16246,0.07062,0.2858,0.12533,0.3976,-0.35856,-0.64513,-0.202,0.73019,2.40552,-0.20935,0.51816,1
positive419,-0.12453,-0.19626,-0.21715,-0.16513,-0.0915,-0.10818,-0.14012,-0.12467,-0.21439,-0.18816,-0.24143,-0.13765,-0.20814,-0.20684,-0.16467,0.97823,1.39765,-0.92396,1.94403,0.72349,4.44426,-0.24832,-0.29206,1.43684,-0.79504,-0.22454,0.23465,-0.1838,-0.17764,-0.21124,-0.0223,-0.24955,-0.16218,-0.19169,-0.05628,-0.11703,0.34915,0.33553,0.34274,-0.28071,-0.21525,-1.09339,-0.30461,-0.19193,-0.2232,-0.37321,-0.49046,-0.23907,-0.24428,-0.59064,-0.84983,-0.24823,-0.09391,-0.2726,-0.10657,-0.13161,1.80029,-0.27315,0.22599,0.28271,0.23757,-1.67966,0.03989,-0.26272,-0.74525,-0.202,0.73019,-0.27646,-0.15406,-0.47625,1
positive420,-0.14425,-0.20744,-0.22883,-0.18011,-0.11946,-0.13001,6.30763,-0.13489,-0.24827,-0.19886,-0.27295,-0.17397,-0.26697,-0.24643,-1.07439,2.18369,1.74791,1.79657,2.32774,1.84903,-0.25519,-0.26769,0.26033,0.1628,-0.79504,-0.22454,-0.42464,-0.1838,-0.19234,-0.27867,0.28159,-0.29244,-0.70989,-0.19169,-0.29705,-0.13857,0.37049,0.24661,-0.5874,4.20706,-0.21525,-0.33379,2.22944,-0.21571,-0.2232,-0.38933,-0.37944,-0.23907,-0.24428,-0.59064,-0.28425,0.20653,-0.95359,-0.28176,-0.10657,0.05283,0.15138,0.69606,1.47892,-0.51626,-0.28803,-0.07435,-0.7776,-0.31883,-0.24464,-0.202,0.73019,-0.35722,-0.18643,1.63879,1
