,DDE_HD,DDE_DD,DDE_QK,DDE_QD,DDE_VM,DDE_WV,DDE_MK,DDE_MD,DDE_GP,DDE_DN,DDE_AI,DDE_AH,DDE_SS,DDE_TT,CTDC_secondarystruct.G3,QSO3_SC_M,CTDD_hydrophobicity_CASG920101.3.residue75,DDR_N,CTDD_hydrophobicity_CASG920101.3.residue0,CTDC_secondarystruct.G1,DDE_YL,DDE_VD,MSW__27,Z3__7,CKSAAGP_uncharger.uncharger.gap1,CKSAAP_TS.gap3,QSO3_SC_L,CKSAAP_IY.gap2,DDE_DQ,DDE_PS,MSW__7,DDE_LI,CTDC_hydrophobicity_ENGD860101.G3,CKSAAP_NG.gap1,AAC_K,DDE_HE,PAAC_Xc1.R,CTDD_polarity.2.residue50,CTDD_polarity.2.residue0,CTriad_g6.g1.g1,CTriad_g4.g3.g1,Z5__26,CKSAAP_AL.gap1,DDE_DP,CKSAAP_VS.gap2,NMBroto_CHAM810101.lag2,Z3__21,CTriad_g6.g3.g2,GTPC_postivecharger.alphaticr.aromatic,CKSAAGP_alphaticr.aromatic.gap4,Geary_CHAM820102.lag3,Z3__27,Z5__46,DDE_EK,CKSAAP_HR.gap3,Geary_CHAM820101.lag3,TM_tend,formula_H,CTDT_hydrophobicity_PONP930101.Tr1221,MSW__16,MSW__8,NMBroto_CIDH920105.lag2,Z5__44,DDE_GL,CTDD_hydrophobicity_FASG890101.1.residue0,CKSAAP_ET.gap3,OVP_Hydrophobic_N4,DDE_SL,DDE_PP,Charge_phys,y
negative1,-0.12453,-0.19626,-0.21715,-0.16513,-0.0915,-0.10818,-0.14012,-0.12467,10.02132,-0.18816,-0.24143,-0.13765,-0.20814,-0.20684,3.99402,-0.51986,-1.40448,-0.92396,-1.12564,-1.5276,-0.22045,-0.24832,0.98133,-0.19335,1.6076,-0.22454,-0.9666,-0.1838,-0.17764,4.31533,0.8895,-0.24955,-2.35302,-0.19169,-0.05628,-0.11703,0.43933,1.04696,-0.40137,-0.28071,-0.21525,1.97127,-0.30461,4.59684,-0.2232,4.22711,-0.76832,-0.23907,-0.24428,-0.59064,-0.30908,0.92379,0.36296,-0.2726,-0.10657,-2.69161,-1.36485,-1.53734,3.12911,-1.03976,-0.4232,1.20266,2.30341,-0.26272,-0.74525,-0.202,-1.36951,-0.27646,3.10616,1.32872,0
negative2,-0.09535,-0.17971,-0.19986,-0.14297,-0.05013,-0.07589,-0.1263,-0.10956,-0.16426,-0.17232,-0.19478,-0.08391,-0.1211,-0.14827,-1.37762,-0.51986,0.54144,-0.92396,1.00608,2.37429,-0.16905,-0.21967,-1.38245,-0.33218,-0.79504,-0.22454,0.76945,-0.1838,-0.15588,-0.11148,0.7445,-0.18609,0.38553,-0.19169,2.19088,-0.08517,-0.75649,-2.15446,-1.14549,-0.28071,-0.21525,-2.29354,-0.30461,-0.15675,-0.2232,0.63629,-0.44798,-0.23907,-0.24428,-0.59064,-0.64553,1.0222,0.20351,4.61845,-0.10657,-0.15312,3.19845,-1.87446,-1.51588,-0.76391,2.68958,-1.34907,0.61131,-0.17969,-0.47826,-0.202,0.73019,-0.15697,-0.10615,3.54389,0
negative3,-0.14425,-0.20744,-0.22883,-0.18011,-0.11946,-0.13001,-0.14945,-0.13489,-0.24827,-0.19886,-0.27295,-0.17397,-0.26697,-0.24643,0.09525,-0.51986,0.34685,0.91368,-0.35822,0.16072,-0.25519,3.0803,-0.68964,1.68652,0.36179,-0.22454,-0.9666,-0.1838,4.89079,-0.27867,1.75949,-0.29244,-1.12067,-0.19169,-0.29705,7.3076,0.26717,-0.02018,0.52877,-0.28071,-0.21525,0.55503,-0.30461,-0.21571,-0.2232,-0.12828,0.06881,-0.23907,-0.24428,-0.59064,1.50707,-0.98176,-0.48145,-0.28176,-0.10657,-0.70333,0.79265,0.78034,0.19543,0.78924,-0.37428,-0.44049,0.81452,-0.31883,-0.54501,-0.202,0.73019,-0.35722,-0.18643,-0.15181,0
negative4,-0.08952,-0.1764,-0.19641,-0.13854,-0.04186,-0.06943,-0.12354,-0.10654,-0.15423,-0.16915,-0.18545,-0.07316,-0.10369,-0.13655,-0.29463,-0.51986,2.09818,-0.92396,2.71145,0.49838,-0.15876,-0.21394,-0.1352,1.32001,0.9402,-0.22454,-0.09882,-0.1838,-0.15153,-0.09152,0.78485,-0.17339,-0.29911,-0.19169,-1.01935,12.18884,-0.75649,-1.48749,-0.44788,-0.28071,-0.21525,-0.11993,-0.30461,-0.14971,-0.2232,1.54892,1.31491,4.68535,-0.24428,-0.59064,0.19459,0.13576,-1.48458,-0.25635,-0.10657,2.29561,1.15995,-2.84367,-0.35463,-0.12505,1.35861,0.79005,-0.04529,-0.16308,0.3561,-0.202,0.73019,-0.13307,-0.09657,-0.42436,0
negative5,-0.12453,-0.19626,-0.21715,-0.16513,-0.0915,-0.10818,-0.14012,-0.12467,3.19751,4.12343,-0.24143,-0.13765,-0.20814,-0.20684,2.43451,-0.51986,0.69712,0.66319,1.17662,-1.5276,-0.22045,3.65197,0.26558,-1.45536,-0.79504,-0.22454,-0.9666,-0.1838,-0.17764,-0.21124,2.03723,-0.24955,-1.2576,5.3648,0.90678,-0.11703,-0.75649,-0.02018,-0.77343,-0.28071,-0.21525,1.87963,-0.30461,-0.19193,-0.2232,-0.03791,-0.5203,-0.23907,-0.24428,1.29008,1.19459,-2.56877,0.70142,-0.2726,-0.10657,0.39741,-0.60159,-1.4952,-0.35463,-0.95742,-0.13738,1.02474,2.01464,-0.26272,0.05573,-0.202,-1.36951,-0.27646,-0.15406,-0.61805,0
negative6,-0.12453,-0.19626,-0.21715,-0.16513,-0.0915,-0.10818,-0.14012,-0.12467,-0.21439,-0.18816,-0.24143,-0.13765,-0.20814,-0.20684,-0.68451,-0.51986,-0.93746,0.44554,-0.61402,0.27327,-0.22045,-0.24832,0.03655,0.56863,0.00584,-0.22454,-0.34978,-0.1838,-0.17764,-0.21124,0.63387,-0.24955,-0.16218,-0.19169,0.90678,-0.11703,-0.75649,-1.08732,-0.77343,-0.28071,-0.21525,0.0884,-0.30461,-0.19193,-0.2232,-0.23633,0.45369,-0.23907,-0.24428,-0.59064,-0.02613,-0.56599,-0.88849,7.1015,-0.10657,0.64649,-1.43659,-0.48385,0.22599,-0.83452,0.62459,2.03597,0.80616,-0.26272,0.85672,-0.202,0.73019,-0.27646,-0.15406,-0.58075,0
negative7,-0.14425,-0.20744,-0.22883,-0.18011,-0.11946,-0.13001,-0.14945,-0.13489,-0.24827,-0.19886,-0.27295,-0.17397,-0.26697,-0.24643,-1.07439,-0.51986,1.39765,0.97528,-0.16636,0.83604,-0.25519,-0.26769,-0.05714,0.17103,-0.79504,-0.22454,4.22202,-0.1838,-0.19234,-0.27867,-1.4927,3.00321,2.16559,-0.19169,-1.01935,-0.13857,-0.75649,-0.55375,-0.86644,-0.28071,-0.21525,0.84884,-0.30461,-0.21571,-0.2232,0.8537,1.29259,-0.23907,-0.24428,0.66317,0.07285,-0.01152,-1.13325,-0.28176,-0.10657,-0.28229,-1.69444,1.83383,-0.66023,0.73334,-0.68643,0.40481,-0.85811,-0.31883,2.75906,-0.202,0.73019,-0.35722,-0.18643,-1.61845,0
negative8,-0.12453,-0.19626,-0.21715,-0.16513,-0.0915,-0.10818,-0.14012,-0.12467,-0.21439,-0.18816,-0.24143,-0.13765,-0.20814,-0.20684,-1.72418,-0.51986,-1.40448,-0.92396,-1.12564,1.62393,-0.22045,-0.24832,-0.52098,-1.23441,-0.79504,-0.22454,-0.32569,-0.1838,-0.17764,-0.21124,0.14874,-0.24955,-0.16218,-0.19169,0.90678,-0.11703,-0.75649,-0.02018,-0.77343,-0.28071,-0.21525,-0.48807,-0.30461,-0.19193,-0.2232,-0.03473,0.70369,-0.23907,-0.24428,-0.59064,1.2302,0.00938,-0.75825,-0.2726,-0.10657,-0.05656,0.59931,-0.35743,-0.35463,-1.24425,0.98814,0.4814,-0.57006,-0.26272,0.05573,-0.202,0.73019,-0.27646,-0.15406,1.59513,0
negative9,-0.12453,-0.19626,-0.21715,-0.16513,-0.0915,-0.10818,-0.14012,-0.12467,6.60941,-0.18816,-0.24143,-0.13765,2.42466,-0.20684,3.47418,2.1711,0.69712,-0.92396,1.17662,-1.97782,-0.22045,-0.24832,1.93584,1.48943,0.80672,-0.22454,0.11243,-0.1838,-0.17764,-0.21124,-0.3257,-0.24955,-0.16218,-0.19169,-1.01935,-0.11703,-0.75649,-0.02018,-0.77343,-0.28071,-0.21525,1.85789,-0.30461,-0.19193,-0.2232,1.74622,0.07028,-0.23907,-0.24428,-0.59064,0.261,-0.41956,-1.10785,-0.2726,-0.10657,-2.13416,-0.51446,-1.45306,1.96786,-0.10932,-0.76838,-0.00466,0.7693,-0.26272,3.66017,-0.202,0.73019,-0.27646,-0.15406,-1.70381,0
negative10,-0.12018,-0.19379,-0.21457,-0.16183,-0.08533,-0.10337,-0.13806,-0.12242,-0.20692,4.28854,-0.23447,-0.12964,-0.19517,-0.19811,1.65475,-0.51986,-0.40372,0.11908,-0.02933,-0.94875,-0.21279,-0.24405,-0.28469,1.19661,2.67543,-0.22454,-0.31414,-0.1838,-0.17439,-0.19637,0.36307,-0.24009,-1.17936,-0.19169,1.04437,-0.11228,0.35191,-0.24885,-0.34822,-0.28071,-0.21525,0.50039,-0.30461,-0.18668,-0.2232,-1.08137,-1.51421,-0.23907,-0.24428,-0.59064,0.33628,-1.24267,1.64817,-0.27059,-0.10657,-0.01772,-1.24013,-1.03167,0.35998,-1.5658,0.80668,0.3825,-3.34493,-0.25034,-0.71665,-0.202,0.73019,-0.25865,-0.14692,0.18996,0
negative11,-0.13671,-0.20317,-0.22436,-0.17438,-0.10878,7.85741,-0.14589,-0.13098,-0.23533,-0.19477,-0.26091,-0.16009,-0.24449,-0.2313,-0.51123,-0.51986,0.93063,-0.92396,0.36656,-0.25198,-0.24192,-0.26029,0.64662,0.34285,-0.79504,-0.22454,-0.34392,-0.1838,-0.18672,-0.25291,0.12885,-0.27606,-0.07089,-0.19169,-1.01935,-0.13034,0.31563,-0.37589,-0.21535,-0.28071,-0.21525,2.16013,2.5462,-0.20662,-0.2232,-0.19414,0.59027,-0.23907,2.99216,0.85606,-1.44072,0.22453,-0.61409,-0.27826,-0.10657,1.04974,-0.66103,0.19038,-0.55956,1.13001,-0.18674,-1.11082,0.57766,-0.2974,-0.812,-0.202,0.73019,-0.32637,-0.17406,-0.01609,0
negative12,-0.14425,-0.20744,-0.22883,-0.18011,-0.11946,-0.13001,-0.14945,-0.13489,-0.24827,-0.19886,-0.27295,-0.17397,-0.26697,-0.24643,-1.46426,-0.51986,-0.35368,2.08402,-0.93378,1.51137,-0.25519,-0.26769,-2.11868,-0.22126,-0.79504,-0.22454,0.99486,-0.1838,-0.19234,-0.27867,0.49187,-0.29244,0.93324,-0.19169,1.86985,7.3076,0.29562,-0.02018,1.08685,-0.28071,-0.21525,-0.74395,-0.30461,-0.21571,-0.2232,-0.08658,-0.43157,-0.23907,-0.24428,-0.59064,-0.91839,0.80968,0.65928,2.88319,-0.10657,-1.08098,0.3161,2.7609,-0.2324,-0.66794,0.56942,-0.6921,0.1471,-0.31883,-0.24464,-0.202,0.73019,-0.35722,-0.18643,-0.37021,0
negative13,-0.14425,-0.20744,-0.22883,-0.18011,-0.11946,-0.13001,-0.14945,-0.13489,-0.24827,-0.19886,3.36042,-0.17397,-0.26697,-0.24643,-0.68451,-0.51986,1.04738,2.78212,0.98476,0.49838,-0.25519,-0.26769,1.47027,-0.29794,0.36179,-0.22454,0.35411,-0.1838,-0.19234,-0.27867,-0.2829,-0.29244,-0.70989,-0.19169,-1.01935,-0.13857,-0.75649,-0.82053,-0.5874,1.96317,-0.21525,0.56054,2.22944,-0.21571,-0.2232,0.39104,1.40953,-0.23907,-0.24428,-0.59064,-0.33939,0.03832,-1.34459,-0.28176,-0.10657,-0.81919,-0.97978,0.5275,1.47892,1.06043,0.24656,0.81285,-1.68405,-0.31883,-0.84538,-0.202,0.73019,-0.35722,-0.18643,-0.52223,0
negative14,-0.12453,-0.19626,-0.21715,-0.16513,-0.0915,-0.10818,-0.14012,-0.12467,-0.21439,-0.18816,-0.24143,-0.13765,-0.20814,-0.20684,-0.16467,-0.51986,0.69712,-0.92396,1.17662,0.27327,-0.22045,3.65197,-0.61941,0.47244,0.00584,-0.22454,0.29878,-0.1838,-0.17764,-0.21124,0.22347,-0.24955,0.38553,-0.19169,-1.01935,-0.11703,0.34873,-0.02018,-0.02932,-0.28071,-0.21525,-0.85209,-0.30461,-0.19193,4.27512,-0.5072,0.16814,-0.23907,-0.24428,1.29008,-0.95484,-1.02738,-0.14769,-0.2726,-0.10657,-1.27464,-0.29382,-0.35743,-0.93526,0.59533,0.79059,0.6228,-0.33896,-0.26272,-0.34476,-0.202,0.73019,3.33793,-0.15406,-0.18814,0
negative15,-0.12453,-0.19626,-0.21715,-0.16513,-0.0915,-0.10818,-0.14012,-0.12467,-0.21439,-0.18816,-0.24143,-0.13765,-0.20814,-0.20684,0.875,0.91126,0.69712,0.44554,1.17662,-1.07738,-0.22045,-0.24832,-0.88931,-2.054,-0.79504,-0.22454,-0.9666,-0.1838,-0.17764,-0.21124,-1.17426,-0.24955,0.38553,-0.19169,-0.05628,-0.11703,0.26965,-1.08732,-0.77343,-0.28071,-0.21525,0.62951,-0.30461,-0.19193,-0.2232,-0.43305,-0.01586,-0.23907,-0.24428,1.29008,0.27417,-1.08171,0.14512,-0.2726,-0.10657,-0.77855,1.22196,-0.56813,-0.35463,0.27888,0.46129,-2.34696,-0.39445,-0.26272,-0.74525,5.03431,0.73019,-0.27646,-0.15406,1.27238,0
negative16,-0.12453,4.30927,-0.21715,-0.16513,-0.0915,-0.10818,-0.14012,-0.12467,-0.21439,-0.18816,-0.24143,-0.13765,-0.20814,-0.20684,-0.16467,-0.51986,0.46361,1.75961,0.92081,0.27327,-0.22045,-0.24832,-0.39555,-0.65369,-0.79504,-0.22454,-0.4017,-0.1838,-0.17764,-0.21124,1.87713,-0.24955,-0.70989,-0.19169,-1.01935,-0.11703,0.31236,-0.02018,-0.77343,-0.28071,-0.21525,-0.40705,-0.30461,-0.19193,-0.2232,-0.97444,0.42269,4.68535,-0.24428,-0.59064,-0.9196,0.38914,-0.54882,-0.2726,-0.10657,-0.91782,0.51665,-0.77883,0.80661,-0.09665,1.47806,-0.27868,-0.34981,-0.26272,-0.34476,5.03431,0.73019,-0.27646,-0.15406,-0.66703,0
negative17,-0.13671,-0.20317,-0.22436,-0.17438,-0.10878,-0.12167,-0.14589,-0.13098,2.86092,-0.19477,-0.26091,-0.16009,-0.24449,-0.2313,-0.51123,-0.51986,-0.8207,-0.92396,-0.48612,0.87356,-0.24192,-0.26029,0.04182,-0.59005,-0.14432,-0.22454,1.85206,-0.1838,-0.18672,-0.25291,-1.71586,3.20807,0.84196,-0.19169,0.58576,-0.13034,1.44203,1.6991,1.64493,-0.28071,-0.21525,-0.5175,-0.30461,-0.20662,-0.2232,-1.10532,-0.93621,-0.23907,-0.24428,-0.59064,-0.23876,-1.1312,2.3017,-0.27826,-0.10657,-0.14435,0.84878,1.53885,-0.55956,-0.33367,-1.18834,0.09998,-0.363,-0.2974,-0.812,-0.202,0.73019,-0.32637,-0.17406,0.00464,0
negative18,-0.12453,-0.19626,-0.21715,-0.16513,-0.0915,-0.10818,-0.14012,-0.12467,-0.21439,-0.18816,-0.24143,-0.13765,-0.20814,-0.20684,0.875,-0.51986,-0.00342,-0.92396,0.4092,-0.62717,-0.22045,-0.24832,-1.29924,0.42402,1.6076,-0.22454,-0.34604,-0.1838,-0.17764,-0.21124,0.8025,-0.24955,-0.70989,-0.19169,-0.05628,-0.11703,0.35459,0.33553,-0.40137,-0.28071,-0.21525,-0.50197,-0.30461,-0.19193,-0.2232,-0.82177,-0.77434,-0.23907,-0.24428,-0.59064,0.55899,-2.83152,2.55922,-0.2726,-0.10657,0.03529,-1.41322,-0.86311,0.80661,-0.43731,1.70558,0.4794,-0.12277,-0.26272,0.05573,-0.202,-1.36951,-0.27646,-0.15406,1.71717,0
negative19,-0.12453,-0.19626,-0.21715,-0.16513,-0.0915,-0.10818,-0.14012,-0.12467,-0.21439,-0.18816,-0.24143,-0.13765,2.42466,-0.20684,1.39484,-0.51986,-1.40448,-0.02875,-1.12564,0.27327,-0.22045,-0.24832,0.85698,-0.01856,0.00584,-0.22454,1.6994,-0.1838,-0.17764,-0.21124,0.14348,-0.24955,-0.16218,-0.19169,0.90678,-0.11703,-0.75649,0.33553,-0.02932,-0.28071,-0.21525,-0.68537,-0.30461,-0.19193,-0.2232,-2.24619,-0.11829,-0.23907,-0.24428,-0.59064,-0.91473,-0.32489,-0.20895,-0.2726,-0.10657,-0.09706,-0.47402,-0.44171,0.22599,-0.65898,0.54032,-0.69913,-0.4727,-0.26272,-0.34476,-0.202,-1.36951,-0.27646,-0.15406,0.14996,0
negative20,-0.12453,-0.19626,-0.21715,-0.16513,-0.0915,-0.10818,-0.14012,-0.12467,-0.21439,-0.18816,-0.24143,-0.13765,-0.20814,-0.20684,-1.20435,-0.51986,-1.40448,-0.92396,-1.12564,1.17371,-0.22045,-0.24832,0.23501,-0.55625,0.00584,-0.22454,-0.29233,-0.1838,-0.17764,-0.21124,-0.51113,-0.24955,-0.16218,-0.19169,-0.05628,-0.11703,-0.75649,-1.08732,-0.77343,-0.28071,-0.21525,0.34227,-0.30461,-0.19193,-0.2232,-0.85185,0.96517,-0.23907,-0.24428,-0.59064,1.14435,-0.68978,-1.25938,-0.2726,-0.10657,-0.68903,-0.10184,-0.73669,-1.51588,-1.19026,0.29745,-0.10804,-0.4183,-0.26272,0.85672,-0.202,0.73019,-0.27646,-0.15406,0.45795,0
negative21,-0.12453,-0.19626,-0.21715,-0.16513,-0.0915,-0.10818,-0.14012,-0.12467,-0.21439,-0.18816,-0.24143,-0.13765,-0.20814,-0.20684,0.35516,-0.51986,-0.00342,-0.92396,-0.10241,-0.17695,-0.22045,-0.24832,-1.27526,1.81102,-0.79504,-0.22454,0.2742,-0.1838,-0.17764,-0.21124,0.39977,-0.24955,0.38553,-0.19169,-0.05628,-0.11703,0.27092,-1.08732,-0.77343,-0.28071,-0.21525,0.19562,-0.30461,-0.19193,-0.2232,1.13724,-0.77474,-0.23907,-0.24428,1.29008,0.85063,-0.83706,0.01805,3.41445,-0.10657,-0.03867,1.05858,-0.27315,-0.35463,-0.2188,-0.57811,0.54204,0.38523,-0.26272,-0.34476,-0.202,0.73019,-0.27646,-0.15406,-0.71744,0
negative22,-0.12453,-0.19626,-0.21715,-0.16513,-0.0915,-0.10818,-0.14012,-0.12467,-0.21439,-0.18816,-0.24143,-0.13765,-0.20814,-0.20684,0.35516,1.60491,1.16414,-0.92396,1.68823,0.27327,-0.22045,-0.24832,1.45367,1.14772,-0.79504,-0.22454,-0.11461,-0.1838,-0.17764,-0.21124,0.66157,-0.24955,-0.16218,-0.19169,-1.01935,-0.11703,-0.75649,0.33553,-0.40137,-0.28071,-0.21525,1.50566,-0.30461,-0.19193,-0.2232,-1.13192,0.72373,-0.23907,-0.24428,1.29008,0.79197,-0.62516,-1.75289,-0.2726,-0.10657,0.28244,-1.40648,-1.2845,0.22599,-0.55032,-0.73618,-0.44884,-0.21267,-0.26272,-0.74525,-0.202,0.73019,-0.27646,-0.15406,-0.61805,0
negative23,-0.12453,-0.19626,-0.21715,-0.16513,-0.0915,-0.10818,-0.14012,-0.12467,-0.21439,-0.18816,-0.24143,-0.13765,-0.20814,-0.20684,1.39484,-0.51986,-0.00342,-0.13346,-0.61402,-1.5276,-0.22045,-0.24832,0.67398,1.31247,0.80672,-0.22454,-0.16555,-0.1838,-0.17764,-0.21124,0.83757,-0.24955,0.93324,5.3648,-1.01935,-0.11703,-0.75649,1.75839,1.45891,-0.28071,-0.21525,-0.40915,-0.30461,-0.19193,-0.2232,-0.41644,0.50292,-0.23907,-0.24428,-0.59064,-0.37226,0.71695,-0.18869,-0.2726,-0.10657,-1.9356,-0.76948,-0.98953,0.22599,-0.45404,0.08594,-0.88031,1.18429,3.50456,-0.74525,-0.202,-1.36951,-0.27646,-0.15406,0.23161,0
negative24,-0.12453,-0.19626,-0.21715,-0.16513,-0.0915,-0.10818,-0.14012,-0.12467,-0.21439,-0.18816,-0.24143,-0.13765,-0.20814,-0.20684,0.875,-0.51986,0.23009,1.40235,0.665,-0.17695,-0.22045,-0.24832,0.3115,0.04702,0.80672,-0.22454,0.53281,-0.1838,-0.17764,-0.21124,-0.58042,-0.24955,0.38553,-0.19169,-0.05628,-0.11703,-0.75649,-0.7316,-0.40137,4.20706,-0.21525,-0.7212,-0.30461,-0.19193,-0.2232,-0.39895,-0.57431,-0.23907,-0.24428,-0.59064,0.93195,0.45396,1.42056,-0.2726,-0.10657,0.86929,-0.95899,-0.98953,-0.35463,-0.71484,-0.16145,-0.35026,-0.36683,-0.26272,-0.74525,-0.202,-1.36951,3.33793,-0.15406,0.90903,0
negative25,-0.12453,-0.19626,-0.21715,-0.16513,-0.0915,-0.10818,-0.14012,-0.12467,-0.21439,-0.18816,-0.24143,-0.13765,-0.20814,-0.20684,0.35516,-0.51986,-0.00342,-0.92396,0.4092,0.72349,-0.22045,-0.24832,-0.19681,-0.86287,4.01023,-0.22454,2.353,-0.1838,-0.17764,-0.21124,-0.10816,-0.24955,-0.16218,-0.19169,-1.01935,-0.11703,-0.75649,0.33553,0.71479,-0.28071,-0.21525,-2.22156,-0.30461,-0.19193,-0.2232,0.72146,0.90874,-0.23907,-0.24428,1.29008,-0.42221,-1.01565,-0.12213,-0.2726,-0.10657,0.0095,-0.7169,-0.06245,-1.51588,3.02527,0.93796,0.25464,0.8564,-0.26272,-0.34476,-0.202,-1.36951,-0.27646,-0.15406,-1.70381,0
negative26,-0.10083,-0.18282,-0.20311,-0.14714,-0.0579,-0.08196,-0.1289,-0.1124,-0.17368,-0.1753,-0.20355,-0.09401,3.14623,-0.15927,2.43451,-0.51986,2.09818,-0.92396,2.71145,-2.20293,-0.1787,-0.22505,2.15743,0.28545,3.10924,-0.22454,-0.9666,-0.1838,-0.15997,-0.13022,-2.92811,-0.19801,0.11168,-0.19169,-1.01935,-0.09116,-0.75649,-0.55375,-0.5874,-0.28071,-0.21525,-1.37449,-0.30461,-0.16336,7.48821,0.03552,1.2783,-0.23907,-0.24428,3.1708,0.04699,-0.21825,-0.30108,-0.2616,-0.10657,-1.19773,0.36397,-2.38013,-1.51588,1.63858,-2.87678,-1.11189,-1.13019,-0.19529,-0.54501,-0.202,-1.36951,-0.17942,3.95105,-1.70381,0
negative27,-0.12453,4.30927,-0.21715,-0.16513,-0.0915,-0.10818,-0.14012,-0.12467,-0.21439,-0.18816,-0.24143,-0.13765,-0.20814,-0.20684,-0.16467,1.12475,0.93063,-0.92396,1.43242,0.72349,-0.22045,-0.24832,6e-05,-0.31975,0.00584,-0.22454,0.35232,-0.1838,-0.17764,-0.21124,-1.64616,-0.24955,0.93324,-0.19169,-1.01935,-0.11703,0.31213,-1.44303,-0.77343,-0.28071,-0.21525,-1.19644,-0.30461,-0.19193,-0.2232,0.35556,0.67654,-0.23907,-0.24428,-0.59064,-1.4241,1.4206,0.61705,-0.2726,-0.10657,1.30678,-0.1994,-0.14673,-0.35463,2.18512,-0.54913,-0.81334,0.06905,-0.26272,0.05573,-0.202,0.73019,-0.27646,-0.15406,0.14996,0
negative28,-0.12453,-0.19626,-0.21715,-0.16513,-0.0915,-0.10818,-0.14012,-0.12467,-0.21439,-0.18816,-0.24143,-0.13765,-0.20814,-0.20684,2.43451,-0.51986,0.69712,0.4168,-0.35822,-2.42804,-0.22045,-0.24832,1.85979,1.94407,-0.79504,-0.22454,-0.9666,-0.1838,-0.17764,-0.21124,0.77886,-0.24955,-0.16218,-0.19169,-1.01935,-0.11703,-0.75649,0.33553,-0.77343,-0.28071,-0.21525,4.6208,-0.30461,-0.19193,-0.2232,5.19395,0.0213,-0.23907,-0.24428,1.29008,-0.71757,-0.30316,-1.83367,-0.2726,-0.10657,0.90511,-0.3263,-1.83232,-0.93526,-1.27567,0.32559,0.43667,0.05182,-0.26272,-1.14575,-0.202,0.73019,-0.27646,-0.15406,-1.70381,0
negative29,-0.15139,-0.2115,3.60851,-0.18553,-0.12959,-0.13792,-0.15284,-0.13859,-0.26055,-0.20274,-0.28438,-0.18713,-0.28828,-0.26077,0.23702,-0.51986,0.66527,1.36334,-0.07916,0.19141,3.54094,-0.2747,0.21125,0.80296,0.24611,-0.22454,-0.05911,3.68079,4.63735,3.39283,1.16434,-0.30799,-0.85927,-0.19169,0.95056,-0.14637,-0.75649,1.72605,-0.89181,-0.28071,-0.21525,-1.26562,-0.30461,-0.22432,-0.2232,-0.01547,0.00794,-0.23907,-0.24428,-0.59064,-0.42391,0.22868,-0.30925,2.72539,-0.10657,-0.60628,1.11779,2.25523,-1.1288,0.54352,0.45052,-1.18539,1.00226,-0.33917,-0.59962,-0.202,-1.36951,2.56465,-0.19816,0.48904,0
negative30,-0.09535,-0.17971,-0.19986,-0.14297,-0.05013,-0.07589,-0.1263,-0.10956,-0.16426,-0.17232,-0.19478,-0.08391,-0.1211,-0.14827,-2.24402,4.10673,0.15226,-0.92396,0.57974,1.62393,-0.16905,-0.21967,-0.74015,1.54885,-0.79504,-0.22454,-0.03893,-0.1838,-0.15588,-0.11148,-1.8213,-0.18609,2.21124,-0.19169,-1.01935,-0.08517,0.36224,-1.5616,-0.52539,-0.28071,-0.21525,-0.55561,-0.30461,-0.15675,-0.2232,0.09052,-0.12341,-0.23907,-0.24428,4.11116,1.0249,0.30212,-0.1933,-0.25906,-0.10657,-1.56623,-1.84271,-2.00088,-0.49979,1.75977,-3.82804,-0.28523,0.98773,-0.17969,0.18923,-0.202,0.73019,-0.15697,-0.10615,0.10579,0
negative31,-0.12453,-0.19626,-0.21715,-0.16513,-0.0915,-0.10818,-0.14012,-0.12467,-0.21439,-0.18816,-0.24143,-0.13765,-0.20814,-0.20684,0.875,-0.51986,-1.40448,1.75961,-1.12564,0.27327,-0.22045,-0.24832,-0.27069,-2.7741,0.00584,-0.22454,-0.9666,-0.1838,-0.17764,-0.21124,-0.0789,-0.24955,-1.2576,-0.19169,-1.01935,-0.11703,2.23638,-0.7316,-0.40137,-0.28071,-0.21525,2.23481,-0.30461,-0.19193,-0.2232,-0.21779,-1.95581,-0.23907,-0.24428,-0.59064,1.40683,-0.7227,0.96808,-0.2726,-0.10657,0.20031,-0.56534,-0.94739,1.38724,-2.26107,-0.19227,0.26542,0.09449,-0.26272,0.05573,-0.202,0.73019,-0.27646,-0.15406,-0.08436,0
negative32,-0.12453,-0.19626,-0.21715,-0.16513,-0.0915,-0.10818,-0.14012,-0.12467,-0.21439,-0.18816,-0.24143,-0.13765,-0.20814,-0.20684,-1.72418,-0.51986,1.86467,-0.92396,2.45565,-0.17695,-0.22045,-0.24832,0.70558,-0.37975,0.00584,-0.22454,-0.9666,-0.1838,-0.17764,-0.21124,-1.05189,-0.24955,-0.16218,-0.19169,-0.05628,-0.11703,-0.75649,-0.7316,-0.77343,-0.28071,-0.21525,0.19295,-0.30461,-0.19193,-0.2232,-0.02664,1.44324,-0.23907,-0.24428,3.1708,-1.00929,0.54672,-1.14481,-0.2726,-0.10657,-1.99353,-0.26344,-0.56813,0.80661,-0.13647,-0.74719,0.03356,-1.25711,-0.26272,2.05819,5.03431,0.73019,-0.27646,-0.15406,1.57346,0
negative33,-0.12453,4.30927,-0.21715,-0.16513,-0.0915,-0.10818,-0.14012,-0.12467,-0.21439,-0.18816,-0.24143,-0.13765,-0.20814,-0.20684,0.875,-0.51986,-1.40448,-0.92396,-1.12564,0.72349,-0.22045,-0.24832,-0.78627,0.76211,0.00584,-0.22454,-0.9666,-0.1838,-0.17764,-0.21124,1.17095,-0.24955,-2.35302,-0.19169,1.86985,-0.11703,-0.75649,-0.37589,-0.77343,-0.28071,-0.21525,-2.29651,-0.30461,-0.19193,-0.2232,-0.00084,0.12577,-0.23907,-0.24428,-0.59064,-0.4206,-1.85909,0.54257,7.1015,-0.10657,-0.507,-1.19924,-0.52599,-0.35463,0.01965,1.48167,1.54649,-0.02172,-0.26272,-0.34476,-0.202,-1.36951,-0.27646,-0.15406,0.43528,0
negative34,-0.08952,-0.1764,-0.19641,-0.13854,-0.04186,-0.06943,-0.12354,-0.10654,-0.15423,-0.16915,-0.18545,-0.07316,-0.10369,-0.13655,0.68006,-0.51986,1.66035,0.02463,2.23182,0.49838,-0.15876,-0.21394,0.06576,1.18702,-0.79504,-0.22454,4.13707,-0.1838,-0.15153,-0.09152,-1.61738,-0.17339,2.78177,-0.19169,-1.01935,-0.0788,-0.75649,-1.48749,-0.44788,-0.28071,-0.21525,-0.1326,-0.30461,-0.14971,-0.2232,-1.76768,-0.28226,-0.23907,-0.24428,-0.59064,-1.02544,-0.33218,0.86388,-0.25635,-0.10657,0.59504,0.47267,-2.71725,-0.35463,-1.05653,-1.72075,-1.37396,0.03945,-0.16308,3.3598,-0.202,0.73019,-0.13307,-0.09657,-1.4904,0
negative35,-0.12453,-0.19626,-0.21715,-0.16513,-0.0915,-0.10818,-0.14012,-0.12467,-0.21439,-0.18816,-0.24143,-0.13765,-0.20814,-0.20684,-1.20435,-0.51986,1.16414,-0.92396,-0.35822,0.27327,-0.22045,-0.24832,-0.22795,3.38636,-0.79504,-0.22454,4.05488,-0.1838,-0.17764,-0.21124,-2.01612,7.42908,3.6718,-0.19169,-0.05628,-0.11703,-0.75649,1.04696,2.20302,-0.28071,-0.21525,-0.24247,-0.30461,-0.19193,-0.2232,1.41867,0.84887,-0.23907,-0.24428,1.29008,-1.68727,0.65886,-0.10557,-0.2726,-0.10657,-0.74724,-1.28593,0.65392,-0.93526,1.30695,-2.23842,1.49956,-0.19343,-0.26272,2.85918,-0.202,0.73019,-0.27646,-0.15406,-0.56563,0
negative36,-0.14425,-0.20744,-0.22883,-0.18011,-0.11946,-0.13001,-0.14945,-0.13489,2.68049,-0.19886,-0.27295,-0.17397,-0.26697,-0.24643,1.65475,-0.51986,1.92305,1.05741,2.5196,-0.51461,-0.25519,3.0803,0.72114,0.64341,0.9402,-0.22454,2.57353,-0.1838,-0.19234,-0.27867,1.0944,-0.29244,0.52246,-0.19169,-1.01935,-0.13857,-0.75649,-0.82053,-0.5874,-0.28071,-0.21525,0.18448,-0.30461,-0.21571,-0.2232,1.0902,1.27153,-0.23907,-0.24428,0.66317,-1.05416,-0.67737,-0.61587,-0.28176,-0.10657,-0.0099,-0.35477,1.03318,0.19543,0.7339,-0.86368,0.18807,-2.63539,2.91497,4.2609,-0.202,0.73019,-0.35722,2.61212,-0.7695,0
negative37,-0.12453,-0.19626,-0.21715,-0.16513,-0.0915,-0.10818,-0.14012,-0.12467,-0.21439,-0.18816,-0.24143,-0.13765,-0.20814,-0.20684,-1.72418,-0.51986,-1.40448,-0.92396,-1.12564,2.07414,-0.22045,-0.24832,1.55636,0.00626,0.80672,-0.22454,-0.9666,-0.1838,-0.17764,-0.21124,-1.09343,-0.24955,-2.35302,-0.19169,-0.05628,-0.11703,-0.75649,0.69125,-0.77343,-0.28071,-0.21525,0.5589,-0.30461,-0.19193,-0.2232,1.0331,0.38274,-0.23907,-0.24428,-0.59064,0.54056,-0.9557,-1.63413,-0.2726,-0.10657,0.18615,-0.82223,-1.57948,3.12911,-2.42701,-1.17593,0.6027,-2.51347,-0.26272,0.05573,-0.202,-1.36951,-0.27646,-0.15406,-0.56563,0
negative38,-0.12453,-0.19626,-0.21715,-0.16513,-0.0915,-0.10818,-0.14012,-0.12467,-0.21439,-0.18816,-0.24143,-0.13765,-0.20814,-0.20684,-1.20435,1.65889,1.63116,1.10258,0.665,1.17371,-0.22045,-0.24832,-0.81901,1.09563,-0.79504,-0.22454,1.65448,-0.1838,-0.17764,-0.21124,-1.33485,-0.24955,2.02867,-0.19169,-1.01935,-0.11703,0.39134,-0.7316,-0.40137,-0.28071,-0.21525,-0.23448,-0.30461,-0.19193,-0.2232,0.80443,-0.56253,-0.23907,3.73903,3.1708,-1.51314,0.22138,0.38088,-0.2726,-0.10657,1.95658,-1.75757,-0.44171,-0.35463,-0.75473,-1.01878,1.13101,0.95447,-0.26272,0.45622,-0.202,-1.36951,-0.27646,-0.15406,-0.45181,0
negative39,-0.14425,-0.20744,-0.22883,-0.18011,9.54803,-0.13001,-0.14945,-0.13489,-0.24827,-0.19886,-0.27295,-0.17397,-0.26697,-0.24643,-1.46426,2.39028,1.04738,-0.92396,1.36847,1.51137,-0.25519,-0.26769,-0.51112,0.97364,-0.79504,-0.22454,10.70239,-0.1838,-0.19234,-0.27867,-1.57013,-0.29244,3.39794,-0.19169,-1.01935,-0.13857,-0.75649,-1.3541,-0.86644,-0.28071,-0.21525,0.10713,4.76349,-0.21571,-0.2232,2.46089,1.05883,-0.23907,-0.24428,3.1708,0.14207,0.30213,-1.08014,-0.28176,-0.10657,-0.45151,-1.51356,2.42379,-1.51588,0.94942,-1.88554,2.77911,-1.53537,2.91497,4.86164,-0.202,0.73019,-0.35722,-0.18643,-1.70381,0
negative40,-0.12453,-0.19626,-0.21715,-0.16513,-0.0915,-0.10818,-0.14012,-0.12467,-0.21439,-0.18816,-0.24143,-0.13765,5.05746,-0.20684,1.39484,2.09277,1.16414,0.08828,-0.10241,-1.97782,-0.22045,-0.24832,1.87934,-0.21177,0.00584,-0.22454,0.08102,-0.1838,-0.17764,-0.21124,-2.18196,3.58977,2.02867,-0.19169,-1.01935,-0.11703,-0.75649,-1.44303,-0.77343,-0.28071,-0.21525,0.01717,-0.30461,-0.19193,8.77344,-0.36173,1.06095,-0.23907,-0.24428,-0.59064,0.27926,-0.15185,-1.04294,-0.2726,-0.10657,0.77792,0.68376,-0.61027,-1.51588,0.5957,-1.42929,-1.00084,0.47398,3.50456,-0.74525,-0.202,0.73019,-0.27646,-0.15406,-1.70381,0
negative41,-0.12453,-0.19626,-0.21715,-0.16513,-0.0915,-0.10818,-0.14012,-0.12467,-0.21439,-0.18816,-0.24143,-0.13765,-0.20814,-0.20684,1.39484,-0.51986,-0.00342,-0.92396,0.4092,-1.07738,-0.22045,-0.24832,0.30162,-0.91037,-0.79504,-0.22454,-0.3807,-0.1838,-0.17764,-0.21124,-0.59342,-0.24955,-1.2576,-0.19169,0.90678,-0.11703,-0.75649,0.33553,-0.40137,-0.28071,-0.21525,1.10289,-0.30461,-0.19193,-0.2232,0.13002,0.38157,-0.23907,-0.24428,-0.59064,-0.64847,0.39644,-0.09882,-0.2726,-0.10657,0.54816,0.79745,-0.94739,0.80661,0.42398,1.56319,1.07595,-2.15546,-0.26272,-0.74525,-0.202,0.73019,-0.27646,-0.15406,-0.70291,0
negative42,-0.12453,-0.19626,-0.21715,-0.16513,-0.0915,-0.10818,-0.14012,-0.12467,-0.21439,-0.18816,-0.24143,-0.13765,-0.20814,-0.20684,0.35516,-0.51986,-0.70395,-0.92396,-0.35822,-0.62717,-0.22045,-0.24832,-1.01548,0.35409,-0.79504,-0.22454,-0.40674,-0.1838,-0.17764,-0.21124,0.37063,-0.24955,-1.80531,-0.19169,1.86985,-0.11703,-0.75649,0.69125,-0.77343,-0.28071,5.1565,1.72613,-0.30461,-0.19193,-0.2232,0.34602,-0.04575,-0.23907,-0.24428,1.29008,2.41487,-2.3972,-0.28742,-0.2726,-0.10657,-0.34038,0.08269,-0.39957,0.80661,0.07305,-2.15066,-1.73463,2.11642,-0.26272,-0.34476,-0.202,0.73019,-0.27646,-0.15406,0.53797,0
negative43,-0.13671,-0.20317,-0.22436,-0.17438,-0.10878,-0.12167,-0.14589,-0.13098,-0.23533,-0.19477,-0.26091,-0.16009,-0.24449,-0.2313,0.35516,-0.51986,-1.40448,-0.92396,-1.12564,0.1232,-0.24192,-0.26029,0.35339,-0.88616,-0.14432,-0.22454,-0.9666,-0.1838,-0.18672,-0.25291,-0.80647,-0.27606,-1.8966,-0.19169,1.38832,-0.13034,-0.75649,-0.37589,-0.83544,-0.28071,-0.21525,0.75221,-0.30461,-0.20662,-0.2232,2.60902,-0.52757,-0.23907,-0.24428,-0.59064,1.39944,-0.23213,-0.61584,-0.27826,-0.10657,-0.96587,-0.62549,-0.18887,1.83124,-1.82553,-0.72234,0.89285,-1.0317,-0.2974,0.52297,-0.202,0.73019,-0.32637,-0.17406,0.66298,0
negative44,-0.13671,-0.20317,-0.22436,-0.17438,-0.10878,-0.12167,-0.14589,-0.13098,-0.23533,-0.19477,-0.26091,-0.16009,-0.24449,-0.2313,1.22156,-0.51986,-1.20989,1.68775,-0.91246,-0.62717,3.99123,-0.26029,1.13735,0.58608,0.50639,-0.22454,1.76531,-0.1838,-0.18672,-0.25291,-0.38967,-0.27606,-0.07089,-0.19169,-1.01935,-0.13034,-0.75649,1.10625,-0.52539,-0.28071,-0.21525,0.75963,2.5462,-0.20662,-0.2232,-2.21945,0.48136,-0.23907,-0.24428,0.85606,-0.19747,-0.06762,-1.13268,-0.27826,-0.10657,0.61937,-0.88346,0.02183,0.39676,-0.22231,-0.72042,-0.88139,-0.62909,3.12135,-0.47826,-0.202,0.73019,-0.32637,-0.17406,-1.70381,0
negative45,-0.14425,3.66008,-0.22883,-0.18011,-0.11946,-0.13001,-0.14945,-0.13489,-0.24827,3.50218,-0.27295,-0.17397,-0.26697,-0.24643,2.43451,-0.51986,-1.40448,2.78212,-1.12564,-0.51461,-0.25519,-0.26769,-0.34512,-0.2676,-0.21662,-0.22454,-0.45833,-0.1838,4.89079,-0.27867,1.29573,-0.29244,-1.53146,-0.19169,-1.01935,-0.13857,1.54767,0.24661,-0.5874,-0.28071,-0.21525,-1.2873,-0.30461,-0.21571,-0.2232,0.24239,0.56805,-0.23907,-0.24428,-0.59064,-0.21657,-2.21162,1.17467,-0.28176,-0.10657,1.36222,-0.27605,0.61178,0.19543,1.16397,1.71069,1.49615,0.86805,-0.31883,-0.84538,-0.202,-1.36951,-0.35722,-0.18643,1.73721,0
negative46,7.54476,-0.19864,-0.21963,-0.16832,-0.09745,-0.11283,-0.1421,-0.12685,-0.2216,-0.19043,-0.24813,-0.14537,2.32287,-0.21526,0.68006,-0.51986,-1.40448,1.60356,-1.12564,0.0763,-0.22784,-0.25244,-0.15316,1.41955,-0.05136,-0.22454,0.33214,-0.1838,-0.18076,-0.22558,-1.34552,-0.25868,-0.29911,-0.19169,-0.11648,-0.12161,1.46448,0.84687,0.94733,4.20706,-0.21525,-0.49306,2.95346,-0.19699,3.92909,-0.4923,-0.4716,-0.23907,-0.24428,-0.59064,-0.03522,-1.58831,1.15085,-0.27455,-0.10657,-0.0345,-1.21502,-0.06245,0.10986,0.02715,-1.90936,0.18929,0.48059,-0.27466,-0.39482,-0.202,-1.36951,-0.29364,-0.16094,-0.85468,0
negative47,-0.12453,-0.19626,-0.21715,-0.16513,-0.0915,-0.10818,-0.14012,-0.12467,-0.21439,-0.18816,-0.24143,-0.13765,5.05746,-0.20684,-0.16467,-0.51986,-0.70395,-0.92396,-0.35822,0.72349,-0.22045,-0.24832,1.02157,-0.22843,0.80672,-0.22454,-0.9666,-0.1838,-0.17764,-0.21124,-0.93375,-0.24955,-1.80531,-0.19169,0.90678,-0.11703,-0.75649,0.33553,-0.77343,-0.28071,-0.21525,-0.40902,-0.30461,-0.19193,-0.2232,0.33489,-0.44573,-0.23907,-0.24428,-0.59064,-1.14918,-0.4992,-0.92445,-0.2726,-0.10657,-0.29539,-0.6374,-1.20022,1.96786,-1.70512,-1.20518,0.68344,-2.11431,-0.26272,0.85672,-0.202,0.73019,-0.27646,-0.15406,-0.92525,0
negative48,-0.12453,-0.19626,-0.21715,-0.16513,-0.0915,-0.10818,-0.14012,-0.12467,-0.21439,-0.18816,-0.24143,-0.13765,-0.20814,-0.20684,0.875,-0.51986,-1.40448,-0.92396,-1.12564,-0.17695,-0.22045,-0.24832,0.26354,0.5694,0.00584,-0.22454,-0.9666,-0.1838,-0.17764,-0.21124,0.14076,-0.24955,-2.35302,-0.19169,-1.01935,-0.11703,0.34345,0.69125,-0.77343,4.20706,-0.21525,1.40547,-0.30461,-0.19193,-0.2232,0.79811,-0.43196,-0.23907,-0.24428,1.29008,-1.04224,-0.7029,-0.74232,-0.2726,-0.10657,0.74904,-1.64516,-1.4952,1.96786,-1.41132,0.53232,0.51577,0.1955,-0.26272,-0.34476,-0.202,0.73019,-0.27646,-0.15406,0.43528,0
negative49,-0.12453,-0.19626,-0.21715,-0.16513,-0.0915,-0.10818,-0.14012,-0.12467,-0.21439,-0.18816,-0.24143,-0.13765,-0.20814,-0.20684,0.35516,1.10202,-0.70395,0.26486,-0.35822,-0.62717,-0.22045,-0.24832,-0.93222,0.41013,0.00584,-0.22454,-0.9666,5.93513,-0.17764,-0.21124,1.78873,-0.24955,-0.70989,-0.19169,0.90678,-0.11703,-0.75649,1.04696,2.20302,-0.28071,-0.21525,-1.17758,-0.30461,-0.19193,-0.2232,-0.24596,0.09901,-0.23907,-0.24428,-0.59064,1.15524,-0.46829,-0.65972,-0.2726,-0.10657,-1.44216,1.64895,-0.10459,-1.51588,-0.6664,0.4466,-1.80895,0.03403,-0.26272,-0.74525,-0.202,0.73019,-0.27646,-0.15406,-1.30852,0
negative50,-0.12453,-0.19626,4.48779,-0.16513,-0.0915,-0.10818,-0.14012,-0.12467,-0.21439,-0.18816,-0.24143,-0.13765,-0.20814,-0.20684,0.35516,-0.51986,-1.17097,-0.92396,-0.86983,-0.17695,-0.22045,-0.24832,0.43063,0.2402,0.80672,-0.22454,0.31928,-0.1838,-0.17764,-0.21124,0.41507,-0.24955,0.38553,-0.19169,1.86985,-0.11703,-0.75649,-0.02018,-0.40137,-0.28071,-0.21525,-0.55517,-0.30461,4.59684,-0.2232,0.21144,0.21336,-0.23907,-0.24428,-0.59064,0.01099,1.7498,0.64212,-0.2726,-0.10657,0.49204,0.2643,-0.10459,-0.35463,1.04172,0.2503,1.21674,-0.60334,-0.26272,0.45622,-0.202,-1.36951,-0.27646,-0.15406,0.43528,0
negative51,-0.12453,-0.19626,-0.21715,-0.16513,-0.0915,-0.10818,-0.14012,-0.12467,-0.21439,-0.18816,-0.24143,-0.13765,-0.20814,-0.20684,1.91467,-0.51986,-0.23693,-0.92396,0.15339,-1.07738,-0.22045,-0.24832,0.21949,1.86687,-0.79504,-0.22454,-0.2536,-0.1838,-0.17764,-0.21124,-0.02321,-0.24955,-0.70989,-0.19169,-0.05628,-0.11703,0.36841,-0.7316,-0.77343,-0.28071,-0.21525,2.07583,-0.30461,-0.19193,-0.2232,2.03315,-0.87442,-0.23907,-0.24428,1.29008,-1.7306,-1.17136,-0.0208,-0.2726,-0.10657,0.25621,-0.41688,-0.94739,-0.35463,-0.71799,-0.4922,0.43228,0.58411,-0.26272,1.25721,-0.202,0.73019,3.33793,-0.15406,-0.84763,0
negative52,-0.12453,-0.19626,-0.21715,-0.16513,-0.0915,-0.10818,-0.14012,-0.12467,-0.21439,-0.18816,-0.24143,-0.13765,-0.20814,-0.20684,0.875,1.21202,0.46361,0.49688,0.92081,-1.5276,-0.22045,-0.24832,1.24305,-0.55942,1.6076,-0.22454,-0.9666,-0.1838,-0.17764,-0.21124,0.30158,-0.24955,-0.16218,-0.19169,-0.05628,-0.11703,-0.75649,1.75839,-0.40137,-0.28071,-0.21525,0.06779,-0.30461,-0.19193,-0.2232,-0.21666,1.20044,-0.23907,-0.24428,-0.59064,1.47445,0.64762,-0.95168,-0.2726,-0.10657,0.21051,-1.2842,-0.69455,-0.35463,0.15246,-0.70351,2.05877,-2.23837,-0.26272,0.85672,5.03431,-1.36951,-0.27646,-0.15406,1.57346,0
negative53,-0.14425,-0.20744,-0.22883,-0.18011,-0.11946,-0.13001,-0.14945,-0.13489,-0.24827,-0.19886,-0.27295,-0.17397,-0.26697,-0.24643,-1.07439,-0.51986,-0.87908,0.93421,-0.55007,0.49838,-0.25519,-0.26769,0.30175,0.66303,-0.79504,-0.22454,1.73635,-0.1838,-0.19234,-0.27867,-1.50036,-0.29244,1.34403,-0.19169,-1.01935,-0.13857,0.37177,-0.82053,-0.5874,-0.28071,-0.21525,1.23294,-0.30461,-0.21571,-0.2232,-0.547,1.23809,-0.23907,-0.24428,-0.59064,-0.32983,0.02247,-0.51714,-0.28176,-0.10657,-0.93879,-0.58655,1.41243,-0.2324,-0.30626,-0.88343,-0.59017,-1.28602,2.91497,3.66017,-0.202,0.73019,-0.35722,-0.18643,-0.39596,0
negative54,-0.12453,-0.19626,-0.21715,-0.16513,-0.0915,-0.10818,-0.14012,-0.12467,-0.21439,-0.18816,-0.24143,-0.13765,-0.20814,-0.20684,0.875,-0.51986,0.46361,-0.92396,0.92081,0.27327,-0.22045,-0.24832,-0.59429,-1.72052,-0.79504,-0.22454,-0.9666,-0.1838,-0.17764,-0.21124,0.33073,-0.24955,-1.2576,-0.19169,0.90678,-0.11703,0.30749,-0.02018,-0.40137,-0.28071,-0.21525,2.80381,-0.30461,-0.19193,-0.2232,1.04728,-1.8715,-0.23907,-0.24428,-0.59064,1.09365,1.09632,0.00338,-0.2726,-0.10657,-0.38184,-0.86879,-1.03167,1.38724,-2.0904,0.10594,0.58568,1.13587,-0.26272,-0.74525,-0.202,-1.36951,-0.27646,-0.15406,0.94746,0
negative55,-0.12453,-0.19626,-0.21715,-0.16513,-0.0915,-0.10818,-0.14012,-0.12467,-0.21439,-0.18816,-0.24143,-0.13765,-0.20814,-0.20684,0.35516,-0.51986,-0.47044,0.32235,-0.10241,-1.07738,4.44426,-0.24832,0.94416,-1.00319,0.80672,-0.22454,0.61354,-0.1838,-0.17764,-0.21124,1.26732,-0.24955,-1.2576,-0.19169,-1.01935,-0.11703,-0.75649,-1.44303,-0.77343,-0.28071,-0.21525,2.30977,-0.30461,-0.19193,-0.2232,-0.89533,0.7532,-0.23907,-0.24428,-0.59064,1.44468,-0.13687,-1.94988,-0.2726,-0.10657,1.19591,-1.09214,-0.65241,0.80661,0.21927,1.28393,-0.75102,1.00204,-0.26272,1.25721,-0.202,0.73019,-0.27646,-0.15406,-1.70381,0
negative56,-0.14425,-0.20744,-0.22883,-0.18011,-0.11946,-0.13001,-0.14945,-0.13489,-0.24827,-0.19886,-0.27295,-0.17397,-0.26697,3.1754,0.875,0.86378,-0.87908,1.05741,-0.55007,-0.85228,-0.25519,-0.26769,1.57182,-1.04384,-0.21662,-0.22454,-0.9666,-0.1838,-0.19234,-0.27867,-0.7464,-0.29244,-0.70989,-0.19169,0.42525,-0.13857,-0.75649,1.58053,-0.5874,-0.28071,-0.21525,0.46523,-0.30461,-0.21571,2.95208,2.31626,0.54904,4.68535,-0.24428,-0.59064,-0.12964,1.10981,-0.51476,-0.28176,-0.10657,0.05305,1.77919,0.61178,1.05109,0.61676,0.65819,-0.73824,0.53022,-0.31883,-0.84538,-0.202,0.73019,-0.35722,-0.18643,0.10056,0
negative57,-0.09535,-0.17971,-0.19986,-0.14297,-0.05013,-0.07589,-0.1263,-0.10956,-0.16426,-0.17232,-0.19478,-0.08391,-0.1211,-0.14827,-1.37762,1.71165,0.93063,-0.01232,-0.69929,0.87356,-0.16905,-0.21967,-1.05563,2.08627,-0.79504,-0.22454,-0.0718,-0.1838,-0.15588,-0.11148,0.44042,4.89285,1.29838,-0.19169,-1.01935,-0.08517,0.25064,1.99553,3.19517,-0.28071,-0.21525,0.76086,-0.30461,-0.15675,-0.2232,0.21835,-0.24758,-0.23907,-0.24428,-0.59064,0.3138,-0.00136,-0.15935,-0.25906,-0.10657,-1.30742,1.28981,-2.08516,-0.49979,0.34627,-0.4428,-0.87522,0.66698,-0.17969,1.5242,-0.202,-1.36951,-0.15697,-0.10615,0.19316,0
negative58,-0.12453,-0.19626,-0.21715,-0.16513,-0.0915,-0.10818,-0.14012,-0.12467,-0.21439,-0.18816,-0.24143,-0.13765,2.42466,-0.20684,-1.20435,-0.51986,0.69712,-0.92396,-0.61402,0.72349,-0.22045,-0.24832,0.56816,1.2221,0.00584,-0.22454,3.96374,-0.1838,-0.17764,-0.21124,-2.15366,-0.24955,2.57638,-0.19169,-1.01935,-0.11703,-0.75649,1.40267,-0.77343,-0.28071,-0.21525,-0.40905,-0.30461,-0.19193,-0.2232,0.51775,-0.24587,-0.23907,-0.24428,1.29008,0.39051,0.66932,0.6908,-0.2726,-0.10657,-0.53179,-1.13538,-0.69455,-0.93526,-0.87081,-1.56406,1.03873,0.48334,-0.26272,4.06066,-0.202,0.73019,-0.27646,-0.15406,-1.58999,0
negative59,-0.14425,-0.20744,-0.22883,-0.18011,-0.11946,-0.13001,6.30763,-0.13489,-0.24827,3.50218,3.36042,-0.17397,-0.26697,-0.24643,-0.68451,0.99406,-0.35368,0.43323,0.02549,1.51137,-0.25519,-0.26769,-0.01723,-0.77431,0.9402,-0.22454,2.06852,4.13545,-0.19234,-0.27867,-0.56294,3.00321,0.93324,-0.19169,-0.29705,-0.13857,-0.75649,-1.62089,-0.5874,-0.28071,-0.21525,-1.08854,-0.30461,-0.21571,-0.2232,1.08212,0.69226,-0.23907,2.63255,-0.59064,-1.08757,0.47457,-0.8156,-0.28176,-0.10657,-0.5566,-0.5476,1.70741,-1.08805,0.36154,-0.68397,-0.11975,0.21988,-0.31883,0.05573,-0.202,0.73019,-0.35722,-0.18643,-0.06101,0
negative60,-0.14425,-0.20744,-0.22883,-0.18011,-0.11946,-0.13001,-0.14945,-0.13489,-0.24827,-0.19886,-0.27295,-0.17397,-0.26697,6.59723,-1.07439,3.92327,0.69712,-0.92396,1.17662,0.49838,-0.25519,-0.26769,1.35143,1.44397,0.9402,-0.22454,3.48737,-0.1838,-0.19234,-0.27867,-2.94655,-0.29244,1.34403,-0.19169,-1.01935,-0.13857,-0.75649,-0.55375,-0.86644,-0.28071,-0.21525,0.94758,-0.30461,-0.21571,2.95208,0.32538,1.50977,-0.23907,-0.24428,-0.59064,0.14359,0.51079,-1.51188,-0.28176,-0.10657,-0.21387,-0.65145,1.32815,-1.51588,1.32465,-2.61126,1.23621,0.21897,2.91497,0.95684,-0.202,0.73019,-0.35722,-0.18643,-1.61845,0
negative61,-0.12453,-0.19626,-0.21715,-0.16513,-0.0915,-0.10818,-0.14012,-0.12467,3.19751,-0.18816,-0.24143,-0.13765,-0.20814,-0.20684,-1.20435,1.13571,-0.23693,-0.92396,-0.61402,0.72349,-0.22045,-0.24832,-0.74734,-0.79754,0.00584,-0.22454,-0.9666,-0.1838,-0.17764,-0.21124,-1.71557,-0.24955,0.38553,-0.19169,-0.05628,-0.11703,0.30657,1.04696,1.08685,-0.28071,-0.21525,-0.04115,-0.30461,-0.19193,-0.2232,0.73559,-0.52462,-0.23907,-0.24428,1.29008,-0.92709,-0.07973,-0.01998,-0.2726,-0.10657,-1.20623,1.59588,-0.23101,1.96786,0.09824,-0.74982,0.41323,-1.34346,-0.26272,0.05573,-0.202,0.73019,-0.27646,-0.15406,-0.32482,0
negative62,-0.12453,-0.19626,-0.21715,-0.16513,-0.0915,-0.10818,-0.14012,-0.12467,-0.21439,-0.18816,-0.24143,-0.13765,-0.20814,-0.20684,-0.16467,-0.51986,-1.40448,-0.92396,-1.12564,0.27327,-0.22045,-0.24832,-0.4929,0.62696,0.80672,-0.22454,0.41937,-0.1838,-0.17764,-0.21124,-1.7201,-0.24955,-1.2576,-0.19169,0.90678,-0.11703,-0.75649,0.33553,0.34274,-0.28071,-0.21525,-0.94974,-0.30461,-0.19193,-0.2232,-0.30603,0.08028,-0.23907,-0.24428,1.29008,-0.65645,-0.04023,-0.53969,-0.2726,-0.10657,-0.55048,-0.88264,-0.44171,0.80661,-0.35123,-2.15879,0.12275,-0.30435,-0.26272,-0.34476,-0.202,0.73019,-0.27646,-0.15406,1.52835,0
negative63,-0.12453,-0.19626,-0.21715,-0.16513,-0.0915,-0.10818,-0.14012,-0.12467,-0.21439,-0.18816,-0.24143,-0.13765,-0.20814,-0.20684,-0.68451,-0.51986,1.16414,-0.92396,1.68823,0.72349,-0.22045,-0.24832,0.18886,-0.40539,0.00584,-0.22454,-0.9666,-0.1838,-0.17764,-0.21124,-0.93133,-0.24955,-0.70989,-0.19169,0.90678,-0.11703,-0.75649,-0.7316,-0.77343,-0.28071,-0.21525,-0.44918,-0.30461,-0.19193,-0.2232,0.15419,0.07142,-0.23907,-0.24428,-0.59064,0.90301,-1.14557,-0.67905,-0.2726,-0.10657,-0.78573,-0.19398,-0.86311,0.22599,-0.96125,0.36979,-0.31968,-1.51512,-0.26272,0.45622,-0.202,-1.36951,-0.27646,-0.15406,-0.56563,0
negative64,-0.12453,-0.19626,-0.21715,-0.16513,-0.0915,-0.10818,-0.14012,-0.12467,-0.21439,-0.18816,-0.24143,-0.13765,-0.20814,-0.20684,0.35516,1.01111,0.46361,0.85619,0.92081,0.27327,-0.22045,-0.24832,-0.24466,-1.23341,1.6076,-0.22454,-0.9666,-0.1838,-0.17764,-0.21124,-0.99614,-0.24955,-1.80531,-0.19169,0.90678,-0.11703,-0.75649,-1.08732,-0.77343,-0.28071,-0.21525,1.36883,-0.30461,-0.19193,-0.2232,0.24052,0.06879,-0.23907,-0.24428,1.29008,-1.35027,-0.29603,-0.9291,-0.2726,-0.10657,-0.66421,-0.0382,-0.69455,1.38724,-0.14442,0.74278,-0.2923,-1.44362,-0.26272,0.85672,-0.202,-1.36951,-0.27646,-0.15406,1.39478,0
negative65,-0.10083,-0.18282,-0.20311,-0.14714,-0.0579,-0.08196,-0.1289,-0.1124,-0.17368,-0.1753,-0.20355,-0.09401,-0.13745,-0.15927,-0.68451,-0.51986,-1.40448,-0.92396,-1.12564,0.49838,-0.1787,-0.22505,-1.35018,1.29963,-0.79504,-0.22454,-0.10256,-0.1838,-0.15997,-0.13022,-1.63615,-0.19801,0.93324,-0.19169,0.42525,-0.09116,0.32148,-1.62089,-0.5874,-0.28071,-0.21525,0.27723,-0.30461,-0.16336,-0.2232,-0.00081,-0.1793,-0.23907,-0.24428,-0.59064,0.24472,-1.96839,1.1214,-0.2616,-0.10657,-2.32441,2.50766,-1.9166,-0.61269,-0.34512,-0.56535,-1.04086,0.52532,-0.19529,0.05573,-0.202,0.73019,-0.17942,-0.11515,0.5964,0
negative66,-0.12453,-0.19626,-0.21715,-0.16513,-0.0915,-0.10818,-0.14012,-0.12467,-0.21439,-0.18816,-0.24143,-0.13765,-0.20814,-0.20684,-0.68451,3.64484,-0.00342,-0.92396,0.4092,-0.17695,-0.22045,-0.24832,0.67552,1.14707,-0.79504,-0.22454,-0.9666,-0.1838,-0.17764,-0.21124,-0.15629,-0.24955,0.93324,-0.19169,-0.05628,-0.11703,-0.75649,-1.08732,-0.77343,-0.28071,-0.21525,1.22203,-0.30461,-0.19193,-0.2232,0.57116,0.48563,-0.23907,-0.24428,3.1708,0.6081,-0.43071,-1.25043,-0.2726,-0.10657,1.96558,-1.26015,-0.65241,0.22599,0.21777,-0.65787,0.17405,1.12306,-0.26272,3.25967,-0.202,0.73019,-0.27646,-0.15406,-0.56563,0
negative67,-0.12453,-0.19626,-0.21715,-0.16513,-0.0915,-0.10818,-0.14012,-0.12467,-0.21439,-0.18816,-0.24143,-0.13765,10.32306,-0.20684,0.35516,2.61676,-1.40448,-0.92396,-1.12564,1.17371,-0.22045,-0.24832,2.03603,0.53069,1.6076,-0.22454,4.06399,-0.1838,-0.17764,-0.21124,-2.74938,-0.24955,0.93324,-0.19169,-1.01935,-0.11703,-0.75649,-0.7316,-0.77343,-0.28071,-0.21525,-0.91821,6.71276,-0.19193,-0.2232,-0.82164,0.14047,-0.23907,-0.24428,-0.59064,-0.9385,0.11751,-1.42144,-0.2726,-0.10657,-1.29495,-1.51552,-0.86311,-1.51588,-0.46881,-2.73057,0.72923,-1.69447,-0.26272,-0.74525,-0.202,-1.36951,3.33793,-0.15406,-1.70381,0
negative68,6.67382,-0.20744,-0.22883,-0.18011,-0.11946,-0.13001,-0.14945,-0.13489,2.68049,-0.19886,-0.27295,-0.17397,-0.26697,-0.24643,3.21426,0.98148,-1.40448,-0.92396,-1.12564,-1.18994,-0.25519,-0.26769,3.03884,-2.06655,-0.21662,-0.22454,-0.36459,-0.1838,4.89079,-0.27867,0.12455,-0.29244,-1.53146,-0.19169,-1.01935,-0.13857,-0.75649,0.51339,-0.86644,1.96317,-0.21525,2.25882,-0.30461,-0.21571,-0.2232,2.47149,0.36705,-0.23907,-0.24428,-0.59064,0.81465,0.27203,-1.33671,-0.28176,-0.10657,0.60844,-0.49542,-0.77883,1.47892,0.5847,1.45377,1.45537,-0.14477,-0.31883,-0.24464,-0.202,-1.36951,-0.35722,2.61212,-0.56824,0
negative69,-0.12453,-0.19626,4.48779,-0.16513,-0.0915,-0.10818,-0.14012,-0.12467,-0.21439,-0.18816,-0.24143,-0.13765,-0.20814,-0.20684,-0.68451,0.97174,0.23009,0.4168,-0.10241,1.17371,-0.22045,-0.24832,-0.52564,-1.02189,0.00584,-0.22454,-0.3685,-0.1838,-0.17764,-0.21124,-0.66361,3.58977,0.38553,-0.19169,-0.05628,-0.11703,0.26763,1.40267,2.20302,-0.28071,-0.21525,-0.99246,-0.30461,-0.19193,-0.2232,-0.1973,-0.62161,-0.23907,-0.24428,-0.59064,0.55197,0.14403,0.03412,-0.2726,-0.10657,0.36288,2.35376,-0.27315,-0.35463,0.0291,0.71897,-1.39675,-0.20726,-0.26272,-0.74525,-0.202,0.73019,-0.27646,-0.15406,-0.83065,0
negative70,-0.14425,-0.20744,-0.22883,-0.18011,-0.11946,-0.13001,-0.14945,-0.13489,-0.24827,-0.19886,-0.27295,-0.17397,1.99302,3.1754,0.09525,-0.51986,-0.52882,1.1806,-0.55007,-0.51461,-0.25519,-0.26769,0.26289,-1.40079,-0.21662,3.13867,0.87703,-0.1838,-0.19234,-0.27867,-1.59142,3.00321,0.52246,-0.19169,0.42525,-0.13857,0.37969,0.24661,-0.5874,-0.28071,-0.21525,0.16824,-0.30461,-0.21571,-0.2232,-0.06433,-0.12136,-0.23907,-0.24428,-0.59064,1.19265,-0.27603,0.3015,-0.28176,-0.10657,-0.01329,-0.33515,1.66527,-0.2324,0.30867,-0.85132,-1.27389,-0.24011,-0.31883,-0.84538,-0.202,-1.36951,-0.35722,-0.18643,-1.04894,0
negative71,-0.12453,-0.19626,-0.21715,-0.16513,-0.0915,-0.10818,-0.14012,-0.12467,-0.21439,-0.18816,-0.24143,-0.13765,-0.20814,-0.20684,-0.16467,-0.51986,0.23009,-0.92396,0.665,0.72349,-0.22045,-0.24832,-0.37975,-1.05612,-0.79504,-0.22454,0.35004,-0.1838,-0.17764,-0.21124,-0.51899,-0.24955,-0.16218,-0.19169,0.90678,-0.11703,-0.75649,0.69125,-0.02932,-0.28071,-0.21525,-0.10647,-0.30461,-0.19193,-0.2232,-2.36428,-0.84573,-0.23907,-0.24428,1.29008,-0.39473,0.26681,0.56108,-0.2726,-0.10657,0.62127,1.28035,-0.48385,-0.93526,-0.8007,0.56931,-2.04693,-0.16766,-0.26272,-0.74525,-0.202,0.73019,-0.27646,-0.15406,0.57941,0
negative72,-0.12453,-0.19626,-0.21715,-0.16513,-0.0915,-0.10818,-0.14012,-0.12467,3.19751,-0.18816,-0.24143,-0.13765,-0.20814,-0.20684,0.875,-0.51986,-0.23693,-0.92396,-0.35822,-1.07738,-0.22045,-0.24832,0.94865,-0.98425,0.80672,-0.22454,-0.27866,-0.1838,-0.17764,-0.21124,-0.75267,-0.24955,-0.16218,-0.19169,-1.01935,-0.11703,-0.75649,0.33553,-0.77343,-0.28071,-0.21525,0.71895,-0.30461,-0.19193,-0.2232,-1.58937,1.17138,-0.23907,-0.24428,-0.59064,-1.93377,-0.23031,-1.16622,-0.2726,-0.10657,-1.20799,-0.65374,-0.86311,-0.35463,1.36919,1.65829,-0.04824,0.13677,-0.26272,1.25721,-0.202,0.73019,-0.27646,-0.15406,-0.18814,0
negative73,-0.12453,-0.19626,-0.21715,-0.16513,-0.0915,-0.10818,-0.14012,-0.12467,-0.21439,-0.18816,3.99133,-0.13765,2.42466,-0.20684,0.35516,-0.51986,1.63116,0.44554,-0.86983,-0.62717,-0.22045,-0.24832,0.88534,-0.43209,2.40848,-0.22454,-0.9666,-0.1838,-0.17764,-0.21124,-0.71264,-0.24955,-0.16218,-0.19169,-1.01935,-0.11703,1.44323,0.33553,0.34274,-0.28071,-0.21525,-0.63774,-0.30461,-0.19193,-0.2232,-0.58546,-0.82036,-0.23907,-0.24428,-0.59064,0.39626,-0.83289,0.66383,-0.2726,10.10316,-0.67382,-0.5915,-0.35743,0.22599,0.39429,-0.3102,0.10776,0.31848,-0.26272,-0.34476,-0.202,-1.36951,-0.27646,-0.15406,-0.45806,0
negative74,-0.12453,-0.19626,-0.21715,-0.16513,-0.0915,-0.10818,-0.14012,-0.12467,-0.21439,-0.18816,-0.24143,-0.13765,5.05746,-0.20684,0.875,-0.51986,-1.40448,-0.92396,-1.12564,1.17371,-0.22045,-0.24832,-0.26398,-1.3234,0.00584,-0.22454,-0.30909,-0.1838,-0.17764,-0.21124,0.27915,-0.24955,-1.80531,-0.19169,0.90678,-0.11703,-0.75649,0.33553,-0.77343,-0.28071,-0.21525,0.16032,3.20408,-0.19193,-0.2232,1.99071,-1.22356,-0.23907,-0.24428,-0.59064,-0.39442,-1.1466,-1.07708,-0.2726,-0.10657,0.9304,-0.33597,-1.2845,0.80661,-2.65602,-0.10865,1.35136,-0.38399,-0.26272,-0.34476,-0.202,0.73019,-0.27646,-0.15406,-0.17034,0
negative75,-0.12453,-0.19626,-0.21715,-0.16513,-0.0915,-0.10818,-0.14012,-0.12467,13.43322,-0.18816,-0.24143,-0.13765,-0.20814,-0.20684,3.47418,1.51155,0.23009,-0.92396,0.665,-1.5276,-0.22045,-0.24832,-0.03455,1.06738,0.00584,-0.22454,-0.9666,-0.1838,-0.17764,-0.21124,0.17159,-0.24955,-1.2576,-0.19169,-1.01935,-0.11703,0.40347,-0.02018,-0.77343,-0.28071,-0.21525,1.84689,-0.30461,-0.19193,-0.2232,1.23879,-0.61594,-0.23907,-0.24428,-0.59064,-1.14344,-0.48741,-0.20132,-0.2726,-0.10657,-2.76852,-0.12393,-1.41092,3.12911,-0.75053,0.0843,-0.10838,0.95594,-0.26272,2.45869,-0.202,0.73019,-0.27646,-0.15406,-0.56563,0
negative76,-0.12453,-0.19626,-0.21715,-0.16513,-0.0915,-0.10818,-0.14012,-0.12467,-0.21439,-0.18816,-0.24143,-0.13765,-0.20814,-0.20684,-0.16467,-0.51986,0.69712,-0.92396,-0.35822,-0.17695,-0.22045,-0.24832,0.52258,-0.52505,-0.79504,-0.22454,-0.9666,-0.1838,-0.17764,-0.21124,0.46072,-0.24955,-0.70989,-0.19169,-0.05628,-0.11703,-0.75649,-0.02018,-0.77343,-0.28071,5.1565,-0.49378,-0.30461,-0.19193,-0.2232,-0.49391,0.88303,-0.23907,-0.24428,3.1708,-0.95006,-1.10797,-0.62945,-0.2726,-0.10657,-0.27009,-0.57809,-0.61027,0.22599,1.56348,1.78205,-0.61846,-1.05733,-0.26272,0.85672,-0.202,0.73019,-0.27646,-0.15406,1.57346,0
negative77,-0.12453,-0.19626,-0.21715,-0.16513,-0.0915,-0.10818,-0.14012,-0.12467,-0.21439,-0.18816,-0.24143,-0.13765,-0.20814,-0.20684,-0.68451,1.66822,-1.17097,0.02874,-0.86983,0.72349,-0.22045,-0.24832,-0.05291,0.07956,0.00584,-0.22454,1.66555,-0.1838,-0.17764,-0.21124,-0.4055,-0.24955,0.93324,-0.19169,-1.01935,-0.11703,-0.75649,-0.7316,0.34274,-0.28071,-0.21525,-1.12847,-0.30461,-0.19193,-0.2232,0.00957,1.24835,-0.23907,-0.24428,-0.59064,0.3344,0.17583,-1.07811,-0.2726,-0.10657,-1.36058,0.93786,-0.10459,-0.93526,1.11574,-0.01447,-1.83982,1.00019,-0.26272,0.05573,-0.202,0.73019,-0.27646,-0.15406,-0.56563,0
negative78,-0.14425,-0.20744,-0.22883,-0.18011,-0.11946,-0.13001,-0.14945,-0.13489,-0.24827,-0.19886,-0.27295,-0.17397,-0.26697,-0.24643,-0.29463,0.87636,1.04738,-0.92396,-0.93378,-0.51461,-0.25519,-0.26769,-0.20542,0.28975,-0.79504,3.13867,-0.40674,-0.1838,-0.19234,-0.27867,-0.62812,-0.29244,0.93324,-0.19169,-1.01935,-0.13857,1.49413,-0.28696,-0.30836,-0.28071,-0.21525,0.62411,-0.30461,-0.21571,-0.2232,0.4233,0.30721,-0.23907,-0.24428,0.66317,0.39603,-1.48359,0.33368,-0.28176,6.91262,-0.38951,-1.33148,1.41243,0.19543,1.28607,-0.328,0.93399,0.49072,-0.31883,2.15832,-0.202,0.73019,-0.35722,-0.18643,-0.65958,0
negative79,-0.12453,-0.19626,-0.21715,-0.16513,-0.0915,-0.10818,-0.14012,-0.12467,-0.21439,-0.18816,-0.24143,-0.13765,2.42466,-0.20684,-0.16467,4.11972,-0.47044,-0.92396,-0.10241,-0.17695,-0.22045,-0.24832,0.49485,1.37232,1.6076,4.6674,0.89379,-0.1838,-0.17764,-0.21124,-1.79985,-0.24955,0.93324,-0.19169,-0.05628,-0.11703,-0.75649,-0.02018,-0.40137,-0.28071,-0.21525,-0.7519,-0.30461,-0.19193,-0.2232,-0.9708,0.04012,-0.23907,-0.24428,1.29008,-0.71132,-1.58435,0.10092,-0.2726,-0.10657,0.03379,-0.30285,-0.52599,-0.93526,1.50942,-2.5165,-1.35559,0.20375,-0.26272,0.85672,-0.202,0.73019,-0.27646,-0.15406,-0.57979,0
negative80,-0.12453,-0.19626,-0.21715,-0.16513,-0.0915,-0.10818,-0.14012,-0.12467,-0.21439,-0.18816,-0.24143,-0.13765,-0.20814,-0.20684,0.875,3.57503,-0.47044,0.32235,-0.10241,-1.5276,-0.22045,-0.24832,1.71788,-3.4248,-0.79504,-0.22454,-0.9666,-0.1838,-0.17764,-0.21124,1.03461,-0.24955,-0.70989,-0.19169,-1.01935,-0.11703,-0.75649,1.75839,-0.40137,-0.28071,-0.21525,1.48271,-0.30461,-0.19193,-0.2232,-0.0978,0.92561,-0.23907,-0.24428,1.29008,0.16351,-0.5804,-1.99133,-0.2726,-0.10657,-0.39115,-0.8513,-1.0738,0.80661,0.97829,1.51125,0.35853,-0.53412,-0.26272,2.85918,-0.202,0.73019,-0.27646,-0.15406,-0.56563,0
negative81,-0.12453,-0.19626,-0.21715,-0.16513,-0.0915,-0.10818,-0.14012,-0.12467,-0.21439,-0.18816,-0.24143,-0.13765,-0.20814,-0.20684,-0.68451,-0.51986,0.69712,-0.92396,-0.86983,1.17371,-0.22045,-0.24832,-2.48619,0.56991,-0.79504,-0.22454,-0.3973,-0.1838,-0.17764,-0.21124,1.41388,-0.24955,-0.70989,-0.19169,3.79599,-0.11703,-0.75649,-0.37589,0.71479,-0.28071,-0.21525,-0.3817,-0.30461,-0.19193,-0.2232,0.11446,-1.41658,-0.23907,-0.24428,-0.59064,0.30962,-1.5485,0.67971,3.41445,-0.10657,0.69079,0.57093,0.3168,-0.35463,-1.24485,0.69687,-0.18191,0.41254,-0.26272,-0.34476,-0.202,0.73019,-0.27646,-0.15406,2.6604,0
negative82,-0.12453,-0.19626,-0.21715,-0.16513,-0.0915,-0.10818,-0.14012,-0.12467,3.19751,-0.18816,-0.24143,-0.13765,-0.20814,-0.20684,-0.68451,1.25504,0.46361,-0.92396,0.92081,0.72349,4.44426,-0.24832,-0.0283,-0.34758,0.00584,-0.22454,-0.2549,-0.1838,-0.17764,-0.21124,-0.87111,-0.24955,-0.70989,-0.19169,-0.05628,-0.11703,-0.75649,-0.02018,-0.77343,-0.28071,-0.21525,0.6812,-0.30461,-0.19193,-0.2232,0.06954,0.01591,-0.23907,-0.24428,1.29008,-0.32086,-1.04092,-1.44261,-0.2726,-0.10657,-1.01761,-0.3546,-0.86311,2.54849,-0.19023,-0.37434,0.07133,-2.47093,-0.26272,-0.34476,-0.202,-1.36951,-0.27646,-0.15406,-0.92525,0
negative83,-0.14425,-0.20744,-0.22883,-0.18011,-0.11946,-0.13001,-0.14945,-0.13489,-0.24827,-0.19886,-0.27295,6.10497,-0.26697,-0.24643,-0.68451,-0.51986,-1.22935,-0.92396,-0.93378,1.51137,-0.25519,-0.26769,-1.32118,0.46797,-0.79504,-0.22454,-0.45313,-0.1838,-0.19234,3.60692,0.34846,-0.29244,-1.12067,-0.19169,-1.01935,-0.13857,4.46695,0.78018,-0.02932,-0.28071,-0.21525,0.80201,-0.30461,-0.21571,-0.2232,0.30131,-2.55815,-0.23907,-0.24428,-0.59064,-0.15503,0.94095,1.6882,-0.28176,6.91262,0.22412,-0.42606,1.1596,1.47892,-1.88368,0.21312,0.96684,-0.0449,-0.31883,0.95684,-0.202,0.73019,-0.35722,-0.18643,-1.04458,0
negative84,-0.12453,-0.19626,4.48779,-0.16513,-0.0915,-0.10818,-0.14012,-0.12467,-0.21439,-0.18816,-0.24143,-0.13765,-0.20814,-0.20684,-1.72418,-0.51986,-1.40448,-0.92396,-1.12564,2.97458,-0.22045,-0.24832,-1.66559,0.12436,-0.79504,-0.22454,0.27323,-0.1838,-0.17764,-0.21124,-0.01904,-0.24955,-1.2576,-0.19169,2.83292,-0.11703,-0.75649,-0.37589,-0.77343,-0.28071,-0.21525,-1.60921,-0.30461,-0.19193,-0.2232,-0.5786,-1.16717,-0.23907,-0.24428,-0.59064,0.79202,2.50548,0.02693,-0.2726,-0.10657,1.15042,2.25051,0.02183,0.80661,-1.83664,0.3919,0.24482,-0.53593,-0.26272,-0.34476,-0.202,0.73019,-0.27646,-0.15406,-0.24059,0
negative85,-0.12453,-0.19626,-0.21715,-0.16513,-0.0915,-0.10818,-0.14012,-0.12467,-0.21439,-0.18816,-0.24143,-0.13765,-0.20814,-0.20684,-0.68451,1.12191,0.23009,-0.92396,0.665,2.07414,-0.22045,-0.24832,-0.22431,0.3604,-0.79504,-0.22454,-0.9666,-0.1838,-0.17764,-0.21124,1.11363,-0.24955,-1.2576,-0.19169,1.86985,-0.11703,0.35206,-1.44303,-0.40137,4.20706,-0.21525,-1.46959,-0.30461,-0.19193,-0.2232,-0.14178,-1.23236,-0.23907,-0.24428,-0.59064,-0.59906,1.18201,0.7877,-0.2726,-0.10657,1.55716,2.82699,-0.35743,1.96786,-0.73944,1.97008,-0.5256,0.44377,-0.26272,-0.74525,-0.202,-1.36951,-0.27646,-0.15406,1.3423,0
negative86,-0.16789,-0.22086,-0.24283,-0.19806,-0.15299,-0.15619,-0.16065,-0.14713,-0.2889,-0.2117,-0.31075,-0.21752,1.59444,-0.29389,0.35516,-0.51986,0.28199,4.21732,0.29551,0.1232,-0.29685,-0.29091,0.13814,1.42184,-0.79504,-0.22454,-0.54199,-0.1838,-0.20997,-0.35952,0.08179,-0.34388,-1.13589,-0.19169,0.58576,-0.16439,-0.75649,-0.96875,-0.93879,-0.28071,-0.21525,0.78855,-0.30461,-0.24422,-0.2232,0.60128,-0.29043,2.22314,-0.24428,1.1191,1.07005,0.11237,-1.19142,-0.29273,-0.10657,1.7599,-0.99008,2.88732,0.04734,-1.28865,1.64482,1.03252,0.19472,-0.38612,-0.70076,-0.202,0.73019,-0.45406,-0.22525,1.5767,0
negative87,-0.12453,4.30927,-0.21715,-0.16513,-0.0915,-0.10818,-0.14012,-0.12467,-0.21439,4.12343,-0.24143,-0.13765,-0.20814,-0.20684,0.875,-0.51986,0.46361,0.85619,0.92081,-0.62717,-0.22045,-0.24832,1.11978,0.67546,-0.79504,-0.22454,-0.2811,5.93513,-0.17764,-0.21124,0.90341,-0.24955,-0.70989,-0.19169,-1.01935,-0.11703,-0.75649,0.33553,-0.77343,-0.28071,-0.21525,-1.29892,-0.30461,-0.19193,-0.2232,-0.42103,1.90211,-0.23907,-0.24428,1.29008,-1.34351,-0.02685,-0.78901,-0.2726,-0.10657,0.30806,0.49675,-0.82097,-0.93526,1.23234,0.87179,1.29325,1.14015,-0.26272,-0.34476,-0.202,-1.36951,-0.27646,-0.15406,0.95576,0
negative88,-0.12453,-0.19626,-0.21715,-0.16513,-0.0915,-0.10818,-0.14012,-0.12467,-0.21439,-0.18816,-0.24143,-0.13765,2.42466,-0.20684,0.35516,-0.51986,1.63116,0.05954,2.19984,0.27327,-0.22045,-0.24832,0.27451,1.45518,0.00584,-0.22454,0.26737,-0.1838,-0.17764,-0.21124,0.66278,-0.24955,-0.70989,-0.19169,0.90678,-0.11703,-0.75649,-1.08732,-0.40137,-0.28071,-0.21525,-0.51403,-0.30461,-0.19193,-0.2232,-0.19705,0.02753,-0.23907,-0.24428,-0.59064,0.88913,-0.22929,-0.59285,-0.2726,-0.10657,-0.64684,0.52098,-0.31529,0.22599,-0.86429,0.17789,-0.83393,0.6222,-0.26272,-0.34476,-0.202,-1.36951,-0.27646,-0.15406,0.14996,0
negative89,-0.14425,-0.20744,-0.22883,-0.18011,-0.11946,7.41745,-0.14945,6.92671,-0.24827,-0.19886,-0.27295,-0.17397,-0.26697,-0.24643,0.48512,0.76515,0.17172,0.84798,-0.16636,-0.17695,-0.25519,-0.26769,1.22408,0.18133,-0.21662,-0.22454,0.06393,-0.1838,-0.19234,-0.27867,0.02587,-0.29244,0.52246,-0.19169,-1.01935,-0.13857,1.4398,-0.28696,0.52877,-0.28071,-0.21525,0.44747,-0.30461,-0.21571,-0.2232,-0.39435,-0.09645,-0.23907,-0.24428,0.66317,0.03703,1.48896,0.89723,-0.28176,-0.10657,-0.12545,-1.33961,1.1596,0.19543,0.03551,0.60925,-0.16475,0.75387,-0.31883,0.05573,-0.202,-1.36951,-0.35722,-0.18643,-0.5022,0
negative90,-0.12453,-0.19626,-0.21715,-0.16513,-0.0915,-0.10818,-0.14012,-0.12467,-0.21439,-0.18816,-0.24143,-0.13765,-0.20814,-0.20684,-1.20435,1.10365,-0.00342,0.66319,-0.86983,-0.62717,-0.22045,-0.24832,-0.32002,-2.55526,-0.79504,-0.22454,-0.9666,-0.1838,-0.17764,-0.21124,0.70105,-0.24955,1.48095,-0.19169,0.90678,-0.11703,-0.75649,1.75839,2.94713,-0.28071,-0.21525,0.22123,-0.30461,-0.19193,-0.2232,0.80265,0.04746,-0.23907,-0.24428,-0.59064,1.34233,-0.96587,0.18868,-0.2726,-0.10657,-1.13497,-0.88256,-0.14673,-0.93526,-0.00254,1.11216,0.5706,1.13773,-0.26272,2.05819,-0.202,0.73019,-0.27646,-0.15406,-0.1603,0
negative91,-0.12453,-0.19626,-0.21715,-0.16513,-0.0915,-0.10818,-0.14012,-0.12467,-0.21439,-0.18816,-0.24143,-0.13765,-0.20814,-0.20684,0.875,2.94471,-0.93746,0.08828,-0.61402,0.27327,-0.22045,-0.24832,0.38152,1.00138,0.80672,-0.22454,-0.27199,-0.1838,-0.17764,4.31533,0.87209,-0.24955,0.38553,-0.19169,-0.05628,-0.11703,-0.75649,-0.02018,-0.02932,-0.28071,-0.21525,-1.17961,-0.30461,-0.19193,-0.2232,-0.98312,-0.14341,-0.23907,-0.24428,-0.59064,0.71822,0.95193,-0.20772,-0.2726,-0.10657,-0.35845,-0.50992,-0.73669,-0.93526,-0.50923,-0.50171,-0.05832,-1.34893,-0.26272,-0.74525,-0.202,-1.36951,-0.27646,-0.15406,0.36647,0
negative92,-0.17703,-0.22604,-0.24825,-0.205,-0.16595,-0.16631,-0.16498,-0.15186,2.06601,-0.21666,-0.32537,-0.23436,-0.36478,2.45747,1.65475,-0.51986,0.23009,-0.92396,0.4092,-1.30249,-0.31296,-0.29989,2.1462,-0.84488,1.80782,1.84513,0.12708,-0.1838,-0.21678,-0.39078,-0.54893,-0.36376,-1.2576,-0.19169,-1.01935,-0.17438,-0.75649,0.51339,-0.77343,-0.28071,2.47062,1.62191,-0.30461,-0.25524,-0.2232,1.59169,0.82356,-0.23907,-0.24428,0.16164,0.37014,0.30335,-1.34226,-0.29698,-0.10657,0.59882,-0.83322,2.88732,0.72653,0.59139,-0.12192,1.16222,-1.83357,-0.41214,1.05696,2.01336,0.73019,-0.4915,2.02496,-1.18783,0
negative93,-0.12453,-0.19626,-0.21715,-0.16513,-0.0915,-0.10818,-0.14012,-0.12467,-0.21439,-0.18816,-0.24143,-0.13765,-0.20814,-0.20684,0.875,-0.51986,0.69712,-0.92396,1.17662,-1.97782,-0.22045,-0.24832,1.69413,0.18036,0.80672,-0.22454,-0.9666,-0.1838,-0.17764,-0.21124,-0.99445,-0.24955,-0.16218,-0.19169,-0.05628,-0.11703,-0.75649,1.40267,-0.77343,-0.28071,-0.21525,1.15696,-0.30461,-0.19193,-0.2232,1.25831,1.69149,-0.23907,-0.24428,-0.59064,-0.04951,0.30353,-0.32731,-0.2726,-0.10657,-0.62432,-1.29055,-0.98953,0.80661,1.11994,-0.29747,1.53139,-1.03562,-0.26272,0.85672,-0.202,0.73019,-0.27646,-0.15406,1.01228,0
negative94,-0.11095,-0.18856,-0.2091,-0.15482,-0.07225,-0.09315,-0.13369,-0.11764,-0.19106,-0.18079,-0.21972,-0.11264,-0.16763,-0.17958,1.00496,2.43736,-1.40448,-0.92396,-1.12564,-0.62717,-0.19653,-0.23498,2.3818,-0.71402,3.36953,-0.22454,-0.9666,-0.1838,-0.16751,4.94185,-2.69115,-0.22001,-0.98375,-0.19169,-1.01935,-0.1022,0.51203,0.06875,-0.68042,-0.28071,-0.21525,-0.63428,-0.30461,-0.17555,-0.2232,0.54856,0.10206,-0.23907,-0.24428,-0.59064,1.44724,-0.24597,-0.06041,-0.2663,-0.10657,-1.62951,-0.11421,-1.87446,0.70105,0.30875,-2.81687,0.56247,-0.98665,-0.22407,0.85672,-0.202,-1.36951,-0.22085,-0.13176,-0.28108,0
negative95,-0.12453,-0.19626,-0.21715,-0.16513,-0.0915,-0.10818,-0.14012,-0.12467,-0.21439,-0.18816,-0.24143,-0.13765,-0.20814,-0.20684,-0.68451,-0.51986,-0.00342,-0.92396,0.4092,-0.17695,-0.22045,-0.24832,-0.32127,-1.73415,0.00584,-0.22454,-0.33822,-0.1838,-0.17764,-0.21124,0.48587,-0.24955,0.38553,-0.19169,0.90678,-0.11703,-0.75649,0.69125,-0.40137,-0.28071,-0.21525,-1.0746,-0.30461,-0.19193,-0.2232,-0.34819,1.37557,4.68535,-0.24428,-0.59064,1.79273,-0.71003,0.24911,-0.2726,-0.10657,-0.03419,0.59314,0.02183,-1.51588,1.1728,-0.8642,-0.50511,-0.13555,-0.26272,-0.74525,-0.202,0.73019,-0.27646,-0.15406,-0.32482,0
negative96,-0.14425,-0.20744,-0.22883,-0.18011,-0.11946,-0.13001,-0.14945,-0.13489,2.68049,-0.19886,-0.27295,-0.17397,-0.26697,-0.24643,0.875,-0.51986,0.87225,-0.92396,0.21734,-1.5276,-0.25519,3.0803,0.17344,0.01292,2.09702,-0.22454,-0.43213,-0.1838,-0.19234,-0.27867,0.24296,-0.29244,-0.29911,-0.19169,-1.01935,-0.13857,1.32691,-0.02018,-0.5874,-0.28071,-0.21525,1.00733,-0.30461,-0.21571,-0.2232,0.69563,-0.49936,-0.23907,-0.24428,-0.59064,-0.96521,-3.37897,1.92418,-0.28176,-0.10657,0.82219,-0.86022,0.65392,1.47892,0.28252,-0.10296,-0.49193,0.13886,-0.31883,-0.84538,-0.202,0.73019,-0.35722,-0.18643,-0.7564,0
negative97,-0.12453,-0.19626,-0.21715,-0.16513,-0.0915,-0.10818,-0.14012,-0.12467,-0.21439,-0.18816,-0.24143,-0.13765,-0.20814,-0.20684,-0.16467,-0.51986,-1.40448,-0.92396,-1.12564,0.27327,-0.22045,-0.24832,-0.92835,-0.58163,-0.79504,-0.22454,0.40001,-0.1838,-0.17764,-0.21124,-0.8251,-0.24955,0.38553,-0.19169,0.90678,-0.11703,-0.75649,-0.7316,-0.40137,-0.28071,-0.21525,-0.98964,-0.30461,-0.19193,-0.2232,-1.26943,0.67003,-0.23907,-0.24428,-0.59064,-0.83756,-1.38945,0.13704,-0.2726,-0.10657,-0.40126,2.0149,-0.06245,-0.35463,0.483,0.09053,-1.46932,-1.26746,-0.26272,-0.34476,-0.202,0.73019,-0.27646,-0.15406,1.52835,0
negative98,-0.12453,-0.19626,-0.21715,-0.16513,-0.0915,-0.10818,-0.14012,-0.12467,-0.21439,-0.18816,-0.24143,-0.13765,-0.20814,-0.20684,1.91467,-0.51986,-1.40448,0.11908,-1.12564,-0.62717,-0.22045,-0.24832,1.18343,0.07663,0.80672,-0.22454,0.06263,-0.1838,-0.17764,-0.21124,-0.36082,-0.24955,-0.70989,-0.19169,-0.05628,-0.11703,-0.75649,1.04696,-0.40137,-0.28071,-0.21525,0.80662,3.20408,-0.19193,-0.2232,-2.18512,0.77334,-0.23907,-0.24428,-0.59064,-0.79812,-0.31934,-0.72976,-0.2726,-0.10657,-1.11588,-1.39903,-1.11594,0.80661,-1.93083,-0.29288,-0.01026,-1.40511,-0.26272,4.86164,-0.202,0.73019,-0.27646,-0.15406,-0.56563,0
negative99,-0.14425,-0.20744,-0.22883,4.99754,-0.11946,-0.13001,-0.14945,-0.13489,5.60925,7.20322,-0.27295,-0.17397,-0.26697,-0.24643,3.99402,-0.51986,-1.40448,0.45581,-1.12564,-1.86527,-0.25519,-0.26769,2.52979,-0.2135,1.51861,-0.22454,-0.25018,-0.1838,-0.19234,-0.27867,1.20498,-0.29244,-1.94224,3.82133,-1.01935,-0.13857,-0.75649,-0.28696,-0.30836,-0.28071,-0.21525,1.12202,-0.30461,3.89495,-0.2232,2.19737,1.14545,-0.23907,-0.24428,-0.59064,-0.34898,0.74372,-0.66553,-0.28176,-0.10657,-0.45615,-1.30786,-0.65241,0.62326,0.26244,1.02121,2.05246,-1.16359,-0.31883,1.85795,-0.202,0.73019,-0.35722,-0.18643,-0.41396,0
negative100,-0.12453,-0.19626,-0.21715,-0.16513,-0.0915,-0.10818,-0.14012,-0.12467,-0.21439,-0.18816,-0.24143,-0.13765,-0.20814,-0.20684,0.875,2.97555,0.93063,-0.08829,1.43242,0.27327,-0.22045,-0.24832,0.84937,1.06101,0.80672,-0.22454,-0.2658,-0.1838,-0.17764,-0.21124,-0.08893,-0.24955,-0.16218,-0.19169,-1.01935,-0.11703,-0.75649,-0.7316,-0.77343,-0.28071,-0.21525,-0.25769,-0.30461,-0.19193,-0.2232,-0.82111,0.21808,-0.23907,-0.24428,-0.59064,-0.418,0.70678,-0.92416,-0.2726,-0.10657,-1.12118,-0.46927,-1.0738,0.22599,-0.42622,-0.30554,1.08884,0.02091,-0.26272,-0.34476,-0.202,0.73019,-0.27646,-0.15406,-0.12275,0
negative101,-0.12453,-0.19626,-0.21715,-0.16513,-0.0915,-0.10818,-0.14012,-0.12467,-0.21439,-0.18816,-0.24143,-0.13765,-0.20814,-0.20684,0.875,-0.51986,0.69712,0.61596,1.17662,0.72349,-0.22045,-0.24832,-0.21977,-1.24277,-0.79504,-0.22454,0.32612,-0.1838,-0.17764,-0.21124,1.1727,-0.24955,-1.2576,-0.19169,0.90678,-0.11703,-0.75649,-0.02018,-0.40137,-0.28071,-0.21525,0.55972,3.20408,4.59684,-0.2232,0.38419,0.112,-0.23907,3.73903,-0.59064,1.2805,0.25775,-0.7901,-0.2726,-0.10657,-0.59795,-0.75135,-0.65241,0.80661,-1.32771,1.23749,0.94936,0.85145,-0.26272,-0.74525,-0.202,-1.36951,-0.27646,-0.15406,-0.2115,0
negative102,-0.12453,-0.19626,-0.21715,-0.16513,-0.0915,8.68434,-0.14012,-0.12467,-0.21439,-0.18816,-0.24143,-0.13765,-0.20814,-0.20684,-0.68451,0.85931,0.46361,1.40235,0.92081,0.72349,-0.22045,3.65197,-2.10683,-1.79533,-0.79504,-0.22454,-0.41358,-0.1838,-0.17764,-0.21124,0.27782,-0.24955,-0.16218,-0.19169,0.90678,-0.11703,1.18117,1.75839,1.08685,-0.28071,-0.21525,1.18486,-0.30461,-0.19193,-0.2232,0.14983,-1.0369,-0.23907,-0.24428,-0.59064,0.84615,-0.39788,1.20514,-0.2726,-0.10657,1.0428,-0.00548,-0.02031,0.80661,-0.4026,-1.29116,-0.63051,-0.44292,-0.26272,0.05573,-0.202,0.73019,-0.27646,-0.15406,-0.56563,0
negative103,-0.12453,-0.19626,-0.21715,-0.16513,-0.0915,-0.10818,-0.14012,-0.12467,-0.21439,-0.18816,-0.24143,-0.13765,-0.20814,-0.20684,0.35516,-0.51986,0.46361,0.43528,0.92081,0.27327,-0.22045,-0.24832,-1.19433,0.95215,0.80672,-0.22454,0.22619,-0.1838,-0.17764,-0.21124,0.23568,-0.24955,-0.16218,-0.19169,0.90678,-0.11703,0.30616,0.33553,1.45891,-0.28071,-0.21525,-1.01325,-0.30461,-0.19193,-0.2232,0.17755,-0.96792,-0.23907,-0.24428,-0.59064,-1.10908,-1.35207,0.25617,-0.2726,-0.10657,0.03497,-0.4051,-0.02031,0.22599,-1.59211,0.32251,-0.36334,-0.35042,-0.26272,0.45622,-0.202,-1.36951,-0.27646,-0.15406,1.01228,0
negative104,-0.14425,-0.20744,-0.22883,-0.18011,-0.11946,-0.13001,-0.14945,-0.13489,-0.24827,-0.19886,-0.27295,-0.17397,-0.26697,3.1754,-0.29463,-0.51986,0.17172,1.79657,-0.93378,-1.5276,-0.25519,-0.26769,0.86076,-0.74909,2.09702,3.13867,-0.9666,-0.1838,-0.19234,3.60692,-0.13072,-0.29244,-0.29911,-0.19169,-0.29705,-0.13857,-0.75649,1.31375,0.24972,-0.28071,-0.21525,-0.12374,-0.30461,-0.21571,-0.2232,0.35976,0.67233,-0.23907,-0.24428,0.66317,-0.90678,-0.82418,-0.25718,-0.28176,-0.10657,-0.90859,-1.36188,0.9489,-1.08805,0.84031,-0.22536,-0.25687,-2.24945,-0.31883,1.85795,-0.202,-1.36951,-0.35722,-0.18643,-0.86079,0
negative105,-0.12453,-0.19626,-0.21715,-0.16513,-0.0915,-0.10818,-0.14012,-0.12467,-0.21439,-0.18816,-0.24143,-0.13765,-0.20814,-0.20684,1.39484,-0.51986,0.93063,1.10258,-0.61402,-1.97782,-0.22045,-0.24832,1.79324,-1.90879,-0.79504,-0.22454,-0.9666,-0.1838,-0.17764,-0.21124,3.23526,-0.24955,0.38553,-0.19169,-1.01935,-0.11703,-0.75649,-0.7316,0.34274,-0.28071,-0.21525,0.14982,-0.30461,-0.19193,-0.2232,1.24593,1.49572,-0.23907,-0.24428,1.29008,2.22858,-1.00278,-0.82603,-0.2726,-0.10657,-1.13775,0.80662,-1.0738,0.22599,1.81874,-0.917,0.17606,-1.19602,-0.26272,-0.74525,-0.202,0.73019,-0.27646,-0.15406,0.81036,0
negative106,-0.12453,-0.19626,-0.21715,-0.16513,-0.0915,-0.10818,-0.14012,-0.12467,-0.21439,-0.18816,-0.24143,-0.13765,2.42466,-0.20684,-0.68451,-0.51986,0.23009,1.40235,0.665,0.72349,-0.22045,-0.24832,-0.03131,0.32406,0.00584,-0.22454,0.33523,-0.1838,-0.17764,-0.21124,-0.41621,-0.24955,-0.16218,-0.19169,0.90678,-0.11703,0.35495,-0.02018,-0.40137,4.20706,-0.21525,-0.59189,-0.30461,-0.19193,-0.2232,-0.18658,-0.68744,-0.23907,-0.24428,-0.59064,-0.66861,1.09769,0.23187,-0.2726,-0.10657,0.49976,-0.02075,-0.18887,0.22599,-1.05955,-0.62107,0.80578,-0.62383,-0.26272,-0.74525,5.03431,-1.36951,-0.27646,-0.15406,0.88785,0
negative107,-0.12453,-0.19626,-0.21715,-0.16513,-0.0915,-0.10818,-0.14012,-0.12467,-0.21439,-0.18816,-0.24143,-0.13765,-0.20814,-0.20684,-0.16467,-0.51986,0.69712,0.52767,0.92081,-0.62717,-0.22045,3.65197,-0.04205,-0.41618,-0.79504,-0.22454,-0.9666,-0.1838,-0.17764,-0.21124,0.7447,-0.24955,0.38553,-0.19169,-1.01935,-0.11703,0.28856,-1.44303,-0.77343,4.20706,-0.21525,1.18978,-0.30461,-0.19193,-0.2232,0.45555,0.69199,-0.23907,-0.24428,-0.59064,0.52015,-1.08326,-0.17492,-0.2726,-0.10657,-0.78477,1.24961,-0.52599,0.22599,0.49687,1.48121,-0.66336,0.34418,-0.26272,-0.34476,-0.202,0.73019,-0.27646,-0.15406,0.14996,0
negative108,-0.12453,-0.19626,-0.21715,-0.16513,-0.0915,-0.10818,-0.14012,-0.12467,-0.21439,-0.18816,-0.24143,-0.13765,-0.20814,-0.20684,0.875,-0.51986,0.46361,-0.92396,0.92081,-1.07738,-0.22045,-0.24832,0.16181,-2.28233,-0.79504,-0.22454,-0.9666,-0.1838,-0.17764,-0.21124,0.43375,-0.24955,-1.2576,-0.19169,-0.05628,-0.11703,-0.75649,-0.37589,-0.77343,4.20706,-0.21525,1.5825,-0.30461,-0.19193,-0.2232,1.57325,0.60663,-0.23907,-0.24428,3.1708,-2.1319,0.10664,-1.26584,-0.2726,-0.10657,1.06865,-1.64684,-1.11594,0.22599,0.00863,1.80946,1.41854,1.78943,-0.26272,-0.34476,-0.202,-1.36951,-0.27646,-0.15406,1.30754,0
negative109,-0.14425,-0.20744,-0.22883,-0.18011,-0.11946,-0.13001,-0.14945,-0.13489,-0.24827,-0.19886,-0.27295,-0.17397,-0.26697,-0.24643,-0.68451,0.77935,0.52198,-0.92396,0.98476,1.84903,-0.25519,-0.26769,-1.74933,-0.07402,-0.21662,-0.22454,0.07532,-0.1838,-0.19234,-0.27867,0.80973,-0.29244,-0.70989,-0.19169,0.42525,-0.13857,0.34649,-0.02018,-0.86644,-0.28071,-0.21525,-0.7378,2.22944,-0.21571,-0.2232,0.02641,-0.62931,-0.23907,-0.24428,-0.59064,0.19801,-1.37339,-0.19363,2.88319,-0.10657,0.09404,0.8398,1.11746,1.90674,-0.63543,0.73464,-0.23713,-0.58881,-0.31883,-0.54501,-0.202,-1.36951,-0.35722,2.61212,-0.08673,0
negative110,-0.12453,-0.19626,-0.21715,-0.16513,-0.0915,-0.10818,-0.14012,-0.12467,-0.21439,-0.18816,-0.24143,-0.13765,-0.20814,3.77947,-0.68451,-0.51986,-0.70395,-0.92396,-0.61402,-0.62717,-0.22045,-0.24832,0.33895,-0.21809,0.80672,-0.22454,-0.26287,-0.1838,-0.17764,-0.21124,-0.4078,-0.24955,0.93324,-0.19169,-0.05628,-0.11703,-0.75649,1.40267,1.83096,4.20706,-0.21525,-0.86185,-0.30461,-0.19193,-0.2232,0.17318,0.51383,-0.23907,-0.24428,-0.59064,-1.72252,-0.58184,1.50221,-0.2726,-0.10657,0.67364,0.47954,-0.65241,-0.93526,-0.03906,0.06869,-0.22882,-1.4349,-0.26272,-0.74525,-0.202,-1.36951,-0.27646,-0.15406,1.44218,0
negative111,-0.12453,-0.19626,-0.21715,-0.16513,-0.0915,8.68434,-0.14012,-0.12467,-0.21439,-0.18816,-0.24143,-0.13765,-0.20814,-0.20684,-0.16467,0.94252,1.16414,-0.92396,1.68823,-0.17695,-0.22045,7.55225,-0.52734,-0.8232,-0.79504,-0.22454,-0.38021,-0.1838,-0.17764,-0.21124,0.51767,-0.24955,0.93324,-0.19169,0.90678,-0.11703,0.24963,-0.37589,0.71479,-0.28071,-0.21525,1.02293,-0.30461,-0.19193,4.27512,-0.3382,0.16374,-0.23907,-0.24428,-0.59064,0.1256,-1.10559,0.77955,-0.2726,-0.10657,0.88073,-0.53145,-0.10459,-0.35463,0.90585,-1.14209,-0.51561,-1.17347,-0.26272,0.05573,-0.202,0.73019,-0.27646,-0.15406,1.17817,0
negative112,-0.13671,-0.20317,-0.22436,-0.17438,-0.10878,-0.12167,-0.14589,-0.13098,-0.23533,-0.19477,-0.26091,-0.16009,-0.24449,-0.2313,-0.94443,-0.51986,-1.20989,-0.92396,-0.91246,0.87356,-0.24192,-0.26029,-1.20062,0.53001,-0.79504,-0.22454,0.50661,-0.1838,-0.18672,-0.25291,0.35057,-0.27606,0.38553,-0.19169,2.99343,-0.13034,-0.75649,-1.26517,-0.52539,-0.28071,-0.21525,-0.65735,-0.30461,-0.20662,-0.2232,-0.75561,-0.28941,-0.23907,-0.24428,-0.59064,1.11749,0.64226,0.84255,-0.27826,-0.10657,-0.767,0.75802,1.49671,-0.55956,-0.19213,1.16732,-2.01337,0.06216,-0.2974,0.52297,-0.202,0.73019,-0.32637,-0.17406,-0.09651,0
negative113,-0.12453,-0.19626,-0.21715,-0.16513,-0.0915,-0.10818,-0.14012,-0.12467,-0.21439,-0.18816,-0.24143,-0.13765,-0.20814,-0.20684,-1.20435,1.35407,-0.00342,0.4168,0.4092,0.27327,-0.22045,-0.24832,-0.5149,-0.98062,0.00584,-0.22454,-0.9666,-0.1838,-0.17764,-0.21124,-1.41139,-0.24955,-0.16218,-0.19169,1.86985,-0.11703,-0.75649,0.33553,-0.40137,-0.28071,-0.21525,0.54403,-0.30461,-0.19193,-0.2232,0.31862,-0.31148,-0.23907,-0.24428,-0.59064,0.57795,-0.47416,0.54802,-0.2726,-0.10657,-0.22676,-1.22547,-0.61027,1.38724,-1.20165,-1.35694,0.1474,-0.10727,-0.26272,-0.74525,-0.202,0.73019,-0.27646,-0.15406,-0.57979,0
negative114,-0.12453,-0.19626,-0.21715,-0.16513,-0.0915,-0.10818,-0.14012,-0.12467,3.19751,-0.18816,-0.24143,-0.13765,-0.20814,-0.20684,1.91467,-0.51986,-0.47044,-0.92396,-0.10241,-1.97782,-0.22045,-0.24832,2.09838,0.14625,0.00584,-0.22454,-0.07522,-0.1838,-0.17764,-0.21124,-1.14361,-0.24955,0.38553,-0.19169,-1.01935,-0.11703,-0.75649,-0.02018,-0.77343,-0.28071,-0.21525,2.98249,-0.30461,-0.19193,-0.2232,4.64129,0.14408,-0.23907,-0.24428,-0.59064,1.13298,-0.51122,-0.42036,-0.2726,-0.10657,2.23064,-1.48998,-1.53734,0.22599,-0.73471,-0.22205,1.5891,1.10626,-0.26272,3.25967,-0.202,0.73019,3.33793,-0.15406,-1.62595,0
negative115,-0.14425,-0.20744,-0.22883,-0.18011,-0.11946,-0.13001,-0.14945,-0.13489,2.68049,-0.19886,6.9938,-0.17397,-0.26697,3.1754,-0.68451,-0.51986,0.34685,-0.92396,-0.74193,-0.51461,-0.25519,-0.26769,1.2709,-0.40933,0.9402,-0.22454,-0.9666,-0.1838,-0.19234,-0.27867,-0.88673,-0.29244,0.11168,-0.19169,-1.01935,-0.13857,0.46593,0.24661,-0.30836,-0.28071,-0.21525,0.27773,-0.30461,-0.21571,-0.2232,0.48401,0.29015,-0.23907,-0.24428,-0.59064,-0.93166,-2.03243,1.04858,-0.28176,-0.10657,0.27482,-0.60749,0.5275,0.19543,0.13956,-0.19239,1.02539,-0.18567,-0.31883,-0.84538,-0.202,0.73019,-0.35722,-0.18643,0.59781,0
negative116,-0.12453,-0.19626,-0.21715,-0.16513,-0.0915,-0.10818,-0.14012,-0.12467,-0.21439,-0.18816,-0.24143,-0.13765,2.42466,-0.20684,0.875,-0.51986,-0.23693,0.44554,0.15339,-1.97782,-0.22045,-0.24832,1.53551,-0.88133,3.20935,4.6674,-0.9666,-0.1838,-0.17764,-0.21124,-0.99203,-0.24955,-0.70989,-0.19169,-0.05628,-0.11703,0.37569,1.75839,0.34274,-0.28071,-0.21525,0.19734,-0.30461,-0.19193,-0.2232,-0.45551,0.55079,-0.23907,-0.24428,-0.59064,-2.24035,-2.05536,0.33924,-0.2726,-0.10657,-0.12893,-1.11948,-0.65241,0.22599,0.79254,-1.20275,0.99513,-1.25846,-0.26272,-0.74525,-0.202,0.73019,-0.27646,-0.15406,-1.0982,0
negative117,-0.14425,-0.20744,-0.22883,-0.18011,-0.11946,-0.13001,-0.14945,-0.13489,-0.24827,-0.19886,-0.27295,-0.17397,1.99302,-0.24643,2.82439,-0.51986,-1.40448,-0.92396,-1.12564,-0.85228,-0.25519,-0.26769,2.60927,-1.06613,-0.21662,-0.22454,1.9126,-0.1838,-0.19234,-0.27867,0.03296,-0.29244,-0.70989,-0.19169,-1.01935,-0.13857,-0.75649,0.51339,-0.86644,-0.28071,-0.21525,2.42498,-0.30461,3.89495,-0.2232,3.53331,0.17639,-0.23907,-0.24428,-0.59064,-0.59609,0.38464,-1.44577,-0.28176,-0.10657,-0.195,-1.29501,-0.31529,1.05109,-0.58099,-0.05109,0.74291,-1.14299,-0.31883,0.65647,-0.202,0.73019,-0.35722,-0.18643,-0.83129,0
negative118,-0.12453,-0.19626,-0.21715,-0.16513,-0.0915,-0.10818,-0.14012,-0.12467,-0.21439,-0.18816,-0.24143,-0.13765,-0.20814,-0.20684,-0.68451,-0.51986,-1.40448,-0.92396,-1.12564,1.62393,-0.22045,-0.24832,-0.13736,-0.17659,0.00584,-0.22454,-0.9666,-0.1838,-0.17764,-0.21124,1.97937,-0.24955,-2.35302,-0.19169,0.90678,-0.11703,-0.75649,-0.02018,-0.77343,4.20706,-0.21525,-0.56646,-0.30461,-0.19193,-0.2232,-0.55565,-0.06278,-0.23907,-0.24428,-0.59064,-0.65399,-1.93219,-0.44766,-0.2726,-0.10657,0.13995,1.93721,-1.11594,1.96786,0.05062,2.57032,0.46744,-0.23417,-0.26272,0.05573,-0.202,-1.36951,-0.27646,-0.15406,-1.49348,0
negative119,-0.14425,-0.20744,-0.22883,-0.18011,-0.11946,-0.13001,-0.14945,-0.13489,-0.24827,-0.19886,-0.27295,-0.17397,-0.26697,-0.24643,0.09525,-0.51986,1.74791,-0.92396,1.75218,0.16072,-0.25519,-0.26769,-1.17725,0.36436,-0.79504,-0.22454,0.02259,-0.1838,-0.19234,-0.27867,-0.46404,-0.29244,0.52246,-0.19169,1.14755,-0.13857,1.36847,0.24661,-0.86644,-0.28071,-0.21525,0.27051,-0.30461,-0.21571,-0.2232,-0.23524,-1.55714,-0.23907,-0.24428,0.66317,0.48062,0.78948,1.15077,-0.28176,-0.10657,-1.09468,1.22583,1.74955,-0.2324,-0.81118,0.17575,1.21884,0.13061,-0.31883,-0.84538,-0.202,-1.36951,2.74536,-0.18643,0.56145,0
negative120,-0.14053,-0.20534,-0.22663,-0.17728,-0.11419,-0.1259,-0.1477,-0.13296,-0.24189,-0.19685,-0.26701,-0.16713,-0.25589,-0.23897,-0.19203,0.89868,-1.40448,0.2279,-1.12564,0.6761,-0.24865,-0.26404,-0.1704,0.2476,-0.1826,-0.22454,0.73983,-0.1838,-0.18957,-0.26597,0.0504,-0.28436,0.2414,-0.19169,-0.25904,-0.13451,0.36918,-1.03115,-0.55803,1.96317,2.47062,0.27153,-0.30461,-0.21123,-0.2232,1.01059,0.19751,-0.23907,-0.24428,-0.59064,-0.80602,0.07311,-0.34895,-0.28003,-0.10657,-0.58151,-0.15206,0.86462,-0.61269,-0.07475,0.96554,-0.66737,-0.88686,-0.30826,-0.19721,-0.202,0.73019,-0.34201,-0.18033,1.12968,0
negative121,-0.12453,-0.19626,-0.21715,-0.16513,-0.0915,-0.10818,-0.14012,-0.12467,-0.21439,-0.18816,-0.24143,-0.13765,-0.20814,-0.20684,0.35516,1.57812,-0.00342,-0.92396,-0.35822,-1.07738,-0.22045,-0.24832,1.13148,-0.11983,0.00584,-0.22454,-0.9666,-0.1838,-0.17764,-0.21124,-2.28771,-0.24955,0.38553,-0.19169,-1.01935,-0.11703,-0.75649,1.40267,-0.77343,-0.28071,-0.21525,0.86304,-0.30461,4.59684,-0.2232,0.99487,0.76273,-0.23907,-0.24428,3.1708,0.31072,0.61021,-1.2726,-0.2726,-0.10657,-0.64454,-0.29004,-0.94739,-0.35463,0.58918,-0.24973,0.30026,-1.37254,-0.26272,1.6577,-0.202,0.73019,-0.27646,-0.15406,-0.56563,0
negative122,-0.12453,-0.19626,-0.21715,-0.16513,-0.0915,-0.10818,-0.14012,-0.12467,-0.21439,-0.18816,-0.24143,-0.13765,-0.20814,-0.20684,-0.16467,-0.51986,-0.23693,-0.92396,0.15339,0.72349,-0.22045,-0.24832,1.14433,0.12321,-0.79504,-0.22454,0.60182,-0.1838,-0.17764,-0.21124,-0.90431,3.58977,0.38553,-0.19169,-0.05628,-0.11703,-0.75649,1.04696,1.08685,-0.28071,5.1565,0.6806,3.20408,-0.19193,-0.2232,-0.15707,0.10521,-0.23907,-0.24428,-0.59064,-1.7586,0.04773,-1.04503,3.41445,-0.10657,-1.3147,0.01562,-0.69455,-0.35463,-0.58571,-1.53763,-0.50204,-0.75323,3.50456,-0.74525,-0.202,0.73019,-0.27646,-0.15406,-0.01404,0
negative123,-0.14425,-0.20744,-0.22883,4.99754,-0.11946,-0.13001,-0.14945,-0.13489,-0.24827,-0.19886,-0.27295,-0.17397,-0.26697,-0.24643,0.875,-0.51986,1.04738,1.86432,0.60105,-0.85228,-0.25519,-0.26769,1.26122,-0.03944,0.9402,-0.22454,0.28494,-0.1838,-0.19234,-0.27867,-1.20994,-0.29244,0.52246,-0.19169,-1.01935,-0.13857,-0.75649,0.78018,-0.30836,-0.28071,-0.21525,-0.60723,-0.30461,-0.21571,-0.2232,1.85934,1.68991,2.22314,-0.24428,-0.59064,1.85887,0.33012,-0.4388,-0.28176,-0.10657,0.74865,2.04036,0.9489,-0.2324,1.61513,0.18205,-0.97703,-0.3816,-0.31883,-0.84538,-0.202,-1.36951,-0.35722,-0.18643,0.988,0
negative124,-0.12453,-0.19626,-0.21715,-0.16513,-0.0915,-0.10818,-0.14012,-0.12467,-0.21439,-0.18816,-0.24143,-0.13765,-0.20814,-0.20684,0.35516,-0.51986,-1.40448,1.75961,-1.12564,0.72349,-0.22045,-0.24832,-0.05154,0.20891,-0.79504,-0.22454,0.47097,-0.1838,-0.17764,-0.21124,-0.6627,-0.24955,-0.16218,-0.19169,0.90678,-0.11703,-0.75649,0.33553,-0.02932,1.96317,-0.21525,-0.96856,-0.30461,-0.19193,-0.2232,-0.63603,0.4518,-0.23907,-0.24428,-0.59064,0.74448,-1.52251,0.07373,-0.2726,-0.10657,0.51096,2.68835,-0.44171,0.80661,-0.33571,-0.21818,-1.15495,-0.80109,-0.26272,0.45622,-0.202,-1.36951,-0.27646,-0.15406,-0.32482,0
negative125,-0.12453,-0.19626,-0.21715,-0.16513,-0.0915,-0.10818,-0.14012,-0.12467,-0.21439,-0.18816,3.99133,-0.13765,-0.20814,-0.20684,-0.16467,-0.51986,-0.47044,0.66319,-0.10241,0.72349,-0.22045,-0.24832,0.3115,-2.07476,-0.79504,-0.22454,-0.9666,-0.1838,-0.17764,-0.21124,0.09928,-0.24955,-1.2576,-0.19169,0.90678,-0.11703,-0.75649,1.75839,-0.40137,4.20706,-0.21525,0.69374,-0.30461,-0.19193,-0.2232,0.98017,-0.72777,-0.23907,-0.24428,-0.59064,-0.01212,-0.17357,-1.23121,-0.2726,-0.10657,0.07011,0.81779,-1.0738,0.22599,-2.37227,0.59003,0.12906,-0.49435,-0.26272,-0.74525,-0.202,0.73019,-0.27646,-0.15406,0.26758,0
negative126,-0.14425,-0.20744,-0.22883,-0.18011,-0.11946,-0.13001,-0.14945,-0.13489,-0.24827,-0.19886,-0.27295,-0.17397,-0.26697,-0.24643,-0.68451,-0.51986,1.57278,1.79657,-0.55007,0.16072,-0.25519,-0.26769,0.01975,0.2948,-0.79504,-0.22454,2.59583,-0.1838,-0.19234,-0.27867,-1.23658,-0.29244,2.16559,-0.19169,-1.01935,-0.13857,-0.75649,-0.28696,-0.86644,-0.28071,-0.21525,1.47901,-0.30461,-0.21571,-0.2232,0.05574,0.91817,-0.23907,-0.24428,1.91698,0.04169,-0.33172,-1.33866,-0.28176,-0.10657,-0.48506,-1.71389,1.49671,-0.66023,0.60067,-0.14209,0.62118,-0.93948,-0.31883,1.25721,-0.202,-1.36951,-0.35722,-0.18643,-1.61845,0
negative127,-0.09535,-0.17971,-0.19986,-0.14297,-0.05013,-0.07589,-0.1263,-0.10956,-0.16426,-0.17232,-0.19478,-0.08391,-0.1211,-0.14827,0.35516,2.06517,0.93063,-0.14784,0.15339,-1.37753,-0.16905,-0.21967,0.98214,-0.81364,-0.79504,-0.22454,-0.9666,-0.1838,-0.15588,-0.11148,1.54154,-0.18609,1.29838,-0.19169,-1.01935,-0.08517,-0.75649,1.99553,3.19517,-0.28071,-0.21525,1.26525,-0.30461,-0.15675,-0.2232,-2.11352,1.15835,-0.23907,7.15329,-0.59064,-1.53915,-0.30834,-1.63788,-0.25906,-0.10657,-0.42823,1.90914,-2.38013,-0.49979,1.49232,3.01893,-2.43032,1.52981,-0.17969,3.52667,-0.202,-1.36951,-0.15697,-0.10615,-1.51411,0
negative128,-0.12453,-0.19626,-0.21715,-0.16513,-0.0915,-0.10818,-0.14012,-0.12467,-0.21439,-0.18816,-0.24143,-0.13765,-0.20814,-0.20684,-1.72418,-0.51986,0.46361,-0.92396,0.92081,1.17371,-0.22045,-0.24832,-1.02861,-0.25225,-0.79504,-0.22454,-0.29933,-0.1838,-0.17764,-0.21124,-1.14391,-0.24955,-0.16218,-0.19169,0.90678,-0.11703,-0.75649,1.40267,-0.77343,1.96317,-0.21525,-0.253,3.20408,-0.19193,-0.2232,-0.26973,0.21286,-0.23907,-0.24428,1.29008,-0.4866,0.64796,-0.6527,-0.2726,-0.10657,0.05487,-1.34944,-0.31529,-0.35463,-0.62868,-0.14715,0.1912,-0.85304,-0.26272,-0.34476,5.03431,0.73019,-0.27646,-0.15406,1.17817,0
negative129,-0.15139,-0.2115,-0.23306,-0.18553,-0.12959,-0.13792,-0.15284,-0.13859,-0.26055,-0.20274,-0.28438,-0.18713,-0.28828,-0.26077,0.23702,-0.51986,0.66527,1.36334,-0.07916,-0.11555,3.54094,-0.2747,0.1637,0.5227,0.24611,2.76498,-0.03584,3.68079,4.63735,3.39283,1.23092,-0.30799,-0.85927,-0.19169,0.95056,-0.14637,-0.75649,0.75592,-0.89181,-0.28071,-0.21525,-1.10318,-0.30461,-0.22432,-0.2232,-0.20099,0.23117,-0.23907,-0.24428,-0.59064,-0.50091,0.29692,-0.35536,2.72539,-0.10657,-0.39569,1.14568,2.21309,-1.1288,0.40164,-0.46182,-0.89765,0.34009,-0.33917,-0.59962,-0.202,-1.36951,2.56465,-0.19816,0.34642,0
negative130,-0.14425,-0.20744,3.80987,-0.18011,-0.11946,-0.13001,-0.14945,-0.13489,-0.24827,-0.19886,-0.27295,-0.17397,-0.26697,-0.24643,1.65475,-0.51986,-1.05421,1.05741,-0.74193,-0.51461,-0.25519,-0.26769,0.27055,-0.50203,0.9402,-0.22454,-0.9666,-0.1838,-0.19234,3.60692,0.71756,-0.29244,-1.12067,-0.19169,0.42525,-0.13857,-0.75649,0.51339,-0.30836,-0.28071,-0.21525,-2.1822,-0.30461,-0.21571,-0.2232,-0.9344,0.80182,-0.23907,-0.24428,-0.59064,-1.1806,-0.77766,0.1358,2.88319,-0.10657,0.05312,0.30769,0.9489,-1.51588,0.60798,1.04305,0.41242,0.21987,-0.31883,-0.84538,-0.202,-1.36951,-0.35722,-0.18643,0.16938,0
negative131,7.81828,-0.19626,-0.21715,-0.16513,-0.0915,-0.10818,-0.14012,-0.12467,-0.21439,-0.18816,-0.24143,-0.13765,-0.20814,-0.20684,0.35516,-0.51986,-0.93746,0.52767,-0.61402,-0.62717,-0.22045,3.65197,1.24805,-1.83065,0.00584,-0.22454,0.31912,-0.1838,-0.17764,-0.21124,-0.24021,-0.24955,0.93324,-0.19169,-0.05628,-0.11703,-0.75649,1.04696,2.20302,-0.28071,-0.21525,0.28202,-0.30461,-0.19193,-0.2232,-0.10361,1.9287,-0.23907,-0.24428,-0.59064,0.53477,0.29492,-0.16487,-0.2726,-0.10657,0.7909,0.05435,-0.52599,1.38724,1.1929,1.06212,0.05226,-0.51414,-0.26272,0.05573,-0.202,0.73019,-0.27646,-0.15406,0.46657,0
negative132,-0.12453,-0.19626,-0.21715,-0.16513,-0.0915,-0.10818,-0.14012,-0.12467,-0.21439,-0.18816,-0.24143,-0.13765,-0.20814,-0.20684,-1.20435,-0.51986,-0.47044,-0.92396,-0.86983,-1.5276,-0.22045,-0.24832,-0.35673,-1.1356,0.00584,-0.22454,-0.9666,-0.1838,-0.17764,-0.21124,-1.40262,-0.24955,0.93324,-0.19169,0.90678,-0.11703,-0.75649,0.69125,1.08685,-0.28071,-0.21525,0.55617,-0.30461,-0.19193,-0.2232,0.79039,0.88984,-0.23907,-0.24428,-0.59064,0.19755,-1.46531,0.84183,-0.2726,-0.10657,-0.64955,-0.6499,-0.18887,-0.93526,0.61542,0.07525,0.62642,0.78834,-0.26272,0.05573,-0.202,0.73019,-0.27646,-0.15406,0.70001,0
negative133,-0.14425,-0.20744,-0.22883,-0.18011,-0.11946,-0.13001,-0.14945,-0.13489,-0.24827,-0.19886,-0.27295,-0.17397,-0.26697,-0.24643,-1.46426,2.45035,0.34685,-0.92396,-0.55007,1.17371,-0.25519,-0.26769,-0.45911,2.48179,-0.79504,-0.22454,10.9431,-0.1838,-0.19234,-0.27867,-2.81276,3.00321,4.21951,-0.19169,-1.01935,-0.13857,-0.75649,-0.55375,-0.02932,-0.28071,-0.21525,-0.77983,-0.30461,-0.21571,-0.2232,1.78738,0.6726,-0.23907,-0.24428,-0.59064,0.4935,0.22178,0.92001,-0.28176,-0.10657,-0.73695,-1.16273,2.38165,-1.51588,0.73216,-2.89063,2.01298,0.25374,-0.31883,-1.14575,-0.202,-1.36951,-0.35722,-0.18643,-1.61845,0
negative134,-0.12018,-0.19379,-0.21457,-0.16183,-0.08533,-0.10337,-0.13806,-0.12242,-0.20692,-0.1858,-0.23447,-0.12964,-0.19517,-0.19811,-0.01615,-0.51986,0.59704,-0.92396,1.06699,0.016,-0.21279,-0.24405,-0.18229,0.1909,0.9402,-0.22454,2.15152,-0.1838,-0.17439,-0.19637,-0.94163,-0.24009,1.16798,-0.19169,0.01251,-0.11228,-0.75649,-1.01109,-0.74685,-0.28071,-0.21525,-1.23836,-0.30461,-0.18668,-0.2232,0.44245,0.22972,-0.23907,4.07097,1.49905,0.814,-1.54659,0.79858,-0.27059,-0.10657,0.61792,0.62817,-0.52599,-1.51588,0.3143,-0.7698,-2.23364,-0.01611,-0.25034,0.14155,-0.202,0.73019,3.49218,-0.14692,0.10665,0
negative135,-0.14425,-0.20744,-0.22883,-0.18011,-0.11946,-0.13001,-0.14945,-0.13489,-0.24827,-0.19886,-0.27295,-0.17397,-0.26697,-0.24643,-1.85414,-0.51986,0.87225,-0.92396,-0.74193,0.49838,-0.25519,-0.26769,-0.38909,0.32726,-0.79504,-0.22454,4.6896,-0.1838,-0.19234,-0.27867,0.35568,6.29886,3.39794,-0.19169,-1.01935,-0.13857,-0.75649,-1.88767,-0.86644,-0.28071,-0.21525,-0.39,-0.30461,-0.21571,-0.2232,1.54468,1.49814,-0.23907,-0.24428,0.66317,-0.20387,-0.10881,-0.74692,-0.28176,-0.10657,0.02067,0.8502,2.46593,-1.51588,2.18805,-1.39945,0.62607,0.55934,-0.31883,0.05573,-0.202,-1.36951,-0.35722,-0.18643,-0.85017,0
negative136,-0.11095,-0.18856,-0.2091,-0.15482,-0.07225,-0.09315,-0.13369,-0.11764,-0.19106,-0.18079,-0.21972,-0.11264,-0.16763,-0.17958,-0.29463,-0.51986,-0.8207,-0.92396,-0.48612,0.49838,-0.19653,-0.23498,-0.90151,-0.32439,0.24611,-0.22454,-0.24985,-0.1838,-0.16751,-0.16481,-0.21098,-0.22001,-0.98375,-0.19169,3.79599,-0.1022,-0.75649,0.51339,0.71479,-0.28071,-0.21525,-0.3112,4.25668,-0.17555,-0.2232,-0.26355,-1.25118,-0.23907,-0.24428,-0.59064,-2.11739,-1.36731,0.70111,-0.2663,-0.10657,-0.52723,0.14257,-1.15808,1.44002,-0.81802,-0.5432,0.50588,0.57495,-0.22407,-0.64513,-0.202,0.73019,-0.22085,-0.13176,1.53577,0
negative137,-0.14425,-0.20744,-0.22883,-0.18011,-0.11946,-0.13001,-0.14945,-0.13489,2.68049,-0.19886,-0.27295,-0.17397,-0.26697,-0.24643,2.82439,-0.51986,-1.40448,0.93421,-1.12564,-0.85228,-0.25519,-0.26769,2.62967,-0.95792,2.09702,-0.22454,0.38324,-0.1838,-0.19234,3.60692,0.30404,-0.29244,-1.53146,3.82133,-1.01935,-0.13857,-0.75649,0.24661,-0.5874,1.96317,-0.21525,-0.10634,-0.30461,-0.21571,-0.2232,0.44817,0.83749,-0.23907,-0.24428,-0.59064,0.17289,1.00142,-0.88873,-0.28176,-0.10657,-0.07958,-1.1297,-0.14673,1.05109,0.26182,0.47023,1.53256,-1.14002,-0.31883,0.05573,-0.202,-1.36951,-0.35722,2.61212,-1.18132,0
negative138,-0.12453,-0.19626,-0.21715,5.86665,-0.0915,-0.10818,-0.14012,-0.12467,-0.21439,-0.18816,-0.24143,-0.13765,-0.20814,-0.20684,-0.16467,-0.51986,0.23009,-0.92396,-0.10241,0.27327,-0.22045,-0.24832,0.06718,0.56514,-0.79504,-0.22454,-0.36426,-0.1838,5.74403,-0.21124,2.24491,-0.24955,-0.70989,-0.19169,-0.05628,-0.11703,-0.75649,-1.79874,-0.77343,-0.28071,-0.21525,0.56597,-0.30461,-0.19193,-0.2232,2.56489,0.4939,-0.23907,-0.24428,-0.59064,-0.32489,-0.49344,-0.82509,-0.2726,-0.10657,1.1873,-1.21861,-0.44171,-0.35463,1.39859,-0.2309,2.11022,1.0891,3.50456,1.25721,-0.202,0.73019,-0.27646,-0.15406,1.50371,0
negative139,-0.13671,-0.20317,-0.22436,-0.17438,-0.10878,-0.12167,-0.14589,-0.13098,-0.23533,-0.19477,-0.26091,-0.16009,-0.24449,-0.2313,-0.07803,-0.51986,-0.43152,0.26897,-0.91246,-0.62717,-0.24192,-0.26029,-0.49014,-1.38743,-0.14432,-0.22454,0.68661,-0.1838,-0.18672,-0.25291,0.80547,-0.27606,0.84196,-0.19169,0.58576,-0.13034,-0.75649,-0.07946,1.02484,-0.28071,-0.21525,-0.95068,-0.30461,-0.20662,-0.2232,0.54785,1.20285,4.68535,-0.24428,-0.59064,-0.19404,-0.29369,-0.15746,-0.27826,-0.10657,0.20259,2.39907,1.1596,-1.51588,0.52055,1.09597,-1.59404,0.31322,-0.2974,0.85672,-0.202,-1.36951,-0.32637,-0.17406,0.61518,0
negative140,-0.13671,-0.20317,-0.22436,-0.17438,-0.10878,-0.12167,-0.14589,-0.13098,-0.23533,-0.19477,-0.26091,-0.16009,-0.24449,-0.2313,-0.07803,0.93521,0.73603,-0.92396,-0.91246,0.87356,-0.24192,-0.26029,-0.06264,-0.39912,1.1571,-0.22454,-0.38314,-0.1838,5.1871,3.85489,-1.32131,-0.27606,-0.52732,-0.19169,-0.2168,-0.13034,1.39576,-0.37589,-0.52539,-0.28071,-0.21525,-0.66381,-0.30461,-0.20662,-0.2232,0.58074,-1.57358,-0.23907,-0.24428,0.85606,-0.18767,0.40614,2.56979,-0.27826,-0.10657,0.09096,0.55357,0.44322,0.39676,0.15306,0.68197,-0.33497,-1.0555,-0.2974,-0.14452,-0.202,0.73019,-0.32637,5.74313,-0.95178,0
negative141,-0.12872,-0.19864,-0.21963,5.65893,-0.09745,-0.11283,-0.1421,-0.12685,-0.2216,-0.19043,-0.24813,-0.14537,-0.22066,-0.21526,-0.78198,-0.51986,-0.09098,-0.92396,-0.646,0.49838,-0.22784,-0.25244,-0.51333,1.45872,-0.79504,-0.22454,0.67261,-0.1838,-0.18076,-0.22558,2.2037,3.45046,1.24133,-0.19169,-1.01935,-0.12161,0.27949,2.1808,3.38895,-0.28071,-0.21525,-0.6744,-0.30461,-0.19699,-0.2232,0.06364,0.21974,-0.23907,-0.24428,-0.59064,-0.43405,-0.3985,-0.03974,-0.27455,-0.10657,-0.57311,3.02454,0.44322,-0.43205,1.13979,0.63326,-1.26758,-0.84224,-0.27466,-0.01936,-0.202,0.73019,-0.29364,-0.16094,-0.0915,0
negative142,-0.12453,-0.19626,-0.21715,-0.16513,-0.0915,-0.10818,-0.14012,-0.12467,-0.21439,-0.18816,-0.24143,-0.13765,-0.20814,-0.20684,0.35516,1.06468,-0.47044,0.52767,-0.10241,-0.62717,-0.22045,-0.24832,-0.63487,0.77098,0.80672,-0.22454,-0.33123,5.93513,-0.17764,-0.21124,1.12881,-0.24955,-0.70989,-0.19169,-0.05628,-0.11703,-0.75649,-1.08732,-0.77343,-0.28071,-0.21525,-0.75571,-0.30461,-0.19193,-0.2232,0.29722,0.38916,-0.23907,-0.24428,-0.59064,0.78668,-0.49558,-1.13543,-0.2726,-0.10657,0.60802,1.27627,-0.14673,-1.51588,0.21874,-0.02772,-0.65511,0.42543,-0.26272,0.05573,-0.202,0.73019,-0.27646,-0.15406,-0.92525,0
negative143,-0.12453,-0.19626,-0.21715,-0.16513,-0.0915,-0.10818,-0.14012,-0.12467,-0.21439,-0.18816,-0.24143,-0.13765,-0.20814,-0.20684,0.35516,-0.51986,-0.47044,0.41064,-0.10241,-0.17695,-0.22045,3.65197,0.21353,-1.53263,-0.79504,-0.22454,0.24214,-0.1838,-0.17764,-0.21124,0.83811,-0.24955,0.93324,-0.19169,0.90678,-0.11703,-0.75649,1.75839,2.94713,-0.28071,-0.21525,-0.03207,-0.30461,-0.19193,-0.2232,0.04392,0.93069,-0.23907,-0.24428,-0.59064,0.99766,0.13984,0.02061,-0.2726,-0.10657,0.04373,-0.9649,-0.27315,0.80661,-0.28652,0.96151,-0.43427,-0.26434,-0.26272,-0.74525,-0.202,0.73019,-0.27646,-0.15406,1.66467,0
negative144,-0.10602,-0.18576,-0.20618,-0.15107,-0.06525,-0.08769,-0.13135,-0.11509,-0.18259,-0.17811,-0.21183,-0.10355,-0.15292,-0.16968,0.59145,1.75833,-0.44921,0.16425,-0.42798,-1.03646,-0.18784,-0.23014,0.13057,0.70533,0.36179,-0.22454,-0.9666,-0.1838,-0.16384,-0.14795,-0.131,-0.20929,1.38137,-0.19169,-1.01935,-0.09682,0.32781,1.72605,2.91331,-0.28071,-0.21525,-0.51795,-0.30461,-0.16961,-0.2232,0.57415,0.05795,-0.23907,-0.24428,-0.59064,0.02084,0.47668,0.03369,-0.26401,-0.10657,-0.96657,0.31984,-1.66376,-0.70301,0.20868,-0.0213,-0.77726,-2.22963,-0.21004,1.03876,-0.202,-1.36951,-0.20065,-0.12366,-0.15174,0
negative145,-0.14425,-0.20744,-0.22883,-0.18011,-0.11946,-0.13001,-0.14945,-0.13489,-0.24827,3.50218,-0.27295,-0.17397,-0.26697,-0.24643,0.875,-0.51986,-1.40448,1.49064,-1.12564,0.83604,-0.25519,-0.26769,-0.16061,1.48961,0.9402,-0.22454,-0.9666,-0.1838,-0.19234,-0.27867,0.98365,-0.29244,-2.35302,-0.19169,1.14755,7.3076,0.50129,-0.55375,0.24972,-0.28071,-0.21525,-1.63542,-0.30461,-0.21571,-0.2232,-0.42726,-0.05237,-0.23907,-0.24428,-0.59064,-1.12863,-1.12653,0.0973,2.88319,-0.10657,-0.47054,-1.25222,1.11746,1.90674,-1.64753,0.88896,1.57403,1.35295,-0.31883,-0.84538,-0.202,-1.36951,-0.35722,-0.18643,-0.61641,0
negative146,-0.12453,-0.19626,-0.21715,-0.16513,-0.0915,-0.10818,-0.14012,-0.12467,-0.21439,-0.18816,-0.24143,-0.13765,-0.20814,-0.20684,1.39484,1.34312,-0.93746,0.26486,-0.61402,-1.07738,-0.22045,-0.24832,0.8405,-0.01584,1.6076,-0.22454,-0.21958,-0.1838,-0.17764,-0.21124,-0.40351,-0.24955,0.38553,-0.19169,-0.05628,-0.11703,-0.75649,0.33553,-0.02932,-0.28071,-0.21525,-0.72093,-0.30461,-0.19193,-0.2232,0.1526,0.07714,-0.23907,-0.24428,-0.59064,0.45903,0.87902,1.61596,-0.2726,-0.10657,1.42453,-1.07143,-1.03167,-0.93526,0.54486,0.60931,-0.01926,-0.44219,-0.26272,0.05573,-0.202,-1.36951,-0.27646,-0.15406,0.76093,0
negative147,-0.12453,4.30927,-0.21715,-0.16513,-0.0915,-0.10818,-0.14012,-0.12467,3.19751,-0.18816,-0.24143,-0.13765,-0.20814,-0.20684,2.43451,-0.51986,0.46361,-0.92396,-0.86983,-2.87826,-0.22045,-0.24832,2.60521,2.0365,0.80672,-0.22454,-0.9666,-0.1838,-0.17764,-0.21124,-0.27636,-0.24955,-0.16218,-0.19169,-1.01935,-0.11703,-0.75649,1.04696,-0.40137,-0.28071,-0.21525,1.74174,-0.30461,-0.19193,-0.2232,4.42924,0.5021,-0.23907,-0.24428,-0.59064,0.73474,0.87988,0.18984,-0.2726,-0.10657,1.31407,-0.44724,-1.53734,1.96786,0.61985,-0.18047,0.98743,0.78403,-0.26272,0.85672,-0.202,0.73019,-0.27646,-0.15406,-0.33797,0
negative148,-0.14425,-0.20744,-0.22883,-0.18011,-0.11946,-0.13001,-0.14945,-0.13489,-0.24827,-0.19886,-0.27295,-0.17397,-0.26697,-0.24643,-1.07439,-0.51986,-0.17855,2.41253,0.21734,0.83604,-0.25519,-0.26769,-1.11825,0.232,-0.79504,-0.22454,-0.43864,-0.1838,4.89079,-0.27867,0.3849,-0.29244,0.11168,-0.19169,-0.29705,-0.13857,0.3655,1.04696,-0.30836,-0.28071,-0.21525,-0.36943,-0.30461,-0.21571,-0.2232,-0.25118,0.18143,-0.23907,-0.24428,-0.59064,0.58374,-0.90647,-0.49697,-0.28176,-0.10657,-0.17322,0.34264,1.03318,0.19543,-0.44539,1.04774,0.41077,-0.02854,-0.31883,-0.54501,3.39796,0.73019,-0.35722,-0.18643,-0.27153,0
negative149,-0.12453,-0.19626,-0.21715,-0.16513,-0.0915,-0.10818,-0.14012,-0.12467,-0.21439,-0.18816,-0.24143,-0.13765,-0.20814,-0.20684,0.875,-0.51986,1.16414,-0.92396,1.68823,-0.62717,-0.22045,3.65197,1.27982,-1.62936,-0.79504,-0.22454,-0.9666,-0.1838,-0.17764,-0.21124,1.41533,-0.24955,-0.16218,-0.19169,0.90678,-0.11703,-0.75649,-1.44303,-0.77343,1.96317,-0.21525,1.58641,-0.30461,-0.19193,-0.2232,1.62304,0.45215,-0.23907,-0.24428,-0.59064,-0.36925,-0.37382,-0.16589,3.41445,-0.10657,-0.48952,-0.42284,-1.03167,0.80661,-0.22653,0.75642,0.83196,-0.56915,-0.26272,0.05573,-0.202,0.73019,-0.27646,-0.15406,0.98149,0
negative150,-0.09535,-0.17971,-0.19986,-0.14297,-0.05013,-0.07589,-0.1263,-0.10956,-0.16426,-0.17232,-0.19478,-0.08391,-0.1211,-0.14827,-1.37762,-0.51986,1.709,-0.14784,2.28511,1.62393,-0.16905,-0.21967,-2.31058,-1.96762,-0.79504,-0.22454,1.57571,-0.1838,-0.15588,-0.11148,-0.42688,-0.18609,2.21124,-0.19169,-1.01935,-0.08517,1.20614,-1.5616,-0.52539,-0.28071,-0.21525,0.11284,-0.30461,-0.15675,-0.2232,0.7994,-1.5111,-0.23907,7.15329,-0.59064,-1.80993,1.01263,1.93314,-0.25906,-0.10657,-2.39004,1.56961,-1.74804,-0.49979,-0.84789,-1.44036,0.23826,-0.47899,-0.17969,0.85672,-0.202,-1.36951,-0.15697,-0.10615,1.58184,0
negative151,-0.12453,-0.19626,-0.21715,-0.16513,-0.0915,-0.10818,-0.14012,-0.12467,-0.21439,-0.18816,-0.24143,-0.13765,-0.20814,-0.20684,-0.16467,-0.51986,-1.40448,1.10258,-1.12564,0.27327,-0.22045,-0.24832,-0.1385,-0.60901,0.80672,-0.22454,-0.22202,-0.1838,-0.17764,-0.21124,0.20055,-0.24955,-1.2576,-0.19169,0.90678,-0.11703,-0.75649,-0.37589,-0.77343,-0.28071,-0.21525,-0.67903,-0.30461,-0.19193,-0.2232,-0.70968,0.74006,-0.23907,-0.24428,-0.59064,0.63627,-0.17233,-0.36231,-0.2726,-0.10657,0.5223,-1.18687,-0.56813,1.38724,-0.69707,0.63699,-0.01236,-0.08336,-0.26272,2.05819,-0.202,0.73019,-0.27646,3.10616,-0.56563,0
negative152,-0.12453,-0.19626,-0.21715,-0.16513,-0.0915,-0.10818,-0.14012,-0.12467,-0.21439,-0.18816,-0.24143,-0.13765,-0.20814,-0.20684,0.35516,-0.51986,0.93063,-0.92396,1.43242,-0.17695,-0.22045,-0.24832,-1.34562,-1.89198,-0.79504,-0.22454,-0.9666,-0.1838,-0.17764,-0.21124,0.34487,-0.24955,-1.2576,-0.19169,1.86985,-0.11703,-0.75649,-0.7316,-0.77343,-0.28071,-0.21525,1.59473,-0.30461,-0.19193,-0.2232,1.503,-0.30549,-0.23907,-0.24428,1.29008,1.53292,-1.31872,-0.27756,-0.2726,-0.10657,-0.91569,1.30484,-0.61027,1.96786,-0.91183,1.38165,-0.79901,1.05494,-0.26272,0.05573,-0.202,0.73019,-0.27646,-0.15406,3.02129,0
negative153,-0.12453,-0.19626,-0.21715,-0.16513,-0.0915,-0.10818,-0.14012,-0.12467,-0.21439,-0.18816,-0.24143,-0.13765,-0.20814,-0.20684,-1.20435,-0.51986,-0.93746,-0.92396,-0.61402,-0.17695,-0.22045,-0.24832,-0.60197,-1.40079,-0.79504,-0.22454,-0.9666,-0.1838,-0.17764,-0.21124,0.87142,-0.24955,-0.16218,-0.19169,1.86985,-0.11703,-0.75649,0.33553,0.71479,-0.28071,-0.21525,0.02309,-0.30461,-0.19193,-0.2232,0.55316,-0.25028,-0.23907,-0.24428,1.29008,1.46438,-1.99185,0.64288,-0.2726,-0.10657,0.38402,-0.42944,-0.23101,-0.35463,-0.78053,-0.88283,0.94874,-0.6845,-0.26272,-0.74525,-0.202,0.73019,-0.27646,-0.15406,-0.95005,0
negative154,7.81828,-0.19626,-0.21715,-0.16513,-0.0915,-0.10818,-0.14012,-0.12467,-0.21439,-0.18816,-0.24143,-0.13765,-0.20814,-0.20684,0.35516,-0.51986,-1.40448,-0.92396,-1.12564,0.27327,-0.22045,-0.24832,-0.83424,-0.57625,0.80672,-0.22454,0.26427,-0.1838,-0.17764,-0.21124,-0.82552,-0.24955,-1.2576,-0.19169,-1.01935,-0.11703,0.31818,0.33553,0.71479,-0.28071,-0.21525,-0.43369,-0.30461,-0.19193,-0.2232,-0.00665,-0.17354,-0.23907,-0.24428,-0.59064,-0.35806,-0.37979,-0.52662,-0.2726,-0.10657,-0.37092,-0.66943,-0.61027,0.22599,0.3514,-0.28291,0.9341,1.55155,3.50456,-0.34476,-0.202,-1.36951,3.33793,-0.15406,0.19575,0
negative155,-0.15139,-0.2115,-0.23306,-0.18553,-0.12959,-0.13792,-0.15284,-0.13859,-0.26055,-0.20274,-0.28438,-0.18713,-0.28828,-0.26077,0.23702,-0.51986,0.66527,1.36334,-0.07916,0.19141,3.54094,-0.2747,0.14646,0.81194,0.24611,-0.22454,-0.03356,3.68079,-0.19766,3.39283,1.18542,-0.30799,-0.85927,-0.19169,0.95056,-0.14637,-0.75649,1.72605,-0.89181,-0.28071,-0.21525,-1.26562,-0.30461,-0.22432,-0.2232,-0.01547,0.00794,-0.23907,-0.24428,-0.59064,-0.53708,0.28415,-0.30925,-0.28507,-0.10657,-0.45741,1.41281,2.25523,-1.1288,0.54352,-0.28704,-0.92345,1.01797,-0.33917,-0.59962,-0.202,0.73019,2.56465,-0.19816,1.02925,0
negative156,-0.12453,-0.19626,-0.21715,-0.16513,-0.0915,-0.10818,-0.14012,-0.12467,-0.21439,-0.18816,-0.24143,-0.13765,-0.20814,-0.20684,-0.16467,-0.51986,-0.23693,1.75961,0.15339,-0.17695,-0.22045,-0.24832,0.75224,0.48269,0.00584,-0.22454,-0.9666,-0.1838,-0.17764,-0.21124,-0.79197,-0.24955,0.38553,-0.19169,-1.01935,-0.11703,1.50569,0.33553,-0.02932,-0.28071,5.1565,0.81711,-0.30461,-0.19193,-0.2232,-1.11715,-0.89004,-0.23907,-0.24428,-0.59064,1.83213,0.13514,1.48457,-0.2726,-0.10657,0.64505,-0.266,-0.61027,-0.35463,-0.57619,-0.69709,-1.03121,1.06301,-0.26272,0.05573,-0.202,0.73019,-0.27646,-0.15406,-0.37287,0
negative157,-0.12453,-0.19626,-0.21715,-0.16513,-0.0915,-0.10818,-0.14012,-0.12467,-0.21439,-0.18816,-0.24143,-0.13765,2.42466,-0.20684,0.35516,-0.51986,-0.47044,-0.92396,-0.10241,0.27327,-0.22045,-0.24832,-1.1184,-1.18204,0.00584,-0.22454,0.25077,-0.1838,-0.17764,-0.21124,-0.94052,-0.24955,-0.16218,-0.19169,0.90678,-0.11703,0.29675,1.75839,0.71479,-0.28071,-0.21525,-1.23271,-0.30461,-0.19193,-0.2232,-0.92884,-0.67431,-0.23907,-0.24428,-0.59064,1.82619,0.18766,0.90811,-0.2726,-0.10657,-0.67307,-0.1917,0.10611,-0.35463,-0.70284,-1.02764,-0.39743,0.01134,-0.26272,-0.34476,-0.202,0.73019,-0.27646,3.10616,-0.05508,0
negative158,-0.12453,-0.19626,-0.21715,-0.16513,-0.0915,-0.10818,-0.14012,-0.12467,-0.21439,-0.18816,-0.24143,-0.13765,-0.20814,-0.20684,1.39484,-0.51986,-0.93746,0.66319,-0.61402,-0.62717,-0.22045,-0.24832,0.70774,-1.46805,0.00584,-0.22454,0.2301,-0.1838,-0.17764,-0.21124,-0.37945,-0.24955,-0.16218,-0.19169,-0.05628,-0.11703,0.33353,-0.02018,0.34274,-0.28071,-0.21525,0.17069,-0.30461,-0.19193,-0.2232,1.73809,-0.46512,-0.23907,-0.24428,-0.59064,-0.21672,-0.42338,0.23905,-0.2726,-0.10657,-0.4344,-0.61478,-0.65241,0.80661,-0.00022,0.2924,1.00613,-0.58533,-0.26272,-0.74525,-0.202,0.73019,3.33793,-0.15406,3.31726,0
negative159,-0.12453,-0.19626,-0.21715,-0.16513,-0.0915,-0.10818,-0.14012,-0.12467,-0.21439,-0.18816,-0.24143,-0.13765,-0.20814,-0.20684,-0.68451,-0.51986,-1.17097,1.40235,-0.86983,0.27327,-0.22045,-0.24832,1.12773,-0.39711,-0.79504,-0.22454,-0.9666,-0.1838,-0.17764,-0.21124,-0.53592,-0.24955,0.38553,5.3648,-0.05628,-0.11703,-0.75649,1.40267,0.34274,-0.28071,-0.21525,1.19699,-0.30461,-0.19193,-0.2232,-0.22686,0.44486,-0.23907,-0.24428,-0.59064,0.23517,-0.64166,-1.21251,-0.2726,-0.10657,-0.13584,0.14233,-1.03167,-0.35463,-1.74178,-1.56144,1.09242,-2.49014,-0.26272,1.25721,-0.202,0.73019,-0.27646,-0.15406,-0.56563,0
negative160,-0.14425,-0.20744,-0.22883,-0.18011,-0.11946,-0.13001,-0.14945,-0.13489,-0.24827,-0.19886,-0.27295,-0.17397,-0.26697,-0.24643,5.55353,-0.51986,-1.40448,-0.55643,-1.12564,-2.87826,-0.25519,-0.26769,1.84737,0.14647,9.61638,-0.22454,-0.9666,-0.1838,-0.19234,-0.27867,0.24599,-0.29244,-2.35302,-0.19169,-1.01935,-0.13857,-0.75649,0.24661,-0.5874,-0.28071,-0.21525,-2.32278,-0.30461,-0.21571,-0.2232,0.37437,2.30922,-0.23907,-0.24428,-0.59064,-3.60086,4.00831,0.16046,-0.28176,-0.10657,-3.68201,-1.46314,0.23252,-1.51588,-0.70309,0.09759,0.57814,2.57463,-0.31883,-1.14575,-0.202,-1.36951,-0.35722,16.60487,-1.70381,0
negative161,-0.13278,-0.20094,-0.22203,-0.1714,-0.1032,-0.11732,-0.14403,-0.12895,-0.22857,-0.19264,-0.25462,-0.15285,-0.23276,-0.22341,0.04938,-0.51986,-0.16825,-0.92396,0.22863,-0.49475,-0.23499,3.39196,0.3665,-0.01675,-0.10094,-0.22454,0.22945,-0.1838,-0.18379,-0.23946,2.10327,-0.2675,0.06335,-0.19169,-1.01935,-0.12605,0.36391,0.67032,1.48079,-0.28071,-0.21525,-0.17935,-0.30461,-0.20188,-0.2232,0.43407,1.09007,-0.23907,-0.24428,0.97662,1.85675,-1.48572,0.02876,-0.27644,-0.10657,1.20383,0.51593,0.14824,0.00826,1.77806,-0.00989,-0.6844,0.20125,-0.2862,-0.79237,-0.202,-1.36951,-0.31026,-0.16761,0.51458,0
negative162,-0.12453,-0.19626,-0.21715,-0.16513,-0.0915,-0.10818,-0.14012,-0.12467,-0.21439,-0.18816,-0.24143,-0.13765,-0.20814,-0.20684,-0.16467,-0.51986,1.39765,-0.92396,1.68823,-1.07738,-0.22045,-0.24832,0.40761,-0.32596,1.6076,-0.22454,0.78263,-0.1838,-0.17764,-0.21124,-3.03651,-0.24955,1.48095,-0.19169,0.90678,-0.11703,-0.75649,0.33553,0.34274,-0.28071,-0.21525,-0.99816,-0.30461,-0.19193,-0.2232,0.30234,1.29083,-0.23907,-0.24428,-0.59064,-0.18887,0.24805,0.47873,-0.2726,-0.10657,1.49332,-1.60524,0.3168,-1.51588,1.10269,-2.21113,0.86505,0.54262,-0.26272,-0.74525,-0.202,-1.36951,-0.27646,3.10616,-0.56563,0
negative163,-0.12453,-0.19626,-0.21715,-0.16513,-0.0915,-0.10818,-0.14012,-0.12467,-0.21439,-0.18816,-0.24143,-0.13765,-0.20814,-0.20684,0.35516,-0.51986,0.69712,0.61596,0.92081,-0.62717,-0.22045,-0.24832,0.15539,-2.54516,-0.79504,-0.22454,0.46608,-0.1838,-0.17764,-0.21124,0.58031,3.58977,0.38553,-0.19169,-0.05628,-0.11703,-0.75649,-1.08732,-0.40137,-0.28071,-0.21525,-0.24154,3.20408,-0.19193,-0.2232,0.32917,0.588,-0.23907,-0.24428,1.29008,0.36004,-0.11696,-0.82391,-0.2726,-0.10657,1.05422,-0.93381,-0.39957,0.22599,-0.23935,-0.93825,0.87523,-0.76035,-0.26272,-0.74525,-0.202,-1.36951,-0.27646,-0.15406,-0.24059,0
negative164,-0.12453,-0.19626,-0.21715,-0.16513,-0.0915,-0.10818,-0.14012,-0.12467,-0.21439,-0.18816,-0.24143,-0.13765,-0.20814,-0.20684,-0.68451,1.10121,-0.47044,1.75961,-0.10241,1.62393,-0.22045,-0.24832,-0.5752,0.54949,0.80672,-0.22454,0.98347,-0.1838,-0.17764,-0.21124,-0.56706,-0.24955,0.38553,-0.19169,-0.05628,-0.11703,0.33326,1.04696,-0.02932,-0.28071,-0.21525,-1.42046,-0.30461,-0.19193,-0.2232,-0.09739,-0.84463,-0.23907,-0.24428,-0.59064,-2.44342,0.26967,-0.06514,-0.2726,-0.10657,0.30665,0.13669,-0.06245,-0.35463,0.53421,-0.5568,0.94828,-0.11107,-0.26272,-0.74525,-0.202,0.73019,-0.27646,-0.15406,1.17817,0
negative165,-0.12453,-0.19626,-0.21715,-0.16513,-0.0915,-0.10818,-0.14012,-0.12467,-0.21439,-0.18816,-0.24143,-0.13765,-0.20814,-0.20684,0.35516,2.43371,1.86467,-0.92396,0.665,-0.17695,-0.22045,-0.24832,1.15376,-1.38135,-0.79504,-0.22454,-0.9666,-0.1838,-0.17764,-0.21124,2.02653,-0.24955,0.38553,-0.19169,-1.01935,-0.11703,0.31192,1.04696,0.71479,-0.28071,-0.21525,0.19718,-0.30461,-0.19193,-0.2232,0.81592,0.17552,-0.23907,-0.24428,-0.59064,1.433,-0.32279,-0.1607,-0.2726,-0.10657,-0.1113,1.1977,-0.77883,1.38724,2.17552,-0.06701,-0.34898,0.25258,-0.26272,-0.74525,-0.202,0.73019,-0.27646,-0.15406,-1.19564,0
negative166,-0.13278,-0.20094,-0.22203,-0.1714,-0.1032,-0.11732,-0.14403,-0.12895,-0.22857,-0.19264,-0.25462,-0.15285,-0.23276,-0.22341,-1.32666,-0.51986,-1.40448,1.80478,-1.12564,1.09426,-0.23499,-0.25643,-0.34312,0.21512,-0.79504,-0.22454,0.37429,-0.1838,-0.18379,-0.23946,-0.29478,-0.2675,0.54662,-0.19169,-0.16959,-0.12605,-0.75649,0.67032,0.49594,-0.28071,-0.21525,-0.40551,-0.30461,-0.20188,-0.2232,0.30814,0.93345,-0.23907,-0.24428,-0.59064,0.27457,-0.23914,-0.8459,-0.27644,-0.10657,0.8491,-0.98772,0.40108,0.00826,-0.14349,-1.48264,-0.87059,0.68999,-0.2862,-0.439,-0.202,0.73019,-0.31026,-0.16761,-0.93337,0
negative167,-0.10602,-0.18576,-0.20618,-0.15107,-0.06525,-0.08769,-0.13135,9.61865,-0.18259,-0.17811,-0.21183,8.55137,-0.15292,-0.16968,-0.82628,1.3009,0.18764,-0.92396,0.61849,1.41928,-0.18784,-0.23014,0.44303,-0.51707,-0.79504,-0.22454,-0.9666,-0.1838,-0.16384,-0.14795,0.94805,-0.20929,-0.85927,-0.19169,-1.01935,-0.09682,0.25272,-0.2142,-0.63814,-0.28071,-0.21525,0.48273,-0.30461,-0.16961,-0.2232,-0.75623,0.48543,-0.23907,-0.24428,2.54389,-0.28019,0.00941,-0.32386,-0.26401,-0.10657,-0.93001,-0.00939,-1.87446,0.10986,0.63508,0.7901,-0.28303,-1.80024,-0.21004,3.22326,-0.202,-1.36951,-0.20065,-0.12366,1.16648,0
negative168,6.67382,-0.20744,-0.22883,-0.18011,-0.11946,-0.13001,-0.14945,-0.13489,-0.24827,-0.19886,-0.27295,-0.17397,-0.26697,-0.24643,3.60414,-0.51986,-1.40448,-0.92396,-1.12564,-1.18994,-0.25519,-0.26769,3.51536,-3.25541,-0.79504,-0.22454,-0.4375,-0.1838,-0.19234,-0.27867,0.70526,-0.29244,-1.94224,-0.19169,-1.01935,-0.13857,-0.75649,0.51339,-0.5874,1.21521,-0.21525,3.01438,-0.30461,3.89495,-0.2232,5.13512,0.35469,-0.23907,-0.24428,-0.59064,-1.49228,0.83116,-1.54004,-0.28176,-0.10657,0.89469,-0.33693,-1.0738,1.47892,-0.39742,1.6323,1.68025,-0.95702,-0.31883,-0.84538,-0.202,0.73019,-0.35722,-0.18643,0.39564,0
negative169,-0.12453,-0.19626,-0.21715,-0.16513,-0.0915,-0.10818,-0.14012,-0.12467,-0.21439,-0.18816,-0.24143,-0.13765,-0.20814,3.77947,-0.68451,-0.51986,2.09818,-0.92396,2.71145,-0.62717,-0.22045,-0.24832,-0.08342,-1.83405,0.00584,-0.22454,-0.9666,-0.1838,-0.17764,-0.21124,0.63932,-0.24955,-1.2576,-0.19169,-0.05628,-0.11703,-0.75649,-0.37589,-0.40137,1.96317,-0.21525,0.88639,-0.30461,-0.19193,-0.2232,0.9341,1.00887,-0.23907,-0.24428,-0.59064,-1.99992,0.75926,-1.29321,-0.2726,-0.10657,0.24541,-0.8862,-0.90525,0.80661,-0.03396,1.83878,1.07161,0.83756,-0.26272,0.45622,-0.202,-1.36951,-0.27646,-0.15406,-0.32482,0
negative170,-0.12453,-0.19626,-0.21715,-0.16513,-0.0915,-0.10818,-0.14012,-0.12467,-0.21439,-0.18816,-0.24143,-0.13765,-0.20814,-0.20684,-0.16467,1.09391,-0.70395,-0.92396,-0.35822,0.72349,-0.22045,-0.24832,0.94905,0.69617,-0.79504,-0.22454,-0.31951,-0.1838,-0.17764,-0.21124,0.14511,-0.24955,-0.16218,-0.19169,-0.05628,-0.11703,-0.75649,1.04696,1.08685,-0.28071,-0.21525,0.86551,-0.30461,-0.19193,-0.2232,-0.56938,-0.07659,-0.23907,3.73903,1.29008,-1.92489,-0.23278,-1.58079,-0.2726,-0.10657,-0.18948,0.83639,-0.98953,-0.35463,-0.29341,1.44632,0.4182,-0.70417,-0.26272,0.45622,-0.202,-1.36951,-0.27646,-0.15406,-1.19471,0
negative171,-0.12453,-0.19626,-0.21715,-0.16513,-0.0915,-0.10818,7.38216,-0.12467,-0.21439,-0.18816,-0.24143,-0.13765,-0.20814,-0.20684,0.875,1.41374,-0.70395,0.26486,-0.86983,-0.62717,-0.22045,-0.24832,0.40335,0.65336,0.80672,-0.22454,-0.19126,-0.1838,-0.17764,-0.21124,-0.02388,-0.24955,0.93324,5.3648,-0.05628,-0.11703,-0.75649,-0.02018,-0.40137,4.20706,-0.21525,-0.25182,-0.30461,-0.19193,-0.2232,-0.83561,0.17188,-0.23907,-0.24428,-0.59064,0.0143,-0.29896,0.29108,-0.2726,-0.10657,0.74261,0.652,-0.82097,0.22599,-0.42899,-0.2797,-0.27202,1.29209,3.50456,-0.34476,-0.202,0.73019,-0.27646,-0.15406,-0.04559,0
negative172,-0.12453,4.30927,-0.21715,-0.16513,-0.0915,-0.10818,-0.14012,-0.12467,-0.21439,-0.18816,-0.24143,-0.13765,-0.20814,-0.20684,0.875,-0.51986,1.16414,0.05543,1.68823,-0.17695,-0.22045,-0.24832,-0.58713,0.76565,0.80672,-0.22454,0.2174,-0.1838,-0.17764,-0.21124,-0.10949,-0.24955,-0.16218,-0.19169,-0.05628,-0.11703,0.32586,1.40267,2.57507,-0.28071,-0.21525,-1.08778,-0.30461,-0.19193,-0.2232,0.49946,0.29274,-0.23907,-0.24428,-0.59064,-1.56662,-1.29084,0.33845,-0.2726,-0.10657,-0.48453,0.45861,-0.39957,-0.35463,-0.16106,0.80036,-0.41163,-0.16101,-0.26272,-0.74525,-0.202,0.73019,-0.27646,-0.15406,-0.23416,0
negative173,-0.12453,4.30927,-0.21715,-0.16513,-0.0915,-0.10818,-0.14012,-0.12467,-0.21439,4.12343,-0.24143,-0.13765,-0.20814,-0.20684,0.875,-0.51986,-1.17097,1.40235,-0.86983,-1.5276,-0.22045,-0.24832,1.85638,0.98111,-0.79504,-0.22454,-0.9666,-0.1838,-0.17764,-0.21124,-0.28017,-0.24955,0.38553,-0.19169,-1.01935,-0.11703,-0.75649,-1.08732,-0.40137,-0.28071,-0.21525,-0.05016,-0.30461,-0.19193,-0.2232,1.08715,1.63842,-0.23907,-0.24428,-0.59064,-1.92588,0.46451,0.14645,-0.2726,-0.10657,-0.14719,0.36813,-1.0738,-0.35463,0.5882,0.95252,1.06903,-0.53091,-0.26272,-0.34476,-0.202,-1.36951,-0.27646,-0.15406,0.38179,0
negative174,6.67382,-0.20744,-0.22883,-0.18011,-0.11946,-0.13001,-0.14945,-0.13489,-0.24827,-0.19886,-0.27295,-0.17397,-0.26697,-0.24643,2.04463,-0.51986,-1.40448,-0.92396,-1.12564,-0.17695,-0.25519,-0.26769,2.61715,-0.5022,-0.79504,-0.22454,1.41101,-0.1838,-0.19234,-0.27867,-0.03578,-0.29244,-0.70989,-0.19169,-1.01935,-0.13857,-0.75649,0.24661,-0.5874,-0.28071,-0.21525,1.40732,-0.30461,3.89495,-0.2232,1.3674,0.9189,-0.23907,-0.24428,-0.59064,-0.77385,0.72125,-1.30471,-0.28176,-0.10657,0.40944,-0.59861,0.02183,1.05109,0.18888,0.95598,0.56487,-1.03472,-0.31883,-0.54501,-0.202,-1.36951,-0.35722,-0.18643,-0.02031,0
negative175,-0.12453,-0.19626,-0.21715,-0.16513,-0.0915,-0.10818,7.38216,-0.12467,-0.21439,-0.18816,-0.24143,-0.13765,-0.20814,-0.20684,0.35516,1.26235,-1.17097,0.88083,-0.86983,-0.17695,-0.22045,-0.24832,-0.28126,-0.46257,0.00584,-0.22454,-0.25197,-0.1838,-0.17764,-0.21124,-0.18942,-0.24955,0.93324,5.3648,0.90678,-0.11703,-0.75649,-0.37589,-0.02932,4.20706,-0.21525,-0.06005,-0.30461,-0.19193,-0.2232,-0.99843,-0.01036,-0.23907,3.73903,-0.59064,-0.58784,-0.12636,0.64812,-0.2726,-0.10657,0.95151,2.02551,-0.61027,0.80661,-0.75181,-0.45068,-0.68523,0.74169,3.50456,2.45869,-0.202,-1.36951,-0.27646,-0.15406,0.50164,0
negative176,-0.08325,-0.17284,-0.19269,-0.13378,-0.03297,-0.06249,-0.12057,-0.1033,-0.14346,-0.16575,-0.17543,-0.06161,-0.08499,-0.12397,1.09779,-0.51986,-0.9041,-0.92396,-0.57748,-2.87826,-0.14772,-0.20778,2.19323,1.9452,1.28725,-0.22454,-0.9666,-0.1838,-0.14686,-0.07008,-0.1211,-0.15976,-0.00569,-0.19169,-1.01935,-0.07195,-0.75649,0.13227,0.44904,-0.28071,-0.21525,-0.75406,-0.30461,-0.14215,-0.2232,-0.31186,0.781,-0.23907,-0.24428,-0.59064,-1.94435,-0.05267,-1.31437,-0.25344,-0.10657,-3.41955,1.3378,-3.22293,-1.51588,1.47823,0.10708,-1.74543,-3.25953,-0.14524,1.42885,-0.202,0.73019,-0.10739,-0.08628,-1.70381,0
negative177,-0.12453,-0.19626,-0.21715,-0.16513,-0.0915,-0.10818,-0.14012,-0.12467,-0.21439,-0.18816,-0.24143,-0.13765,-0.20814,-0.20684,-0.16467,-0.51986,0.93063,-0.92396,0.15339,-1.5276,-0.22045,-0.24832,1.11296,1.02947,0.00584,-0.22454,0.15784,-0.1838,-0.17764,-0.21124,-0.87637,-0.24955,1.48095,-0.19169,-1.01935,-0.11703,-0.75649,0.33553,-0.77343,-0.28071,-0.21525,1.43628,-0.30461,-0.19193,-0.2232,0.75072,1.36613,-0.23907,-0.24428,-0.59064,0.45128,0.41431,0.05462,-0.2726,-0.10657,0.68928,-0.68736,-0.86311,-0.93526,0.2054,-1.92164,0.27364,-1.12155,-0.26272,-1.14575,-0.202,0.73019,-0.27646,-0.15406,-1.58999,0
negative178,-0.12453,-0.19626,-0.21715,-0.16513,-0.0915,-0.10818,-0.14012,-0.12467,-0.21439,-0.18816,-0.24143,-0.13765,-0.20814,3.77947,-0.16467,-0.51986,-1.40448,-0.92396,-1.12564,-0.17695,-0.22045,-0.24832,3.0339,-0.14807,-0.79504,-0.22454,-0.9666,-0.1838,-0.17764,-0.21124,-0.93369,-0.24955,-1.80531,-0.19169,-1.01935,-0.11703,-0.75649,0.69125,-0.77343,-0.28071,-0.21525,1.80309,-0.30461,-0.19193,-0.2232,3.0319,1.04075,-0.23907,-0.24428,-0.59064,1.60989,-0.43705,-1.83493,-0.2726,-0.10657,-0.14766,-1.59454,-1.79018,1.38724,-1.14541,-0.92421,0.26074,-1.45937,-0.26272,-0.34476,-0.202,0.73019,-0.27646,-0.15406,-1.70381,0
negative179,-0.14425,-0.20744,-0.22883,-0.18011,-0.11946,-0.13001,-0.14945,-0.13489,-0.24827,-0.19886,-0.27295,-0.17397,-0.26697,-0.24643,0.875,-0.51986,-0.00342,-0.92396,-0.93378,-0.85228,-0.25519,-0.26769,0.83057,1.01104,1.51861,-0.22454,0.41628,-0.1838,-0.19234,3.60692,-0.15741,-0.29244,0.11168,-0.19169,-1.01935,-0.13857,0.44237,1.31375,-0.5874,-0.28071,-0.21525,-0.58999,-0.30461,-0.21571,-0.2232,1.29127,0.32467,-0.23907,-0.24428,0.66317,0.50017,-1.98489,-0.26374,-0.28176,-0.10657,-0.00435,-0.07162,0.99104,0.62326,1.4076,-0.34804,0.04599,0.59552,-0.31883,-0.24464,-0.202,0.73019,2.74536,-0.18643,-0.7695,0
negative180,-0.13671,-0.20317,-0.22436,-0.17438,-0.10878,-0.12167,-0.14589,-0.13098,-0.23533,-0.19477,-0.26091,-0.16009,-0.24449,-0.2313,0.78836,-0.51986,1.31981,1.00402,1.85876,-1.00235,-0.24192,-0.26029,2.08273,0.05183,2.45853,3.61913,-0.9666,-0.1838,-0.18672,-0.25291,-0.80543,-0.27606,-0.52732,-0.19169,-1.01935,-0.13034,-0.75649,-0.67232,-0.83544,1.96317,-0.21525,-0.0148,-0.30461,-0.20662,3.37545,0.78529,1.68663,-0.23907,-0.24428,-0.59064,0.71508,0.61553,-1.15025,-0.27826,-0.10657,-0.32907,-0.37286,-0.18887,0.87492,-0.19463,-1.22618,0.15791,-1.04154,-0.2974,0.85672,-0.202,-1.36951,-0.32637,2.78453,-0.48078,0
negative181,-0.12453,-0.19626,-0.21715,-0.16513,-0.0915,-0.10818,-0.14012,-0.12467,-0.21439,-0.18816,-0.24143,-0.13765,-0.20814,-0.20684,1.39484,-0.51986,1.86467,-0.02875,2.45565,-1.5276,-0.22045,-0.24832,0.45529,1.3342,0.00584,-0.22454,-0.32927,-0.1838,-0.17764,-0.21124,-0.25459,-0.24955,0.38553,-0.19169,-1.01935,-0.11703,0.33281,2.1141,-0.02932,1.96317,-0.21525,0.25401,-0.30461,-0.19193,-0.2232,-0.57253,0.86157,-0.23907,-0.24428,-0.59064,1.04701,-1.06861,-0.03151,-0.2726,-0.10657,-0.7495,-0.34897,-0.82097,-0.93526,0.46485,0.41065,-0.7507,0.06517,-0.26272,-0.74525,-0.202,-1.36951,-0.27646,-0.15406,0.53797,0
negative182,-0.13671,-0.20317,-0.22436,-0.17438,-0.10878,-0.12167,-0.14589,-0.13098,-0.23533,-0.19477,-0.26091,-0.16009,-0.24449,-0.2313,0.35516,-0.51986,0.54144,-0.14168,-0.27295,-0.25198,3.99123,-0.26029,-0.95939,-0.50287,-0.14432,-0.22454,0.13635,-0.1838,-0.18672,-0.25291,1.01469,3.20807,0.38553,-0.19169,1.38832,-0.13034,-0.75649,0.21696,1.33489,-0.28071,-0.21525,-1.1769,-0.30461,-0.20662,-0.2232,0.47638,0.16962,4.68535,-0.24428,-0.59064,-0.46123,0.8174,1.09433,3.06769,-0.10657,-0.81961,-0.43051,0.86462,-0.55956,-0.46171,0.5536,0.78604,1.16645,-0.2974,-0.812,-0.202,0.73019,-0.32637,-0.17406,1.60201,0
negative183,-0.12453,-0.19626,-0.21715,-0.16513,-0.0915,-0.10818,-0.14012,-0.12467,-0.21439,-0.18816,-0.24143,-0.13765,-0.20814,-0.20684,-0.68451,-0.51986,0.93063,-0.92396,-0.86983,-0.17695,-0.22045,-0.24832,0.72877,-0.4458,-0.79504,-0.22454,-0.08759,-0.1838,-0.17764,-0.21124,-1.14905,-0.24955,0.93324,-0.19169,-0.05628,-0.11703,-0.75649,-0.02018,0.34274,-0.28071,-0.21525,0.52842,-0.30461,-0.19193,-0.2232,0.75449,0.4271,-0.23907,-0.24428,-0.59064,0.10112,-0.88491,0.1214,-0.2726,-0.10657,1.06601,-0.76456,-0.73669,0.80661,-0.61233,-1.43893,-0.42984,-0.29597,-0.26272,0.05573,-0.202,0.73019,-0.27646,-0.15406,-0.50975,0
negative184,-0.12872,-0.19864,-0.21963,-0.16832,-0.09745,-0.11283,-0.1421,-0.12685,-0.2216,-0.19043,-0.24813,-0.14537,-0.22066,-0.21526,-0.78198,1.21283,-1.18556,0.67961,-0.88582,0.49838,-0.22784,-0.25244,-0.77483,0.82824,-0.05136,-0.22454,0.42296,-0.1838,-0.18076,-0.22558,-0.78443,-0.25868,0.72785,-0.19169,-0.11648,-0.12161,0.32215,-0.82053,-0.44788,-0.28071,-0.21525,1.20872,2.95346,-0.19699,-0.2232,0.83657,-0.4847,-0.23907,-0.24428,1.1191,1.29386,0.41072,-0.44913,-0.27455,-0.10657,0.82392,-0.21931,-0.02031,-0.97397,-0.80127,0.03576,0.63617,0.92289,-0.27466,2.98433,-0.202,0.73019,-0.29364,-0.16094,0.30158,0
negative185,-0.12453,-0.19626,-0.21715,-0.16513,-0.0915,-0.10818,-0.14012,-0.12467,-0.21439,-0.18816,-0.24143,-0.13765,-0.20814,3.77947,-0.68451,-0.51986,-1.40448,-0.92396,-1.12564,0.72349,-0.22045,-0.24832,2.80742,-0.85569,-0.79504,-0.22454,-0.9666,-0.1838,-0.17764,-0.21124,-0.58338,-0.24955,-1.80531,-0.19169,-1.01935,-0.11703,-0.75649,0.33553,-0.77343,-0.28071,-0.21525,2.11739,-0.30461,-0.19193,-0.2232,1.97758,0.55849,-0.23907,-0.24428,-0.59064,-0.27663,0.24382,-2.15853,-0.2726,-0.10657,0.82808,-1.02969,-1.95874,0.80661,-2.02681,-0.50689,0.28194,-2.57193,-0.26272,2.05819,-0.202,0.73019,-0.27646,-0.15406,-1.70381,0
negative186,-0.12453,-0.19626,-0.21715,-0.16513,-0.0915,-0.10818,-0.14012,-0.12467,-0.21439,-0.18816,-0.24143,-0.13765,-0.20814,3.77947,-0.16467,-0.51986,-1.40448,-0.92396,-1.12564,-0.17695,-0.22045,-0.24832,1.85968,-1.11537,-0.79504,-0.22454,-0.9666,-0.1838,-0.17764,-0.21124,-0.55049,-0.24955,-1.80531,-0.19169,-0.05628,-0.11703,-0.75649,-0.02018,-0.77343,-0.28071,-0.21525,2.43542,-0.30461,-0.19193,-0.2232,2.39918,0.31239,-0.23907,-0.24428,1.29008,-1.30217,0.12062,-1.53958,-0.2726,-0.10657,-0.10228,-0.45716,-1.4952,0.80661,-1.60598,0.33215,0.6797,0.10099,-0.26272,4.46115,-0.202,0.73019,-0.27646,-0.15406,-0.56563,0
negative187,-0.12453,-0.19626,-0.21715,-0.16513,-0.0915,-0.10818,-0.14012,-0.12467,-0.21439,-0.18816,-0.24143,-0.13765,-0.20814,-0.20684,1.39484,3.16916,1.39765,0.08828,0.665,-0.62717,-0.22045,-0.24832,1.02492,0.78448,0.80672,-0.22454,-0.9666,-0.1838,-0.17764,4.31533,-0.2023,-0.24955,-0.16218,-0.19169,-1.01935,-0.11703,-0.75649,-0.7316,-0.77343,-0.28071,-0.21525,-0.40332,-0.30461,-0.19193,-0.2232,-1.02962,0.15971,-0.23907,-0.24428,-0.59064,1.46617,1.02377,-0.61641,-0.2726,-0.10657,0.86731,-0.68646,-1.03167,-0.93526,0.58648,0.17173,-0.93653,-0.80045,-0.26272,0.85672,-0.202,-1.36951,-0.27646,-0.15406,-0.72767,0
negative188,-0.12453,-0.19626,-0.21715,-0.16513,-0.0915,8.68434,-0.14012,-0.12467,-0.21439,-0.18816,-0.24143,-0.13765,-0.20814,-0.20684,-0.68451,1.15114,1.63116,-0.92396,-0.61402,-0.62717,-0.22045,-0.24832,0.03803,-0.51062,-0.79504,-0.22454,-0.9666,-0.1838,-0.17764,-0.21124,0.31253,-0.24955,-0.16218,-0.19169,-0.05628,-0.11703,-0.75649,0.69125,0.34274,4.20706,-0.21525,2.94635,-0.30461,-0.19193,-0.2232,1.86063,0.85225,-0.23907,-0.24428,3.1708,-0.05947,-0.20029,-1.69052,-0.2726,-0.10657,-0.34071,-1.15233,-0.73669,0.22599,0.43411,-0.01041,0.37343,1.52376,-0.26272,-0.74525,-0.202,0.73019,-0.27646,-0.15406,1.13634,0
negative189,-0.10083,-0.18282,-0.20311,-0.14714,-0.0579,-0.08196,-0.1289,-0.1124,-0.17368,-0.1753,-0.20355,-0.09401,-0.13745,-0.15927,-0.68451,-0.51986,0.34685,-0.92396,0.79291,-0.17695,-0.1787,-0.22505,0.40636,2.19664,-0.79504,-0.22454,1.16249,-0.1838,-0.15997,-0.13022,-0.67129,-0.19801,1.75481,-0.19169,-1.01935,-0.09116,-0.75649,-0.02018,0.52877,-0.28071,-0.21525,1.6337,-0.30461,-0.16336,-0.2232,0.32623,1.09219,-0.23907,-0.24428,-0.59064,-0.35517,0.38419,-1.23213,-0.2616,-0.10657,-0.39938,-0.68569,-2.08516,-1.51588,-0.13366,-1.82786,0.56278,0.14134,-0.19529,-0.54501,-0.202,0.73019,-0.17942,-0.11515,0.00347,0
negative190,-0.14425,-0.20744,-0.22883,-0.18011,-0.11946,-0.13001,-0.14945,-0.13489,-0.24827,3.50218,3.36042,-0.17397,-0.26697,-0.24643,0.48512,-0.51986,0.87225,0.50098,0.02549,-0.17695,-0.25519,-0.26769,0.8698,-0.69196,0.36179,-0.22454,0.21789,4.13545,-0.19234,-0.27867,-0.17233,-0.29244,0.11168,-0.19169,-1.01935,-0.13857,0.3797,0.51339,0.24972,-0.28071,-0.21525,-0.47122,-0.30461,-0.21571,-0.2232,0.15373,0.48423,-0.23907,2.63255,0.66317,-0.21727,-0.05715,-0.67596,-0.28176,-0.10657,0.68346,0.42347,0.99104,0.19543,-0.87901,0.49519,-0.72981,0.19681,-0.31883,-0.24464,-0.202,-1.36951,-0.35722,-0.18643,-1.03566,0
negative191,-0.12453,-0.19626,-0.21715,-0.16513,-0.0915,-0.10818,-0.14012,-0.12467,-0.21439,-0.18816,-0.24143,-0.13765,-0.20814,-0.20684,-1.20435,-0.51986,1.39765,-0.92396,1.94403,0.27327,-0.22045,-0.24832,0.28519,0.27641,0.00584,-0.22454,-0.20363,-0.1838,-0.17764,-0.21124,-0.74814,-0.24955,0.38553,-0.19169,-1.01935,-0.11703,0.35165,-0.37589,-0.77343,-0.28071,-0.21525,1.02724,-0.30461,-0.19193,-0.2232,-0.8922,0.13556,-0.23907,-0.24428,-0.59064,-0.54232,0.7491,-0.60587,-0.2726,-0.10657,0.02613,0.8114,-0.56813,-0.35463,-0.90388,-0.81501,-0.93183,-0.72335,-0.26272,1.6577,-0.202,0.73019,-0.27646,-0.15406,-0.56563,0
negative192,-0.12453,-0.19626,-0.21715,-0.16513,-0.0915,-0.10818,-0.14012,-0.12467,-0.21439,-0.18816,-0.24143,-0.13765,-0.20814,-0.20684,0.35516,1.30253,0.46361,-0.92396,-0.35822,-0.17695,-0.22045,-0.24832,0.76747,0.8709,-0.79504,-0.22454,-0.23586,-0.1838,-0.17764,-0.21124,-0.21566,-0.24955,0.38553,-0.19169,-0.05628,-0.11703,-0.75649,1.04696,1.08685,-0.28071,-0.21525,0.59844,-0.30461,-0.19193,-0.2232,-0.69128,-0.16696,-0.23907,-0.24428,1.29008,-1.88705,-0.32507,-1.26553,-0.2726,-0.10657,-0.34875,0.06199,-0.82097,0.22599,0.13558,0.58196,0.17191,-0.242,-0.26272,0.45622,-0.202,-1.36951,-0.27646,-0.15406,-1.241,0
negative193,-0.10602,-0.18576,-0.20618,-0.15107,-0.06525,-0.08769,-0.13135,-0.11509,-0.18259,-0.17811,-0.21183,-0.10355,-0.15292,-0.16968,-1.53515,-0.51986,-1.08606,-0.92396,-0.77681,0.80535,-0.18784,-0.23014,-0.69134,1.04811,-0.79504,-0.22454,2.07519,-0.1838,-0.16384,-0.14795,-0.83085,-0.20929,2.12825,-0.19169,0.29392,-0.09682,-0.75649,-1.18433,-0.13079,-0.28071,-0.21525,0.64946,-0.30461,-0.16961,-0.2232,0.27954,-0.35017,-0.23907,-0.24428,2.54389,0.48718,-1.91921,0.67642,-0.26401,-0.10657,1.50858,-0.54855,-1.4952,-0.70301,-1.14077,-1.63852,1.50328,0.52362,4.24746,4.31552,-0.202,0.73019,-0.20065,-0.12366,-0.11741,0
negative194,7.54476,-0.19864,-0.21963,-0.16832,-0.09745,-0.11283,-0.1421,-0.12685,-0.2216,-0.19043,-0.24813,-0.14537,2.32287,-0.21526,0.68006,-0.51986,-1.40448,1.60356,-1.12564,0.0763,-0.22784,-0.25244,-0.3439,1.79289,-0.79504,-0.22454,0.33637,-0.1838,-0.18076,-0.22558,-1.57902,-0.25868,0.21437,-0.19169,-0.11648,-0.12161,1.44357,1.18035,1.99374,4.20706,-0.21525,-0.38307,-0.30461,-0.19699,3.92909,-0.05968,-0.44223,-0.23907,-0.24428,-0.59064,-0.05648,-1.302,1.23731,-0.27455,-0.10657,0.21052,-0.93766,0.02183,0.65178,-0.04203,-1.64809,0.11681,-0.29624,-0.27466,-0.39482,-0.202,-1.36951,-0.29364,-0.16094,-0.85468,0
negative195,-0.13671,-0.20317,-0.22436,-0.17438,-0.10878,-0.12167,-0.14589,-0.13098,-0.23533,-0.19477,-0.26091,-0.16009,-0.24449,-0.2313,-0.94443,-0.51986,-1.40448,-0.92396,-1.12564,0.87356,-0.24192,-0.26029,0.71476,0.29249,0.50639,-0.22454,0.58571,-0.1838,-0.18672,-0.25291,-1.05384,-0.27606,-0.52732,-0.19169,-1.01935,-0.13034,0.41486,-0.07946,-0.52539,-0.28071,-0.21525,0.5126,2.5462,-0.20662,-0.2232,0.65708,0.68069,-0.23907,-0.24428,-0.59064,-0.94428,0.58833,-0.55791,-0.27826,-0.10657,1.2096,-0.85245,0.10611,1.35308,-0.36891,-1.81938,1.03145,-2.48884,-0.2974,-0.812,-0.202,0.73019,-0.32637,2.78453,0.07876,0
negative196,-0.14425,-0.20744,-0.22883,-0.18011,-0.11946,-0.13001,-0.14945,-0.13489,-0.24827,-0.19886,-0.27295,-0.17397,-0.26697,-0.24643,-0.68451,-0.51986,0.17172,2.78212,0.60105,0.83604,-0.25519,-0.26769,-0.38164,-0.43402,-0.79504,-0.22454,1.65188,-0.1838,-0.19234,-0.27867,-1.08151,-0.29244,1.34403,-0.19169,-0.29705,-0.13857,0.42273,0.51339,-0.5874,-0.28071,-0.21525,0.12205,-0.30461,-0.21571,-0.2232,-1.00316,0.45936,-0.23907,-0.24428,0.66317,0.45863,-0.32559,0.0436,-0.28176,-0.10657,-1.12439,0.29899,1.70741,-0.2324,-0.15081,-1.40509,0.26868,-0.04412,-0.31883,3.3598,-0.202,-1.36951,-0.35722,-0.18643,-0.169,0
negative197,-0.14425,-0.20744,-0.22883,-0.18011,-0.11946,-0.13001,-0.14945,-0.13489,-0.24827,-0.19886,-0.27295,-0.17397,-0.26697,-0.24643,-1.07439,0.84632,1.04738,-0.92396,1.56032,1.51137,-0.25519,-0.26769,-0.75032,0.12572,-0.79504,-0.22454,0.12903,-0.1838,-0.19234,-0.27867,0.05287,3.00321,0.11168,-0.19169,0.42525,-0.13857,0.3364,0.24661,0.52877,-0.28071,-0.21525,-0.40682,2.22944,-0.21571,-0.2232,-0.26637,-0.48135,-0.23907,-0.24428,-0.59064,-1.87518,-0.42615,-0.3706,2.88319,-0.10657,0.71487,0.74696,1.41243,-0.2324,-0.88227,-0.73764,0.10388,-0.67278,-0.31883,-0.84538,-0.202,-1.36951,-0.35722,-0.18643,0.32536,0
negative198,-0.12453,-0.19626,-0.21715,-0.16513,-0.0915,-0.10818,-0.14012,-0.12467,3.19751,-0.18816,-0.24143,-0.13765,-0.20814,-0.20684,0.875,-0.51986,-1.40448,-0.92396,-1.12564,-0.17695,-0.22045,-0.24832,1.39382,2.08558,-0.79504,-0.22454,0.74227,-0.1838,-0.17764,-0.21124,0.66646,-0.24955,-0.70989,-0.19169,-1.01935,-0.11703,-0.75649,-0.02018,-0.02932,-0.28071,-0.21525,1.9545,3.20408,-0.19193,-0.2232,0.31054,0.27388,-0.23907,-0.24428,3.1708,-1.38567,-0.15842,-1.59331,-0.2726,-0.10657,-0.5331,-0.57488,-1.36878,0.80661,-1.13312,0.10863,0.20635,-1.27062,-0.26272,2.05819,-0.202,0.73019,-0.27646,-0.15406,-0.56563,0
negative199,-0.12453,-0.19626,-0.21715,-0.16513,-0.0915,-0.10818,-0.14012,-0.12467,-0.21439,-0.18816,-0.24143,-0.13765,-0.20814,-0.20684,-0.16467,-0.51986,-0.23693,-0.92396,0.15339,-0.17695,-0.22045,-0.24832,-0.21448,-1.48478,-0.79504,-0.22454,-0.9666,-0.1838,-0.17764,-0.21124,0.41857,-0.24955,-1.2576,-0.19169,0.90678,-0.11703,-0.75649,0.69125,-0.77343,-0.28071,-0.21525,0.73518,-0.30461,-0.19193,-0.2232,0.68802,0.62653,-0.23907,-0.24428,1.29008,-0.84877,-1.99538,-0.42959,-0.2726,-0.10657,-0.03687,0.8678,-0.65241,1.38724,-0.01176,1.01109,-1.61551,-0.35658,-0.26272,-0.34476,-0.202,0.73019,-0.27646,-0.15406,0.53797,0
negative200,-0.13671,-0.20317,-0.22436,-0.17438,-0.10878,-0.12167,-0.14589,-0.13098,-0.23533,-0.19477,-0.26091,6.47793,-0.24449,-0.2313,-0.07803,-0.51986,-0.04233,2.00805,-0.48612,0.1232,-0.24192,-0.26029,0.59897,-0.08563,0.50639,-0.22454,-0.41065,-0.1838,-0.18672,-0.25291,1.5712,-0.27606,-0.52732,-0.19169,-0.2168,-0.13034,-0.75649,0.51339,-0.83544,-0.28071,5.1565,-0.51754,-0.30461,-0.20662,-0.2232,-0.71699,0.57729,-0.23907,-0.24428,-0.59064,-0.75848,0.14889,-1.08398,-0.27826,-0.10657,1.78789,0.47915,0.19038,0.39676,0.90242,-0.60111,0.18793,0.27127,-0.2974,0.18923,-0.202,-1.36951,-0.32637,-0.17406,-1.20317,0
negative201,-0.12453,-0.19626,4.48779,-0.16513,-0.0915,-0.10818,-0.14012,-0.12467,-0.21439,-0.18816,3.99133,-0.13765,-0.20814,-0.20684,-1.72418,1.28751,-0.00342,-0.92396,0.4092,1.17371,-0.22045,-0.24832,-0.93307,0.23817,-0.79504,-0.22454,-0.24188,-0.1838,-0.17764,-0.21124,-1.92567,-0.24955,0.38553,-0.19169,0.90678,-0.11703,-0.75649,-0.37589,-0.77343,-0.28071,-0.21525,-0.58287,-0.30461,-0.19193,-0.2232,-0.01983,0.34485,-0.23907,-0.24428,-0.59064,1.07293,1.4677,-0.59757,-0.2726,-0.10657,0.21925,1.44355,-0.23101,-0.35463,0.16055,-1.02967,-1.1325,-0.68429,-0.26272,0.45622,-0.202,0.73019,-0.27646,-0.15406,-0.92525,0
negative202,-0.09535,-0.17971,-0.19986,-0.14297,-0.05013,-0.07589,-0.1263,-0.10956,-0.16426,-0.17232,-0.19478,-0.08391,-0.1211,-0.14827,-0.51123,-0.51986,0.54144,-0.92396,1.00608,0.1232,6.00178,-0.21967,-1.46848,-0.38644,-0.79504,-0.22454,1.00609,-0.1838,-0.15588,-0.11148,0.78196,-0.18609,1.29838,-0.19169,-1.01935,-0.08517,0.33503,1.40267,2.57507,-0.28071,-0.21525,2.059,-0.30461,-0.15675,-0.2232,-0.15469,-1.69877,-0.23907,-0.24428,-0.59064,-1.20983,-0.80998,1.54584,-0.25906,-0.10657,-1.14429,-1.1657,-2.42227,0.5163,-1.57489,1.46449,1.31437,-0.80905,-0.17969,3.52667,-0.202,0.73019,-0.15697,-0.10615,1.02504,0
negative203,-0.12453,-0.19626,-0.21715,-0.16513,-0.0915,-0.10818,-0.14012,-0.12467,-0.21439,-0.18816,-0.24143,-0.13765,-0.20814,-0.20684,-2.24402,-0.51986,-1.40448,-0.92396,-1.12564,2.07414,-0.22045,-0.24832,0.60908,-0.26856,-0.79504,-0.22454,-0.9666,-0.1838,-0.17764,-0.21124,-0.94409,-0.24955,-1.2576,-0.19169,-0.05628,-0.11703,-0.75649,1.04696,-0.40137,1.21521,-0.21525,0.55191,-0.30461,-0.19193,-0.2232,-0.01965,0.23585,-0.23907,-0.24428,1.29008,0.66422,0.7919,-1.60116,-0.2726,-0.10657,-0.28497,-0.53507,-1.11594,0.22599,-1.84362,-1.09099,-0.5976,-2.74154,-0.26272,-0.74525,-0.202,0.73019,-0.27646,-0.15406,-0.92525,0
negative204,-0.12453,-0.19626,-0.21715,-0.16513,-0.0915,-0.10818,-0.14012,-0.12467,-0.21439,-0.18816,-0.24143,-0.13765,-0.20814,-0.20684,-0.68451,-0.51986,0.69712,-0.92396,1.17662,0.72349,-0.22045,-0.24832,-0.84674,0.90224,0.00584,-0.22454,0.85864,-0.1838,-0.17764,-0.21124,-0.27473,-0.24955,0.93324,-0.19169,0.90678,-0.11703,0.28519,-1.44303,-0.77343,-0.28071,-0.21525,-1.09774,-0.30461,-0.19193,-0.2232,0.42022,-0.55158,-0.23907,-0.24428,1.29008,0.00643,-1.98469,1.97694,-0.2726,-0.10657,0.28404,0.61269,0.10611,-0.93526,-0.23088,0.59934,-0.98894,-1.46754,-0.26272,1.25721,-0.202,0.73019,-0.27646,-0.15406,-1.241,0
negative205,-0.13671,-0.20317,-0.22436,-0.17438,-0.10878,-0.12167,-0.14589,-0.13098,-0.23533,-0.19477,-0.26091,-0.16009,-0.24449,-0.2313,-0.94443,-0.51986,-0.04233,-0.92396,0.36656,0.49838,-0.24192,-0.26029,-0.74442,-0.83464,-0.79504,-0.22454,-0.41195,-0.1838,-0.18672,-0.25291,-0.58186,-0.27606,0.38553,-0.19169,-0.2168,-0.13034,1.27919,0.51339,-0.83544,-0.28071,-0.21525,2.28941,-0.30461,-0.20662,-0.2232,1.18178,-1.21572,-0.23907,-0.24428,-0.59064,1.33594,-1.07657,0.96174,-0.27826,-0.10657,1.73848,-1.13645,0.14824,-0.55956,-1.69499,-0.23795,-0.40262,1.554,3.12135,1.5242,-0.202,0.73019,-0.32637,-0.17406,0.10646,0
negative206,-0.12453,-0.19626,-0.21715,-0.16513,-0.0915,-0.10818,-0.14012,-0.12467,-0.21439,-0.18816,-0.24143,-0.13765,-0.20814,-0.20684,-0.16467,0.85444,1.86467,-0.92396,2.45565,1.17371,-0.22045,-0.24832,-1.06112,-1.42263,-0.79504,-0.22454,-0.41553,-0.1838,-0.17764,-0.21124,0.03187,-0.24955,-0.70989,-0.19169,1.86985,-0.11703,0.28115,-0.7316,-0.40137,-0.28071,-0.21525,-0.4928,-0.30461,-0.19193,-0.2232,0.08386,-1.43673,-0.23907,-0.24428,-0.59064,-0.86311,-0.97432,0.70656,-0.2726,-0.10657,0.45018,-0.13561,-0.35743,1.38724,-0.45389,0.36645,0.84164,-0.26173,-0.26272,-0.74525,-0.202,0.73019,-0.27646,-0.15406,3.71255,0
negative207,-0.13671,-0.20317,-0.22436,-0.17438,-0.10878,-0.12167,-0.14589,-0.13098,-0.23533,-0.19477,3.58025,-0.16009,-0.24449,3.38621,-0.51123,-0.51986,1.12522,-0.92396,1.21925,-0.25198,-0.24192,-0.26029,0.1418,-0.74053,-0.14432,-0.22454,-0.3449,4.71135,-0.18672,-0.25291,-0.64888,-0.27606,-0.07089,-0.19169,-0.2168,-0.13034,-0.75649,0.21696,0.0947,4.20706,-0.21525,0.42999,-0.30461,-0.20662,3.37545,-0.33598,0.4974,-0.23907,-0.24428,0.85606,-0.0477,-0.35672,-1.23223,-0.27826,-0.10657,-0.17284,0.30171,0.3168,0.39676,-0.55251,-0.97897,0.07252,-0.05825,-0.2974,-0.812,-0.202,0.73019,-0.32637,-0.17406,-1.05501,0
negative208,-0.12453,-0.19626,-0.21715,-0.16513,-0.0915,-0.10818,-0.14012,-0.12467,-0.21439,-0.18816,-0.24143,-0.13765,-0.20814,-0.20684,-1.20435,1.08376,-1.40448,-0.92396,-1.12564,1.17371,-0.22045,-0.24832,-0.10406,0.39374,-0.79504,-0.22454,0.31945,-0.1838,-0.17764,-0.21124,-0.78423,-0.24955,0.38553,-0.19169,0.90678,-0.11703,-0.75649,1.75839,0.34274,-0.28071,-0.21525,0.17235,3.20408,-0.19193,-0.2232,0.4408,0.44273,-0.23907,-0.24428,1.29008,-0.70161,-0.17679,-0.73027,-0.2726,-0.10657,1.06403,0.9348,-0.27315,0.22599,-0.09605,-1.28677,0.82116,1.5303,-0.26272,-0.74525,-0.202,0.73019,-0.27646,-0.15406,0.64916,0
negative209,-0.12453,-0.19626,-0.21715,-0.16513,-0.0915,-0.10818,-0.14012,-0.12467,-0.21439,-0.18816,-0.24143,-0.13765,-0.20814,-0.20684,0.35516,1.17387,-1.40448,0.26486,-1.12564,-0.17695,-0.22045,-0.24832,-1.35278,0.81175,0.80672,-0.22454,-0.9666,-0.1838,-0.17764,-0.21124,1.74424,-0.24955,-1.2576,-0.19169,-0.05628,-0.11703,0.38051,1.04696,1.08685,-0.28071,-0.21525,-0.75267,-0.30461,-0.19193,-0.2232,-0.5009,-0.52279,-0.23907,-0.24428,-0.59064,-0.13564,-0.89822,-0.20179,-0.2726,-0.10657,-2.16703,0.76064,-0.31529,0.22599,-0.46731,0.45361,-0.59844,-0.02469,-0.26272,0.85672,-0.202,0.73019,-0.27646,-0.15406,0.88785,0
negative210,-0.13278,-0.20094,-0.22203,5.47081,-0.1032,-0.11732,6.89242,-0.12895,-0.22857,-0.19264,-0.25462,-0.15285,-0.23276,-0.22341,-0.86798,0.77164,0.65591,2.1682,1.13147,0.69701,-0.23499,-0.25643,-0.86786,0.18175,-0.10094,-0.22454,-0.9666,-0.1838,-0.18379,-0.23946,0.17193,-0.2675,-0.41992,-0.19169,0.68018,-0.12605,0.31954,-1.52673,-0.48892,-0.28071,-0.21525,-1.18741,-0.30461,-0.20188,-0.2232,-0.02531,-0.7515,-0.23907,-0.24428,-0.59064,0.09259,2.33569,1.04806,-0.27644,-0.10657,0.63072,1.11179,0.44322,0.00826,-0.3279,-0.03201,-0.85386,0.99555,-0.2862,-0.79237,4.22872,-1.36951,-0.31026,-0.16761,-0.51157,0
negative211,-0.12453,-0.19626,-0.21715,-0.16513,-0.0915,-0.10818,-0.14012,-0.12467,-0.21439,-0.18816,-0.24143,-0.13765,-0.20814,-0.20684,0.875,-0.51986,0.69712,1.75961,1.17662,-0.17695,-0.22045,-0.24832,0.42324,0.10939,0.80672,-0.22454,-0.2217,-0.1838,-0.17764,-0.21124,0.02522,-0.24955,-1.2576,-0.19169,-0.05628,-0.11703,-0.75649,-0.7316,-0.77343,-0.28071,-0.21525,1.20316,3.20408,-0.19193,-0.2232,2.80779,-0.14647,-0.23907,-0.24428,1.29008,-0.58926,-0.45495,-1.35412,-0.2726,-0.10657,-0.81836,0.00367,-0.98953,-0.93526,-1.4905,-0.83377,0.26195,-3.372,-0.26272,2.05819,-0.202,0.73019,-0.27646,-0.15406,0.03999,0
negative212,-0.12453,-0.19626,-0.21715,-0.16513,-0.0915,-0.10818,-0.14012,-0.12467,-0.21439,-0.18816,-0.24143,-0.13765,-0.20814,-0.20684,0.35516,-0.51986,0.46361,-0.92396,0.92081,-0.62717,-0.22045,-0.24832,1.01907,0.3859,0.00584,-0.22454,0.05319,-0.1838,-0.17764,-0.21124,-1.20365,-0.24955,0.38553,-0.19169,-0.05628,-0.11703,-0.75649,0.33553,-0.40137,-0.28071,-0.21525,0.17655,-0.30461,-0.19193,-0.2232,0.50587,0.4515,-0.23907,-0.24428,-0.59064,-0.33307,-0.04215,0.4334,-0.2726,-0.10657,1.0969,-1.00283,-0.90525,0.22599,-0.66632,-2.21979,-0.23499,-0.41821,-0.26272,-0.74525,-0.202,-1.36951,-0.27646,-0.15406,-0.50466,0
negative213,-0.14425,-0.20744,-0.22883,-0.18011,-0.11946,7.41745,-0.14945,-0.13489,-0.24827,-0.19886,-0.27295,-0.17397,-0.26697,-0.24643,-1.46426,-0.51986,1.57278,-0.92396,0.4092,1.17371,-0.25519,-0.26769,-0.42527,0.84746,-0.21662,-0.22454,0.1523,-0.1838,-0.19234,-0.27867,0.14469,-0.29244,0.11168,-0.19169,0.42525,-0.13857,-0.75649,0.51339,-0.86644,4.20706,-0.21525,0.13162,2.22944,-0.21571,-0.2232,-0.45886,-0.67165,-0.23907,-0.24428,-0.59064,0.59651,-0.20121,0.33903,-0.28176,-0.10657,-0.8552,-0.00174,0.86462,-0.66023,-1.22421,0.52485,-0.70564,-0.09487,-0.31883,-0.54501,3.39796,-1.36951,2.74536,-0.18643,-0.34447,0
negative214,-0.12453,-0.19626,-0.21715,-0.16513,-0.0915,-0.10818,-0.14012,-0.12467,-0.21439,-0.18816,-0.24143,-0.13765,-0.20814,-0.20684,0.35516,-0.51986,2.09818,-0.92396,2.71145,0.72349,-0.22045,-0.24832,-2.74654,0.58826,-0.79504,-0.22454,0.31928,-0.1838,-0.17764,-0.21124,2.03529,-0.24955,-0.70989,-0.19169,3.79599,-0.11703,-0.75649,-1.79874,-0.77343,-0.28071,-0.21525,-2.00318,-0.30461,-0.19193,-0.2232,0.22212,-0.69795,-0.23907,-0.24428,-0.59064,-1.99918,-4.49713,1.42884,-0.2726,-0.10657,-2.19381,2.4377,0.10611,-1.51588,0.52087,1.94811,0.39248,0.18014,-0.26272,-0.34476,-0.202,0.73019,-0.27646,-0.15406,0.36223,0
negative215,-0.12453,-0.19626,-0.21715,-0.16513,-0.0915,-0.10818,-0.14012,-0.12467,-0.21439,-0.18816,-0.24143,-0.13765,-0.20814,-0.20684,0.35516,-0.51986,-0.70395,1.75961,-0.35822,-1.07738,-0.22045,-0.24832,-0.22738,-0.92033,0.00584,-0.22454,-0.9666,-0.1838,-0.17764,-0.21124,-0.78538,-0.24955,-0.16218,-0.19169,0.90678,-0.11703,0.35324,0.69125,0.71479,-0.28071,-0.21525,0.33448,-0.30461,-0.19193,-0.2232,0.43449,-0.72212,-0.23907,-0.24428,-0.59064,1.56014,-0.46947,1.63345,-0.2726,-0.10657,0.20298,-0.1661,-0.61027,0.22599,-0.67892,-0.65774,0.37655,-1.31629,-0.26272,-0.34476,-0.202,0.73019,-0.27646,-0.15406,-1.20363,0
negative216,-0.09535,-0.17971,-0.19986,-0.14297,-0.05013,-0.07589,-0.1263,-0.10956,-0.16426,-0.17232,-0.19478,-0.08391,-0.1211,5.12512,0.35516,8.16022,0.54144,-0.14784,1.00608,-0.62717,-0.16905,-0.21967,1.89237,1.57658,3.667,-0.22454,-0.9666,-0.1838,-0.15588,-0.11148,-1.36887,-0.18609,0.38553,-0.19169,-1.01935,-0.08517,-0.75649,1.99553,2.57507,-0.28071,-0.21525,-0.53046,-0.30461,-0.15675,-0.2232,0.48922,1.72511,-0.23907,-0.24428,-0.59064,-0.75646,0.09201,-1.75246,-0.25906,-0.10657,0.92539,0.04954,-2.46441,-1.51588,3.1799,-1.19529,1.60766,0.84003,-0.17969,2.85918,-0.202,-1.36951,-0.15697,-0.10615,-1.70381,0
negative217,-0.12453,-0.19626,-0.21715,-0.16513,-0.0915,-0.10818,-0.14012,-0.12467,-0.21439,-0.18816,-0.24143,-0.13765,-0.20814,-0.20684,-1.20435,-0.51986,-0.70395,0.44554,-0.35822,1.17371,-0.22045,-0.24832,-1.24298,0.35723,-0.79504,-0.22454,0.09941,-0.1838,-0.17764,-0.21124,2.13796,-0.24955,-0.70989,-0.19169,2.83292,-0.11703,-0.75649,2.1141,3.31919,-0.28071,-0.21525,-1.46687,-0.30461,-0.19193,-0.2232,0.13197,-0.83096,-0.23907,-0.24428,-0.59064,1.69314,-0.91453,0.00718,3.41445,-0.10657,-0.73256,2.18691,0.35894,-1.51588,-1.10117,-0.09462,-1.39191,0.84623,-0.26272,-0.74525,-0.202,0.73019,-0.27646,-0.15406,0.12371,0
negative218,-0.14425,-0.20744,-0.22883,-0.18011,-0.11946,-0.13001,-0.14945,-0.13489,2.68049,-0.19886,-0.27295,-0.17397,-0.26697,-0.24643,2.04463,-0.51986,0.87225,1.55018,1.36847,-0.51461,-0.25519,-0.26769,1.55013,0.45358,0.9402,-0.22454,2.40574,-0.1838,-0.19234,-0.27867,-0.58687,-0.29244,0.11168,3.82133,-1.01935,-0.13857,-0.75649,0.24661,-0.02932,-0.28071,-0.21525,0.85803,-0.30461,-0.21571,-0.2232,2.82046,0.21024,-0.23907,-0.24428,-0.59064,1.67759,0.03917,-0.18921,-0.28176,-0.10657,0.67525,-0.72776,0.10611,0.62326,-0.51519,-0.02675,0.0212,-2.00544,-0.31883,0.05573,-0.202,-1.36951,-0.35722,2.61212,-0.91366,0
negative219,-0.13671,-0.20317,-0.22436,-0.17438,-0.10878,-0.12167,-0.14589,-0.13098,-0.23533,-0.19477,-0.26091,-0.16009,-0.24449,3.38621,-0.94443,0.99325,-0.04233,-0.92396,-0.69929,0.1232,-0.24192,-0.26029,0.41803,-1.21417,-0.79504,-0.22454,-0.35987,-0.1838,-0.18672,-0.25291,-0.46346,-0.27606,-0.52732,-0.19169,-1.01935,-0.13034,-0.75649,0.21696,0.40475,4.20706,-0.21525,0.35111,-0.30461,-0.20662,-0.2232,-0.40682,0.2957,-0.23907,-0.24428,0.85606,-0.54644,0.15689,-0.17479,-0.27826,-0.10657,0.89579,-0.00782,-0.18887,-0.0814,-0.30886,0.52834,-0.17923,0.45881,-0.2974,-0.812,-0.202,-1.36951,-0.32637,-0.17406,0.49681,0
negative220,-0.15139,-0.2115,-0.23306,-0.18553,-0.12959,-0.13792,-0.15284,-0.13859,2.52526,-0.20274,-0.28438,5.78534,1.86139,-0.26077,0.94589,-0.51986,-0.13079,-0.92396,0.26967,0.49838,-0.26778,-0.2747,0.09084,-0.31312,-0.79504,-0.22454,-0.9666,-0.1838,-0.19766,-0.3031,1.40545,-0.30799,-1.97958,-0.19169,-1.01935,-0.14637,0.4087,0.51339,-0.89181,-0.28071,-0.21525,-0.42929,-0.30461,-0.22432,-0.2232,0.32396,-0.01665,-0.23907,-0.24428,-0.59064,0.23631,-0.4531,-0.81055,-0.28507,-0.10657,-1.86747,-0.83875,0.61178,1.1937,-0.41415,0.10657,1.70923,-0.25639,-0.33917,-0.87268,-0.202,-1.36951,-0.38649,-0.19816,-0.65589,0
negative221,-0.14425,-0.20744,-0.22883,-0.18011,-0.11946,-0.13001,-0.14945,-0.13489,-0.24827,-0.19886,-0.27295,-0.17397,-0.26697,-0.24643,-1.46426,1.335,0.34685,-0.92396,-0.55007,-0.17695,-0.25519,-0.26769,-0.85426,1.76937,-0.79504,-0.22454,2.75239,-0.1838,-0.19234,-0.27867,-2.29897,6.29886,4.21951,-0.19169,-1.01935,-0.13857,1.55117,2.91445,4.15631,-0.28071,-0.21525,-0.97801,-0.30461,-0.21571,-0.2232,2.77645,0.06171,-0.23907,-0.24428,1.91698,-1.37155,0.62761,1.88337,-0.28176,-0.10657,-0.1212,-0.57114,3.05588,-1.08805,1.7703,-2.2398,3.77928,-0.00112,-0.31883,2.75906,-0.202,0.73019,-0.35722,-0.18643,0.20296,0
negative222,-0.12453,-0.19626,-0.21715,-0.16513,-0.0915,-0.10818,-0.14012,-0.12467,-0.21439,-0.18816,-0.24143,-0.13765,-0.20814,-0.20684,-0.68451,0.98676,0.46361,0.85619,0.92081,0.72349,-0.22045,-0.24832,-0.02705,0.6807,-0.79504,-0.22454,0.24165,-0.1838,-0.17764,-0.21124,-0.16729,-0.24955,0.93324,-0.19169,-0.05628,-0.11703,0.26297,0.33553,1.45891,-0.28071,-0.21525,0.09528,-0.30461,-0.19193,-0.2232,0.46665,-0.26989,-0.23907,-0.24428,1.29008,0.43124,1.19324,0.03631,-0.2726,-0.10657,0.34512,1.39307,-0.06245,-0.35463,-0.32941,1.75706,-0.61448,-0.24927,-0.26272,0.45622,-0.202,-1.36951,-0.27646,-0.15406,-0.0628,0
negative223,-0.12453,-0.19626,-0.21715,-0.16513,-0.0915,-0.10818,-0.14012,-0.12467,-0.21439,-0.18816,3.99133,-0.13765,-0.20814,-0.20684,0.35516,1.11948,0.23009,-0.92396,0.4092,0.27327,-0.22045,-0.24832,-0.61697,-0.11802,-0.79504,-0.22454,-0.30926,-0.1838,-0.17764,-0.21124,0.09033,3.58977,0.38553,-0.19169,-0.05628,-0.11703,-0.75649,-0.37589,-0.40137,-0.28071,-0.21525,0.43956,-0.30461,-0.19193,-0.2232,-2.47364,0.01094,-0.23907,-0.24428,-0.59064,0.84574,0.06082,-0.972,-0.2726,-0.10657,-0.11845,-0.32497,-0.56813,1.38724,-0.71582,-0.37434,-0.86644,-0.6867,-0.26272,-0.74525,-0.202,-1.36951,-0.27646,-0.15406,0.81036,0
negative224,-0.12453,-0.19626,-0.21715,-0.16513,-0.0915,-0.10818,-0.14012,-0.12467,-0.21439,-0.18816,-0.24143,-0.13765,-0.20814,-0.20684,0.875,-0.51986,-0.23693,-0.92396,0.15339,0.27327,-0.22045,-0.24832,0.48496,-0.65945,0.00584,-0.22454,0.91104,-0.1838,-0.17764,-0.21124,-0.22449,-0.24955,-0.16218,-0.19169,-0.05628,-0.11703,0.34036,-0.02018,-0.77343,-0.28071,-0.21525,0.2069,-0.30461,-0.19193,-0.2232,1.56702,-0.55316,-0.23907,-0.24428,-0.59064,-0.35845,0.22951,0.27,-0.2726,-0.10657,-0.44828,1.01929,-0.61027,0.80661,-0.15326,0.16104,0.05145,-0.97866,-0.26272,-0.34476,-0.202,0.73019,3.33793,-0.15406,2.6604,0
negative225,-0.12453,-0.19626,-0.21715,-0.16513,-0.0915,-0.10818,-0.14012,-0.12467,-0.21439,-0.18816,-0.24143,-0.13765,-0.20814,-0.20684,-1.72418,0.99609,-0.47044,-0.92396,-0.10241,1.62393,-0.22045,-0.24832,-1.02361,-0.94761,-0.79504,-0.22454,1.46455,-0.1838,-0.17764,-0.21124,-0.23126,-0.24955,2.02867,-0.19169,-1.01935,-0.11703,1.25542,-0.02018,1.08685,-0.28071,-0.21525,0.50709,-0.30461,-0.19193,-0.2232,0.53385,0.06337,-0.23907,3.73903,1.29008,-0.46702,-0.19446,0.6261,-0.2726,-0.10657,0.42361,0.47177,0.35894,-1.51588,1.00183,-0.09783,-0.33082,-0.43209,-0.26272,0.05573,-0.202,0.73019,-0.27646,-0.15406,0.99825,0
negative226,-0.12453,4.30927,-0.21715,-0.16513,-0.0915,-0.10818,-0.14012,-0.12467,-0.21439,-0.18816,-0.24143,-0.13765,-0.20814,-0.20684,-0.16467,-0.51986,-0.00342,1.10258,-0.86983,0.27327,-0.22045,-0.24832,0.30787,-0.62361,-0.79504,-0.22454,0.98656,-0.1838,-0.17764,-0.21124,-0.47884,3.58977,0.93324,-0.19169,-0.05628,-0.11703,-0.75649,0.69125,0.34274,-0.28071,-0.21525,-0.3876,-0.30461,-0.19193,-0.2232,-0.55211,0.45976,-0.23907,-0.24428,-0.59064,0.13557,1.82498,0.52634,-0.2726,-0.10657,1.01191,-0.03166,-0.52599,0.80661,-0.19751,0.46935,-1.5341,-1.44669,-0.26272,-0.34476,-0.202,0.73019,-0.27646,-0.15406,0.93413,0
negative227,-0.09535,-0.17971,-0.19986,-0.14297,-0.05013,-0.07589,-0.1263,-0.10956,-0.16426,-0.17232,-0.19478,-0.08391,-0.1211,-0.14827,-1.37762,-0.51986,-1.40448,-0.92396,-1.12564,1.62393,-0.16905,-0.21967,-1.44073,0.04504,-0.79504,-0.22454,1.68085,-0.1838,-0.15588,-0.11148,-0.38678,-0.18609,0.38553,-0.19169,0.58576,-0.08517,0.31508,0.80982,1.95498,-0.28071,-0.21525,0.39874,-0.30461,-0.15675,-0.2232,-0.91159,-1.50068,-0.23907,7.15329,-0.59064,-1.7551,1.59901,0.92269,-0.25906,-0.10657,-0.77165,3.50833,-1.83232,-0.49979,0.08119,0.27632,-1.87231,0.39272,-0.17969,-0.47826,-0.202,0.73019,-0.15697,-0.10615,1.58184,0
negative228,-0.12453,-0.19626,-0.21715,-0.16513,-0.0915,-0.10818,-0.14012,-0.12467,-0.21439,-0.18816,-0.24143,-0.13765,-0.20814,-0.20684,0.35516,-0.51986,1.86467,0.41064,2.45565,-0.17695,4.44426,-0.24832,-0.1643,1.31575,0.80672,-0.22454,1.54088,-0.1838,-0.17764,-0.21124,0.32909,-0.24955,0.93324,-0.19169,0.90678,-0.11703,-0.75649,-1.08732,-0.40137,-0.28071,-0.21525,0.01371,3.20408,-0.19193,-0.2232,0.33257,0.22124,-0.23907,-0.24428,3.1708,0.06209,0.64159,-0.35259,-0.2726,-0.10657,-1.42009,0.31805,-0.10459,-0.35463,-0.9491,-1.59659,0.90814,-0.82127,-0.26272,-0.74525,-0.202,-1.36951,-0.27646,-0.15406,-0.56563,0
negative229,-0.12453,-0.19626,-0.21715,-0.16513,-0.0915,-0.10818,-0.14012,-0.12467,-0.21439,-0.18816,-0.24143,-0.13765,-0.20814,-0.20684,-1.20435,-0.51986,0.23009,-0.92396,0.665,0.72349,-0.22045,-0.24832,-0.70773,-0.86388,-0.79504,-0.22454,-0.26662,-0.1838,-0.17764,-0.21124,-0.52582,-0.24955,0.93324,-0.19169,-0.05628,-0.11703,-0.75649,0.69125,-0.77343,-0.28071,-0.21525,-0.06527,-0.30461,-0.19193,-0.2232,-0.30821,0.79405,-0.23907,-0.24428,-0.59064,1.14648,1.04259,-0.74428,-0.2726,-0.10657,1.3048,-0.28256,-0.27315,0.22599,-0.31561,-0.06996,-0.18923,-0.76014,-0.26272,-0.34476,-0.202,0.73019,-0.27646,-0.15406,0.53797,0
negative230,-0.12453,-0.19626,-0.21715,-0.16513,-0.0915,-0.10818,-0.14012,-0.12467,-0.21439,-0.18816,-0.24143,-0.13765,-0.20814,-0.20684,0.35516,1.25666,-0.23693,0.52767,0.15339,-0.62717,-0.22045,-0.24832,0.50235,2.57898,0.80672,-0.22454,-0.25425,-0.1838,-0.17764,-0.21124,0.4014,-0.24955,0.38553,-0.19169,-1.01935,-0.11703,0.33083,-1.44303,-0.77343,-0.28071,5.1565,0.73476,-0.30461,-0.19193,-0.2232,0.51532,-0.06563,-0.23907,-0.24428,-0.59064,0.45941,0.05878,0.69593,-0.2726,-0.10657,-0.95812,0.65281,-0.73669,0.80661,0.45263,0.61522,-0.63184,-0.85301,-0.26272,0.45622,-0.202,-1.36951,-0.27646,-0.15406,0.46657,0
negative231,-0.14425,-0.20744,-0.22883,-0.18011,-0.11946,-0.13001,-0.14945,-0.13489,-0.24827,3.50218,-0.27295,-0.17397,-0.26697,-0.24643,0.09525,-0.51986,-0.17855,1.5625,-0.16636,-0.85228,-0.25519,-0.26769,0.15011,-1.55085,0.36179,-0.22454,0.34793,-0.1838,-0.19234,3.60692,0.77017,-0.29244,0.11168,-0.19169,-1.01935,-0.13857,0.40858,0.51339,-0.5874,-0.28071,-0.21525,-0.37213,-0.30461,-0.21571,-0.2232,-0.7329,0.90684,-0.23907,-0.24428,-0.59064,0.25999,0.45883,0.30936,-0.28176,-0.10657,1.08943,-0.36122,1.28602,-0.66023,0.48757,0.47985,1.1192,2.25137,-0.31883,2.45869,-0.202,0.73019,2.74536,2.61212,-0.6949,0
negative232,-0.12453,-0.19626,-0.21715,-0.16513,-0.0915,-0.10818,-0.14012,-0.12467,-0.21439,-0.18816,-0.24143,-0.13765,-0.20814,-0.20684,-1.20435,-0.51986,-0.23693,-0.92396,0.15339,0.72349,-0.22045,-0.24832,-0.98456,-0.51164,-0.79504,-0.22454,-0.42253,-0.1838,-0.17764,-0.21124,1.04537,-0.24955,-0.16218,-0.19169,0.90678,-0.11703,-0.75649,2.1141,1.83096,-0.28071,-0.21525,-0.12498,-0.30461,-0.19193,-0.2232,-0.22238,0.06671,4.68535,-0.24428,-0.59064,-0.4124,0.32216,-0.797,3.41445,-0.10657,1.70907,1.8892,-0.35743,-0.93526,-0.75278,1.52941,-1.53234,0.39946,3.50456,-0.34476,-0.202,0.73019,-0.27646,-0.15406,0.60037,0
negative233,-0.12453,-0.19626,-0.21715,-0.16513,-0.0915,-0.10818,-0.14012,-0.12467,-0.21439,-0.18816,-0.24143,-0.13765,5.05746,-0.20684,-0.68451,-0.51986,-0.47044,-0.92396,-0.86983,0.27327,-0.22045,-0.24832,0.38016,-0.7803,0.80672,-0.22454,-0.9666,-0.1838,-0.17764,-0.21124,-0.74288,-0.24955,-0.70989,-0.19169,0.90678,-0.11703,-0.75649,1.04696,-0.02932,1.96317,-0.21525,-0.58062,-0.30461,-0.19193,-0.2232,0.03624,-0.49288,-0.23907,-0.24428,-0.59064,-1.05749,-0.19428,-1.07687,-0.2726,-0.10657,-0.95975,1.51403,-0.86311,-0.35463,-0.9671,0.08679,0.32148,-0.63814,-0.26272,-0.34476,5.03431,0.73019,-0.27646,-0.15406,0.43528,0
negative234,-0.13671,-0.20317,-0.22436,-0.17438,-0.10878,-0.12167,-0.14589,-0.13098,-0.23533,-0.19477,-0.26091,-0.16009,-0.24449,-0.2313,0.35516,-0.51986,-0.23693,-0.1848,-0.69929,-1.00235,-0.24192,-0.26029,-0.19116,-0.30578,-0.79504,-0.22454,1.04759,-0.1838,-0.18672,-0.25291,0.61875,-0.27606,0.84196,-0.19169,-0.2168,-0.13034,-0.75649,-1.85803,-0.83544,-0.28071,-0.21525,-0.9048,-0.30461,-0.20662,-0.2232,-0.19591,1.58473,2.22314,-0.24428,-0.59064,-1.06302,-0.17338,-0.53291,-0.27826,-0.10657,-1.01013,2.05324,0.99104,-1.51588,0.24966,0.58371,-2.61015,0.23369,-0.2974,1.19046,-0.202,0.73019,-0.32637,-0.17406,1.10326,0
negative235,-0.12453,-0.19626,-0.21715,-0.16513,-0.0915,-0.10818,-0.14012,-0.12467,-0.21439,-0.18816,-0.24143,-0.13765,-0.20814,-0.20684,0.875,-0.51986,0.69712,-0.92396,0.665,-1.5276,-0.22045,-0.24832,1.05317,0.05906,-0.79504,-0.22454,-0.9666,-0.1838,-0.17764,-0.21124,-0.09794,-0.24955,0.38553,-0.19169,-1.01935,-0.11703,-0.75649,-1.08732,-0.77343,-0.28071,-0.21525,3.91938,-0.30461,-0.19193,-0.2232,4.35361,0.44736,1.4024,-0.24428,3.1708,0.85954,0.24515,-1.7185,-0.2726,-0.10657,-0.55991,-1.19849,-1.2845,-0.93526,-0.1073,0.34054,2.53908,0.59454,-0.26272,0.85672,-0.202,0.73019,-0.27646,-0.15406,-0.56563,0
negative236,-0.14425,-0.20744,-0.22883,-0.18011,-0.11946,-0.13001,-0.14945,-0.13489,-0.24827,-0.19886,-0.27295,-0.17397,-0.26697,-0.24643,-0.29463,0.83374,-0.35368,-0.92396,0.02549,-0.17695,-0.25519,-0.26769,0.28713,2.21057,-0.79504,3.13867,-0.42383,-0.1838,-0.19234,-0.27867,-0.97071,-0.29244,0.52246,-0.19169,-1.01935,7.3076,1.49698,1.31375,0.80781,-0.28071,-0.21525,0.65624,-0.30461,-0.21571,-0.2232,-0.18087,0.32119,-0.23907,-0.24428,-0.59064,1.96309,-0.49191,0.15683,-0.28176,13.93181,0.23969,0.80799,1.24388,0.62326,1.15109,-0.57768,-0.4542,1.48844,-0.31883,-0.54501,-0.202,-1.36951,-0.35722,-0.18643,-0.78899,0
negative237,-0.12453,-0.19626,-0.21715,-0.16513,-0.0915,-0.10818,-0.14012,-0.12467,-0.21439,-0.18816,-0.24143,-0.13765,-0.20814,-0.20684,-0.16467,-0.51986,0.93063,-0.92396,1.43242,-1.07738,-0.22045,-0.24832,0.62147,-0.71469,1.6076,-0.22454,-0.08792,-0.1838,-0.17764,-0.21124,-2.63608,-0.24955,0.93324,-0.19169,1.86985,-0.11703,-0.75649,-0.37589,-0.40137,-0.28071,-0.21525,-0.89197,-0.30461,-0.19193,-0.2232,0.53826,1.19698,-0.23907,-0.24428,-0.59064,-0.1477,-0.02683,0.93199,-0.2726,-0.10657,0.21705,-0.18763,0.35894,-1.51588,0.79074,-1.70494,0.6528,0.67816,-0.26272,3.25967,-0.202,-1.36951,-0.27646,3.10616,0.88785,0
negative238,-0.12453,-0.19626,-0.21715,-0.16513,-0.0915,-0.10818,-0.14012,-0.12467,-0.21439,-0.18816,-0.24143,-0.13765,-0.20814,3.77947,-0.16467,-0.51986,1.86467,-0.92396,2.45565,0.27327,-0.22045,-0.24832,0.1917,-0.81188,-0.79504,-0.22454,0.28885,-0.1838,-0.17764,-0.21124,0.70371,-0.24955,-1.2576,-0.19169,0.90678,-0.11703,-0.75649,0.33553,-0.77343,-0.28071,-0.21525,1.23673,-0.30461,-0.19193,-0.2232,2.08233,-0.02823,-0.23907,-0.24428,-0.59064,-0.97236,0.16574,-0.89348,-0.2726,-0.10657,-0.0423,-0.53207,-0.65241,1.38724,-0.51875,0.18957,0.92859,1.53043,3.50456,-0.74525,-0.202,0.73019,-0.27646,-0.15406,0.75127,0
negative239,-0.14425,3.66008,-0.22883,-0.18011,-0.11946,-0.13001,-0.14945,-0.13489,-0.24827,-0.19886,-0.27295,-0.17397,-0.26697,-0.24643,1.26488,-0.51986,0.17172,-0.92396,0.60105,-0.85228,-0.25519,-0.26769,1.33509,-0.08837,0.9402,3.13867,-0.9666,-0.1838,-0.19234,3.60692,-0.7746,-0.29244,-1.12067,-0.19169,0.42525,-0.13857,-0.75649,-0.28696,-0.86644,-0.28071,-0.21525,-0.43159,-0.30461,-0.21571,2.95208,-0.12666,0.14741,-0.23907,-0.24428,-0.59064,1.45594,-0.60234,0.31926,-0.28176,-0.10657,0.47862,0.10304,0.10611,0.62326,-0.43842,-0.41677,1.06133,-1.41617,-0.31883,-0.84538,-0.202,-1.36951,-0.35722,-0.18643,-0.10647,0
negative240,-0.12453,-0.19626,-0.21715,-0.16513,-0.0915,-0.10818,-0.14012,-0.12467,-0.21439,-0.18816,-0.24143,-0.13765,-0.20814,-0.20684,-1.20435,-0.51986,0.69712,-0.92396,-0.86983,-0.17695,-0.22045,-0.24832,-0.04467,-0.64212,-0.79504,-0.22454,0.33507,-0.1838,-0.17764,-0.21124,0.18411,-0.24955,0.93324,-0.19169,-0.05628,-0.11703,-0.75649,-1.44303,-0.40137,-0.28071,-0.21525,0.03599,-0.30461,-0.19193,-0.2232,-0.50645,1.17154,-0.23907,-0.24428,1.29008,-1.21445,-0.94099,-0.80938,-0.2726,-0.10657,-0.97075,0.58112,0.23252,-1.51588,1.73243,1.93683,-3.64867,-0.9188,-0.26272,0.05573,-0.202,-1.36951,-0.27646,-0.15406,0.2059,0
negative241,-0.12453,-0.19626,-0.21715,-0.16513,-0.0915,-0.10818,-0.14012,-0.12467,-0.21439,-0.18816,-0.24143,-0.13765,-0.20814,-0.20684,-0.68451,-0.51986,-1.40448,-0.92396,-1.12564,0.72349,-0.22045,-0.24832,0.47916,-0.02415,-0.79504,-0.22454,-0.9666,-0.1838,-0.17764,-0.21124,-0.65406,-0.24955,-1.2576,-0.19169,0.90678,-0.11703,-0.75649,0.33553,-0.77343,-0.28071,-0.21525,0.66284,-0.30461,-0.19193,-0.2232,0.99923,-0.12871,-0.23907,-0.24428,-0.59064,0.90791,-0.69838,-0.95031,-0.2726,-0.10657,0.1788,-0.01775,-0.94739,0.80661,-1.94125,-0.36522,1.0378,-1.35229,-0.26272,-0.74525,-0.202,0.73019,-0.27646,-0.15406,0.81036,0
negative242,-0.12453,-0.19626,-0.21715,-0.16513,-0.0915,-0.10818,-0.14012,-0.12467,-0.21439,-0.18816,-0.24143,-0.13765,-0.20814,-0.20684,-0.68451,-0.51986,-0.47044,-0.92396,-0.86983,-0.17695,-0.22045,-0.24832,0.30457,-0.10366,0.00584,-0.22454,0.43158,-0.1838,-0.17764,-0.21124,-1.46925,-0.24955,1.48095,-0.19169,-1.01935,-0.11703,0.34234,-0.02018,-0.02932,-0.28071,-0.21525,-0.29397,3.20408,-0.19193,-0.2232,-0.04327,0.51423,4.68535,-0.24428,-0.59064,0.61017,1.10074,-0.1472,-0.2726,-0.10657,-1.1566,2.49322,-0.31529,-0.35463,0.6353,-0.60245,-1.7125,-0.69805,-0.26272,-0.34476,-0.202,0.73019,3.33793,-0.15406,-0.92525,0
negative243,-0.12453,-0.19626,-0.21715,-0.16513,-0.0915,-0.10818,-0.14012,-0.12467,-0.21439,-0.18816,-0.24143,-0.13765,-0.20814,-0.20684,-0.68451,-0.51986,1.16414,-0.92396,-0.86983,-1.07738,-0.22045,-0.24832,-0.18317,1.455,-0.79504,-0.22454,-0.9666,-0.1838,-0.17764,-0.21124,-0.56234,-0.24955,0.38553,-0.19169,-0.05628,-0.11703,0.35892,-0.37589,-0.02932,-0.28071,-0.21525,0.01858,-0.30461,-0.19193,-0.2232,-0.93713,0.72877,-0.23907,-0.24428,-0.59064,0.98361,-0.2386,0.45652,-0.2726,-0.10657,0.50625,1.08584,-0.18887,0.80661,0.85816,-0.57333,-1.22791,-0.85897,-0.26272,1.25721,-0.202,-1.36951,-0.27646,3.10616,-0.92525,0
negative244,-0.13671,-0.20317,-0.22436,-0.17438,-0.10878,-0.12167,-0.14589,-0.13098,-0.23533,-0.19477,-0.26091,-0.16009,-0.24449,-0.2313,-0.51123,-0.51986,-1.40448,0.86646,-1.12564,0.1232,-0.24192,-0.26029,0.00082,-0.03565,-0.14432,-0.22454,0.49912,-0.1838,-0.18672,3.85489,-1.15909,-0.27606,-0.07089,-0.19169,0.58576,-0.13034,-0.75649,1.6991,-0.52539,-0.28071,-0.21525,0.63177,-0.30461,-0.20662,-0.2232,0.19699,0.40135,-0.23907,2.99216,-0.59064,-0.37219,0.53652,-0.76734,-0.27826,-0.10657,-1.4093,-0.85465,0.48536,-0.0814,-1.19546,-0.6124,0.51429,-0.124,-0.2974,0.18923,-0.202,0.73019,-0.32637,-0.17406,-0.06098,0
negative245,-0.12453,4.30927,-0.21715,-0.16513,-0.0915,-0.10818,-0.14012,-0.12467,-0.21439,-0.18816,-0.24143,-0.13765,-0.20814,-0.20684,1.39484,0.93359,-0.00342,-0.92396,0.4092,-0.62717,-0.22045,-0.24832,1.1137,-1.61675,-0.79504,-0.22454,-0.9666,-0.1838,-0.17764,-0.21124,2.03898,-0.24955,-0.70989,-0.19169,-1.01935,-0.11703,0.24363,1.75839,-0.40137,-0.28071,-0.21525,3.57562,-0.30461,-0.19193,-0.2232,3.09631,-0.29623,-0.23907,-0.24428,3.1708,-1.33911,1.23578,-0.98174,-0.2726,-0.10657,-0.1599,-0.17184,-1.45306,0.22599,0.05212,3.16138,0.76896,0.66486,-0.26272,0.05573,-0.202,-1.36951,-0.27646,-0.15406,0.89901,0
negative246,-0.12453,-0.19626,-0.21715,-0.16513,-0.0915,-0.10818,-0.14012,-0.12467,-0.21439,-0.18816,3.99133,-0.13765,-0.20814,-0.20684,-0.68451,-0.51986,0.69712,-0.92396,1.17662,0.72349,-0.22045,-0.24832,-0.39868,0.17578,-0.79504,-0.22454,0.34386,-0.1838,-0.17764,-0.21124,0.05502,-0.24955,-0.16218,-0.19169,-0.05628,-0.11703,-0.75649,0.69125,-0.02932,-0.28071,-0.21525,0.01291,-0.30461,-0.19193,-0.2232,-0.92119,0.22412,-0.23907,-0.24428,1.29008,0.15335,-0.73694,-1.05067,-0.2726,-0.10657,1.02518,1.06774,-0.35743,0.80661,-0.33863,0.14392,-0.29309,0.81213,-0.26272,-0.74525,-0.202,-1.36951,-0.27646,-0.15406,-1.20006,0
negative247,-0.12453,-0.19626,-0.21715,-0.16513,-0.0915,-0.10818,-0.14012,-0.12467,-0.21439,-0.18816,-0.24143,-0.13765,-0.20814,7.76578,-1.20435,-0.51986,-0.70395,0.4168,-0.35822,0.72349,-0.22045,-0.24832,0.16442,-0.18769,0.80672,-0.22454,-0.22349,-0.1838,-0.17764,-0.21124,-1.03538,-0.24955,-0.70989,-0.19169,-0.05628,-0.11703,-0.75649,2.1141,1.45891,-0.28071,-0.21525,-0.61704,-0.30461,-0.19193,-0.2232,0.44412,1.15781,-0.23907,-0.24428,-0.59064,-0.47136,0.20513,-0.93125,-0.2726,-0.10657,-1.30109,0.14575,-0.65241,1.38724,0.09457,-0.81481,0.83764,-1.58178,-0.26272,-0.74525,5.03431,0.73019,-0.27646,-0.15406,0.35851,0
negative248,-0.12453,-0.19626,-0.21715,-0.16513,-0.0915,-0.10818,-0.14012,-0.12467,-0.21439,-0.18816,-0.24143,-0.13765,-0.20814,-0.20684,-0.16467,-0.51986,-1.17097,-0.92396,-0.86983,0.27327,-0.22045,-0.24832,-0.71671,0.25333,0.00584,-0.22454,0.26314,-0.1838,-0.17764,-0.21124,1.5455,-0.24955,-0.16218,-0.19169,-0.05628,-0.11703,0.32989,-0.02018,0.34274,-0.28071,-0.21525,-0.16985,-0.30461,-0.19193,-0.2232,0.66167,-0.17449,2.22314,-0.24428,-0.59064,1.06007,0.13132,0.15089,-0.2726,-0.10657,-0.28276,-0.25336,-0.27315,1.38724,-0.32138,-0.41763,1.05024,1.34627,-0.26272,-0.34476,-0.202,0.73019,3.33793,-0.15406,0.94746,0
negative249,-0.12453,4.30927,-0.21715,-0.16513,-0.0915,-0.10818,-0.14012,-0.12467,-0.21439,-0.18816,-0.24143,-0.13765,-0.20814,-0.20684,0.35516,-0.51986,-0.47044,1.40235,-0.10241,-1.5276,-0.22045,-0.24832,0.56566,1.02634,-0.79504,-0.22454,-0.9666,-0.1838,-0.17764,-0.21124,-0.63399,-0.24955,0.38553,-0.19169,0.90678,-0.11703,-0.75649,1.04696,2.20302,1.96317,-0.21525,0.13492,-0.30461,-0.19193,-0.2232,0.43676,1.15471,-0.23907,-0.24428,1.29008,3.48514,-0.22518,0.02612,3.41445,-0.10657,0.5394,0.72657,-0.31529,-1.51588,0.68584,1.23743,-1.62196,0.11472,-0.26272,-0.74525,-0.202,0.73019,-0.27646,-0.15406,1.87367,0
negative250,-0.12872,-0.19864,-0.21963,-0.16832,-0.09745,-0.11283,-0.1421,-0.12685,-0.2216,-0.19043,-0.24813,-0.14537,-0.22066,-0.21526,1.65475,-0.51986,0.56577,-0.92396,-0.88582,-1.61202,-0.22784,-0.25244,1.88383,1.20225,0.69231,-0.22454,-0.25539,-0.1838,-0.18076,4.1475,-1.32926,-0.25868,0.21437,-0.19169,-1.01935,-0.12161,-0.75649,-0.82053,-0.44788,-0.28071,-0.21525,0.07822,-0.30461,-0.19699,3.92909,-0.8625,1.34377,-0.23907,-0.24428,1.1191,1.19054,0.58348,-0.91627,-0.27455,-0.10657,0.27133,-0.51577,-0.52599,0.65178,1.12882,0.37449,0.83237,-0.54304,-0.27466,-0.39482,-0.202,-1.36951,3.19819,-0.16094,0.01411,0
negative251,6.67382,7.52761,-0.22883,-0.18011,-0.11946,-0.13001,-0.14945,-0.13489,-0.24827,-0.19886,-0.27295,-0.17397,-0.26697,-0.24643,1.65475,-0.51986,-1.40448,-0.92396,-1.12564,0.16072,-0.25519,-0.26769,2.79914,-0.4516,1.51861,-0.22454,-0.41504,-0.1838,-0.19234,-0.27867,0.35937,-0.29244,-1.94224,-0.19169,-1.01935,7.3076,-0.75649,1.04696,0.24972,-0.28071,-0.21525,-1.06042,-0.30461,-0.21571,-0.2232,-0.07504,1.36525,2.22314,-0.24428,-0.59064,1.04884,1.04329,-0.92624,-0.28176,-0.10657,-0.22057,0.31606,-0.06245,1.47892,1.70478,0.58424,1.23821,0.11619,-0.31883,-0.24464,-0.202,-1.36951,2.74536,-0.18643,0.42338,0
negative252,-0.12453,-0.19626,-0.21715,-0.16513,-0.0915,-0.10818,-0.14012,-0.12467,3.19751,-0.18816,-0.24143,-0.13765,-0.20814,-0.20684,-0.16467,-0.51986,-0.93746,-0.92396,-0.61402,-0.62717,-0.22045,-0.24832,-0.15293,-1.79664,0.00584,-0.22454,-0.3392,-0.1838,-0.17764,-0.21124,0.6603,-0.24955,0.38553,-0.19169,-0.05628,-0.11703,1.3818,-0.37589,0.34274,-0.28071,-0.21525,0.23073,-0.30461,-0.19193,-0.2232,-1.54425,-0.16079,4.68535,-0.24428,1.29008,0.96238,0.40737,1.49528,-0.2726,-0.10657,-1.65004,-1.2462,0.02183,-0.35463,0.54599,0.38999,-0.36817,-0.54681,-0.26272,-0.74525,-0.202,0.73019,-0.27646,-0.15406,2.44563,0
positive1,-0.14053,-0.20534,-0.22663,-0.17728,-0.11419,-0.1259,-0.1477,-0.13296,-0.24189,-0.19685,-0.26701,-0.16713,-0.25589,-0.23897,0.62876,-0.51986,-0.48273,0.84798,-0.31783,0.32066,-0.24865,-0.26404,-0.73204,1.16791,-0.79504,-0.22454,0.64576,-0.1838,-0.18957,-0.26597,0.27631,-0.28436,0.2414,-0.19169,0.50128,-0.13451,-0.75649,1.21546,-0.85176,-0.28071,-0.21525,-0.07889,-0.30461,-0.21123,-0.2232,-0.49427,-0.57924,-0.23907,-0.24428,-0.59064,0.44143,-0.67237,-0.82769,-0.28003,-0.10657,1.06863,1.44767,0.82248,0.2905,-0.78408,1.19073,-1.42783,0.26261,-0.30826,-0.82957,-0.202,0.73019,2.84559,-0.18033,0.37405,1
positive2,-0.08952,-0.1764,-0.19641,-0.13854,-0.04186,-0.06943,-0.12354,-0.10654,-0.15423,-0.16915,-0.18545,-0.07316,3.61965,-0.13655,-0.29463,-0.51986,-0.09098,-0.92396,0.31327,0.49838,-0.15876,-0.21394,-0.41231,0.18929,-0.79504,-0.22454,-0.03763,-0.1838,-0.15153,-0.09152,0.03296,-0.17339,0.72785,-0.19169,-1.01935,-0.0788,0.276,-1.48749,-0.44788,-0.28071,-0.21525,-0.86339,7.29755,-0.14971,-0.2232,-0.90462,-1.34261,-0.23907,-0.24428,-0.59064,2.48582,0.45468,0.29996,-0.25635,-0.10657,0.5304,0.48014,-2.63297,-1.51588,-0.62446,-1.04278,0.58052,0.34543,-0.16308,-0.39482,-0.202,-1.36951,-0.13307,-0.09657,0.43028,1
positive3,-0.14425,-0.20744,-0.22883,-0.18011,-0.11946,-0.13001,-0.14945,-0.13489,-0.24827,-0.19886,-0.27295,-0.17397,-0.26697,-0.24643,0.875,-0.51986,1.22251,0.43733,0.02549,-1.18994,-0.25519,-0.26769,0.27633,-0.65555,0.9402,-0.22454,0.33328,-0.1838,-0.19234,-0.27867,1.05204,-0.29244,-0.70989,-0.19169,-1.01935,-0.13857,0.35358,0.51339,-0.5874,-0.28071,-0.21525,1.12927,2.22944,-0.21571,-0.2232,1.1587,-0.52395,-0.23907,-0.24428,0.66317,0.41934,-0.47174,-0.44065,-0.28176,-0.10657,0.83875,-0.46238,0.61178,-0.66023,-0.76163,0.61191,0.06069,0.53232,-0.31883,-0.24464,-0.202,0.73019,2.74536,-0.18643,-0.96583,1
positive4,-0.14425,-0.20744,-0.22883,4.99754,-0.11946,-0.13001,-0.14945,-0.13489,-0.24827,-0.19886,-0.27295,-0.17397,1.99302,-0.24643,0.48512,-0.51986,0.87225,-0.92396,0.98476,-0.51461,-0.25519,3.0803,1.02655,-1.6862,-0.21662,-0.22454,-0.9666,-0.1838,-0.19234,-0.27867,-0.06354,-0.29244,-0.70989,-0.19169,0.42525,-0.13857,-0.75649,-0.82053,-0.5874,-0.28071,-0.21525,0.63366,-0.30461,-0.21571,-0.2232,1.24423,-0.16212,-0.23907,-0.24428,0.66317,-1.0729,-0.29242,-0.64678,-0.28176,-0.10657,-0.70809,0.88388,0.61178,0.62326,0.36497,0.23482,2.09164,-0.76279,-0.31883,-0.84538,-0.202,0.73019,-0.35722,-0.18643,-0.85017,1
positive5,8.84975,-0.18856,-0.2091,-0.15482,-0.07225,-0.09315,-0.13369,-0.11764,-0.19106,-0.18079,-0.21972,-0.11264,-0.16763,-0.17958,0.35516,-0.51986,0.05496,-0.36959,-0.16636,-1.18994,-0.19653,-0.23498,0.26449,-0.67114,0.24611,-0.22454,-0.9666,-0.1838,-0.16751,-0.16481,-1.57191,-0.22001,1.07017,-0.19169,0.18448,-0.1022,-0.75649,-2.15446,-1.14549,-0.28071,-0.21525,-0.96623,-0.30461,-0.17555,-0.2232,2.45193,1.612,-0.23907,-0.24428,-0.59064,0.50817,-0.50338,-0.15168,-0.2663,-0.10657,-0.8524,0.25134,-0.98953,-0.03793,0.3693,0.19303,0.30332,0.63062,-0.22407,-0.64513,-0.202,0.73019,-0.22085,-0.13176,-1.16855,1
positive6,-0.08952,-0.1764,-0.19641,-0.13854,-0.04186,-0.06943,-0.12354,-0.10654,-0.15423,-0.16915,-0.18545,-0.07316,-0.10369,-0.13655,-0.29463,-0.51986,-0.96665,-0.92396,-0.646,0.49838,-0.15876,-0.21394,-0.91403,-0.78357,-0.79504,-0.22454,-0.9666,-0.1838,-0.15153,-0.09152,1.38728,-0.17339,-0.29911,-0.19169,0.7864,-0.0788,-0.75649,-0.82053,0.24972,-0.28071,-0.21525,1.49596,-0.30461,-0.14971,-0.2232,-3.13783,-1.12176,-0.23907,-0.24428,-0.59064,-2.96521,-0.60772,-1.02842,-0.25635,-0.10657,-1.69303,-1.58368,-2.92795,0.80661,-0.86672,-0.07151,-0.23528,0.97995,-0.16308,2.60887,-0.202,0.73019,-0.13307,-0.09657,2.49954,1
positive7,-0.14787,-0.2095,-0.23097,-0.18285,-0.12459,-0.13402,-0.15117,-0.13676,-0.25449,-0.20083,3.26264,-0.18063,-0.27776,3.0815,-0.01615,-0.51986,0.43025,-0.92396,-0.7602,-0.94875,-0.26157,-0.27124,0.59293,-0.72869,1.94481,2.94084,-0.32553,-0.1838,-0.19503,3.49617,-1.13375,-0.30031,-0.00569,-0.19169,-1.01935,-0.14252,0.45893,0.38635,-0.34822,-0.28071,-0.21525,-0.10618,-0.30461,-0.22007,-0.2232,0.48753,0.76618,-0.23907,-0.24428,-0.59064,-0.41849,0.56842,0.35647,-0.28344,-0.10657,-1.03534,-1.15005,1.1596,0.5163,0.74454,-0.82452,-0.21419,-0.71033,-0.32913,-0.00148,-0.202,-1.36951,-0.37204,-0.19237,-0.39425,1
positive8,-0.12453,-0.19626,-0.21715,-0.16513,-0.0915,-0.10818,-0.14012,8.10183,-0.21439,-0.18816,-0.24143,-0.13765,-0.20814,-0.20684,-0.16467,6.39872,-1.40448,-0.92396,-1.12564,1.62393,-0.22045,-0.24832,-0.76956,0.30524,0.00584,-0.22454,1.11399,-0.1838,-0.17764,-0.21124,-1.65553,-0.24955,1.48095,-0.19169,-1.01935,-0.11703,1.42467,-0.37589,0.34274,-0.28071,-0.21525,-1.49913,-0.30461,-0.19193,-0.2232,-0.26341,-0.5623,-0.23907,-0.24428,-0.59064,0.9989,-1.33987,0.72089,-0.2726,-0.10657,1.51301,-0.70222,0.06397,-0.35463,1.91817,-1.94905,0.2697,-0.95876,-0.26272,-0.34476,-0.202,0.73019,-0.27646,-0.15406,1.17817,1
positive9,-0.13671,3.88553,-0.22436,-0.17438,-0.10878,-0.12167,-0.14589,-0.13098,-0.23533,-0.19477,-0.26091,-0.16009,-0.24449,-0.2313,-0.07803,-0.51986,-1.0153,-0.92396,-0.69929,0.1232,-0.24192,-0.26029,-1.0112,0.53421,-0.79504,-0.22454,0.07386,4.71135,-0.18672,-0.25291,0.13314,-0.27606,-0.52732,-0.19169,1.38832,-0.13034,-0.75649,-1.26517,-0.83544,-0.28071,-0.21525,-0.46128,-0.30461,-0.20662,-0.2232,0.22887,-0.40943,-0.23907,-0.24428,-0.59064,0.99414,-0.13721,-0.31601,3.06769,-0.10657,0.64186,1.69494,0.82248,-1.03772,-0.48083,-0.89632,-0.78095,2.06418,-0.2974,-0.14452,-0.202,0.73019,-0.32637,-0.17406,-0.6471,1
positive10,-0.12872,-0.19864,-0.21963,-0.16832,-0.09745,-0.11283,-0.1421,-0.12685,-0.2216,-0.19043,-0.24813,-0.14537,-0.22066,-0.21526,-0.29463,-0.51986,1.22251,1.29558,-0.646,-0.76786,-0.22784,-0.25244,0.74768,-0.86877,1.43598,-0.22454,-0.36378,-0.1838,-0.18076,-0.22558,1.84639,-0.25868,0.21437,-0.19169,-1.01935,-0.12161,0.36641,0.17991,0.94733,-0.28071,-0.21525,0.02665,-0.30461,-0.19699,-0.2232,-0.16853,-0.4415,-0.23907,-0.24428,-0.59064,1.21531,0.01625,-0.07331,-0.27455,-0.10657,0.86612,0.09305,-0.39957,-0.43205,-0.31184,0.90098,0.1434,1.04131,-0.27466,-0.77029,-0.202,-1.36951,-0.29364,-0.16094,-1.17663,1
positive11,-0.14425,-0.20744,-0.22883,-0.18011,-0.11946,-0.13001,-0.14945,-0.13489,-0.24827,-0.19886,-0.27295,-0.17397,-0.26697,-0.24643,0.48512,-0.51986,-1.22935,-0.92396,-0.93378,0.16072,-0.25519,-0.26769,2.03636,-0.58621,-0.21662,-0.22454,-0.9666,-0.1838,-0.19234,-0.27867,-0.09018,-0.29244,-1.12067,-0.19169,-0.29705,-0.13857,-0.75649,-0.02018,-0.5874,-0.28071,-0.21525,1.46583,-0.30461,-0.21571,-0.2232,1.6164,-0.31023,-0.23907,-0.24428,-0.59064,-1.63512,-0.47023,-1.66251,-0.28176,-0.10657,-0.87696,-0.67607,-0.35743,1.90674,-1.82271,-0.84,0.42714,-1.0587,-0.31883,0.95684,-0.202,0.73019,-0.35722,-0.18643,-0.83129,1
positive12,-0.14425,-0.20744,-0.22883,-0.18011,-0.11946,-0.13001,-0.14945,-0.13489,-0.24827,-0.19886,-0.27295,-0.17397,-0.26697,-0.24643,-0.29463,-0.51986,-0.35368,1.1806,0.02549,1.51137,-0.25519,-0.26769,-0.90727,-0.17055,0.9402,-0.22454,-0.03893,-0.1838,-0.19234,-0.27867,0.71444,-0.29244,-0.70989,-0.19169,-1.01935,-0.13857,3.4215,-0.02018,-0.5874,-0.28071,-0.21525,-0.64212,2.22944,-0.21571,-0.2232,-0.73716,-2.83968,-0.23907,-0.24428,-0.59064,-0.83515,-0.99238,3.11416,-0.28176,-0.10657,1.27007,-0.51404,1.24388,1.05109,-0.35243,-0.57214,0.75172,1.15586,-0.31883,-0.84538,-0.202,-1.36951,-0.35722,-0.18643,1.26386,1
positive13,-0.12453,-0.19626,-0.21715,-0.16513,-0.0915,-0.10818,-0.14012,-0.12467,-0.21439,-0.18816,-0.24143,-0.13765,-0.20814,-0.20684,-0.16467,-0.51986,0.46361,0.17657,0.92081,-1.07738,-0.22045,-0.24832,-0.13395,1.06124,-0.79504,-0.22454,-0.9666,-0.1838,-0.17764,-0.21124,-0.3968,-0.24955,0.38553,-0.19169,-0.05628,-0.11703,0.36657,-1.08732,-0.02932,-0.28071,-0.21525,-0.19611,-0.30461,-0.19193,-0.2232,-0.50009,0.88991,-0.23907,-0.24428,-0.59064,-0.16103,-1.537,0.27421,-0.2726,-0.10657,0.76481,0.38461,-0.02031,-0.93526,-0.05661,-0.63898,-1.11156,1.29574,-0.26272,-0.74525,-0.202,0.73019,-0.27646,-0.15406,-1.21582,1
positive14,-0.12453,-0.19626,-0.21715,-0.16513,-0.0915,-0.10818,-0.14012,-0.12467,-0.21439,-0.18816,-0.24143,-0.13765,-0.20814,-0.20684,0.35516,-0.51986,-1.17097,-0.92396,-0.86983,0.27327,-0.22045,-0.24832,0.46063,-1.02572,-0.79504,-0.22454,-0.38314,-0.1838,-0.17764,-0.21124,0.05533,-0.24955,-0.70989,-0.19169,-0.05628,-0.11703,0.271,-0.37589,0.71479,4.20706,-0.21525,0.03018,-0.30461,-0.19193,-0.2232,0.30027,0.32441,-0.23907,-0.24428,-0.59064,-0.79525,0.57993,0.38435,3.41445,-0.10657,0.36951,-0.633,-0.48385,0.80661,0.4764,-0.07409,1.19284,0.89453,-0.26272,-0.34476,-0.202,-1.36951,-0.27646,-0.15406,-0.18814,1
positive15,-0.13671,-0.20317,-0.22436,-0.17438,-0.10878,-0.12167,-0.14589,-0.13098,-0.23533,-0.19477,-0.26091,-0.16009,-0.24449,-0.2313,-1.37762,-0.51986,0.93063,2.37352,0.36656,0.87356,-0.24192,-0.26029,-1.0647,-1.37657,-0.79504,-0.22454,0.87784,-0.1838,-0.18672,-0.25291,2.6092,-0.27606,0.38553,-0.19169,-1.01935,-0.13034,0.32675,-0.67232,0.40475,-0.28071,-0.21525,-0.90948,-0.30461,-0.20662,-0.2232,-0.35971,-0.26382,-0.23907,-0.24428,0.85606,1.66689,-0.00941,-0.70066,-0.27826,-0.10657,1.2278,1.95296,1.1596,-1.03772,0.87949,1.92481,-1.24856,1.26166,-0.2974,-0.47826,-0.202,0.73019,-0.32637,-0.17406,0.07876,1
positive16,-0.12453,-0.19626,-0.21715,-0.16513,-0.0915,-0.10818,7.38216,-0.12467,-0.21439,-0.18816,-0.24143,-0.13765,-0.20814,-0.20684,0.875,0.86865,-1.40448,-0.92396,-1.12564,0.72349,-0.22045,-0.24832,-1.55346,-2.43735,-0.79504,-0.22454,-0.40983,-0.1838,-0.17764,-0.21124,0.15775,-0.24955,-0.70989,-0.19169,0.90678,-0.11703,2.28485,-0.37589,0.34274,-0.28071,-0.21525,1.17787,-0.30461,-0.19193,-0.2232,0.36061,-2.99173,-0.23907,-0.24428,-0.59064,0.756,0.30394,2.15065,-0.2726,-0.10657,0.4176,0.68522,-0.23101,0.80661,-1.25759,0.70297,0.62168,0.39596,-0.26272,-0.74525,-0.202,0.73019,-0.27646,-0.15406,0.2059,1
positive17,-0.14425,-0.20744,-0.22883,-0.18011,-0.11946,-0.13001,-0.14945,-0.13489,-0.24827,-0.19886,-0.27295,6.10497,-0.26697,-0.24643,-1.85414,-0.51986,-0.35368,-0.92396,0.02549,2.52436,-0.25519,-0.26769,-0.03264,0.74435,-0.79504,-0.22454,2.21857,-0.1838,-0.19234,-0.27867,-0.46257,-0.29244,0.52246,-0.19169,-1.01935,-0.13857,0.40394,0.24661,-0.5874,-0.28071,-0.21525,0.03654,-0.30461,-0.21571,-0.2232,0.58905,0.09202,-0.23907,-0.24428,0.66317,-0.17065,0.15221,-0.87231,-0.28176,6.91262,-0.6698,-0.9568,1.37029,-0.2324,-0.15345,-0.4009,1.2652,-1.31111,-0.31883,2.75906,-0.202,0.73019,-0.35722,-0.18643,-1.04458,1
positive18,-0.13671,-0.20317,-0.22436,-0.17438,-0.10878,-0.12167,-0.14589,-0.13098,2.86092,-0.19477,-0.26091,-0.16009,-0.24449,-0.2313,-0.07803,-0.51986,-1.40448,-0.92396,-1.12564,0.49838,-0.24192,-0.26029,0.42046,-0.10546,-0.14432,-0.22454,1.55,-0.1838,-0.18672,-0.25291,-1.77237,-0.27606,-0.07089,-0.19169,-0.2168,-0.13034,0.36536,-0.07946,-0.52539,-0.28071,-0.21525,0.38761,-0.30461,-0.20662,-0.2232,-1.54869,0.24485,-0.23907,-0.24428,-0.59064,1.79995,-1.16311,0.08392,-0.27826,-0.10657,1.40185,-0.00571,0.82248,-1.03772,0.18118,-0.47753,0.02756,-1.35324,-0.2974,-0.812,-0.202,0.73019,-0.32637,-0.17406,-0.66569,1
positive19,-0.13278,-0.20094,-0.22203,-0.1714,-0.1032,-0.11732,-0.14403,-0.12895,-0.22857,-0.19264,-0.25462,-0.15285,-0.23276,-0.22341,-0.4093,-0.51986,0.03779,0.62212,0.00292,-0.49475,-0.23499,-0.25643,-0.53647,0.85523,-0.10094,-0.22454,0.539,-0.1838,-0.18379,-0.23946,0.7863,3.32385,0.06335,-0.19169,-1.01935,-0.12605,0.37531,0.35646,-0.16063,-0.28071,-0.21525,-0.68838,-0.30461,-0.20188,-0.2232,-0.56754,0.30129,-0.23907,-0.24428,0.97662,0.3554,0.03173,-0.48168,-0.27644,-0.10657,1.41924,-0.57242,0.65392,-0.49979,-0.08454,0.629,-0.18759,-0.01153,-0.2862,-0.79237,-0.202,0.73019,-0.31026,-0.16761,0.18362,1
positive20,-0.12453,-0.19626,-0.21715,-0.16513,-0.0915,-0.10818,-0.14012,-0.12467,-0.21439,-0.18816,-0.24143,-0.13765,-0.20814,-0.20684,0.35516,-0.51986,0.93063,-0.92396,1.43242,-0.62717,-0.22045,-0.24832,-1.69434,-0.14736,0.80672,-0.22454,-0.31463,-0.1838,-0.17764,-0.21124,0.32099,-0.24955,-0.70989,-0.19169,-1.01935,-0.11703,2.46061,0.33553,-0.77343,-0.28071,-0.21525,-0.15045,3.20408,-0.19193,-0.2232,-0.22758,-1.74531,-0.23907,-0.24428,-0.59064,2.30593,-0.40944,2.76437,-0.2726,-0.10657,-0.8177,-0.76475,-0.31529,1.38724,-0.3531,0.66913,0.2796,0.64822,-0.26272,-0.34476,-0.202,0.73019,3.33793,-0.15406,1.36753,1
positive21,-0.12453,-0.19626,-0.21715,-0.16513,-0.0915,-0.10818,-0.14012,-0.12467,-0.21439,-0.18816,-0.24143,-0.13765,-0.20814,-0.20684,-0.68451,-0.51986,-0.00342,0.66319,0.4092,0.27327,-0.22045,-0.24832,-1.65342,0.19466,-0.79504,-0.22454,0.24361,-0.1838,-0.17764,-0.21124,-0.88139,-0.24955,1.48095,-0.19169,1.86985,-0.11703,-0.75649,-1.44303,-0.40137,-0.28071,-0.21525,-0.88482,-0.30461,-0.19193,-0.2232,0.06764,0.6514,-0.23907,-0.24428,-0.59064,1.10149,-0.79448,0.64583,-0.2726,-0.10657,-1.28056,0.24159,0.40108,-0.93526,-0.20418,-0.81199,0.03739,-0.06934,-0.26272,0.05573,-0.202,0.73019,-0.27646,-0.15406,-1.30852,1
positive22,-0.14425,-0.20744,3.80987,-0.18011,-0.11946,-0.13001,-0.14945,-0.13489,-0.24827,-0.19886,-0.27295,-0.17397,1.99302,-0.24643,0.875,3.62942,-1.40448,-0.92396,-1.12564,0.49838,-0.25519,-0.26769,1.96982,0.20484,1.51861,-0.22454,-0.13463,-0.1838,-0.19234,-0.27867,-1.40659,-0.29244,-0.70989,-0.19169,-0.29705,-0.13857,-0.75649,0.24661,-0.5874,-0.28071,-0.21525,-1.13408,2.22944,-0.21571,-0.2232,-0.35484,-0.01209,-0.23907,-0.24428,-0.59064,-0.56236,0.03017,-1.08876,-0.28176,-0.10657,-0.93961,-0.60773,0.19038,-0.66023,0.21318,-1.52048,0.55204,-1.56172,-0.31883,-0.54501,-0.202,-1.36951,-0.35722,-0.18643,-0.85017,1
positive23,-0.12453,-0.19626,-0.21715,-0.16513,-0.0915,-0.10818,-0.14012,-0.12467,-0.21439,-0.18816,-0.24143,-0.13765,-0.20814,-0.20684,-0.16467,-0.51986,1.63116,-0.92396,-0.61402,-1.07738,-0.22045,-0.24832,-0.12173,-0.53462,-0.79504,-0.22454,-0.9666,-0.1838,-0.17764,4.31533,-0.20514,-0.24955,-0.70989,-0.19169,-0.05628,-0.11703,-0.75649,0.33553,-0.02932,-0.28071,-0.21525,1.01584,-0.30461,-0.19193,-0.2232,1.15983,0.17178,-0.23907,3.73903,1.29008,1.78301,-0.63261,-1.34804,-0.2726,-0.10657,0.62381,0.12651,-0.52599,-0.35463,-0.33496,1.19021,-0.98244,1.11652,-0.26272,0.05573,-0.202,0.73019,-0.27646,-0.15406,-1.30852,1
positive24,-0.14425,-0.20744,-0.22883,-0.18011,-0.11946,-0.13001,-0.14945,-0.13489,-0.24827,-0.19886,-0.27295,-0.17397,-0.26697,-0.24643,0.875,5.61943,0.17172,1.36744,0.02549,-0.51461,-0.25519,-0.26769,0.40631,0.76175,0.36179,-0.22454,0.67457,-0.1838,-0.19234,-0.27867,-0.53416,-0.29244,0.52246,-0.19169,-1.01935,-0.13857,-0.75649,0.51339,-0.02932,-0.28071,2.47062,-0.85394,-0.30461,-0.21571,-0.2232,-0.80522,1.17847,-0.23907,-0.24428,-0.59064,-0.96749,-0.63388,-1.10908,-0.28176,-0.10657,-0.61778,-1.22384,1.24388,-0.66023,1.2886,-1.05088,0.30823,-0.74398,-0.31883,-0.54501,-0.202,-1.36951,-0.35722,-0.18643,-0.85017,1
positive25,-0.11566,-0.19123,-0.21189,-0.1584,-0.07893,-0.09837,-0.13592,-0.12008,-0.19915,-0.18334,-0.22725,-0.12131,-0.18169,-0.18904,-1.0444,-0.51986,0.751,0.24433,-0.24015,-1.31981,-0.20483,-0.23961,-0.647,2.10211,-0.79504,-0.22454,0.74683,-0.1838,-0.17102,-0.18092,-0.70035,3.91667,3.96672,-0.19169,0.09188,-0.10735,-0.75649,2.36036,3.57676,-0.28071,-0.21525,0.42063,-0.30461,-0.18124,-0.2232,-0.64437,1.08401,-0.23907,-0.24428,1.76026,0.03309,-0.28586,-0.29597,-0.26849,-0.10657,-0.33124,-1.05095,-0.27315,-1.51588,0.9919,-2.15233,0.91691,1.27344,-0.23748,1.16479,-0.202,0.73019,-0.24014,-0.1395,-0.39052,1
positive26,-0.14425,-0.20744,-0.22883,-0.18011,-0.11946,-0.13001,-0.14945,-0.13489,-0.24827,-0.19886,-0.27295,-0.17397,1.99302,-0.24643,0.875,-0.51986,-1.22935,-0.92396,-0.93378,-0.17695,-0.25519,-0.26769,2.29415,-0.68674,-0.21662,-0.22454,-0.9666,-0.1838,-0.19234,-0.27867,-0.24254,-0.29244,-1.12067,-0.19169,-0.29705,-0.13857,-0.75649,-0.02018,-0.5874,-0.28071,-0.21525,1.29766,-0.30461,-0.21571,-0.2232,1.59569,-0.36403,-0.23907,-0.24428,-0.59064,-1.58931,-0.44595,-1.60291,-0.28176,-0.10657,-0.87725,-0.81907,-0.35743,1.90674,-1.63594,-0.92976,0.71106,-0.95505,-0.31883,0.95684,-0.202,0.73019,-0.35722,-0.18643,-0.83129,1
positive27,-0.14425,-0.20744,3.80987,-0.18011,-0.11946,-0.13001,-0.14945,-0.13489,-0.24827,-0.19886,-0.27295,-0.17397,-0.26697,-0.24643,0.09525,-0.51986,-1.40448,-0.92396,-1.12564,0.83604,3.74897,-0.26769,0.43588,0.79975,0.36179,-0.22454,-0.46078,-0.1838,-0.19234,3.60692,-1.13532,-0.29244,-1.94224,-0.19169,0.42525,-0.13857,1.443,0.78018,-0.86644,-0.28071,-0.21525,-0.19952,-0.30461,-0.21571,-0.2232,-0.31992,-1.61742,-0.23907,-0.24428,-0.59064,0.73332,0.19439,0.42854,-0.28176,-0.10657,1.83964,-0.60972,0.9489,1.90674,-0.69268,-0.74536,0.48589,1.05961,-0.31883,-0.54501,-0.202,0.73019,-0.35722,-0.18643,-0.14043,1
positive28,-0.11095,-0.18856,-0.2091,-0.15482,-0.07225,-0.09315,-0.13369,-0.11764,-0.19106,-0.18079,-0.21972,8.13951,-0.16763,-0.17958,-1.59422,-0.51986,-1.40448,-0.92396,-1.12564,2.1867,5.06597,-0.23498,-0.87851,0.06646,-0.79504,-0.22454,2.02816,-0.1838,-0.16751,-0.16481,-0.4015,-0.22001,1.07017,-0.19169,-1.01935,-0.1022,0.31607,-0.37589,0.71479,-0.28071,-0.21525,-0.33035,-0.30461,-0.17555,-0.2232,-0.74683,-0.13726,-0.23907,-0.24428,-0.59064,1.65351,0.50734,-0.37007,-0.2663,-0.10657,0.56441,0.23323,-1.03167,-1.51588,-0.76431,-0.08791,-1.19914,0.73857,-0.22407,0.3561,-0.202,0.73019,-0.22085,-0.13176,-0.34661,1
positive29,-0.10083,-0.18282,-0.20311,-0.14714,-0.0579,-0.08196,-0.1289,-0.1124,-0.17368,-0.1753,-0.20355,-0.09401,-0.13745,-0.15927,-0.68451,2.25431,0.34685,-0.0,0.79291,-1.5276,-0.1787,-0.22505,0.76759,0.37421,0.50639,-0.22454,0.14579,-0.1838,-0.15997,-0.13022,1.08105,-0.19801,0.93324,-0.19169,-1.01935,-0.09116,-0.75649,-0.55375,0.52877,-0.28071,-0.21525,-0.41645,-0.30461,-0.16336,-0.2232,-0.26244,1.28034,-0.23907,-0.24428,-0.59064,0.49484,0.17634,-1.57567,-0.2616,-0.10657,-0.62938,0.38474,-1.87446,-1.51588,1.60754,0.21309,-1.9324,0.66239,-0.19529,2.45869,-0.202,0.73019,-0.17942,-0.11515,-1.70381,1
positive30,-0.13671,-0.20317,-0.22436,-0.17438,-0.10878,-0.12167,-0.14589,-0.13098,-0.23533,3.71793,-0.26091,-0.16009,2.14473,3.38621,1.22156,1.14951,0.34685,0.86646,0.79291,-1.37753,-0.24192,-0.26029,1.63262,-0.21938,1.80782,7.4628,-0.9666,-0.1838,-0.18672,-0.25291,-0.83665,-0.27606,-0.52732,-0.19169,-1.01935,-0.13034,0.42268,0.80982,-0.52539,-0.28071,-0.21525,-0.8471,-0.30461,-0.20662,-0.2232,-0.30187,1.03403,-0.23907,-0.24428,0.85606,0.14018,0.29029,-0.18501,-0.27826,-0.10657,0.32467,-0.8204,0.02183,-0.55956,0.96616,-1.87257,-0.00577,0.09233,-0.2974,-0.812,-0.202,0.73019,-0.32637,2.78453,-0.11238,1
positive31,-0.14053,-0.20534,-0.22663,-0.17728,-0.11419,-0.1259,-0.1477,-0.13296,-0.24189,-0.19685,-0.26701,-0.16713,-0.25589,-0.23897,-0.19203,1.60044,0.25467,0.33262,0.69193,-0.03477,-0.24865,-0.26404,0.82974,-0.36534,2.26714,-0.22454,-0.9666,-0.1838,-0.18957,-0.26597,-1.45261,-0.28436,-0.19101,-0.19169,-0.25904,-0.13451,-0.75649,-0.18867,-0.55803,-0.28071,2.47062,-0.35868,-0.30461,-0.21123,-0.2232,-0.49326,1.10678,-0.23907,-0.24428,-0.59064,1.08447,-0.97232,-0.91462,-0.28003,-0.10657,0.95072,-1.16851,0.48536,0.7421,0.09628,-1.09112,-0.19325,-0.30493,-0.30826,1.38368,-0.202,0.73019,-0.34201,-0.18033,-0.80524,1
positive32,-0.10083,-0.18282,-0.20311,-0.14714,-0.0579,-0.08196,-0.1289,-0.1124,-0.17368,-0.1753,-0.20355,-0.09401,-0.13745,-0.15927,-1.46426,1.62764,1.39765,-0.08213,-0.74193,-0.17695,-0.1787,-0.22505,-1.20802,0.23962,-0.79504,-0.22454,-0.9666,-0.1838,-0.15997,-0.13022,-1.11916,-0.19801,2.57638,-0.19169,0.42525,-0.09116,-0.75649,-0.55375,0.52877,-0.28071,-0.21525,-0.51778,-0.30461,-0.16336,-0.2232,-0.47552,0.15798,-0.23907,-0.24428,3.1708,-1.67345,-1.20468,0.73473,-0.2616,-0.10657,-0.66099,-1.48743,-1.9166,-0.61269,-0.29608,1.44447,-0.17614,-0.26796,-0.19529,1.25721,-0.202,0.73019,-0.17942,-0.11515,1.77107,1
positive33,-0.12018,-0.19379,-0.21457,-0.16183,-0.08533,-0.10337,-0.13806,-0.12242,-0.20692,-0.1858,-0.23447,-0.12964,-0.19517,-0.19811,0.54082,-0.51986,-0.15353,-0.92396,0.24475,0.016,-0.21279,-0.24405,-0.36774,1.00935,-0.79504,-0.22454,-0.26662,-0.1838,-0.17439,-0.19637,0.83142,-0.24009,-0.59252,-0.19169,-1.01935,-0.11228,0.30271,-0.62997,-0.74685,-0.28071,-0.21525,0.80747,-0.30461,-0.18668,-0.2232,-0.60869,-0.02183,-0.23907,-0.24428,-0.59064,-1.46868,0.18594,-0.25159,-0.27059,-0.10657,-2.13249,-0.1742,-1.11594,0.98527,-0.78238,1.31193,0.53657,-0.92307,-0.25034,1.42885,-0.202,-1.36951,-0.25865,-0.14692,1.01159,1
positive34,-0.10602,-0.18576,-0.20618,-0.15107,-0.06525,-0.08769,-0.13135,-0.11509,-0.18259,-0.17811,-0.21183,-0.10355,-0.15292,-0.16968,-0.82628,1.82936,-0.13079,0.15809,0.26967,0.80535,5.33152,-0.23014,0.0822,0.04089,-0.79504,-0.22454,0.91723,-0.1838,-0.16384,-0.14795,0.66212,-0.20929,1.38137,-0.19169,-1.01935,-0.09682,-0.75649,2.21111,3.42066,-0.28071,5.1565,-1.26953,-0.30461,-0.16961,-0.2232,-0.0322,-0.20882,-0.23907,-0.24428,-0.59064,0.47844,0.02565,-0.49799,-0.26401,-0.10657,-1.51215,0.53227,-1.83232,0.10986,-0.64729,2.11914,2.04294,0.2058,-0.21004,2.67714,-0.202,0.73019,-0.20065,-0.12366,1.09601,1
positive35,-0.14425,-0.20744,-0.22883,-0.18011,-0.11946,-0.13001,-0.14945,-0.13489,-0.24827,-0.19886,-0.27295,-0.17397,-0.26697,-0.24643,-1.46426,0.96565,0.52198,-0.92396,-0.74193,0.49838,3.74897,-0.26769,-0.50312,-1.60319,-0.79504,-0.22454,2.01139,4.13545,-0.19234,-0.27867,0.11609,-0.29244,1.34403,-0.19169,-1.01935,-0.13857,0.29154,1.58053,-0.86644,-0.28071,-0.21525,1.65994,-0.30461,-0.21571,-0.2232,0.9592,0.63262,2.22314,-0.24428,1.91698,-0.45158,-0.19697,-0.70954,-0.28176,-0.10657,0.96055,1.16194,2.25523,-1.08805,1.49708,-0.24738,1.05148,0.62064,-0.31883,1.25721,-0.202,0.73019,-0.35722,-0.18643,-1.11989,1
positive36,-0.14425,-0.20744,3.80987,-0.18011,-0.11946,-0.13001,-0.14945,-0.13489,-0.24827,-0.19886,-0.27295,-0.17397,-0.26697,-0.24643,-1.07439,-0.51986,0.52198,-0.92396,-0.93378,1.17371,-0.25519,-0.26769,-1.04279,0.05216,-0.79504,-0.22454,1.31824,-0.1838,-0.19234,-0.27867,-0.07223,-0.29244,0.93324,-0.19169,0.42525,-0.13857,0.3434,-0.82053,-0.5874,-0.28071,-0.21525,-0.27546,2.22944,-0.21571,-0.2232,-1.69703,-0.27052,-0.23907,2.63255,0.66317,-1.48665,0.47674,0.35927,-0.28176,-0.10657,-0.9632,1.45682,1.83383,-0.2324,0.51361,-0.88936,-0.83378,0.23194,-0.31883,0.95684,-0.202,0.73019,-0.35722,-0.18643,0.06744,1
positive37,-0.12453,-0.19626,-0.21715,-0.16513,-0.0915,-0.10818,-0.14012,-0.12467,-0.21439,-0.18816,3.99133,-0.13765,-0.20814,-0.20684,0.875,-0.51986,-0.23693,-0.42708,0.15339,-1.07738,-0.22045,-0.24832,0.57686,1.11915,-0.79504,-0.22454,-0.18199,-0.1838,-0.17764,-0.21124,-0.29897,-0.24955,-0.16218,5.3648,-1.01935,-0.11703,0.38546,0.69125,1.45891,-0.28071,5.1565,0.34635,-0.30461,-0.19193,-0.2232,0.00416,0.43753,-0.23907,-0.24428,-0.59064,-0.71044,-0.6525,-0.42382,-0.2726,-0.10657,0.68212,1.2027,-0.69455,0.22599,-0.46573,-0.29406,-1.40757,1.24944,-0.26272,-0.34476,-0.202,-1.36951,-0.27646,-0.15406,-0.56563,1
positive38,-0.12453,-0.19626,-0.21715,-0.16513,-0.0915,-0.10818,-0.14012,-0.12467,-0.21439,-0.18816,-0.24143,7.1771,-0.20814,-0.20684,-0.68451,-0.51986,-1.40448,-0.92396,-1.12564,1.17371,4.44426,-0.24832,0.11964,-0.05399,-0.79504,-0.22454,1.67743,-0.1838,-0.17764,-0.21124,0.43901,-0.24955,0.38553,-0.19169,-1.01935,-0.11703,0.33492,-0.37589,-0.77343,-0.28071,-0.21525,-0.52435,-0.30461,-0.19193,-0.2232,-0.7351,0.31105,-0.23907,-0.24428,-0.59064,1.44277,0.71607,-0.38249,-0.2726,-0.10657,0.92378,0.77342,-0.31529,-0.93526,0.00788,-0.96671,-1.15958,0.27367,-0.26272,0.45622,-0.202,-1.36951,-0.27646,-0.15406,-0.84763,1
positive39,-0.12872,-0.19864,-0.21963,-0.16832,-0.09745,-0.11283,-0.1421,-0.12685,-0.2216,-0.19043,-0.24813,-0.14537,-0.22066,-0.21526,-1.75667,-0.51986,-1.18556,-0.92396,-0.88582,-0.34578,-0.22784,-0.25244,-0.41774,-0.56987,-0.05136,-0.22454,0.42344,-0.1838,-0.18076,-0.22558,-1.11325,-0.25868,1.75481,-0.19169,-0.11648,-0.12161,-0.75649,1.51383,0.94733,-0.28071,-0.21525,-0.17856,-0.30461,-0.19699,-0.2232,-0.142,0.83385,-0.23907,-0.24428,-0.59064,-1.50762,-1.29925,1.15503,-0.27455,-0.10657,-0.50819,-0.02227,0.06397,-0.97397,-0.23465,-0.56205,-0.6239,0.00097,-0.27466,0.73156,-0.202,0.73019,-0.29364,-0.16094,-0.87437,1
positive40,-0.12872,-0.19864,-0.21963,-0.16832,-0.09745,-0.11283,-0.1421,-0.12685,3.07461,-0.19043,-0.24813,-0.14537,-0.22066,-0.21526,1.65475,-0.51986,-1.40448,0.8336,-1.12564,0.0763,-0.22784,-0.25244,2.48704,-0.80796,2.17965,-0.22454,0.96947,-0.1838,-0.18076,-0.22558,-0.97093,-0.25868,-0.81259,-0.19169,-1.01935,-0.12161,-0.75649,0.84687,-0.09908,-0.28071,-0.21525,-0.27393,-0.30461,-0.19699,3.92909,-1.04226,0.33973,-0.23907,-0.24428,-0.59064,0.32462,0.02535,-1.18075,-0.27455,-0.10657,-0.82051,-1.5707,-1.15808,3.36136,-0.56639,0.30835,0.90878,-1.07429,-0.27466,-0.39482,-0.202,-1.36951,-0.29364,-0.16094,-0.63676,1
positive41,-0.09535,-0.17971,-0.19986,-0.14297,-0.05013,-0.07589,-0.1263,-0.10956,-0.16426,-0.17232,-0.19478,-0.08391,-0.1211,-0.14827,-0.51123,-0.51986,-0.62611,-0.92396,-0.69929,-1.37753,-0.16905,-0.21967,1.06559,2.63283,-0.79504,-0.22454,0.34532,-0.1838,-0.15588,-0.11148,-2.67484,-0.18609,3.12409,-0.19169,-1.01935,-0.08517,-0.75649,-0.37589,0.71479,-0.28071,-0.21525,1.11021,-0.30461,-0.15675,-0.2232,-3.21325,1.49283,-0.23907,-0.24428,-0.59064,-1.28732,0.28987,-0.61898,-0.25906,-0.10657,-1.63245,1.29107,-2.21158,-0.49979,0.64709,-2.36812,-1.69177,-1.03997,-0.17969,0.85672,-0.202,0.73019,-0.15697,-0.10615,-1.70381,1
positive42,-0.08952,-0.1764,-0.19641,-0.13854,-0.04186,-0.06943,-0.12354,-0.10654,-0.15423,-0.16915,-0.18545,-0.07316,-0.10369,-0.13655,-0.29463,-0.51986,1.22251,-0.92396,-0.646,-1.18994,-0.15876,-0.21394,0.3572,1.41232,-0.79504,-0.22454,-0.9666,-0.1838,-0.15153,-0.09152,-1.00467,-0.17339,-0.29911,-0.19169,-1.01935,-0.0788,0.15497,-0.82053,0.24972,-0.28071,-0.21525,2.43723,-0.30461,-0.14971,10.57277,-0.31853,-0.16773,-0.23907,-0.24428,-0.59064,0.53538,0.48434,-0.0233,-0.25635,-0.10657,-0.51975,-1.10379,-2.63297,-0.35463,1.04235,0.34386,1.46826,-1.49881,-0.16308,1.10702,-0.202,0.73019,-0.13307,-0.09657,0.43028,1
positive43,-0.12453,-0.19626,-0.21715,-0.16513,-0.0915,-0.10818,-0.14012,-0.12467,-0.21439,-0.18816,-0.24143,-0.13765,-0.20814,-0.20684,0.35516,1.42145,0.23009,-0.08829,0.665,-0.17695,-0.22045,-0.24832,0.41426,-1.23301,0.80672,-0.22454,0.59026,-0.1838,-0.17764,4.31533,-0.59354,-0.24955,0.93324,-0.19169,-0.05628,-0.11703,-0.75649,-1.79874,-0.77343,-0.28071,-0.21525,-1.11707,-0.30461,-0.19193,-0.2232,-0.01837,1.21636,-0.23907,-0.24428,1.29008,-0.92373,-0.44172,-0.58498,-0.2726,-0.10657,-0.58747,-0.73634,0.02183,-1.51588,0.41468,-1.42155,0.59176,0.61117,-0.26272,0.05573,-0.202,0.73019,-0.27646,-0.15406,-0.43679,1
positive44,-0.14425,-0.20744,-0.22883,-0.18011,-0.11946,-0.13001,-0.14945,-0.13489,-0.24827,-0.19886,-0.27295,-0.17397,-0.26697,-0.24643,-1.85414,2.57252,1.74791,-0.92396,0.4092,0.16072,-0.25519,-0.26769,-0.49965,2.26517,-0.79504,-0.22454,6.47383,-0.1838,-0.19234,-0.27867,-3.56374,6.29886,4.21951,-0.19169,-1.01935,-0.13857,-0.75649,-1.88767,-0.86644,-0.28071,-0.21525,-0.68816,2.22944,-0.21571,2.95208,3.13962,1.31654,-0.23907,-0.24428,3.1708,0.98021,0.71514,-0.68477,-0.28176,-0.10657,-0.21173,-1.2349,2.71876,-1.51588,1.54252,-2.99233,4.26931,-0.22725,-0.31883,0.95684,-0.202,0.73019,-0.35722,-0.18643,-1.70381,1
positive45,-0.12453,-0.19626,-0.21715,-0.16513,-0.0915,-0.10818,-0.14012,-0.12467,-0.21439,-0.18816,-0.24143,-0.13765,-0.20814,-0.20684,-1.72418,-0.51986,2.09818,0.4168,2.71145,1.62393,-0.22045,-0.24832,-1.49588,-1.94305,-0.79504,-0.22454,0.18339,-0.1838,-0.17764,-0.21124,0.84525,-0.24955,0.38553,-0.19169,-0.05628,-0.11703,0.30685,-1.08732,-0.02932,-0.28071,-0.21525,-0.6677,-0.30461,-0.19193,-0.2232,0.07118,0.02547,-0.23907,-0.24428,-0.59064,2.6419,0.95972,-0.25445,-0.2726,-0.10657,-0.68555,0.87731,-0.06245,-0.35463,-1.37922,-0.54565,1.33077,0.01951,-0.26272,-0.34476,5.03431,0.73019,-0.27646,-0.15406,0.06899,1
positive46,-0.13671,-0.20317,4.0453,-0.17438,-0.10878,-0.12167,-0.14589,-0.13098,-0.23533,-0.19477,-0.26091,-0.16009,-0.24449,-0.2313,-1.37762,0.89665,-0.04233,-0.92396,0.15339,1.62393,-0.24192,-0.26029,-1.06596,-0.101,-0.14432,-0.22454,0.73739,-0.1838,-0.18672,-0.25291,0.34893,-0.27606,0.38553,-0.19169,1.38832,-0.13034,-0.75649,1.40267,2.57507,-0.28071,-0.21525,-1.18162,-0.30461,-0.20662,-0.2232,0.46571,-0.58651,-0.23907,2.99216,0.85606,-0.11459,1.01715,-0.34768,-0.27826,-0.10657,-0.15104,0.79156,1.53885,-1.03772,0.51524,0.59117,-0.41764,1.00485,-0.2974,-0.47826,-0.202,0.73019,-0.32637,-0.17406,-1.08473,1
positive47,-0.12453,-0.19626,-0.21715,-0.16513,-0.0915,-0.10818,-0.14012,-0.12467,3.19751,-0.18816,-0.24143,-0.13765,-0.20814,-0.20684,0.875,-0.51986,-0.70395,-0.92396,-0.86983,-1.07738,-0.22045,3.65197,1.62638,0.25837,1.6076,-0.22454,-0.24741,-0.1838,-0.17764,-0.21124,1.01308,-0.24955,-0.16218,-0.19169,-1.01935,-0.11703,-0.75649,1.75839,-0.40137,-0.28071,-0.21525,-0.06712,-0.30461,-0.19193,4.27512,0.57759,1.0189,-0.23907,-0.24428,-0.59064,-0.10402,-0.22397,-0.91925,-0.2726,-0.10657,-0.58768,0.16371,-0.73669,-0.35463,2.07947,-0.65216,0.31725,-0.36258,-0.26272,-0.34476,-0.202,-1.36951,-0.27646,-0.15406,-0.92525,1
positive48,-0.12453,-0.19626,-0.21715,-0.16513,-0.0915,-0.10818,-0.14012,-0.12467,-0.21439,-0.18816,3.99133,-0.13765,-0.20814,-0.20684,-0.16467,-0.51986,-0.00342,-0.92396,0.4092,0.72349,-0.22045,-0.24832,-0.51927,-1.1904,-0.79504,-0.22454,0.23091,-0.1838,-0.17764,-0.21124,0.25461,-0.24955,0.38553,-0.19169,-0.05628,-0.11703,0.30217,-0.7316,-0.77343,-0.28071,-0.21525,-1.10484,-0.30461,-0.19193,-0.2232,-0.85444,-0.23901,-0.23907,-0.24428,-0.59064,1.84652,-0.09574,0.40165,-0.2726,-0.10657,0.14531,0.09988,-0.18887,-0.35463,-0.42299,-0.81186,0.1874,0.22084,-0.26272,0.05573,-0.202,-1.36951,-0.27646,-0.15406,-0.3553,1
positive49,-0.12453,-0.19626,-0.21715,-0.16513,-0.0915,-0.10818,-0.14012,-0.12467,3.19751,-0.18816,-0.24143,-0.13765,-0.20814,-0.20684,0.35516,-0.51986,-0.47044,-0.92396,-0.10241,-1.07738,4.44426,-0.24832,-0.23602,-0.29276,0.00584,-0.22454,-0.18443,-0.1838,-0.17764,-0.21124,2.51045,-0.24955,-1.2576,-0.19169,-1.01935,-0.11703,0.3556,1.40267,-0.77343,-0.28071,-0.21525,1.64909,-0.30461,-0.19193,-0.2232,1.80318,-0.1863,-0.23907,-0.24428,-0.59064,-0.10554,-1.17869,-0.84767,-0.2726,-0.10657,-0.317,-0.27416,-0.61027,1.38724,-0.18978,1.40624,1.42298,-3.1513,-0.26272,-0.74525,-0.202,0.73019,-0.27646,-0.15406,-1.30852,1
positive50,-0.14425,-0.20744,-0.22883,-0.18011,-0.11946,-0.13001,-0.14945,-0.13489,-0.24827,-0.19886,3.36042,-0.17397,-0.26697,-0.24643,-0.29463,0.72862,-0.35368,-0.92396,-0.35822,-0.17695,-0.25519,-0.26769,0.12804,0.52332,-0.79504,-0.22454,0.53542,-0.1838,-0.19234,-0.27867,0.3935,-0.29244,0.93324,-0.19169,0.42525,-0.13857,-0.75649,-0.82053,-0.5874,-0.28071,-0.21525,0.22944,-0.30461,-0.21571,-0.2232,-0.72614,0.91748,-0.23907,-0.24428,-0.59064,0.07068,0.72949,-0.35986,-0.28176,-0.10657,-1.22584,0.99352,1.45457,0.19543,1.32774,-0.38115,0.26469,-0.01993,-0.31883,-0.84538,-0.202,0.73019,-0.35722,-0.18643,-1.326,1
positive51,-0.14425,-0.20744,-0.22883,-0.18011,-0.11946,-0.13001,-0.14945,-0.13489,-0.24827,-0.19886,-0.27295,-0.17397,-0.26697,-0.24643,0.48512,-0.51986,-0.35368,0.78433,-0.55007,0.16072,-0.25519,-0.26769,-0.07343,0.36254,0.36179,-0.22454,0.17216,-0.1838,-0.19234,-0.27867,0.44446,-0.29244,0.11168,-0.19169,-1.01935,-0.13857,0.36737,0.51339,1.08685,-0.28071,-0.21525,-0.86616,-0.30461,3.89495,-0.2232,0.97846,0.45987,-0.23907,-0.24428,0.66317,-0.90956,0.71006,-0.25021,-0.28176,-0.10657,0.67258,0.21592,1.1596,-0.66023,0.37301,0.5716,-0.12842,0.19293,-0.31883,-0.84538,-0.202,-1.36951,-0.35722,-0.18643,-0.87163,1
positive52,-0.12453,-0.19626,-0.21715,-0.16513,-0.0915,-0.10818,-0.14012,-0.12467,-0.21439,4.12343,-0.24143,-0.13765,-0.20814,-0.20684,0.35516,-0.51986,-0.70395,1.75961,-0.86983,-1.07738,-0.22045,-0.24832,-0.413,-1.77016,0.00584,-0.22454,0.53184,-0.1838,-0.17764,4.31533,0.45122,-0.24955,0.38553,-0.19169,-1.01935,-0.11703,0.37347,0.33553,1.08685,-0.28071,-0.21525,-0.43029,-0.30461,-0.19193,-0.2232,-0.92841,0.36496,-0.23907,-0.24428,-0.59064,-0.2064,1.63116,1.02837,-0.2726,-0.10657,-0.00677,1.02058,-0.23101,-0.93526,0.74523,1.05352,1.23644,1.7324,-0.26272,2.05819,-0.202,0.73019,3.33793,3.10616,-1.38715,1
positive53,-0.12453,-0.19626,-0.21715,-0.16513,-0.0915,-0.10818,-0.14012,-0.12467,-0.21439,-0.18816,-0.24143,-0.13765,-0.20814,-0.20684,1.39484,-0.51986,-1.40448,-0.92396,-1.12564,0.72349,-0.22045,-0.24832,-0.14225,0.72115,3.20935,-0.22454,-0.9666,-0.1838,-0.17764,-0.21124,-0.93411,-0.24955,-2.35302,-0.19169,0.90678,-0.11703,-0.75649,-0.02018,-0.77343,-0.28071,-0.21525,-1.82257,-0.30461,-0.19193,-0.2232,1.91338,0.2781,-0.23907,-0.24428,-0.59064,1.50389,-2.70536,0.23781,3.41445,-0.10657,-1.06969,-1.40064,-0.82097,2.54849,-0.96597,-0.53214,0.50865,-2.17258,-0.26272,0.85672,-0.202,-1.36951,-0.27646,-0.15406,1.13634,1
positive54,-0.09535,-0.17971,-0.19986,-0.14297,-0.05013,-0.07589,-0.1263,-0.10956,-0.16426,-0.17232,-0.19478,-0.08391,-0.1211,-0.14827,-0.51123,-0.51986,-1.40448,-0.92396,-1.12564,-0.62717,6.00178,-0.21967,-0.09269,1.91274,-0.79504,-0.22454,1.40222,-0.1838,-0.15588,-0.11148,-0.89391,-0.18609,0.38553,-0.19169,-1.01935,-0.08517,-0.75649,-0.96875,0.0947,-0.28071,5.1565,0.7748,-0.30461,-0.15675,-0.2232,-1.30177,1.17903,-0.23907,-0.24428,4.11116,0.2556,-0.63412,-1.10367,-0.25906,-0.10657,-0.33705,-0.76472,-2.25371,-1.51588,1.3246,0.14087,-0.04722,2.92485,-0.17969,0.85672,-0.202,0.73019,-0.15697,-0.10615,-1.70381,1
positive55,-0.11095,-0.18856,-0.2091,-0.15482,-0.07225,-0.09315,-0.13369,-0.11764,-0.19106,-0.18079,-0.21972,-0.11264,2.80257,-0.17958,-0.29463,-0.51986,-0.23693,-0.92396,-0.16636,0.49838,-0.19653,-0.23498,0.58658,0.38179,-0.79504,-0.22454,0.63811,-0.1838,6.51302,-0.16481,-0.64613,-0.22001,1.07017,-0.19169,0.18448,-0.1022,-0.75649,-1.26517,-0.68042,-0.28071,-0.21525,-1.28236,-0.30461,-0.17555,-0.2232,0.75075,0.25184,-0.23907,-0.24428,-0.59064,0.55499,0.56709,-0.08455,-0.2663,-0.10657,-0.65531,-0.58876,-1.15808,-0.77691,0.80553,-1.124,-1.63371,-0.88619,-0.22407,-0.64513,-0.202,0.73019,-0.22085,-0.13176,0.97005,1
positive56,-0.12453,-0.19626,-0.21715,-0.16513,-0.0915,-0.10818,-0.14012,-0.12467,-0.21439,-0.18816,-0.24143,-0.13765,-0.20814,-0.20684,0.875,-0.51986,-1.40448,-0.92396,-1.12564,0.72349,-0.22045,-0.24832,0.21603,0.09885,2.40848,-0.22454,-0.9666,-0.1838,-0.17764,-0.21124,-0.1393,-0.24955,-2.35302,-0.19169,-0.05628,-0.11703,-0.75649,0.33553,-0.77343,-0.28071,-0.21525,-1.62294,-0.30461,-0.19193,-0.2232,1.48728,0.82906,1.4024,-0.24428,-0.59064,0.08539,-1.08853,-0.61912,3.41445,-0.10657,-0.65493,-0.47792,-1.0738,2.54849,-1.35035,0.37189,0.46207,-0.87279,-0.26272,-0.34476,-0.202,-1.36951,-0.27646,-0.15406,0.2059,1
positive57,-0.15821,-0.21536,-0.23709,-0.19071,-0.13925,-0.14547,-0.15606,-0.14211,-0.27226,-0.20644,-0.29527,-0.19968,-0.30861,-0.27445,0.68006,0.78544,0.63874,-0.06365,1.11266,-0.34578,-0.27979,-0.2814,-0.1095,0.27335,1.09795,2.46603,1.12685,-0.1838,-0.20274,-0.3264,-0.86546,-0.32281,0.72785,3.09169,0.18448,-0.15381,0.38118,0.06875,-0.68042,-0.28071,-0.21525,-0.4228,-0.30461,-0.23254,-0.2232,0.25274,0.04577,-0.23907,-0.24428,0.39921,-1.3248,-0.37931,-0.12757,-0.28824,-0.10657,1.06383,-0.06809,2.80304,-1.16246,-0.10476,-1.48729,-0.24642,-0.05166,-0.35856,-0.14452,-0.202,-1.36951,2.40552,-0.20935,-0.3027,1
positive58,-0.12872,-0.19864,4.32577,-0.16832,-0.09745,-0.11283,-0.1421,-0.12685,-0.2216,-0.19043,-0.24813,-0.14537,-0.22066,-0.21526,0.68006,1.21445,0.12793,1.60356,0.55309,0.0763,-0.22784,-0.25244,0.45966,-1.20148,-0.05136,-0.22454,0.42426,-0.1838,-0.18076,-0.22558,-1.31928,-0.25868,0.21437,-0.19169,0.7864,-0.12161,-0.75649,-0.48705,-0.44788,-0.28071,-0.21525,0.03759,-0.30461,-0.19699,-0.2232,-1.97768,0.12746,-0.23907,-0.24428,-0.59064,0.1961,0.30783,-0.2612,-0.27455,-0.10657,-0.66941,1.1075,-0.14673,0.65178,0.32382,-1.35814,0.18663,-0.3798,-0.27466,-0.77029,-0.202,0.73019,-0.29364,-0.16094,-0.28287,1
positive59,-0.14425,-0.20744,-0.22883,4.99754,-0.11946,-0.13001,-0.14945,-0.13489,-0.24827,-0.19886,-0.27295,6.10497,-0.26697,-0.24643,-0.68451,-0.51986,0.87225,1.17239,-0.93378,0.16072,-0.25519,-0.26769,0.65213,0.03001,0.36179,-0.22454,-0.9666,-0.1838,-0.19234,-0.27867,1.48929,-0.29244,-0.70989,-0.19169,-1.01935,-0.13857,-0.75649,-1.08732,-0.02932,-0.28071,-0.21525,-0.88063,-0.30461,-0.21571,-0.2232,-0.13494,1.20415,-0.23907,-0.24428,0.66317,0.9699,-0.66753,-1.69159,-0.28176,-0.10657,0.24383,-1.16366,0.78034,-0.2324,0.87377,0.8091,1.35121,0.17871,-0.31883,-0.54501,-0.202,0.73019,-0.35722,-0.18643,-0.91096,1
positive60,-0.14053,-0.20534,-0.22663,-0.17728,-0.11419,-0.1259,-0.1477,-0.13296,-0.24189,-0.19685,-0.26701,-0.16713,-0.25589,-0.23897,0.21836,-0.51986,0.99208,-0.92396,-0.92368,-0.03477,-0.24865,3.17569,-0.64655,-1.63888,0.42984,-0.22454,0.09127,-0.1838,-0.18957,-0.26597,-0.09603,-0.28436,0.2414,-0.19169,1.2616,-0.13451,0.29504,0.09215,-0.2643,-0.28071,-0.21525,1.41502,-0.30461,-0.21123,-0.2232,-1.77253,-1.25155,-0.23907,2.80178,-0.59064,0.19219,-0.48555,0.36134,-0.28003,-0.10657,-0.76769,0.45457,0.9489,0.7421,-0.41432,0.47759,-0.08635,-0.95503,-0.30826,-0.51339,-0.202,0.73019,-0.34201,-0.18033,-0.11647,1
positive61,-0.09535,-0.17971,-0.19986,-0.14297,-0.05013,-0.07589,-0.1263,-0.10956,-0.16426,-0.17232,-0.19478,-0.08391,-0.1211,-0.14827,0.35516,-0.51986,2.09818,-0.92396,2.71145,-2.12789,-0.16905,-0.21967,2.4728,0.25953,5.15434,10.53773,-0.9666,-0.1838,-0.15588,-0.11148,-0.68293,-0.18609,-1.44017,-0.19169,-1.01935,-0.08517,-0.75649,0.80982,0.0947,-0.28071,-0.21525,-0.81263,-0.30461,-0.15675,-0.2232,-0.45214,1.49228,-0.23907,-0.24428,-0.59064,2.1736,-0.22043,-0.97275,-0.25906,-0.10657,-0.46853,-0.84808,-2.59083,-1.51588,2.20344,-1.18592,0.65854,1.74213,-0.17969,-0.47826,-0.202,0.73019,-0.15697,-0.10615,-1.70381,1
positive62,-0.12453,-0.19626,-0.21715,-0.16513,-0.0915,-0.10818,-0.14012,-0.12467,-0.21439,-0.18816,3.99133,7.1771,2.42466,-0.20684,0.875,-0.51986,-0.93746,-0.92396,-0.61402,0.27327,-0.22045,-0.24832,1.45577,0.43864,0.00584,-0.22454,-0.23211,-0.1838,-0.17764,-0.21124,-1.15558,-0.24955,-0.70989,-0.19169,-0.05628,-0.11703,0.41263,-0.37589,-0.77343,-0.28071,-0.21525,-0.40814,-0.30461,-0.19193,-0.2232,-0.55072,-1.07596,-0.23907,-0.24428,-0.59064,1.35847,1.59693,0.11892,-0.2726,-0.10657,-0.28316,-0.50622,-0.65241,1.38724,-0.55437,-0.61602,0.12611,-1.04536,-0.26272,0.05573,-0.202,0.73019,3.33793,-0.15406,-0.12838,1
positive63,-0.12872,-0.19864,-0.21963,-0.16832,-0.09745,-0.11283,-0.1421,-0.12685,-0.2216,-0.19043,-0.24813,-0.14537,-0.22066,-0.21526,0.19271,-0.51986,1.0036,1.29558,1.51236,0.49838,-0.22784,-0.25244,-0.1243,0.00461,-0.05136,-0.22454,1.64732,-0.1838,-0.18076,-0.22558,-0.41956,-0.25868,0.21437,-0.19169,0.7864,-0.12161,-0.75649,-0.15357,0.24972,-0.28071,-0.21525,-1.43526,-0.30461,-0.19699,-0.2232,0.45643,0.26061,-0.23907,3.45451,1.1191,0.68999,-0.94378,-0.18115,-0.27455,-0.10657,1.25374,0.34431,0.3168,-0.97397,-0.22755,-0.42843,-1.93745,-0.02838,-0.27466,-0.77029,-0.202,0.73019,3.19819,-0.16094,0.39786,1
positive64,-0.12453,4.30927,-0.21715,-0.16513,-0.0915,-0.10818,-0.14012,-0.12467,-0.21439,-0.18816,-0.24143,-0.13765,-0.20814,-0.20684,-0.68451,-0.51986,-0.47044,-0.92396,-0.10241,0.27327,-0.22045,-0.24832,-0.4517,1.04379,-0.79504,-0.22454,-0.9666,5.93513,5.74403,-0.21124,0.88594,-0.24955,-1.2576,-0.19169,-1.01935,-0.11703,3.94801,-0.37589,0.71479,-0.28071,-0.21525,1.23473,-0.30461,-0.19193,-0.2232,-0.11652,-3.06437,-0.23907,-0.24428,-0.59064,0.41754,4.08186,3.4208,-0.2726,-0.10657,0.32814,1.41642,0.14824,-0.35463,0.03465,0.29962,0.35217,0.81735,-0.26272,-0.74525,-0.202,0.73019,-0.27646,-0.15406,0.01408,1
positive65,-0.14053,-0.20534,-0.22663,-0.17728,-0.11419,-0.1259,-0.1477,-0.13296,-0.24189,-0.19685,-0.26701,-0.16713,-0.25589,-0.23897,-1.42322,-0.51986,1.54513,2.57679,-0.92368,1.03153,-0.24865,-0.26404,-0.69761,-0.20165,-0.79504,-0.22454,1.80145,-0.1838,-0.18957,-0.26597,-1.76265,-0.28436,2.40342,-0.19169,0.50128,-0.13451,0.30312,0.6538,1.7918,-0.28071,-0.21525,-0.89895,-0.30461,-0.21123,-0.2232,1.14276,-0.1075,-0.23907,-0.24428,0.75273,1.09747,1.70067,0.56679,-0.28003,-0.10657,1.85074,-0.61351,2.29737,-0.61269,0.16833,-1.27257,-0.32182,-0.19413,-0.30826,-0.51339,-0.202,0.73019,-0.34201,-0.18033,-0.50723,1
positive66,-0.13671,-0.20317,-0.22436,-0.17438,-0.10878,-0.12167,-0.14589,-0.13098,-0.23533,-0.19477,-0.26091,-0.16009,-0.24449,-0.2313,1.22156,-0.51986,0.34685,0.67961,-0.48612,-1.00235,-0.24192,-0.26029,1.31679,1.89875,-0.14432,-0.22454,-0.38624,-0.1838,-0.18672,-0.25291,1.80054,-0.27606,-0.07089,-0.19169,0.58576,-0.13034,-0.75649,1.10625,-0.83544,-0.28071,-0.21525,-0.25063,2.5462,-0.20662,-0.2232,0.03504,0.71843,-0.23907,-0.24428,-0.59064,-0.55542,-0.08091,-0.28094,-0.27826,-0.10657,-0.59433,-0.81731,0.14824,-0.55956,0.03133,0.42166,0.01541,-0.53699,-0.2974,-0.47826,-0.202,0.73019,-0.32637,-0.17406,0.58782,1
positive67,-0.10083,-0.18282,-0.20311,-0.14714,-0.0579,-0.08196,-0.1289,-0.1124,-0.17368,-0.1753,-0.20355,-0.09401,-0.13745,-0.15927,-0.68451,-0.51986,-1.05421,-0.92396,-0.74193,0.49838,-0.1787,-0.22505,-1.28546,-0.53921,0.50639,-0.22454,-0.9666,-0.1838,-0.15997,-0.13022,0.17563,-0.19801,-0.70989,-0.19169,-1.01935,-0.09116,1.26316,-0.02018,1.08685,-0.28071,-0.21525,1.0322,-0.30461,-0.16336,7.48821,-0.40948,-2.31503,-0.23907,-0.24428,-0.59064,-0.43703,0.90813,1.41703,-0.2616,-0.10657,1.66758,1.06038,-1.9166,1.1937,0.17544,-1.33686,0.90175,0.08364,-0.19529,0.05573,-0.202,0.73019,-0.17942,-0.11515,0.91189,1
positive68,-0.12453,-0.19626,-0.21715,-0.16513,-0.0915,-0.10818,-0.14012,-0.12467,-0.21439,-0.18816,-0.24143,-0.13765,-0.20814,-0.20684,-0.16467,-0.51986,-1.40448,0.24433,-1.12564,2.07414,-0.22045,-0.24832,-1.88837,0.68987,-0.79504,-0.22454,-0.9666,-0.1838,-0.17764,-0.21124,1.18455,-0.24955,-2.35302,-0.19169,0.90678,-0.11703,0.41469,-0.37589,0.71479,-0.28071,-0.21525,-1.59697,-0.30461,-0.19193,-0.2232,-0.26986,-1.52842,-0.23907,-0.24428,-0.59064,-0.97359,-0.91477,-0.38573,3.41445,-0.10657,-0.02572,0.68611,-0.65241,0.80661,-2.9433,1.22326,2.638,1.03063,-0.26272,-0.74525,-0.202,-1.36951,-0.27646,-0.15406,-0.29856,1
positive69,-0.12453,-0.19626,-0.21715,-0.16513,-0.0915,-0.10818,-0.14012,-0.12467,-0.21439,-0.18816,-0.24143,-0.13765,2.42466,-0.20684,1.91467,-0.51986,-0.00342,-0.92396,0.4092,-1.97782,-0.22045,-0.24832,2.59833,-1.74135,-0.79504,-0.22454,-0.9666,-0.1838,-0.17764,-0.21124,-0.47419,-0.24955,-0.16218,-0.19169,-1.01935,-0.11703,-0.75649,-0.7316,-0.77343,1.21521,-0.21525,2.3289,-0.30461,-0.19193,-0.2232,1.8883,1.48011,-0.23907,-0.24428,1.29008,-0.4798,0.02868,-1.0458,-0.2726,-0.10657,1.16592,0.10314,-1.41092,0.80661,0.61325,-0.03867,-0.30974,-0.34696,-0.26272,-0.34476,-0.202,-1.36951,-0.27646,-0.15406,0.03999,1
positive70,-0.13671,-0.20317,-0.22436,-0.17438,-0.10878,-0.12167,-0.14589,-0.13098,-0.23533,-0.19477,-0.26091,-0.16009,-0.24449,-0.2313,-1.37762,4.44604,-0.62611,0.62212,-0.69929,0.49838,-0.24192,-0.26029,0.13637,1.04036,-0.79504,-0.22454,3.01605,-0.1838,-0.18672,-0.25291,-0.89321,-0.27606,2.66766,-0.19169,-1.01935,-0.13034,-0.75649,-1.85803,-0.83544,-0.28071,-0.21525,-0.51926,-0.30461,-0.20662,-0.2232,0.63682,1.34491,-0.23907,-0.24428,-0.59064,0.72486,0.24463,-1.26993,-0.27826,-0.10657,0.31271,-0.0357,1.1596,-1.03772,1.35084,-0.30909,-0.67449,-0.12239,-0.2974,0.85672,-0.202,0.73019,-0.32637,-0.17406,-1.70381,1
positive71,-0.13671,-0.20317,-0.22436,-0.17438,-0.10878,-0.12167,-0.14589,-0.13098,-0.23533,-0.19477,-0.26091,-0.16009,-0.24449,-0.2313,-0.51123,0.89543,1.5144,0.77611,1.21925,0.49838,-0.24192,-0.26029,-0.90005,0.74022,-0.79504,-0.22454,0.73592,-0.1838,-0.18672,-0.25291,0.05003,-0.27606,1.75481,-0.19169,0.58576,-0.13034,0.35383,-1.85803,-0.83544,-0.28071,-0.21525,-1.3526,-0.30461,-0.20662,-0.2232,0.39612,-0.65259,-0.23907,2.99216,2.30277,1.3317,0.53688,0.24673,-0.27826,-0.10657,1.2647,0.83474,1.53885,-0.55956,0.18611,-0.0703,-0.32096,0.19886,-0.2974,-0.812,-0.202,0.73019,-0.32637,-0.17406,-0.66569,1
positive72,-0.15821,10.33014,-0.23709,-0.19071,-0.13925,-0.14547,-0.15606,-0.14211,-0.27226,-0.20644,-0.29527,-0.19968,-0.30861,-0.27445,2.62945,-0.51986,-0.38287,-0.92396,-0.00649,-0.90855,-0.27979,-0.2814,2.87531,-1.10576,-0.32179,-0.22454,-0.9666,-0.1838,-0.20274,-0.3264,1.73833,-0.32281,-2.0107,-0.19169,-1.01935,-0.15381,-0.75649,1.18035,-0.91295,1.21521,-0.21525,-0.23983,-0.30461,-0.23254,-0.2232,1.3668,0.64493,-0.23907,-0.24428,-0.59064,-0.5123,0.8387,-1.14585,-0.28824,-0.10657,-0.17985,0.16936,0.02183,-0.10219,0.52476,1.17496,2.52342,0.30827,-0.35856,-0.89544,-0.202,-1.36951,-0.41439,-0.20935,0.82511,1
positive73,-0.14053,-0.20534,3.92274,-0.17728,-0.11419,-0.1259,-0.1477,-0.13296,-0.24189,3.60561,-0.26701,-0.16713,-0.25589,-0.23897,-0.19203,-0.51986,0.99208,0.50098,1.49974,0.32066,-0.24865,3.17569,-1.2799,1.02468,-0.1826,-0.22454,-0.01728,-0.1838,-0.18957,-0.26597,1.21775,-0.28436,-0.19101,4.05739,-0.25904,-0.13451,2.38348,-0.18867,0.91061,-0.28071,5.1565,0.86915,-0.30461,-0.21123,-0.2232,-0.51885,-1.71754,-0.23907,-0.24428,0.75273,0.40881,-0.19445,1.82646,-0.28003,-0.10657,-0.56708,-0.10217,1.20174,-0.61269,-1.03497,1.28145,-0.2118,-0.49619,-0.30826,-0.19721,-0.202,-1.36951,-0.34201,-0.18033,0.35689,1
positive74,-0.16473,-0.21906,-0.24096,-0.19566,-0.1485,-0.15269,-0.15915,-0.14549,-0.28346,-0.20998,-0.3057,-0.21169,-0.32807,-0.28754,-0.44458,-0.51986,1.15516,2.43307,-0.68289,-1.31981,-0.29128,-0.2878,-0.41655,-0.17605,-0.36123,2.22143,-0.9666,-0.1838,-0.20761,-0.3487,-1.0808,-0.33699,0.49086,-0.19169,0.6475,-0.16094,0.34357,0.30817,-0.93084,-0.28071,-0.21525,-0.39119,-0.30461,-0.2404,2.12375,-0.84347,0.31245,-0.23907,-0.24428,-0.59064,-0.38222,0.70356,0.21543,-0.29127,-0.10657,-0.18655,-0.5489,3.85653,-0.54043,0.62764,-1.26261,0.09109,-0.23346,-0.37712,0.00952,-0.202,0.73019,-0.4411,-0.22006,1.15309,1
positive75,-0.13671,-0.20317,-0.22436,-0.17438,-0.10878,-0.12167,-0.14589,-0.13098,-0.23533,-0.19477,-0.26091,-0.16009,2.14473,-0.2313,0.35516,-0.51986,-1.20989,-0.92396,-0.91246,-1.00235,3.99123,-0.26029,0.8159,-0.1823,-0.14432,-0.22454,0.28771,-0.1838,-0.18672,-0.25291,0.00497,-0.27606,0.84196,-0.19169,-1.01935,-0.13034,0.37664,-0.96875,-0.52539,-0.28071,-0.21525,0.29662,-0.30461,-0.20662,-0.2232,0.33306,0.6697,-0.23907,-0.24428,0.85606,1.09079,-0.29537,0.81705,-0.27826,-0.10657,0.60095,-1.01047,0.3168,-0.0814,0.70546,-1.27712,-0.1713,-0.16345,-0.2974,-0.14452,-0.202,-1.36951,-0.32637,-0.17406,-0.78826,1
positive76,-0.12453,-0.19626,-0.21715,-0.16513,-0.0915,-0.10818,-0.14012,-0.12467,-0.21439,-0.18816,-0.24143,-0.13765,-0.20814,-0.20684,-1.72418,-0.51986,-0.00342,0.66319,0.4092,1.62393,-0.22045,-0.24832,-1.61398,-0.60929,0.00584,-0.22454,0.21545,-0.1838,-0.17764,-0.21124,-0.15399,-0.24955,-0.70989,-0.19169,2.83292,-0.11703,-0.75649,0.69125,-0.77343,-0.28071,-0.21525,-1.04127,-0.30461,-0.19193,-0.2232,-0.11075,-0.78269,-0.23907,-0.24428,-0.59064,-1.11777,1.29865,0.16522,-0.2726,-0.10657,-0.66763,1.82412,0.3168,-0.93526,-1.07935,-0.78753,-1.12012,-0.30099,-0.26272,0.05573,5.03431,-1.36951,-0.27646,-0.15406,0.43528,1
positive77,-0.14425,-0.20744,-0.22883,-0.18011,-0.11946,-0.13001,-0.14945,-0.13489,-0.24827,-0.19886,-0.27295,-0.17397,-0.26697,-0.24643,-0.68451,-0.51986,-0.35368,2.08402,-0.35822,-0.17695,3.74897,-0.26769,-1.23885,-0.45584,-0.21662,-0.22454,-0.08255,-0.1838,-0.19234,-0.27867,0.85227,-0.29244,0.93324,-0.19169,-0.29705,-0.13857,0.25831,-1.88767,-0.86644,-0.28071,-0.21525,-0.34652,-0.30461,-0.21571,-0.2232,0.11499,-0.00484,-0.23907,2.63255,1.91698,1.64476,0.34288,0.47837,-0.28176,-0.10657,0.58416,-0.98284,1.66527,-0.66023,0.5856,0.98748,-1.57791,0.22257,-0.31883,-0.84538,-0.202,0.73019,-0.35722,-0.18643,-0.97223,1
positive78,-0.12453,-0.19626,-0.21715,-0.16513,-0.0915,-0.10818,-0.14012,-0.12467,-0.21439,-0.18816,-0.24143,-0.13765,2.42466,-0.20684,-0.16467,-0.51986,0.93063,-0.92396,1.43242,-0.17695,-0.22045,-0.24832,-0.11735,-1.23594,-0.79504,4.6674,0.4254,-0.1838,-0.17764,4.31533,-0.69342,-0.24955,0.93324,-0.19169,-0.05628,-0.11703,0.3893,0.33553,0.34274,-0.28071,-0.21525,-0.77851,-0.30461,-0.19193,4.27512,-0.70884,0.01291,-0.23907,-0.24428,-0.59064,0.24557,1.28971,0.41916,-0.2726,-0.10657,0.20887,-0.81267,-0.06245,-0.93526,0.66837,-2.53873,-1.25392,-0.51477,-0.26272,-0.34476,-0.202,0.73019,3.33793,-0.15406,-0.18814,1
positive79,-0.12453,-0.19626,-0.21715,-0.16513,-0.0915,-0.10818,-0.14012,-0.12467,-0.21439,-0.18816,-0.24143,-0.13765,-0.20814,-0.20684,-0.16467,-0.51986,1.39765,0.17657,-0.10241,-0.17695,-0.22045,-0.24832,0.21927,-1.10489,-0.79504,-0.22454,0.56162,-0.1838,-0.17764,-0.21124,-0.74082,-0.24955,0.93324,-0.19169,-1.01935,-0.11703,0.37584,-1.44303,-0.77343,-0.28071,-0.21525,1.11097,3.20408,-0.19193,-0.2232,-1.50822,0.27666,-0.23907,-0.24428,-0.59064,-2.05847,0.59373,-0.37159,-0.2726,-0.10657,-0.97437,0.09556,-0.39957,-0.93526,-1.01344,-0.82996,-1.45316,-0.98859,3.50456,3.25967,-0.202,0.73019,-0.27646,-0.15406,-0.92525,1
positive80,-0.12872,-0.19864,-0.21963,-0.16832,-0.09745,-0.11283,-0.1421,-0.12685,-0.2216,-0.19043,-0.24813,-0.14537,-0.22066,-0.21526,-0.29463,-0.51986,0.12793,-0.92396,0.07345,0.49838,-0.22784,-0.25244,0.10973,-0.2886,-0.05136,-0.22454,0.3271,-0.1838,-0.18076,4.1475,-0.81242,-0.25868,0.21437,-0.19169,-0.11648,-0.12161,-0.75649,-1.15401,-0.79668,-0.28071,-0.21525,-0.7043,-0.30461,-0.19699,-0.2232,-0.55306,0.331,-0.23907,-0.24428,1.1191,0.23116,0.32983,-0.89893,-0.27455,-0.10657,0.69543,-0.80522,-0.02031,-0.43205,0.21527,-1.0579,0.59631,-0.29715,-0.27466,-0.77029,-0.202,0.73019,3.19819,-0.16094,-0.33204,1
positive81,-0.14787,-0.2095,-0.23097,-0.18285,-0.12459,-0.13402,-0.15117,-0.13676,-0.25449,-0.20083,-0.27874,-0.18063,-0.27776,-0.25369,-1.13008,0.70467,-0.40372,0.44144,-0.39476,1.94551,-0.26157,-0.27124,-1.13309,0.00437,-0.24707,-0.22454,2.96153,-0.1838,-0.19503,-0.29104,0.1278,-0.30031,2.34164,-0.19169,0.35646,-0.14252,0.32587,1.91083,3.10658,-0.28071,-0.21525,-1.01776,-0.30461,-0.22007,-0.2232,-0.29218,-0.54946,2.22314,2.48114,0.58481,-1.99997,0.73272,-0.06184,-0.28344,-0.10657,1.54679,2.10167,2.92946,-1.51588,-0.0095,0.25027,-0.90204,0.3036,2.8228,-0.85968,-0.202,0.73019,-0.37204,-0.19237,-1.27123,1
positive82,-0.14425,-0.20744,-0.22883,-0.18011,-0.11946,-0.13001,-0.14945,-0.13489,-0.24827,3.50218,-0.27295,-0.17397,-0.26697,-0.24643,0.09525,0.74445,-1.40448,0.97528,-1.12564,1.17371,-0.25519,-0.26769,-1.66088,0.45139,-0.79504,-0.22454,0.55429,-0.1838,-0.19234,3.60692,-0.69454,-0.29244,-0.29911,-0.19169,-0.29705,-0.13857,2.53206,-0.82053,-0.86644,-0.28071,-0.21525,-1.14621,-0.30461,-0.21571,-0.2232,-0.62882,-1.33008,-0.23907,-0.24428,-0.59064,-1.67683,1.12134,1.05381,-0.28176,-0.10657,-1.83582,1.4937,1.58099,-0.2324,-0.6442,0.03511,0.1164,-0.57533,-0.31883,-0.54501,-0.202,-1.36951,2.74536,-0.18643,0.36123,1
positive83,-0.12453,-0.19626,-0.21715,-0.16513,-0.0915,-0.10818,-0.14012,-0.12467,-0.21439,-0.18816,-0.24143,-0.13765,-0.20814,-0.20684,-2.24402,-0.51986,-1.40448,-0.92396,-1.12564,3.87502,-0.22045,-0.24832,-1.87087,-0.64141,-0.79504,-0.22454,0.24605,-0.1838,-0.17764,-0.21124,1.03316,-0.24955,-1.2576,-0.19169,2.83292,-0.11703,-0.75649,-0.02018,0.34274,-0.28071,-0.21525,-1.58581,3.20408,-0.19193,-0.2232,-0.2197,-1.58401,-0.23907,-0.24428,-0.59064,1.31599,1.11962,-0.49557,3.41445,-0.10657,1.23733,1.60359,-0.10459,2.54849,-3.26979,0.90701,0.52018,-0.20166,-0.26272,-0.34476,-0.202,0.73019,-0.27646,-0.15406,0.53797,1
positive84,-0.14425,-0.20744,-0.22883,-0.18011,-0.11946,-0.13001,-0.14945,-0.13489,-0.24827,-0.19886,-0.27295,-0.17397,-0.26697,-0.24643,1.26488,-0.51986,1.04738,2.78212,1.56032,-0.85228,-0.25519,-0.26769,0.82382,-1.69215,-0.21662,-0.22454,0.3131,-0.1838,-0.19234,-0.27867,-0.26326,-0.29244,0.52246,-0.19169,0.42525,-0.13857,-0.75649,-0.02018,-0.86644,-0.28071,-0.21525,1.02355,-0.30461,-0.21571,-0.2232,1.75583,0.00019,-0.23907,-0.24428,-0.59064,0.90295,1.87658,0.29138,-0.28176,-0.10657,-0.43075,-0.09472,0.40108,1.05109,-0.77204,-0.67009,1.26732,-0.46931,-0.31883,-0.54501,-0.202,0.73019,2.74536,-0.18643,-0.34333,1
positive85,-0.11095,-0.18856,-0.2091,-0.15482,-0.07225,-0.09315,-0.13369,-0.11764,-0.19106,-0.18079,-0.21972,-0.11264,-0.16763,4.31758,-0.29463,-0.51986,-1.11259,0.80486,-0.80588,-1.75271,-0.19653,-0.23498,0.95722,-1.10199,1.28725,6.50188,-0.9666,-0.1838,-0.16751,-0.16481,-0.9066,-0.22001,-0.29911,-0.19169,-1.01935,-0.1022,-0.75649,0.95803,1.17986,-0.28071,-0.21525,-0.58162,-0.30461,-0.17555,-0.2232,-0.45238,1.86343,-0.23907,-0.24428,-0.59064,-2.04341,-0.1262,-1.36355,-0.2663,-0.10657,-1.1325,-0.5023,-1.53734,-1.51588,0.76214,-0.17931,1.11349,-0.45783,-0.22407,0.85672,6.99793,-1.36951,-0.22085,-0.13176,-1.2097,1
positive86,-0.11566,-0.19123,-0.21189,-0.1584,-0.07893,-0.09837,-0.13592,-0.12008,-0.19915,-0.18334,-0.22725,-0.12131,-0.18169,-0.18904,1.95466,-0.51986,-0.59617,1.35102,-0.24015,-0.80033,-0.20483,-0.23961,0.94684,-0.80192,0.15146,-0.22454,-0.28924,-0.1838,-0.17102,-0.18092,0.77621,-0.23026,-0.4571,-0.19169,0.09188,-0.10735,-0.75649,-0.5127,-0.28689,-0.28071,-0.21525,-0.46781,-0.30461,-0.18124,-0.2232,-0.06975,0.19891,-0.23907,-0.24428,-0.59064,-0.33561,-1.03375,-0.66,3.71399,-0.10657,-0.25866,-0.02314,-1.7059,0.5163,-0.17253,1.66692,1.86643,0.036,-0.23748,-0.68364,-0.202,-1.36951,3.66385,-0.1395,1.12218,1
positive87,-0.14425,-0.20744,3.80987,-0.18011,-0.11946,-0.13001,-0.14945,-0.13489,-0.24827,-0.19886,-0.27295,-0.17397,-0.26697,-0.24643,-1.85414,0.67342,-0.87908,-0.92396,-0.55007,2.1867,-0.25519,-0.26769,-1.58743,0.66046,-0.79504,-0.22454,1.42614,-0.1838,-0.19234,-0.27867,0.69809,-0.29244,0.93324,-0.19169,-0.29705,-0.13857,1.40432,-0.55375,0.52877,-0.28071,-0.21525,-1.12466,2.22944,-0.21571,-0.2232,-0.35996,-0.50393,-0.23907,2.63255,-0.59064,-0.97473,0.30207,0.37823,-0.28176,-0.10657,-0.29712,0.8035,2.17095,-0.66023,1.10762,0.09934,-1.19909,0.47836,-0.31883,-0.54501,-0.202,-1.36951,-0.35722,-0.18643,0.06761,1
positive88,-0.11566,-0.19123,-0.21189,-0.1584,-0.07893,-0.09837,-0.13592,-0.12008,-0.19915,-0.18334,-0.22725,-0.12131,-0.18169,-0.18904,0.75504,-0.51986,2.09818,-0.92396,2.71145,0.75812,-0.20483,-0.23961,-0.3469,2.67459,-0.79504,-0.22454,0.3323,-0.1838,-0.17102,-0.18092,1.07324,-0.23026,-0.4571,-0.19169,1.20311,-0.10735,-0.75649,-0.5127,-0.28689,-0.28071,-0.21525,0.37645,-0.30461,-0.18124,-0.2232,2.55837,-0.27877,-0.23907,-0.24428,1.76026,1.93187,-0.45743,-0.44708,-0.26849,-0.10657,1.4187,1.70461,-1.2845,1.1937,-0.62808,0.20097,-0.22349,-1.93832,-0.23748,-0.22153,-0.202,0.73019,3.66385,-0.1395,1.77026,1
positive89,-0.13278,-0.20094,-0.22203,-0.1714,-0.1032,-0.11732,-0.14403,-0.12895,-0.22857,-0.19264,-0.25462,-0.15285,-0.23276,-0.22341,-0.4093,-0.51986,-1.40448,1.60356,-1.12564,0.29975,-0.23499,-0.25643,-0.57585,1.8203,0.59315,-0.22454,3.13453,-0.1838,-0.18379,-0.23946,-2.34403,-0.2675,1.0299,-0.19169,-0.16959,-0.12605,0.46506,-0.899,-0.8172,-0.28071,-0.21525,-0.49638,-0.30461,-0.20188,-0.2232,-0.34949,0.80661,-0.23907,-0.24428,-0.59064,-0.54278,0.72954,0.26548,-0.27644,-0.10657,0.69721,-0.64392,0.82248,-0.49979,-0.05106,-2.32093,0.18411,-1.76986,-0.2862,-0.79237,-0.202,0.73019,-0.31026,-0.16761,-0.69953,1
positive90,-0.13671,-0.20317,-0.22436,-0.17438,-0.10878,-0.12167,-0.14589,-0.13098,-0.23533,-0.19477,-0.26091,-0.16009,-0.24449,-0.2313,-0.51123,-0.51986,1.12522,1.00402,-0.69929,-0.62717,-0.24192,-0.26029,-1.55454,0.33012,-0.14432,-0.22454,-0.47168,-0.1838,-0.18672,-0.25291,0.75901,-0.27606,1.29838,-0.19169,0.58576,-0.13034,0.29768,-1.85803,-0.83544,-0.28071,-0.21525,-0.40284,-0.30461,-0.20662,-0.2232,0.21061,-0.25249,-0.23907,-0.24428,-0.59064,-0.75104,-1.32009,1.63272,-0.27826,-0.10657,-0.38194,0.91888,1.1596,-1.03772,0.72164,0.69817,-2.1443,0.18617,-0.2974,0.18923,-0.202,0.73019,-0.32637,-0.17406,1.13187,1
positive91,-0.12453,-0.19626,-0.21715,-0.16513,-0.0915,-0.10818,-0.14012,-0.12467,-0.21439,-0.18816,-0.24143,-0.13765,-0.20814,-0.20684,1.91467,-0.51986,-0.00342,-0.92396,0.4092,-1.07738,-0.22045,-0.24832,0.5028,0.6539,-0.79504,-0.22454,-0.9666,-0.1838,-0.17764,-0.21124,0.80885,-0.24955,-0.70989,-0.19169,-1.01935,-0.11703,0.34828,0.69125,-0.77343,1.96317,-0.21525,3.01113,-0.30461,-0.19193,-0.2232,1.59478,-0.95038,-0.23907,3.73903,-0.59064,-1.36406,0.00998,-0.85867,-0.2726,-0.10657,-1.50554,-0.29815,-1.57948,0.80661,-1.60426,-0.28219,0.59962,0.13048,-0.26272,0.05573,-0.202,0.73019,-0.27646,-0.15406,-0.24059,1
positive92,-0.12453,-0.19626,-0.21715,-0.16513,-0.0915,-0.10818,-0.14012,-0.12467,-0.21439,-0.18816,-0.24143,-0.13765,-0.20814,-0.20684,-1.20435,-0.51986,1.16414,-0.92396,1.68823,2.07414,-0.22045,-0.24832,-0.40993,-0.58069,-0.79504,-0.22454,-0.2894,-0.1838,-0.17764,-0.21124,0.62269,-0.24955,-0.70989,-0.19169,-0.05628,-0.11703,-0.75649,-0.02018,-0.40137,4.20706,-0.21525,-1.21452,3.20408,-0.19193,-0.2232,-0.50249,0.39323,-0.23907,-0.24428,-0.59064,0.04388,-0.06848,-1.01999,-0.2726,-0.10657,-1.51957,-0.8398,-0.69455,1.96786,-0.90306,-0.37775,0.14769,-0.97182,-0.26272,-0.74525,-0.202,-1.36951,-0.27646,-0.15406,0.65786,1
positive93,-0.12453,-0.19626,-0.21715,-0.16513,-0.0915,-0.10818,-0.14012,-0.12467,-0.21439,-0.18816,-0.24143,-0.13765,-0.20814,-0.20684,-0.68451,-0.51986,-0.47044,0.61596,-0.10241,0.72349,-0.22045,-0.24832,-0.81281,0.29858,-0.79504,-0.22454,0.82755,-0.1838,-0.17764,-0.21124,-0.16572,-0.24955,0.38553,-0.19169,0.90678,-0.11703,-0.75649,-0.37589,0.71479,-0.28071,-0.21525,-1.51984,-0.30461,-0.19193,-0.2232,0.59583,0.46142,-0.23907,-0.24428,-0.59064,1.17838,0.71171,-0.36916,3.41445,-0.10657,1.55458,4.10711,0.23252,-1.51588,-0.5273,1.47681,-1.65848,1.23783,-0.26272,0.05573,-0.202,0.73019,-0.27646,-0.15406,0.03999,1
positive94,-0.12872,-0.19864,-0.21963,5.65893,-0.09745,-0.11283,-0.1421,-0.12685,-0.2216,-0.19043,-0.24813,-0.14537,-0.22066,-0.21526,-0.29463,-0.51986,-0.09098,-0.92396,-0.646,0.49838,-0.22784,-0.25244,-0.40724,1.10864,-0.79504,-0.22454,0.61598,-0.1838,-0.18076,-0.22558,1.80091,3.45046,1.24133,-0.19169,-1.01935,-0.12161,0.27106,2.1808,3.38895,-0.28071,-0.21525,-0.92685,-0.30461,-0.19699,-0.2232,0.09009,0.44959,-0.23907,-0.24428,-0.59064,0.63856,-0.63347,0.23423,-0.27455,-0.10657,0.92348,2.72831,0.27466,-0.43205,1.53656,1.157,-0.63961,-0.71027,-0.27466,-0.77029,-0.202,0.73019,-0.29364,-0.16094,-0.411,1
positive95,-0.12453,-0.19626,-0.21715,-0.16513,-0.0915,-0.10818,-0.14012,-0.12467,-0.21439,-0.18816,-0.24143,-0.13765,-0.20814,-0.20684,0.875,-0.51986,-0.47044,0.02874,-0.10241,-1.5276,-0.22045,3.65197,1.28368,0.45462,0.00584,-0.22454,-0.9666,5.93513,-0.17764,-0.21124,0.49403,-0.24955,-0.16218,-0.19169,-1.01935,-0.11703,-0.75649,-0.02018,-0.77343,-0.28071,-0.21525,1.51686,-0.30461,-0.19193,4.27512,-0.42612,1.01842,-0.23907,-0.24428,3.1708,0.25021,-0.60342,-1.32677,-0.2726,-0.10657,1.42531,-0.24278,-1.0738,0.22599,-0.16654,0.16038,0.73565,0.44774,-0.26272,2.05819,-0.202,0.73019,-0.27646,-0.15406,-0.56563,1
positive96,-0.12453,-0.19626,-0.21715,-0.16513,-0.0915,-0.10818,-0.14012,-0.12467,-0.21439,-0.18816,-0.24143,-0.13765,-0.20814,-0.20684,0.875,-0.51986,1.39765,0.24433,0.92081,-1.97782,-0.22045,-0.24832,2.3997,-1.06838,0.80672,4.6674,-0.9666,-0.1838,-0.17764,-0.21124,1.88807,-0.24955,-0.16218,-0.19169,-1.01935,-0.11703,0.37352,-0.02018,0.34274,-0.28071,-0.21525,-0.30887,-0.30461,-0.19193,-0.2232,-0.18385,1.44997,-0.23907,-0.24428,-0.59064,-1.1923,-1.14809,-0.09109,-0.2726,-0.10657,0.00521,-1.38169,-0.69455,-0.93526,1.1968,-1.00304,0.55585,0.32891,-0.26272,0.85672,-0.202,0.73019,-0.27646,-0.15406,-1.41286,1
positive97,-0.13671,-0.20317,-0.22436,-0.17438,-0.10878,-0.12167,-0.14589,-0.13098,-0.23533,-0.19477,3.58025,-0.16009,-0.24449,-0.2313,-0.07803,-0.51986,0.54144,0.83976,-0.91246,-0.25198,-0.24192,-0.26029,-0.58936,-0.888,-0.79504,-0.22454,0.0125,-0.1838,-0.18672,-0.25291,-0.43299,3.20807,0.84196,-0.19169,1.38832,-0.13034,-0.75649,-0.07946,1.02484,-0.28071,-0.21525,-1.29397,-0.30461,-0.20662,-0.2232,0.48357,0.30258,-0.23907,-0.24428,0.85606,0.85947,0.70608,0.24232,-0.27826,-0.10657,0.6223,-1.07774,1.32815,-1.03772,0.12262,0.80741,-0.9881,0.68276,-0.2974,-0.47826,-0.202,0.73019,-0.32637,-0.17406,-0.06098,1
positive98,-0.12453,-0.19626,-0.21715,-0.16513,-0.0915,-0.10818,-0.14012,-0.12467,-0.21439,-0.18816,-0.24143,-0.13765,-0.20814,-0.20684,0.875,1.12232,0.23009,1.75961,0.665,-0.62717,-0.22045,-0.24832,0.19449,-1.05133,0.00584,-0.22454,-0.9666,-0.1838,-0.17764,-0.21124,1.50463,-0.24955,-0.70989,-0.19169,-0.05628,-0.11703,-0.75649,-0.7316,-0.77343,-0.28071,-0.21525,0.17675,-0.30461,4.59684,-0.2232,0.00793,1.21369,-0.23907,-0.24428,-0.59064,-1.27024,0.6387,-0.73982,-0.2726,-0.10657,0.27344,-0.47478,-0.56813,0.22599,0.54749,-0.08498,0.01298,0.25275,-0.26272,1.25721,-0.202,-1.36951,-0.27646,-0.15406,-1.41286,1
positive99,-0.14425,-0.20744,-0.22883,-0.18011,-0.11946,-0.13001,-0.14945,-0.13489,2.68049,-0.19886,-0.27295,-0.17397,-0.26697,3.1754,0.875,-0.51986,2.09818,0.11498,2.71145,-1.18994,-0.25519,-0.26769,0.56322,-0.22227,0.9402,-0.22454,-0.9666,-0.1838,-0.19234,-0.27867,0.4237,-0.29244,-1.12067,-0.19169,0.42525,-0.13857,-0.75649,-0.82053,-0.5874,-0.28071,-0.21525,0.40486,-0.30461,-0.21571,-0.2232,1.05961,0.86906,-0.23907,-0.24428,-0.59064,-1.70067,-0.41877,0.00066,-0.28176,-0.10657,-0.50426,-1.34508,0.56964,1.90674,-0.63757,-0.44064,0.3873,-2.30839,-0.31883,1.85795,-0.202,-1.36951,-0.35722,2.61212,0.67658,1
positive100,-0.17404,-0.22434,-0.24647,-0.20273,-0.16171,-0.163,-0.16356,-0.15031,-0.29947,-0.21503,-0.32058,-0.22884,-0.35585,-0.30624,-0.09297,-0.51986,-0.31745,1.06767,-0.99332,-0.0838,-0.30769,-0.29695,-0.47014,0.64533,0.7474,-0.22454,-0.47542,2.64032,-0.21455,-0.38054,-0.14976,-0.35725,-0.36993,-0.19169,-0.52121,-0.17111,2.60742,0.05342,-0.7606,-0.28071,-0.21525,-0.34974,-0.30461,-0.25163,-0.2232,0.14609,-1.34847,-0.23907,-0.24428,0.19299,-0.32273,-0.56182,1.46357,-0.29559,-0.10657,-0.3635,0.46385,4.36221,0.22599,-0.71673,0.89933,-0.8806,0.12414,-0.40362,-0.31714,-0.202,-1.36951,-0.47924,2.06997,-0.83167,1
positive101,-0.14425,-0.20744,-0.22883,-0.18011,-0.11946,-0.13001,-0.14945,-0.13489,-0.24827,-0.19886,-0.27295,-0.17397,-0.26697,-0.24643,-0.68451,0.79843,1.04738,0.69399,0.02549,1.17371,-0.25519,-0.26769,-0.87687,0.09686,0.9402,-0.22454,0.09078,-0.1838,-0.19234,-0.27867,0.46598,-0.29244,0.52246,-0.19169,-1.01935,-0.13857,0.39752,2.1141,3.31919,-0.28071,-0.21525,-1.54512,-0.30461,-0.21571,-0.2232,0.18224,-0.71509,-0.23907,-0.24428,-0.59064,0.97644,-1.04196,0.64701,-0.28176,-0.10657,1.41113,1.43721,1.11746,-0.66023,-0.55855,0.76358,-0.98127,-0.61428,-0.31883,-0.54501,-0.202,-1.36951,-0.35722,-0.18643,-0.6088,1
positive102,-0.09535,-0.17971,-0.19986,-0.14297,-0.05013,-0.07589,-0.1263,-0.10956,-0.16426,-0.17232,-0.19478,-0.08391,-0.1211,-0.14827,-1.37762,-0.51986,-0.62611,-0.92396,-0.27295,0.87356,-0.16905,-0.21967,0.19116,2.03256,-0.79504,-0.22454,0.97728,-0.1838,-0.15588,-0.11148,-0.53734,-0.18609,0.38553,-0.19169,-1.01935,-0.08517,-0.75649,-0.37589,-0.52539,-0.28071,-0.21525,0.33527,6.21152,-0.15675,-0.2232,1.03525,0.87846,-0.23907,-0.24428,-0.59064,0.67417,0.22968,-1.56829,-0.25906,-0.10657,-0.84453,-0.35358,-2.50655,-0.49979,0.83581,-0.23416,2.76146,-0.80438,-0.17969,2.19169,-0.202,0.73019,-0.15697,-0.10615,0.19316,1
positive103,-0.14425,-0.20744,-0.22883,-0.18011,-0.11946,-0.13001,-0.14945,-0.13489,-0.24827,-0.19886,-0.27295,-0.17397,-0.26697,-0.24643,0.48512,0.7826,-0.35368,0.93421,-0.35822,-0.51461,-0.25519,-0.26769,0.02892,0.23748,-0.21662,-0.22454,-0.44434,-0.1838,-0.19234,-0.27867,0.27148,-0.29244,-0.29911,-0.19169,-0.29705,-0.13857,0.32407,0.24661,-0.30836,4.20706,-0.21525,1.14297,-0.30461,-0.21571,-0.2232,-0.57824,-0.4588,-0.23907,-0.24428,1.91698,-0.95144,-0.63461,0.16681,-0.28176,-0.10657,-0.45111,-1.07952,0.86462,0.62326,-0.73323,-0.66422,1.66989,0.7266,-0.31883,-0.84538,-0.202,0.73019,-0.35722,-0.18643,-0.1765,1
positive104,-0.12872,-0.19864,-0.21963,-0.16832,-0.09745,-0.11283,-0.1421,-0.12685,-0.2216,-0.19043,-0.24813,-0.14537,-0.22066,-0.21526,0.19271,-0.51986,0.78468,1.07383,1.27254,-0.34578,4.27869,-0.25244,-1.31917,2.1096,-0.05136,-0.22454,0.20276,-0.1838,-0.18076,-0.22558,0.33852,-0.25868,0.21437,-0.19169,1.68928,-0.12161,-0.75649,0.51339,1.64493,-0.28071,-0.21525,-0.16091,-0.30461,-0.19699,-0.2232,0.39133,0.22604,-0.23907,-0.24428,2.82885,1.53074,-2.19603,0.13991,-0.27455,-0.10657,-1.74101,-0.76467,0.23252,-0.97397,-0.22375,1.20238,-1.00741,-0.55998,-0.27466,-0.01936,-0.202,-1.36951,-0.29364,-0.16094,-0.28287,1
positive105,-0.09535,-0.17971,-0.19986,-0.14297,-0.05013,-0.07589,-0.1263,-0.10956,-0.16426,-0.17232,-0.19478,-0.08391,-0.1211,-0.14827,0.35516,-0.51986,-1.40448,-0.92396,-1.12564,1.62393,-0.16905,-0.21967,-0.72961,0.70689,0.69231,-0.22454,-0.9666,-0.1838,-0.15588,5.87661,-1.67465,-0.18609,-2.35302,-0.19169,-1.01935,-0.08517,1.42504,-0.96875,-0.52539,-0.28071,-0.21525,-0.78519,-0.30461,-0.15675,-0.2232,0.21654,-2.95711,-0.23907,-0.24428,-0.59064,1.41658,-0.89783,1.83693,-0.25906,-0.10657,-0.75925,0.12256,-2.54869,2.54849,-0.37885,-1.64109,1.28668,-0.29751,-0.17969,0.18923,-0.202,0.73019,-0.15697,-0.10615,1.86133,1
positive106,-0.13278,-0.20094,-0.22203,-0.1714,-0.1032,-0.11732,-0.14403,-0.12895,-0.22857,3.84048,-0.25462,-0.15285,-0.23276,-0.22341,0.50806,-0.51986,-0.58032,0.34699,-0.22279,-0.49475,-0.23499,3.39196,1.40205,-0.45245,0.59315,-0.22454,1.96615,-0.1838,-0.18379,-0.23946,0.99717,-0.2675,1.0299,-0.19169,-1.01935,-0.12605,-0.75649,0.67032,-0.8172,-0.28071,5.1565,-1.00751,2.73625,-0.20188,-0.2232,0.43171,1.77196,-0.23907,-0.24428,-0.59064,-1.20997,-0.32117,-0.64687,-0.27644,-0.10657,0.48837,0.50295,0.19038,-1.00784,1.60352,0.04968,-0.64438,0.74762,-0.2862,-0.439,-0.202,0.73019,-0.31026,-0.16761,0.27424,1
positive107,-0.14787,-0.2095,-0.23097,-0.18285,-0.12459,-0.13402,-0.15117,-0.13676,-0.25449,-0.20083,-0.27874,-0.18063,-0.27776,-0.25369,-0.38746,0.61091,1.5978,-0.92396,-0.7602,0.016,-0.26157,-0.27124,-1.70851,-0.18333,-0.79504,-0.22454,-0.9666,-0.1838,-0.19503,-0.29104,0.73208,-0.30031,-0.39691,-0.19169,0.35646,-0.14252,2.31396,0.64043,0.71479,-0.28071,5.1565,0.67305,-0.30461,-0.22007,-0.2232,1.32342,-1.96192,-0.23907,2.48114,0.58481,0.42158,-0.67644,0.85834,-0.28344,-0.10657,0.47309,-1.08024,2.12881,0.5163,-0.82654,-0.42361,0.84016,-0.26132,-0.32913,-0.85968,-0.202,0.73019,-0.37204,-0.19237,0.29744,1
positive108,-0.13671,-0.20317,-0.22436,-0.17438,-0.10878,-0.12167,-0.14589,-0.13098,-0.23533,-0.19477,-0.26091,-0.16009,-0.24449,-0.2313,0.78836,-0.51986,-0.43152,-0.92396,-0.91246,-1.75271,-0.24192,-0.26029,2.26938,0.00725,0.50639,3.61913,-0.9666,-0.1838,-0.18672,-0.25291,0.09983,-0.27606,-0.07089,-0.19169,-1.01935,-0.13034,-0.75649,1.10625,1.02484,-0.28071,-0.21525,0.27062,-0.30461,-0.20662,-0.2232,0.19688,0.48542,-0.23907,-0.24428,-0.59064,-1.56292,0.14679,0.55631,-0.27826,-0.10657,-1.1377,-0.66555,-0.56813,0.87492,0.41957,0.90908,-1.31055,1.13611,-0.2974,-0.14452,3.91224,-1.36951,-0.32637,-0.17406,-1.53278,1
positive109,-0.14425,-0.20744,-0.22883,-0.18011,-0.11946,-0.13001,-0.14945,-0.13489,2.68049,-0.19886,-0.27295,-0.17397,-0.26697,3.1754,0.875,-0.51986,-1.40448,0.11498,-1.12564,-1.18994,-0.25519,-0.26769,0.57361,-0.33509,0.9402,-0.22454,-0.9666,-0.1838,-0.19234,-0.27867,0.48679,-0.29244,-1.53146,-0.19169,0.42525,-0.13857,-0.75649,-0.55375,-0.5874,-0.28071,-0.21525,0.48278,-0.30461,-0.21571,-0.2232,1.01846,1.35125,-0.23907,-0.24428,-0.59064,0.28655,-0.38911,-0.77386,-0.28176,-0.10657,-0.38374,-1.34622,0.65392,1.90674,-0.26925,-0.72011,0.09351,-1.71661,-0.31883,1.85795,-0.202,-1.36951,-0.35722,2.61212,0.63585,1
positive110,-0.09535,-0.17971,-0.19986,-0.14297,-0.05013,-0.07589,-0.1263,-0.10956,-0.16426,-0.17232,-0.19478,-0.08391,-0.1211,-0.14827,0.35516,2.13173,0.93063,-0.92396,1.43242,-0.62717,-0.16905,-0.21967,0.26536,1.31886,-0.79504,-0.22454,0.09664,-0.1838,-0.15588,-0.11148,-0.26425,-0.18609,1.29838,-0.19169,-1.01935,-0.08517,-0.75649,0.21696,1.33489,-0.28071,-0.21525,0.4787,-0.30461,-0.15675,-0.2232,-4.57162,1.33327,-0.23907,-0.24428,-0.59064,0.51711,-0.91869,-0.89772,-0.25906,-0.10657,0.39516,1.59299,-2.46441,-0.49979,1.39009,0.68094,-1.61879,-0.79491,-0.17969,-0.47826,-0.202,0.73019,-0.15697,-0.10615,0.19316,1
positive111,-0.13278,-0.20094,4.17903,5.47081,-0.1032,-0.11732,-0.14403,-0.12895,-0.22857,-0.19264,-0.25462,-0.15285,-0.23276,-0.22341,0.96674,-0.51986,-1.40448,1.49064,-1.12564,-0.0975,-0.23499,-0.25643,-0.71579,0.48968,1.28725,-0.22454,-0.31886,-0.1838,-0.18379,-0.23946,-1.28518,-0.2675,-1.38647,-0.19169,-0.16959,-0.12605,0.44045,-0.58513,-0.48892,-0.28071,-0.21525,-0.77203,-0.30461,-0.20188,-0.2232,-0.87827,-0.33416,-0.23907,-0.24428,-0.59064,-0.86929,0.07787,0.24931,-0.27644,-0.10657,-1.50213,-0.49744,0.06397,0.00826,0.8411,0.53038,1.13176,0.11891,-0.2862,-0.08562,-0.202,0.73019,3.07069,-0.16761,-0.58494,1
positive112,-0.10602,-0.18576,-0.20618,-0.15107,-0.06525,-0.08769,-0.13135,-0.11509,-0.18259,-0.17811,-0.21183,-0.10355,-0.15292,-0.16968,0.59145,-0.51986,-1.40448,-0.92396,-1.12564,0.80535,-0.18784,-0.23014,-1.84313,0.77666,1.51861,-0.22454,-0.9666,-0.1838,-0.16384,5.20797,-0.80291,-0.20929,-2.35302,-0.19169,0.29392,-0.09682,1.38841,-1.18433,-0.63814,-0.28071,-0.21525,-1.02316,-0.30461,-0.16961,-0.2232,-0.3738,-3.08487,-0.23907,-0.24428,-0.59064,1.32337,-1.23993,1.77854,-0.26401,-0.10657,1.26539,-1.49085,-1.66376,1.73561,-0.38327,-0.08297,1.09446,1.91258,-0.21004,-0.05349,-0.202,0.73019,-0.20065,-0.12366,0.29149,1
positive113,-0.13671,-0.20317,-0.22436,-0.17438,-0.10878,-0.12167,-0.14589,-0.13098,-0.23533,-0.19477,-0.26091,-0.16009,-0.24449,-0.2313,0.78836,-0.51986,-0.43152,2.37352,-0.69929,-1.00235,-0.24192,-0.26029,1.13735,-0.35837,-0.14432,-0.22454,-0.36898,-0.1838,-0.18672,-0.25291,2.1443,-0.27606,-0.07089,-0.19169,-0.2168,-0.13034,-0.75649,0.21696,-0.21535,4.20706,-0.21525,0.65678,2.5462,-0.20662,-0.2232,-0.11307,0.96217,-0.23907,-0.24428,-0.59064,0.30798,-0.73686,-0.7363,-0.27826,-0.10657,-0.09263,-1.03979,-0.23101,0.87492,0.50281,0.21719,-0.43538,-0.45963,-0.2974,-0.14452,-0.202,0.73019,-0.32637,-0.17406,-0.6471,1
positive114,-0.13671,-0.20317,-0.22436,-0.17438,-0.10878,-0.12167,-0.14589,-0.13098,-0.23533,-0.19477,-0.26091,-0.16009,-0.24449,-0.2313,0.35516,-0.51986,0.15226,-0.92396,0.57974,-1.37753,-0.24192,-0.26029,1.0239,-0.1297,-0.14432,-0.22454,-0.21584,-0.1838,-0.18672,3.85489,1.4173,-0.27606,-1.44017,-0.19169,-1.01935,-0.13034,-0.75649,-0.37589,-0.52539,-0.28071,-0.21525,1.48073,-0.30461,-0.20662,-0.2232,1.1944,1.08947,-0.23907,-0.24428,-0.59064,1.03948,-0.35251,-1.44695,-0.27826,-0.10657,1.56995,-0.14372,0.02183,-0.0814,0.84543,0.82334,0.14995,3.2451,-0.2974,-0.812,-0.202,-1.36951,-0.32637,-0.17406,-0.75532,1
positive115,-0.12453,-0.19626,-0.21715,-0.16513,-0.0915,-0.10818,-0.14012,-0.12467,-0.21439,-0.18816,-0.24143,-0.13765,5.05746,-0.20684,2.95434,-0.51986,-0.47044,-0.25666,-0.10241,-1.07738,-0.22045,-0.24832,0.1867,-0.86535,1.6076,-0.22454,-0.9666,-0.1838,-0.17764,-0.21124,0.18199,-0.24955,-1.80531,5.3648,-1.01935,-0.11703,1.49024,1.04696,-0.40137,-0.28071,-0.21525,0.07143,-0.30461,-0.19193,-0.2232,-0.75989,-1.76907,-0.23907,-0.24428,-0.59064,-0.72764,-0.59623,0.05513,-0.2726,-0.10657,-0.98644,-1.50349,-1.36878,1.38724,-2.4717,-0.14518,1.60851,-0.5135,-0.26272,1.25721,-0.202,0.73019,-0.27646,-0.15406,-0.92525,1
positive116,-0.12453,-0.19626,-0.21715,-0.16513,-0.0915,-0.10818,-0.14012,-0.12467,-0.21439,-0.18816,-0.24143,-0.13765,-0.20814,-0.20684,0.35516,-0.51986,0.69712,-0.92396,1.17662,-0.17695,-0.22045,-0.24832,0.29059,1.56532,-0.79504,-0.22454,0.61435,-0.1838,-0.17764,-0.21124,0.22552,-0.24955,0.93324,-0.19169,-1.01935,-0.11703,0.38954,0.33553,0.34274,-0.28071,-0.21525,2.24858,-0.30461,-0.19193,-0.2232,-2.59841,-0.24191,-0.23907,-0.24428,1.29008,0.75399,0.08146,-0.30976,-0.2726,-0.10657,-0.51894,-0.81176,-0.65241,0.80661,0.26974,0.27056,-0.9191,-0.24978,7.27183,-0.74525,-0.202,0.73019,-0.27646,-0.15406,0.03999,1
positive117,-0.12872,-0.19864,-0.21963,-0.16832,-0.09745,-0.11283,-0.1421,-0.12685,-0.2216,-0.19043,-0.24813,-0.14537,-0.22066,-0.21526,-0.78198,-0.51986,-0.52882,-0.92396,-0.88582,0.0763,-0.22784,-0.25244,-0.58594,1.18798,-0.79504,-0.22454,1.84343,-0.1838,-0.18076,-0.22558,-0.76637,-0.25868,2.78177,-0.19169,-1.01935,-0.12161,1.39555,1.84731,3.04014,-0.28071,-0.21525,-0.04554,-0.30461,-0.19699,-0.2232,-0.02935,-0.76084,-0.23907,-0.24428,-0.59064,0.29436,0.15712,2.05631,-0.27455,-0.10657,-1.63901,0.01014,0.69606,-0.97397,0.48065,-0.42118,0.96947,0.24454,-0.27466,1.10702,-0.202,0.73019,-0.29364,-0.16094,0.67965,1
positive118,-0.12453,-0.19626,-0.21715,-0.16513,-0.0915,-0.10818,-0.14012,-0.12467,-0.21439,-0.18816,3.99133,-0.13765,-0.20814,-0.20684,-0.68451,-0.51986,0.23009,0.17657,0.4092,0.27327,-0.22045,-0.24832,0.18437,-0.88823,0.00584,-0.22454,0.54258,-0.1838,-0.17764,-0.21124,-1.02069,-0.24955,0.93324,-0.19169,-1.01935,-0.11703,0.38563,1.75839,2.57507,-0.28071,-0.21525,-0.34486,-0.30461,-0.19193,-0.2232,0.96159,0.74249,-0.23907,-0.24428,-0.59064,-0.13361,0.16004,-0.08378,-0.2726,-0.10657,-0.20606,0.67115,-0.14673,-0.93526,-0.70142,-0.3847,-0.51717,-0.48407,-0.26272,0.85672,-0.202,0.73019,-0.27646,-0.15406,-0.92525,1
positive119,-0.12453,-0.19626,-0.21715,-0.16513,-0.0915,8.68434,-0.14012,-0.12467,-0.21439,-0.18816,-0.24143,-0.13765,-0.20814,-0.20684,-0.16467,1.3764,-0.00342,0.4168,-0.10241,-0.62717,-0.22045,-0.24832,1.02748,1.57263,0.00584,-0.22454,-0.9666,-0.1838,-0.17764,-0.21124,1.23951,-0.24955,-0.16218,-0.19169,-1.01935,-0.11703,0.35424,-1.08732,-0.77343,-0.28071,5.1565,1.30204,-0.30461,-0.19193,-0.2232,0.79054,0.06214,-0.23907,-0.24428,1.29008,0.213,0.23351,-1.0916,-0.2726,-0.10657,-0.07877,-0.00151,-0.73669,-0.35463,0.23142,0.90012,0.41936,0.23594,-0.26272,-0.34476,-0.202,0.73019,-0.27646,-0.15406,-0.50466,1
positive120,-0.16473,-0.21906,-0.24096,-0.19566,-0.1485,-0.15269,-0.15915,-0.14549,7.37624,-0.20998,-0.3057,-0.21169,-0.32807,-0.28754,1.35485,-0.51986,0.751,-0.92396,1.23565,-0.28084,-0.29128,-0.2878,0.04553,-0.37217,0.07258,-0.22454,-0.48535,-0.1838,-0.20761,-0.3487,0.77296,-0.33699,-1.40506,-0.19169,0.6475,-0.16094,-0.75649,0.10295,-0.93084,-0.28071,1.57533,1.9138,-0.30461,-0.2404,-0.2232,0.10225,-0.63056,-0.23907,-0.24428,-0.59064,-0.87223,-1.16473,-0.80214,-0.29127,-0.10657,-2.64739,-0.98592,1.91811,2.71106,-1.06346,-0.01463,0.99467,0.35519,-0.37712,0.70268,-0.202,-1.36951,-0.4411,-0.22006,-0.56647,1
positive121,-0.14425,-0.20744,3.80987,-0.18011,-0.11946,-0.13001,-0.14945,-0.13489,-0.24827,-0.19886,-0.27295,-0.17397,-0.26697,-0.24643,-1.07439,0.72984,-1.22935,0.97528,-0.93378,2.1867,-0.25519,-0.26769,-1.07017,-0.17957,0.9402,-0.22454,0.53655,-0.1838,-0.19234,-0.27867,0.38062,-0.29244,0.11168,-0.19169,-0.29705,-0.13857,1.44995,-1.3541,-0.30836,-0.28071,-0.21525,-1.57538,2.22944,-0.21571,-0.2232,-0.61644,-1.80306,-0.23907,-0.24428,-0.59064,-0.00064,-0.05577,1.89783,-0.28176,-0.10657,0.75077,-1.42405,1.53885,0.19543,0.06909,-0.07383,-0.40232,1.04768,-0.31883,-0.54501,-0.202,-1.36951,-0.35722,-0.18643,-0.55371,1
positive122,-0.15139,-0.2115,-0.23306,-0.18553,-0.12959,-0.13792,-0.15284,-0.13859,-0.26055,-0.20274,-0.28438,-0.18713,-0.28828,2.99403,-0.82628,0.73349,0.66527,-0.92396,-0.42798,0.49838,-0.26778,2.90987,0.2064,-0.94006,0.76668,-0.22454,-0.46403,-0.1838,-0.19766,-0.3031,-0.10453,-0.30799,-0.11239,-0.19169,1.6072,-0.14637,-0.75649,0.51339,1.13759,-0.28071,-0.21525,-1.08409,-0.30461,-0.22432,2.61784,-0.21278,-0.15052,-0.23907,-0.24428,-0.59064,-1.03112,1.31726,-0.00374,5.73586,-0.10657,0.2504,0.40512,2.63448,-0.74172,0.63984,-0.02422,0.56901,0.00086,-0.33917,-0.87268,-0.202,0.73019,-0.38649,-0.19816,1.99194,1
positive123,-0.11095,-0.18856,-0.2091,-0.15482,-0.07225,-0.09315,-0.13369,-0.11764,-0.19106,-0.18079,-0.21972,-0.11264,-0.16763,-0.17958,-0.94443,-0.51986,1.22251,-0.92396,-0.16636,0.49838,-0.19653,-0.23498,-0.82194,-1.20725,-0.79504,-0.22454,-0.15334,-0.1838,-0.16751,-0.16481,-2.08525,-0.22001,1.07017,-0.19169,0.18448,-0.1022,0.30042,-0.37589,-0.68042,-0.28071,-0.21525,-0.20641,4.25668,-0.17555,-0.2232,-0.89181,-0.67933,-0.23907,10.11231,-0.59064,-0.81614,-0.21455,0.47526,-0.2663,-0.10657,-0.19273,1.05436,-1.15808,-0.03793,-0.65052,-1.53948,-1.47062,-1.88943,-0.22407,-0.64513,-0.202,-1.36951,-0.22085,-0.13176,0.76043,1
positive124,-0.14425,-0.20744,-0.22883,-0.18011,-0.11946,-0.13001,-0.14945,-0.13489,-0.24827,-0.19886,-0.27295,-0.17397,-0.26697,-0.24643,-0.68451,-0.51986,-0.00342,1.79657,-0.16636,0.83604,-0.25519,-0.26769,-0.72972,-0.02533,-0.21662,-0.22454,1.24647,-0.1838,-0.19234,-0.27867,-0.0193,-0.29244,0.52246,-0.19169,-0.29705,-0.13857,0.3673,-0.28696,-0.86644,-0.28071,-0.21525,-0.38893,2.22944,-0.21571,-0.2232,-0.51752,-0.17099,-0.23907,-0.24428,0.66317,0.68815,-1.45854,0.35276,-0.28176,6.91262,-0.26424,-1.40526,1.28602,0.19543,0.13107,0.15334,-0.96446,-1.57663,-0.31883,-0.84538,-0.202,-1.36951,-0.35722,-0.18643,0.54484,1
positive125,-0.14053,-0.20534,-0.22663,-0.17728,-0.11419,-0.1259,-0.1477,-0.13296,-0.24189,-0.19685,-0.26701,-0.16713,-0.25589,-0.23897,-1.01283,-0.51986,0.07032,-0.92396,-0.11588,0.6761,3.86524,-0.26404,0.09137,-0.02019,-0.1826,-0.22454,1.1122,-0.1838,-0.18957,-0.26597,-0.14315,-0.28436,1.1062,-0.19169,1.2616,-0.13451,0.30121,-1.31198,-0.85176,-0.28071,-0.21525,-0.39982,-0.30461,-0.21123,-0.2232,0.55144,-0.52148,-0.23907,-0.24428,-0.59064,1.62485,2.14539,0.57925,-0.28003,-0.10657,0.49095,0.92649,2.08667,-0.16109,-0.2382,-0.9396,0.01729,-0.13902,-0.30826,0.11897,-0.202,-1.36951,2.84559,-0.18033,0.79675,1
positive126,-0.14787,-0.2095,-0.23097,-0.18285,-0.12459,-0.13402,-0.15117,-0.13676,-0.25449,-0.20083,-0.27874,-0.18063,-0.27776,-0.25369,-0.38746,0.87798,-0.57051,0.17863,-0.94292,0.016,-0.26157,-0.27124,-0.04984,0.51719,-0.79504,-0.22454,0.15426,-0.1838,-0.19503,-0.29104,0.20745,-0.30031,1.5592,-0.19169,-0.33145,-0.14252,-0.75649,0.89451,-0.61398,-0.28071,-0.21525,-0.22357,-0.30461,-0.22007,-0.2232,-0.8194,0.70684,-0.23907,-0.24428,0.58481,0.99823,-0.69915,-1.12319,-0.28344,-0.10657,-0.8011,-0.77399,1.70741,-0.29657,0.11112,0.30385,-1.42621,-0.05343,-0.32913,0.57065,-0.202,0.73019,-0.37204,-0.19237,-1.14178,1
positive127,-0.14425,-0.20744,-0.22883,-0.18011,-0.11946,-0.13001,-0.14945,-0.13489,-0.24827,-0.19886,-0.27295,-0.17397,-0.26697,-0.24643,0.48512,1.13693,-0.17855,-0.92396,-0.74193,-0.85228,-0.25519,-0.26769,0.96863,-1.26221,-0.21662,3.13867,-0.30226,-0.1838,-0.19234,-0.27867,0.16077,-0.29244,0.11168,-0.19169,-0.29705,-0.13857,-0.75649,1.31375,-0.02932,-0.28071,-0.21525,1.55042,-0.30461,-0.21571,-0.2232,1.91808,-0.11914,-0.23907,2.63255,-0.59064,0.2758,-0.63828,-1.5025,-0.28176,-0.10657,-0.84309,-1.10039,0.56964,1.47892,0.5347,0.27754,1.11414,0.72881,-0.31883,-0.24464,-0.202,0.73019,-0.35722,-0.18643,-0.0995,1
positive128,-0.12453,-0.19626,-0.21715,-0.16513,-0.0915,-0.10818,-0.14012,-0.12467,-0.21439,4.12343,-0.24143,-0.13765,-0.20814,-0.20684,1.39484,-0.51986,1.86467,-0.03902,2.45565,-0.62717,-0.22045,-0.24832,-0.00153,2.14214,0.80672,-0.22454,-0.30421,-0.1838,-0.17764,-0.21124,1.17621,-0.24955,-1.2576,-0.19169,-0.05628,-0.11703,-0.75649,-1.08732,-0.77343,-0.28071,-0.21525,-0.99514,-0.30461,-0.19193,-0.2232,0.17248,0.17308,-0.23907,-0.24428,-0.59064,-0.50621,-0.84243,-1.27572,-0.2726,-0.10657,-0.19457,0.08457,-0.86311,-0.93526,-1.01051,0.31051,1.56303,2.18574,-0.26272,-0.74525,-0.202,0.73019,-0.27646,-0.15406,0.2719,1
positive129,-0.14053,-0.20534,-0.22663,-0.17728,-0.11419,-0.1259,-0.1477,-0.13296,-0.24189,-0.19685,-0.26701,-0.16713,-0.25589,-0.23897,1.44956,-0.51986,-0.85143,2.20927,-0.51978,-0.74564,-0.24865,-0.26404,-1.40163,-0.87337,2.26714,3.36289,-0.3768,-0.1838,-0.18957,3.72609,-1.16975,-0.28436,-1.05581,-0.19169,0.50128,-0.13451,1.43012,0.6538,0.32316,-0.28071,-0.21525,0.62872,-0.30461,-0.21123,-0.2232,3.62735,-0.90964,-0.23907,-0.24428,-0.59064,0.19536,-0.42634,1.22464,-0.28003,-0.10657,1.20346,-1.28416,0.90676,0.7421,-0.48607,-0.96368,0.30353,-0.3193,3.01416,-0.82957,-0.202,0.73019,-0.34201,5.57014,-0.61513,1
positive130,-0.14787,-0.2095,-0.23097,-0.18285,-0.12459,-0.13402,-0.15117,-0.13676,5.45472,-0.20083,-0.27874,-0.18063,-0.27776,-0.25369,1.84041,-0.51986,-0.57051,-0.92396,-0.21204,-0.30558,-0.26157,-0.27124,-0.35943,-0.42766,0.3009,-0.22454,-0.9666,-0.1838,-0.19503,-0.29104,1.15912,-0.30031,-1.57058,-0.19169,0.35646,-0.14252,-0.75649,0.38635,-0.87973,-0.28071,-0.21525,2.02205,-0.30461,-0.22007,-0.2232,0.99594,-0.7833,-0.23907,-0.24428,-0.59064,0.34146,-0.74874,-1.04454,-0.28344,-0.10657,-2.59072,-1.21451,0.19038,2.95492,-1.73532,0.20329,0.98061,1.6106,-0.32913,-0.57361,-0.202,0.73019,-0.37204,-0.19237,-0.17589,1
positive131,-0.13671,-0.20317,-0.22436,-0.17438,-0.10878,-0.12167,-0.14589,-0.13098,-0.23533,-0.19477,-0.26091,-0.16009,-0.24449,-0.2313,-0.94443,2.8063,-0.23693,-0.92396,-0.69929,-0.62717,-0.24192,-0.26029,0.21219,1.0377,0.50639,-0.22454,-0.29982,4.71135,-0.18672,-0.25291,-0.97736,-0.27606,1.29838,-0.19169,-0.2168,-0.13034,-0.75649,0.21696,-0.83544,4.20706,-0.21525,-0.75074,2.5462,-0.20662,-0.2232,-0.36791,1.10898,-0.23907,-0.24428,-0.59064,0.69842,-0.2844,0.12916,-0.27826,-0.10657,0.04563,0.65964,0.7382,-0.55956,1.44133,-0.85002,-0.55352,0.34519,-0.2974,0.18923,-0.202,0.73019,-0.32637,-0.17406,-0.55867,1
positive132,-0.17703,-0.22604,-0.24825,-0.205,-0.16595,-0.16631,-0.16498,-0.15186,-0.30461,-0.21666,2.61558,-0.23436,-0.36478,-0.31225,-0.68451,-0.51986,0.46361,0.72684,-0.74193,0.27327,-0.31296,2.41007,-0.80823,-1.33065,-0.4232,-0.22454,-0.60741,-0.1838,-0.21678,-0.39078,0.15581,-0.36376,0.11168,-0.19169,1.38832,-0.17438,1.32713,1.04696,0.52877,-0.28071,-0.21525,-0.00198,-0.30461,-0.25524,-0.2232,0.50295,-0.76906,-0.23907,-0.24428,0.91393,-0.69383,0.7434,1.24949,2.26482,-0.10657,0.20259,-1.09982,5.4157,0.16593,-0.90849,-0.03373,-0.59213,-0.07866,-0.41214,-0.9455,-0.202,0.73019,-0.4915,-0.24026,-0.23184,1
positive133,-0.12872,-0.19864,-0.21963,-0.16832,-0.09745,-0.11283,-0.1421,-0.12685,-0.2216,-0.19043,-0.24813,-0.14537,-0.22066,-0.21526,-0.78198,2.68981,1.66035,-0.11704,2.23182,1.34254,-0.22784,-0.25244,-0.88463,0.07939,-0.05136,-0.22454,0.32042,-0.1838,-0.18076,-0.22558,-0.80966,-0.25868,1.24133,-0.19169,-0.11648,-0.12161,0.35906,-1.82097,-0.79668,-0.28071,5.1565,-0.54467,-0.30461,-0.19699,-0.2232,1.30328,0.02745,-0.23907,-0.24428,-0.59064,-1.64364,-0.60294,-0.25149,-0.27455,-0.10657,0.82803,-0.35789,0.3168,0.65178,-0.67445,-0.58123,1.07957,0.49865,-0.27466,-0.01936,-0.202,-1.36951,-0.29364,-0.16094,-0.55298,1
positive134,-0.11095,-0.18856,-0.2091,-0.15482,-0.07225,-0.09315,-0.13369,-0.11764,-0.19106,-0.18079,-0.21972,-0.11264,-0.16763,-0.17958,-0.29463,1.40846,0.93063,0.3244,-0.48612,-1.18994,-0.19653,-0.23498,-0.6631,0.70093,-0.79504,-0.22454,-0.19338,-0.1838,-0.16751,-0.16481,2.5977,4.11132,1.75481,-0.19169,0.18448,-0.1022,-0.75649,-0.37589,0.71479,-0.28071,-0.21525,0.34349,-0.30461,-0.17555,-0.2232,-0.16343,0.54217,-0.23907,4.93402,2.0961,1.57959,-0.47328,-0.81576,-0.2663,-0.10657,1.7931,1.61262,-1.0738,-0.77691,1.12263,1.65074,-1.14087,2.50602,-0.22407,1.35733,-0.202,0.73019,-0.22085,-0.13176,-1.2097,1
positive135,-0.11095,-0.18856,-0.2091,-0.15482,-0.07225,-0.09315,-0.13369,-0.11764,-0.19106,-0.18079,4.55547,-0.11264,2.80257,-0.17958,1.00496,-0.51986,-0.23693,-0.92396,0.15339,-1.75271,-0.19653,-0.23498,2.14694,0.45736,0.24611,-0.22454,-0.9666,-0.1838,-0.16751,-0.16481,-1.05835,-0.22001,-0.98375,-0.19169,-1.01935,-0.1022,-0.75649,0.51339,-0.68042,-0.28071,-0.21525,1.37791,-0.30461,-0.17555,-0.2232,-0.0157,0.62713,-0.23907,-0.24428,-0.59064,-1.01323,-0.31087,-1.42852,-0.2663,-0.10657,0.23577,-0.71077,-2.08516,0.70105,-0.28346,0.13258,0.89116,-2.21313,-0.22407,2.35856,-0.202,0.73019,-0.22085,-0.13176,-1.70381,1
positive136,-0.11095,-0.18856,-0.2091,-0.15482,-0.07225,-0.09315,-0.13369,-0.11764,-0.19106,-0.18079,-0.21972,-0.11264,-0.16763,-0.17958,0.35516,1.66051,0.34685,0.18889,-0.16636,-0.62717,-0.19653,-0.23498,0.70557,0.75655,0.24611,-0.22454,-0.09231,-0.1838,-0.16751,-0.16481,0.03834,-0.22001,1.07017,-0.19169,-1.01935,-0.1022,-0.75649,1.40267,-0.21535,-0.28071,-0.21525,-0.23868,-0.30461,-0.17555,-0.2232,0.99812,1.73736,-0.23907,-0.24428,-0.59064,-0.08481,0.16095,-1.0949,-0.2663,-0.10657,-1.36715,-0.60066,-1.36878,-0.03793,1.26398,0.24717,0.89339,0.79025,-0.22407,-1.14575,-0.202,0.73019,-0.22085,-0.13176,-1.45739,1
positive137,-0.12453,-0.19626,4.48779,-0.16513,-0.0915,-0.10818,-0.14012,-0.12467,-0.21439,-0.18816,-0.24143,-0.13765,-0.20814,-0.20684,-1.20435,0.86621,-1.40448,1.75961,-1.12564,1.17371,-0.22045,-0.24832,-1.95032,0.14632,-0.79504,-0.22454,-0.41081,-0.1838,-0.17764,-0.21124,-0.69384,-0.24955,-1.2576,-0.19169,0.90678,-0.11703,2.41954,1.75839,-0.40137,-0.28071,-0.21525,-0.49482,-0.30461,-0.19193,-0.2232,-0.21139,-1.95333,-0.23907,-0.24428,-0.59064,-0.54376,0.5161,2.09708,-0.2726,-0.10657,-1.8571,-0.54833,0.44322,0.80661,0.02355,0.58734,0.52496,-0.18735,-0.26272,0.45622,-0.202,0.73019,-0.27646,-0.15406,0.88166,1
positive138,-0.13671,-0.20317,-0.22436,-0.17438,-0.10878,-0.12167,-0.14589,-0.13098,-0.23533,-0.19477,3.58025,-0.16009,-0.24449,-0.2313,-0.94443,-0.51986,-0.62611,0.64676,-0.48612,1.24874,-0.24192,-0.26029,-0.62788,0.215,-0.79504,-0.22454,3.24422,4.71135,-0.18672,-0.25291,-1.18284,3.20807,1.75481,-0.19169,0.58576,-0.13034,-0.75649,-0.67232,0.40475,-0.28071,-0.21525,-1.15439,-0.30461,-0.20662,-0.2232,1.183,0.21866,-0.23907,-0.24428,0.85606,0.69905,1.03961,-0.35754,-0.27826,-0.10657,-0.88104,-0.67676,1.62313,-1.51588,-0.81384,-1.03434,1.43937,-0.42315,-0.2974,2.52544,-0.202,0.73019,-0.32637,-0.17406,-1.37441,1
positive139,-0.10602,-0.18576,-0.20618,-0.15107,-0.06525,-0.08769,-0.13135,-0.11509,-0.18259,-0.17811,-0.21183,-0.10355,-0.15292,-0.16968,-0.11742,-0.51986,0.18764,0.34494,0.61849,-1.03646,-0.18784,-0.23014,-1.73866,-2.36687,-0.79504,-0.22454,-0.9666,-0.1838,-0.16384,-0.14795,-1.19863,-0.20929,0.63449,-0.19169,1.6072,-0.09682,0.23223,1.24099,2.40596,-0.28071,-0.21525,0.77355,-0.30461,-0.16961,-0.2232,-1.63268,-0.95298,-0.23907,-0.24428,-0.59064,0.90857,-0.22669,1.1576,-0.26401,-0.10657,0.23891,2.29414,-1.36878,-0.70301,-0.70916,0.86788,-2.16009,-1.05717,-0.21004,1.03876,-0.202,0.73019,-0.20065,-0.12366,0.29149,1
positive140,-0.09535,-0.17971,-0.19986,-0.14297,-0.05013,-0.07589,-0.1263,-0.10956,-0.16426,-0.17232,-0.19478,9.59259,-0.1211,-0.14827,-1.37762,-0.51986,0.93063,-0.19301,1.43242,-0.62717,-0.16905,-0.21967,0.00319,0.93772,-0.79504,-0.22454,-0.9666,-0.1838,-0.15588,-0.11148,-0.83465,-0.18609,0.38553,-0.19169,-1.01935,-0.08517,0.36908,-0.96875,0.0947,-0.28071,-0.21525,0.658,-0.30461,-0.15675,-0.2232,-0.34135,0.38268,-0.23907,-0.24428,-0.59064,2.25927,0.11929,-0.05899,-0.25906,-0.10657,-1.96763,0.33338,-2.21158,-1.51588,-0.01329,-0.4802,0.08787,-1.74609,-0.17969,-0.47826,-0.202,0.73019,-0.15697,-0.10615,0.01613,1
positive141,-0.14425,-0.20744,-0.22883,-0.18011,-0.11946,-0.13001,-0.14945,-0.13489,-0.24827,-0.19886,-0.27295,-0.17397,-0.26697,-0.24643,1.65475,-0.51986,-0.35368,-0.17453,-0.55007,-1.86527,-0.25519,-0.26769,1.25595,0.4939,0.9402,-0.22454,0.26802,-0.1838,-0.19234,-0.27867,0.41404,3.00321,0.52246,-0.19169,-0.29705,-0.13857,-0.75649,0.24661,-0.5874,-0.28071,-0.21525,-0.03137,-0.30461,-0.21571,-0.2232,0.22786,1.01806,-0.23907,-0.24428,-0.59064,-0.61763,0.18387,-0.77695,-0.28176,-0.10657,-0.57114,-0.50015,1.03318,-1.08805,0.35788,-0.09462,-1.37921,-1.49848,-0.31883,-0.84538,-0.202,0.73019,2.74536,-0.18643,-0.39596,1
positive142,-0.14425,-0.20744,-0.22883,-0.18011,-0.11946,-0.13001,-0.14945,-0.13489,2.68049,-0.19886,-0.27295,-0.17397,-0.26697,-0.24643,0.875,-0.51986,-1.40448,-0.92396,-1.12564,0.49838,-0.25519,-0.26769,1.99641,-0.31959,0.36179,-0.22454,-0.27003,-0.1838,-0.19234,-0.27867,1.09111,-0.29244,-1.94224,-0.19169,-1.01935,-0.13857,-0.75649,-0.82053,-0.86644,-0.28071,-0.21525,0.44474,2.22944,-0.21571,-0.2232,2.0639,1.12377,-0.23907,-0.24428,-0.59064,0.11791,0.34456,-1.71152,-0.28176,-0.10657,-1.44347,-1.13333,-0.14673,1.47892,-0.53797,0.78646,1.59374,-1.70271,-0.31883,-0.54501,-0.202,0.73019,-0.35722,5.41067,-0.33628,1
positive143,-0.09535,-0.17971,-0.19986,-0.14297,-0.05013,-0.07589,-0.1263,-0.10956,4.34926,-0.17232,-0.19478,-0.08391,-0.1211,-0.14827,2.95434,-0.51986,-1.40448,-0.92396,-1.12564,-1.37753,-0.16905,-0.21967,2.71806,-1.72313,0.69231,-0.22454,-0.9666,-0.1838,-0.15588,5.87661,-0.30562,-0.18609,-2.35302,-0.19169,-1.01935,-0.08517,0.45856,0.21696,-0.52539,-0.28071,-0.21525,2.92519,-0.30461,-0.15675,-0.2232,3.92918,-1.69966,-0.23907,-0.24428,-0.59064,-0.3509,-0.00226,-0.24253,-0.25906,-0.10657,-2.22465,0.06012,-3.26507,2.54849,-1.82259,-0.02575,2.52114,1.06417,-0.17969,0.85672,-0.202,0.73019,-0.15697,-0.10615,0.19316,1
positive144,-0.08952,-0.1764,-0.19641,-0.13854,-0.04186,-0.06943,-0.12354,-0.10654,-0.15423,-0.16915,-0.18545,-0.07316,-0.10369,-0.13655,-0.29463,-0.51986,-0.52882,-0.92396,-0.16636,-1.18994,-0.15876,-0.21394,-0.94518,-0.69778,-0.79504,-0.22454,-0.03649,14.50164,-0.15153,-0.09152,-0.21602,-0.17339,-0.29911,-0.19169,-1.01935,-0.0788,0.21646,-1.48749,-0.44788,-0.28071,-0.21525,1.51644,-0.30461,-0.14971,-0.2232,-0.21073,-1.51847,-0.23907,-0.24428,-0.59064,-1.92769,-0.34358,-0.03033,-0.25635,-0.10657,0.67933,0.36721,-2.46441,-1.51588,-0.48597,1.15412,-0.86268,0.33462,5.16465,-0.39482,-0.202,-1.36951,-0.13307,-0.09657,0.43028,1
positive145,-0.14425,-0.20744,-0.22883,-0.18011,-0.11946,-0.13001,-0.14945,-0.13489,-0.24827,-0.19886,-0.27295,-0.17397,-0.26697,-0.24643,-1.07439,-0.51986,-0.17855,-0.92396,-0.93378,-0.17695,-0.25519,-0.26769,-0.63809,1.42329,-0.79504,-0.22454,2.47555,-0.1838,-0.19234,-0.27867,-1.29058,3.00321,3.39794,-0.19169,-1.01935,-0.13857,1.50536,1.58053,2.7611,-0.28071,-0.21525,-0.23901,-0.30461,-0.21571,-0.2232,1.17657,-0.58806,-0.23907,-0.24428,0.66317,0.19264,-0.38784,2.39011,-0.28176,-0.10657,-0.89264,-0.91183,2.29737,-1.08805,0.53763,-1.14741,1.92854,1.37835,-0.31883,1.25721,-0.202,0.73019,-0.35722,-0.18643,0.1204,1
positive146,-0.16473,-0.21906,-0.24096,-0.19566,-0.1485,-0.15269,5.47001,-0.14549,-0.28346,-0.20998,-0.3057,-0.21169,-0.32807,-0.28754,-0.14468,0.70021,1.82874,1.73702,2.41629,0.23864,-0.29128,-0.2878,-0.22018,1.82238,-0.79504,2.22143,0.99014,-0.1838,-0.20761,-0.3487,-0.43069,-0.33699,0.49086,-0.19169,0.6475,-0.16094,0.37294,0.10295,-0.28689,-0.28071,-0.21525,1.08507,-0.30461,-0.2404,2.12375,-0.02429,-0.4108,-0.23907,-0.24428,-0.59064,-0.41147,0.45945,-0.14599,-0.29127,-0.10657,-0.14569,0.04639,3.43514,0.43501,-0.84114,-0.98224,-0.69526,-0.69176,2.44205,-0.45259,-0.202,0.73019,-0.4411,-0.22006,-0.04113,1
positive147,-0.09535,-0.17971,-0.19986,-0.14297,-0.05013,-0.07589,-0.1263,-0.10956,-0.16426,-0.17232,-0.19478,-0.08391,-0.1211,-0.14827,-0.51123,-0.51986,-1.40448,-0.01232,-1.12564,0.1232,-0.16905,-0.21967,0.09867,-1.18972,-0.79504,-0.22454,0.09892,-0.1838,-0.15588,-0.11148,0.256,-0.18609,-0.52732,-0.19169,-1.01935,-0.08517,0.33549,-1.5616,-0.52539,-0.28071,-0.21525,1.9102,-0.30461,-0.15675,-0.2232,-0.83329,-0.83906,-0.23907,-0.24428,4.11116,-0.747,-0.38242,-0.39953,-0.25906,-0.10657,-0.03113,-1.03186,-2.46441,-0.49979,-1.90096,-0.42697,0.10946,1.63392,4.80394,4.86164,-0.202,0.73019,-0.15697,-0.10615,0.19316,1
positive148,-0.13278,-0.20094,-0.22203,-0.1714,-0.1032,-0.11732,-0.14403,-0.12895,-0.22857,-0.19264,-0.25462,-0.15285,-0.23276,-0.22341,1.88409,-0.51986,-0.9924,-0.1848,-0.89992,-1.6865,-0.23499,-0.25643,2.07866,-1.45124,1.98134,-0.22454,-0.9666,-0.1838,-0.18379,3.99476,-0.0264,-0.2675,-0.9032,-0.19169,0.68018,-0.12605,-0.75649,0.35646,0.16765,-0.28071,-0.21525,-0.09177,-0.30461,-0.20188,-0.2232,0.36154,0.3811,-0.23907,-0.24428,-0.59064,-0.24785,0.87131,-0.34166,-0.27644,-0.10657,-0.80687,0.73371,-0.14673,0.00826,-0.6343,0.01784,1.33303,-1.34344,-0.2862,0.62113,4.22872,-1.36951,-0.31026,-0.16761,-1.25542,1
positive149,-0.11095,-0.18856,-0.2091,-0.15482,-0.07225,-0.09315,-0.13369,-0.11764,-0.19106,-0.18079,-0.21972,-0.11264,-0.16763,-0.17958,-1.59422,-0.51986,-0.23693,-0.92396,0.15339,1.06115,-0.19653,4.16513,-0.09312,-1.30563,-0.79504,-0.22454,-0.24253,-0.1838,-0.16751,-0.16481,0.1917,-0.22001,1.07017,-0.19169,1.38832,-0.1022,-0.75649,1.84731,3.04014,4.20706,-0.21525,-0.71372,-0.30461,-0.17555,-0.2232,-0.00023,0.25713,-0.23907,-0.24428,-0.59064,-2.45074,0.39327,0.05638,3.89326,-0.10657,0.97941,2.36191,-1.03167,-0.77691,0.32637,0.79386,-1.33125,-0.69373,-0.22407,-0.14452,-0.202,0.73019,-0.22085,-0.13176,0.68333,1
positive150,-0.15484,-0.21345,3.51814,4.62355,-0.13448,-0.14174,-0.15447,-0.14037,-0.26647,-0.20461,-0.28988,-0.19347,-0.29856,-0.26769,-0.5489,0.53948,1.33673,0.83976,-0.62515,0.64519,-0.27385,-0.27809,-0.33471,-0.18524,0.19653,-0.22454,-0.11705,-0.1838,-0.20023,-0.31488,-0.33586,-0.31548,0.8618,-0.19169,-0.39126,-0.15014,2.33363,2.48528,3.70742,-0.28071,-0.21525,-0.96568,-0.30461,-0.22848,-0.2232,0.61191,-0.96442,-0.23907,-0.24428,-0.59064,0.54053,1.65339,1.09769,-0.28667,-0.10657,-1.52345,1.14902,3.05588,-1.14639,1.14875,0.74765,-0.04964,-0.63883,-0.34898,-0.88456,-0.202,0.73019,-0.4006,-0.20382,-1.56664,1
positive151,-0.17703,-0.22604,-0.24825,-0.205,-0.16595,-0.16631,-0.16498,-0.15186,-0.30461,-0.21666,-0.32537,4.84799,-0.36478,-0.31225,-1.20435,-0.51986,0.93063,-0.92396,0.4092,0.72349,-0.31296,2.41007,0.11506,-0.29179,-0.79504,-0.22454,0.08997,-0.1838,-0.21678,-0.39078,1.48567,-0.36376,0.11168,-0.19169,-0.53782,5.85276,-0.75649,1.04696,-0.77343,-0.28071,-0.21525,-0.74151,-0.30461,-0.25524,-0.2232,-0.1452,1.46662,-0.23907,-0.24428,0.16164,-0.01329,-0.96911,-1.06019,2.26482,-0.10657,-1.00513,0.44572,4.57291,-0.67498,0.72127,0.86657,0.01859,-0.51549,-0.41214,-0.54501,-0.202,0.73019,-0.4915,-0.24026,-0.79161,1
positive152,-0.09535,-0.17971,-0.19986,-0.14297,-0.05013,-0.07589,-0.1263,-0.10956,-0.16426,-0.17232,-0.19478,-0.08391,-0.1211,-0.14827,-1.37762,-0.51986,-0.62611,-0.92396,-0.27295,0.87356,-0.16905,-0.21967,-0.28922,1.97843,-0.79504,-0.22454,1.93246,-0.1838,-0.15588,-0.11148,-0.71848,-0.18609,1.29838,-0.19169,-1.01935,-0.08517,-0.75649,-1.5616,-0.52539,-0.28071,-0.21525,0.00962,-0.30461,-0.15675,-0.2232,2.46753,1.05856,-0.23907,-0.24428,-0.59064,-0.34969,0.39327,-1.31236,-0.25906,-0.10657,-0.72244,-0.88001,-2.25371,-1.51588,1.4337,0.23844,3.98789,-0.57599,4.80394,2.19169,-0.202,0.73019,-0.15697,-0.10615,0.19316,1
positive153,-0.12453,-0.19626,-0.21715,-0.16513,-0.0915,-0.10818,-0.14012,-0.12467,-0.21439,4.12343,-0.24143,-0.13765,-0.20814,-0.20684,0.35516,0.93074,-1.40448,0.67551,-1.12564,0.72349,-0.22045,-0.24832,-1.15614,1.37358,-0.79504,-0.22454,0.19657,-0.1838,-0.17764,-0.21124,0.18604,-0.24955,-0.70989,-0.19169,-0.05628,-0.11703,0.3206,-0.02018,-0.02932,-0.28071,-0.21525,0.39109,-0.30461,-0.19193,-0.2232,-0.8942,-0.64644,-0.23907,-0.24428,-0.59064,-1.92203,-0.15049,-0.46743,-0.2726,-0.10657,-0.65092,0.06742,-0.61027,0.22599,-1.11594,0.6888,0.15317,-1.06912,-0.26272,-0.34476,5.03431,-1.36951,-0.27646,-0.15406,0.81036,1
positive154,-0.12453,-0.19626,-0.21715,-0.16513,-0.0915,-0.10818,-0.14012,-0.12467,-0.21439,-0.18816,-0.24143,-0.13765,-0.20814,-0.20684,-1.20435,0.98716,0.46361,0.67551,0.665,1.17371,-0.22045,-0.24832,-0.5453,2.17156,-0.79504,-0.22454,-0.9666,-0.1838,-0.17764,-0.21124,1.22228,-0.24955,0.38553,-0.19169,0.90678,-0.11703,1.36987,1.04696,2.20302,-0.28071,-0.21525,-0.44757,-0.30461,-0.19193,-0.2232,0.11807,-1.33839,-0.23907,-0.24428,-0.59064,-0.30698,1.4685,0.87423,-0.2726,-0.10657,1.24468,1.11823,0.23252,1.96786,-0.9425,0.8748,-1.31617,1.63275,-0.26272,-0.34476,-0.202,0.73019,-0.27646,-0.15406,0.14996,1
positive155,-0.13671,-0.20317,-0.22436,-0.17438,-0.10878,-0.12167,-0.14589,-0.13098,-0.23533,-0.19477,-0.26091,-0.16009,-0.24449,-0.2313,0.35516,2.13863,-1.0153,-0.92396,-0.69929,0.49838,-0.24192,-0.26029,0.16824,0.00893,-0.14432,-0.22454,-0.9666,-0.1838,5.1871,-0.25291,0.59943,-0.27606,-0.52732,-0.19169,-0.2168,-0.13034,-0.75649,-0.96875,-0.21535,-0.28071,-0.21525,-1.36615,-0.30461,-0.20662,-0.2232,-0.55356,0.34888,-0.23907,-0.24428,-0.59064,0.88694,-0.28409,-0.81559,-0.27826,-0.10657,-2.00513,0.06416,0.06397,-0.55956,1.75815,1.19823,0.27523,-0.19828,-0.2974,-0.812,-0.202,-1.36951,-0.32637,-0.17406,-0.48446,1
positive156,-0.13671,-0.20317,-0.22436,-0.17438,-0.10878,-0.12167,-0.14589,-0.13098,-0.23533,-0.19477,-0.26091,-0.16009,-0.24449,-0.2313,-0.51123,-0.51986,-0.23693,0.86646,-0.91246,-1.37753,-0.24192,-0.26029,1.15471,-1.1238,0.50639,-0.22454,-0.20217,-0.1838,-0.18672,-0.25291,-0.00155,-0.27606,0.84196,-0.19169,-1.01935,-0.13034,-0.75649,0.21696,-0.21535,-0.28071,2.47062,2.44857,-0.30461,-0.20662,-0.2232,0.20419,0.62423,-0.23907,-0.24428,2.30277,0.93355,-1.21577,-0.01748,-0.27826,-0.10657,0.3718,-0.3145,-0.14673,-0.55956,-0.40853,-0.55693,-0.952,0.23809,-0.2974,-1.14575,-0.202,0.73019,-0.32637,-0.17406,-1.54933,1
positive157,-0.13671,-0.20317,8.31496,-0.17438,-0.10878,-0.12167,-0.14589,-0.13098,-0.23533,-0.19477,-0.26091,-0.16009,-0.24449,-0.2313,0.35516,-0.51986,0.34685,2.00805,0.79291,0.49838,-0.24192,-0.26029,0.01908,-0.06067,-0.14432,-0.22454,-0.9666,-0.1838,-0.18672,3.85489,0.45907,-0.27606,-0.98375,-0.19169,0.58576,-0.13034,0.38598,-1.26517,-0.83544,-0.28071,5.1565,-1.53742,-0.30461,-0.20662,-0.2232,-0.05674,-0.26496,-0.23907,-0.24428,-0.59064,-0.112,-0.05054,0.46078,-0.27826,-0.10657,-1.08058,-1.67244,0.69606,-0.55956,0.10369,0.79926,-0.14564,0.48657,-0.2974,-0.14452,-0.202,0.73019,-0.32637,-0.17406,3.14022,1
positive158,-0.11566,-0.19123,4.87002,-0.1584,-0.07893,-0.09837,-0.13592,-0.12008,-0.19915,-0.18334,-0.22725,-0.12131,-0.18169,-0.18904,-1.0444,-0.51986,-1.13504,0.33878,-0.83047,1.79709,-0.20483,3.97318,-1.89326,-0.66152,-0.79504,-0.22454,-0.9666,-0.1838,-0.17102,-0.18092,0.32914,-0.23026,-1.08907,-0.19169,1.20311,-0.10735,0.30482,0.30817,0.1424,-0.28071,-0.21525,-0.40882,-0.30461,-0.18124,-0.2232,-0.23428,-1.24024,-0.23907,-0.24428,-0.59064,-0.29318,-0.59257,0.44126,-0.26849,-0.10657,-1.45168,0.55064,-1.15808,3.22588,-1.48232,1.32494,0.73873,-0.7426,-0.23748,-0.22153,-0.202,-1.36951,-0.24014,-0.1395,1.0212,1
positive159,-0.15484,-0.21345,-0.2351,-0.18815,-0.13448,-0.14174,-0.15447,-0.14037,-0.26647,-0.20461,-0.28988,-0.19347,-0.29856,-0.26769,-0.88792,-0.51986,1.7936,-0.92396,2.37779,2.11329,-0.27385,-0.27809,-0.37992,-0.77298,-0.79504,-0.22454,1.18446,-0.1838,-0.20023,-0.31488,0.05158,-0.31548,0.1474,-0.19169,0.86491,-0.15014,1.39412,-0.29856,-0.66019,-0.28071,-0.21525,-1.18202,1.86743,-0.22848,-0.2232,-0.01912,-0.9605,-0.23907,-0.24428,-0.59064,0.49904,1.39057,0.85407,-0.28667,-0.10657,0.77201,-1.35677,3.1823,0.33156,-0.53669,-1.30126,-0.39047,0.05072,-0.34898,-0.88456,-0.202,-1.36951,-0.4006,-0.20382,-1.17601,1
positive160,-0.13671,-0.20317,-0.22436,-0.17438,-0.10878,-0.12167,-0.14589,-0.13098,-0.23533,-0.19477,3.58025,-0.16009,-0.24449,-0.2313,-0.94443,-0.51986,-0.62611,0.86646,-0.69929,0.1232,-0.24192,-0.26029,-1.29881,-0.41946,-0.14432,-0.22454,0.94733,-0.1838,-0.18672,-0.25291,0.75871,-0.27606,1.29838,-0.19169,-0.2168,-0.13034,0.37319,0.51339,-0.83544,-0.28071,-0.21525,-0.54468,-0.30461,-0.20662,-0.2232,0.22023,0.05437,-0.23907,-0.24428,0.85606,-1.23425,0.01738,-0.24202,-0.27826,-0.10657,-0.03604,-0.15939,1.1596,-1.03772,-0.19307,-0.3426,0.86572,-0.1207,-0.2974,1.5242,-0.202,0.73019,-0.32637,-0.17406,1.14165,1
positive161,-0.11566,-0.19123,-0.21189,-0.1584,-0.07893,-0.09837,-0.13592,-0.12008,-0.19915,-0.18334,-0.22725,-0.12131,-0.18169,-0.18904,0.75504,-0.51986,2.09818,-0.92396,2.71145,0.75812,-0.20483,-0.23961,-1.806,3.11625,-0.79504,-0.22454,0.93757,-0.1838,-0.17102,-0.18092,0.42275,-0.23026,0.17487,-0.19169,1.20311,-0.10735,0.27099,-0.5127,-0.28689,-0.28071,-0.21525,0.30044,-0.30461,-0.18124,-0.2232,-0.72596,-1.28845,-0.23907,-0.24428,1.76026,1.68548,-1.31932,0.89049,-0.26849,-0.10657,0.57748,2.13146,-0.82097,0.5163,-0.53948,1.12923,-0.84839,-1.71873,-0.23748,-0.22153,-0.202,0.73019,3.66385,-0.1395,2.84353,1
positive162,-0.12453,-0.19626,-0.21715,-0.16513,-0.0915,-0.10818,-0.14012,-0.12467,-0.21439,-0.18816,-0.24143,-0.13765,-0.20814,-0.20684,0.875,-0.51986,1.16414,1.75961,1.17662,-1.07738,-0.22045,-0.24832,-1.42439,0.48405,0.00584,-0.22454,-0.27492,-0.1838,-0.17764,-0.21124,-0.12714,-0.24955,-0.16218,-0.19169,-1.01935,-0.11703,1.34983,-1.08732,-0.77343,-0.28071,-0.21525,1.52864,-0.30461,-0.19193,-0.2232,0.36897,-0.49494,-0.23907,-0.24428,-0.59064,-0.02229,-2.41265,0.71687,-0.2726,-0.10657,-0.82653,-1.70584,-0.44171,2.54849,0.18433,-0.31892,1.63306,0.40599,-0.26272,0.45622,-0.202,-1.36951,-0.27646,-0.15406,-0.17034,1
positive163,-0.12453,-0.19626,4.48779,-0.16513,-0.0915,-0.10818,-0.14012,-0.12467,-0.21439,-0.18816,-0.24143,-0.13765,-0.20814,-0.20684,-1.20435,-0.51986,-1.40448,-0.92396,-1.12564,1.62393,-0.22045,-0.24832,-1.58034,-0.36115,0.80672,-0.22454,0.49505,-0.1838,-0.17764,-0.21124,-1.24186,-0.24955,-0.70989,-0.19169,2.83292,-0.11703,-0.75649,-0.02018,-0.40137,-0.28071,-0.21525,-1.4919,3.20408,-0.19193,-0.2232,-0.54716,-0.70137,-0.23907,-0.24428,-0.59064,0.87855,1.8164,0.54518,-0.2726,-0.10657,-0.5709,-1.30941,0.23252,-0.93526,-0.08608,-0.2635,1.32218,-0.99315,-0.26272,-0.74525,5.03431,0.73019,-0.27646,-0.15406,0.53797,1
positive164,-0.13671,-0.20317,-0.22436,-0.17438,-0.10878,-0.12167,-0.14589,-0.13098,-0.23533,-0.19477,-0.26091,-0.16009,-0.24449,-0.2313,0.78836,-0.51986,-1.0153,-0.92396,-0.69929,-0.62717,-0.24192,-0.26029,1.53227,1.08695,1.1571,3.61913,2.77941,-0.1838,-0.18672,-0.25291,-0.16471,-0.27606,1.29838,-0.19169,-1.01935,-0.13034,-0.75649,0.80982,-0.83544,-0.28071,-0.21525,0.22639,-0.30461,-0.20662,-0.2232,0.5242,1.1514,4.68535,-0.24428,-0.59064,0.55639,0.07303,-0.82744,-0.27826,-0.10657,-1.10395,0.22318,0.27466,-0.0814,1.10826,-0.06865,0.46112,-0.90902,-0.2974,-0.812,-0.202,0.73019,2.95364,-0.17406,-0.25064,1
positive165,-0.13671,-0.20317,-0.22436,-0.17438,-0.10878,-0.12167,-0.14589,-0.13098,-0.23533,-0.19477,-0.26091,-0.16009,-0.24449,-0.2313,-0.94443,0.83212,-0.04233,-0.92396,0.36656,1.24874,-0.24192,-0.26029,0.51369,0.14501,-0.79504,-0.22454,1.20188,-0.1838,-0.18672,-0.25291,1.50204,-0.27606,1.29838,-0.19169,1.38832,-0.13034,0.31807,1.6991,2.88512,-0.28071,-0.21525,-1.36628,-0.30461,-0.20662,3.37545,0.04984,-0.7982,-0.23907,-0.24428,0.85606,-0.04741,2.37335,0.7925,-0.27826,-0.10657,-0.10101,0.89494,1.66527,-0.55956,0.98891,-0.91386,-1.04554,0.10037,-0.2974,-0.47826,-0.202,-1.36951,-0.32637,-0.17406,-1.39236,1
positive166,-0.12453,-0.19626,-0.21715,-0.16513,-0.0915,-0.10818,-0.14012,-0.12467,-0.21439,-0.18816,-0.24143,-0.13765,-0.20814,-0.20684,0.875,-0.51986,-0.23693,0.17657,0.15339,-1.5276,-0.22045,-0.24832,0.39766,-0.3423,-0.79504,-0.22454,0.53542,-0.1838,-0.17764,-0.21124,0.88672,-0.24955,0.38553,-0.19169,-1.01935,-0.11703,-0.75649,-1.08732,-0.02932,-0.28071,-0.21525,-0.63333,-0.30461,4.59684,-0.2232,-0.88288,1.54353,-0.23907,-0.24428,1.29008,0.03344,0.29958,-0.98142,-0.2726,-0.10657,0.04904,1.1783,-0.35743,-1.51588,0.4806,0.55553,-0.9173,1.29339,-0.26272,-0.34476,-0.202,0.73019,-0.27646,-0.15406,-1.70381,1
positive167,-0.15484,-0.21345,-0.2351,-0.18815,-0.13448,-0.14174,-0.15447,-0.14037,-0.26647,-0.20461,-0.28988,-0.19347,-0.29856,-0.26769,-0.88792,-0.51986,-1.40448,1.39619,-1.12564,1.23243,3.4473,-0.27809,-1.68769,0.00314,-0.29925,-0.22454,-0.17352,-0.1838,-0.20023,-0.31488,2.12623,-0.31548,-1.63862,-0.19169,-0.39126,-0.15014,2.33953,-0.99452,-0.90284,-0.28071,2.47062,0.07888,1.86743,-0.22848,-0.2232,-0.43118,-1.29029,-0.23907,-0.24428,-0.59064,1.57679,-0.09769,0.19536,-0.28667,-0.10657,-0.00263,-0.11268,2.25523,1.44002,-1.07449,0.24103,-0.02898,1.02391,-0.34898,-0.62337,-0.202,-1.36951,-0.4006,-0.20382,-0.96721,1
positive168,-0.12018,-0.19379,-0.21457,-0.16183,-0.08533,-0.10337,-0.13806,-0.12242,-0.20692,-0.1858,4.15806,-0.12964,-0.19517,-0.19811,-0.01615,2.05868,-0.40372,-0.92396,-0.3034,-0.94875,-0.21279,-0.24405,0.80414,2.36177,-0.79504,-0.22454,0.06735,-0.1838,-0.17439,-0.19637,-1.84571,-0.24009,2.34164,-0.19169,-1.01935,-0.11228,-0.75649,-0.24885,-0.74685,-0.28071,-0.21525,3.05213,-0.30461,-0.18668,-0.2232,-3.67214,0.87165,-0.23907,-0.24428,-0.59064,0.76469,0.25189,-1.30267,-0.27059,-0.10657,1.04881,-1.04448,-1.0738,-1.51588,-0.05584,-1.33139,-0.99032,-0.35668,3.65914,-1.14575,-0.202,0.73019,-0.25865,-0.14692,-1.70381,1
positive169,-0.11566,-0.19123,4.87002,-0.1584,-0.07893,-0.09837,-0.13592,-0.12008,-0.19915,-0.18334,-0.22725,-0.12131,-0.18169,-0.18904,-1.0444,-0.51986,-1.13504,0.33878,-0.83047,1.79709,-0.20483,3.97318,-1.55378,-0.84302,-0.79504,-0.22454,-0.9666,-0.1838,-0.17102,-0.18092,0.26947,-0.23026,-1.08907,-0.19169,2.31435,-0.10735,-0.75649,0.30817,0.1424,-0.28071,-0.21525,-0.74207,-0.30461,-0.18124,-0.2232,-0.23428,-0.78636,-0.23907,-0.24428,-0.59064,-1.32038,-0.55871,-0.135,-0.26849,-0.10657,-1.75388,0.77889,-1.15808,3.22588,-1.53986,1.25487,0.74148,-0.88559,-0.23748,-0.22153,-0.202,-1.36951,-0.24014,-0.1395,1.0212,1
positive170,-0.11095,-0.18856,-0.2091,-0.15482,-0.07225,-0.09315,-0.13369,-0.11764,-0.19106,4.68334,-0.21972,-0.11264,-0.16763,-0.17958,0.35516,1.59719,-0.52882,-0.28951,-0.16636,-1.18994,-0.19653,4.16513,1.77652,0.10344,0.24611,-0.22454,-0.9666,-0.1838,6.51302,-0.16481,2.03127,-0.22001,1.07017,-0.19169,-1.01935,-0.1022,-0.75649,-1.26517,-0.21535,-0.28071,-0.21525,-0.51786,-0.30461,-0.17555,-0.2232,-0.16361,1.9987,-0.23907,-0.24428,2.0961,-1.94073,-1.33537,-0.91664,-0.2663,-0.10657,-1.03199,1.77256,-1.7059,-1.51588,2.30677,-1.30817,-0.47065,0.43908,-0.22407,2.85918,-0.202,-1.36951,-0.22085,-0.13176,0.76043,1
positive171,-0.14787,-0.2095,-0.23097,-0.18285,-0.12459,-0.13402,-0.15117,-0.13676,-0.25449,-0.20083,-0.27874,-0.18063,-0.27776,-0.25369,-0.38746,-0.51986,0.43025,1.10874,-0.39476,0.33759,-0.26157,-0.27124,-0.43128,1.52483,-0.79504,-0.22454,1.48001,-0.1838,-0.19503,-0.29104,-1.10188,2.91189,1.16798,-0.19169,0.35646,-0.14252,-0.75649,0.89451,-0.87973,-0.28071,-0.21525,0.12564,-0.30461,-0.22007,-0.2232,-0.42898,0.39444,-0.23907,-0.24428,-0.59064,-1.22134,-0.44158,-0.45391,-0.28344,-0.10657,-0.97315,-0.87191,1.96025,-1.51588,-0.70608,-0.95331,0.21158,-1.51921,-0.32913,-0.85968,-0.202,0.73019,2.65198,-0.19237,-0.89082,1
positive172,-0.12453,-0.19626,-0.21715,-0.16513,-0.0915,-0.10818,-0.14012,-0.12467,-0.21439,-0.18816,-0.24143,-0.13765,2.42466,-0.20684,-0.16467,1.83666,0.46361,0.44554,-0.35822,0.27327,-0.22045,-0.24832,1.40883,0.1768,0.00584,-0.22454,1.86834,-0.1838,-0.17764,-0.21124,-0.45236,-0.24955,1.48095,-0.19169,-1.01935,-0.11703,-0.75649,-0.7316,-0.40137,-0.28071,-0.21525,-0.13859,-0.30461,-0.19193,-0.2232,0.63847,0.93641,-0.23907,-0.24428,1.29008,-1.09661,-0.11637,-1.57338,-0.2726,-0.10657,-0.44541,-0.4655,-0.44171,-0.93526,0.69476,0.26014,0.8614,-0.96826,-0.26272,-0.34476,-0.202,-1.36951,-0.27646,-0.15406,-1.58999,1
positive173,-0.12453,-0.19626,-0.21715,-0.16513,-0.0915,-0.10818,-0.14012,-0.12467,-0.21439,-0.18816,-0.24143,-0.13765,-0.20814,-0.20684,-0.16467,-0.51986,1.63116,-0.92396,2.19984,1.17371,-0.22045,-0.24832,-0.39072,0.52015,0.00584,-0.22454,0.38373,-0.1838,-0.17764,-0.21124,-1.0511,-0.24955,-1.2576,-0.19169,0.90678,-0.11703,-0.75649,1.40267,-0.40137,-0.28071,-0.21525,1.79473,-0.30461,-0.19193,-0.2232,-0.16927,-0.7687,-0.23907,-0.24428,-0.59064,-1.49023,0.95826,-1.1082,-0.2726,-0.10657,-0.96955,0.91237,-0.86311,-0.35463,-1.29839,-0.84662,-0.17956,0.04289,-0.26272,-0.74525,-0.202,-1.36951,3.33793,-0.15406,-0.32482,1
